STATE,Acreage,wilderness_id,NAME_ABBRE,nlcd_class,nlcd_class_name,pixel_count,year
MT/WY,937102,1,Absaroka_Beartooth,11,Open Water,32681,1989
AZ,516200,299,Kofa,11,Open Water,5,1989
WA,228480,382,Mount_Rainier,11,Open Water,3637,2024
VT,4800,203,George_D_Aiken,11,Open Water,86,1989
WV,17777,160,Dolly_Sods,11,Open Water,9,2024
MS,5033,54,Black_Creek,11,Open Water,266,1989
NM,41305,525,San_Pedro_Parks,11,Open Water,117,2024
NC,11653,319,Linville_Gorge,11,Open Water,14,1989
AR,11674,495,Richland_Creek,11,Open Water,19,1989
CO,126480,303,La_Garita,11,Open Water,111,1989
OR,593,430,Oregon_Islands,11,Open Water,6690,2024
MO,12423,242,Hercules_Glades,11,Open Water,14,2024
CA,64041,155,Desolation,11,Open Water,5013,1989
NC,5065,49,Birkhead_Mountains,11,Open Water,4,2024
NM,221796,447,Pecos,11,Open Water,183,1989
OR,23036,393,Mountain_Lakes,11,Open Water,312,1989
MN,4000,2,Agassiz,11,Open Water,255,1989
ID,2358886,194,Frank_Church_River_of_No_Return,11,Open Water,16843,2024
AZ,312600,431,Organ_Pipe_Cactus,11,Open Water,1,2024
SC,29000,96,Cape_Romain,11,Open Water,14952,2024
FL,1296500,341,Marjory_Stoneman_Douglas,11,Open Water,2535794,2024
FL,20,267,Island_Bay,11,Open Water,23,1989
OR,4965,351,Menagerie,11,Open Water,4,1989
WA,49344,68,Boulder_River,11,Open Water,261,2024
MO,6691,156,Devils_Backbone,11,Open Water,62,1989
MT/WY,937102,1,Absaroka_Beartooth,11,Open Water,32215,2024
FL,5,448,Pelican_Island,11,Open Water,22,1989
MN,2180,593,Tamarac,11,Open Water,663,1989
NM,203548,4,Aldo_Leopold,11,Open Water,2,1989
LA,3345,305,Lacassine,11,Open Water,170,1989
MI,25150,542,Seney,11,Open Water,101,1989
VT,12336,689,Joseph_Battell,11,Open Water,1,2024
CA,20839,98,Caribou,11,Open Water,942,2024
OR,52496,157,Diamond_Peak,11,Open Water,1214,1989
NH,45809,450,Pemigewasset,11,Open Water,88,1989
NH,35301,528,Sandwich_Range,11,Open Water,190,2024
WA,15776,594,Tatoosh,11,Open Water,52,1989
WV,20705,434,Otter_Creek,11,Open Water,7,2024
CA/NV,3190455,151,Death_Valley,11,Open Water,5,2024
FL,7327,6,Alexander_Springs,11,Open Water,1849,1989
OR,55127,385,Mount_Thielsen,11,Open Water,135,2024
WV,6037,750,Spice_Run,11,Open Water,37,1989
CA,76123,646,Whipple_Mountains,11,Open Water,1,1989
AR,15214,254,Hurricane_Creek,11,Open Water,5,1989
VT,7824,451,Peru_Peak,11,Open Water,106,1989
NC,8490,105,Catfish_Lake_South,11,Open Water,35,1989
PA,372,7,Allegheny_Islands,11,Open Water,429,1989
UT,453863,246,High_Uintas,11,Open Water,19216,2024
WY,584733,596,Teton,11,Open Water,4081,1989
CO,219891,529,Sangre_de_Cristo,11,Open Water,1302,2024
MI,11951,152,Delirium,11,Open Water,49,2024
CA,79061,309,Lassen_Volcanic,11,Open Water,4216,1989
CA,30863,159,Dinkey_Lakes,11,Open Water,1007,1989
WA,414322,8,Alpine_Lakes,11,Open Water,25056,1989
OR,170202,576,Steens_Mountain,11,Open Water,103,2024
VT,6725,37,Big_Branch,11,Open Water,2,2024
VA,9327,503,Rough_Mountain,11,Open Water,5,1989
MO,12423,242,Hercules_Glades,11,Open Water,5,1989
WI,33500,677,Gaylord_Nelson,11,Open Water,5796,2024
CA,27315,455,Phillip_Burton,11,Open Water,38751,1989
CA,158147,102,Carson_Iceberg,11,Open Water,258,2024
WV,17777,160,Dolly_Sods,11,Open Water,5,1989
OR,35749,502,Rogue_Umpqua_Divide,11,Open Water,464,2024
NM,20420,310,Latir_Peak,11,Open Water,12,1989
WA,16297,597,The_Brothers,11,Open Water,24,1989
CO,122453,248,Holy_Cross,11,Open Water,2440,2024
WA,638173,577,Stephen_Mather,11,Open Water,7578,2024
OK,8570,650,Wichita_Mountains,11,Open Water,14,1989
NV,35581,9,AltaToquima,11,Open Water,1,1989
CO,102209,618,Uncompahgre,11,Open Water,17,1989
OR,54406,389,Mount_Washington,11,Open Water,372,2024
UT,124406,755,Zion,11,Open Water,1,1989
CA,252149,296,Kingston_Range,11,Open Water,1,2024
CA,10999,103,Castle_Crags,11,Open Water,54,2024
OR,35203,651,Wild_Rogue,11,Open Water,924,1989
SC,1832,628,Wambaw_Creek,11,Open Water,7,2024
CA,128044,249,Hoover,11,Open Water,3336,2024
MT,158712,10,Anaconda_Pintler,11,Open Water,1831,1989
WV,5840,312,Laurel_Fork_South,11,Open Water,3,1989
CA,44223,365,Monarch,11,Open Water,9,2024
NC,9315,547,Sheep_Ridge,11,Open Water,253,1989
CA,12521,507,Russian,11,Open Water,583,1989
MT,1062694,64,Bob_Marshall,11,Open Water,11395,1989
CO,160309,391,Mount_Zirkel,11,Open Water,2716,2024
TX,12214,259,Indian_Mounds,11,Open Water,422,1989
MO,6691,156,Devils_Backbone,11,Open Water,86,2024
CA,16526,599,Thousand_Lakes,11,Open Water,326,1989
CA,56239,682,Yuki,11,Open Water,128,2024
CA,11001,757,Elkhorn_Ridge,11,Open Water,16,1989
IN,12472,112,Charles_C_Deam,11,Open Water,619,1989
CA,231619,12,Ansel_Adams,11,Open Water,8852,1989
MI,3879,250,Horseshoe_Bay,11,Open Water,132,2024
WY,693934,632,Washakie,11,Open Water,498,2024
OR,69411,581,Strawberry_Mountain,11,Open Water,164,2024
GA,3000,60,Blackbeard_Island,11,Open Water,1123,2024
CA,141,181,Farallon,11,Open Water,233,1989
OR,52496,157,Diamond_Peak,11,Open Water,1217,2024
MI,32557,758,Sleeping_Bear_Dunes,11,Open Water,2250,1989
WY,10662,653,Winegar_Hole,11,Open Water,268,1989
CO,126480,303,La_Garita,11,Open Water,112,2024
OR,283818,602,Three_Sisters,11,Open Water,7704,1989
CA,104048,363,Mokelumne,11,Open Water,602,1989
MO,8184,460,Piney_Creek,11,Open Water,116,1989
OR,23036,393,Mountain_Lakes,11,Open Water,310,2024
MT,242068,316,Lee_Metcalf,11,Open Water,2070,1989
OR,9465,715,Clackamas,11,Open Water,22,2024
AZ,16009,107,Cedar_Bench,11,Open Water,1,2024
CA,27296,684,Cache_Creek,11,Open Water,10,2024
ID,44027,733,North_Fork_Owyhee,11,Open Water,15,2024
FL,23578,114,Chassahowitzka,11,Open Water,60085,1989
UT,142996,789,Desolation_Canyon,11,Open Water,938,2024
FL,379,108,Cedar_Keys,11,Open Water,456,2024
CA,15985,461,Hain,11,Open Water,9,1989
CA,44223,365,Monarch,11,Open Water,15,1989
GA,5125,656,Wolf_Island,11,Open Water,2778,1989
CA,30863,159,Dinkey_Lakes,11,Open Water,983,2024
CO,102209,618,Uncompahgre,11,Open Water,18,2024
OR,355553,167,Eagle_Cap,11,Open Water,3757,1989
WA,5963,606,Trapper_Creek,11,Open Water,26,1989
NM,47035,109,Chama_River_Canyon,11,Open Water,138,2024
MI,146,253,Huron_Islands,11,Open Water,311,2024
WA,2201,657,Wonder_Mountain,11,Open Water,18,1989
WA,152980,306,Lake_Chelan_Sawtooth,11,Open Water,983,2024
AR,34933,85,Buffalo_National_River,11,Open Water,1945,1989
WA,52294,413,Norse_Peak,11,Open Water,392,2024
CO,230829,186,Flat_Tops,11,Open Water,6094,1989
CA,14698,735,Owens_River_Headwaters,11,Open Water,11,2024
MN,816244,70,Boundary_Waters_Canoe_Area,11,Open Water,895377,1989
CA,16526,599,Thousand_Lakes,11,Open Water,301,2024
AZ/UT,18667,33,Beaver_Dam_Mountains,11,Open Water,11,1989
NC,8784,585,Swanquarter,11,Open Water,5964,2024
CO,135104,168,Eagles_Nest,11,Open Water,1599,1989
OR,8758,356,Middle_Santiam,11,Open Water,8,2024
MT,259756,538,Scapegoat,11,Open Water,551,2024
CA,42695,687,King_Range,11,Open Water,1922,2024
CO/WY,24051,465,Platte_River,11,Open Water,188,1989
AZ,129800,18,Arrastra_Mountain,11,Open Water,4,1989
CA,182298,661,Yolla_Bolly_Middle_Eel,11,Open Water,62,1989
CA,537357,611,Trinity_Alps,11,Open Water,2580,1989
WA,41307,515,Salmo_Priest,11,Open Water,11,1989
NV,24015,762,Pine_Forest_Range,11,Open Water,60,1989
CA,79061,309,Lassen_Volcanic,11,Open Water,4033,2024
OR,283818,602,Three_Sisters,11,Open Water,7237,2024
WY,285619,224,Gros_Ventre,11,Open Water,1503,2024
VA,8907,273,James_River_Face,11,Open Water,59,2024
VT,22330,688,Glastenbury,11,Open Water,94,2024
ND,4155,113,Chase_Lake,11,Open Water,14647,2024
FL,6197,188,Florida_Keys,11,Open Water,3013,1989
ID/MT,1347644,540,Selway_Bitterroot,11,Open Water,15280,2024
FL,5,448,Pelican_Island,11,Open Water,23,2024
ID,67993,763,Hemingway_Boulders,11,Open Water,63,1989
NE,4635,190,Fort_Niobrara,11,Open Water,489,1989
SC,1832,628,Wambaw_Creek,11,Open Water,7,1989
ID,205395,212,Gospel_Hump,11,Open Water,1231,2024
FL,23578,114,Chassahowitzka,11,Open Water,60874,2024
FL,8075,399,Mud_Swamp_New_River,11,Open Water,2,2024
NC,1692,469,Pond_Pine,11,Open Water,16,1989
WA,20784,258,Indian_Heaven,11,Open Water,738,2024
ID,90776,764,White_Clouds,11,Open Water,1480,1989
NH,45809,450,Pemigewasset,11,Open Water,84,2024
WY,102620,470,Popo_Agie,11,Open Water,9599,1989
CA,179847,557,Siskiyou,11,Open Water,211,2024
WA,5963,606,Trapper_Creek,11,Open Water,23,2024
MI,25150,542,Seney,11,Open Water,139,2024
MN,816244,70,Boundary_Waters_Canoe_Area,11,Open Water,866587,2024
UT,11436,615,Twin_Peaks,11,Open Water,22,1989
NV,32364,173,East_Humboldts,11,Open Water,72,1989
TX,12214,259,Indian_Mounds,11,Open Water,393,2024
NJ,3660,222,Great_Swamp,11,Open Water,10,1989
ID,116843,765,Jim_McClure_Jerry_Peak,11,Open Water,69,1989
WA,119966,371,Mount_Baker,11,Open Water,1040,1989
VT,7824,451,Peru_Peak,11,Open Water,84,2024
CA,28374,214,Granite_Chief,11,Open Water,46,2024
OR,28915,23,Badger_Creek,11,Open Water,218,1989
WI,4074,471,Porcupine_Lake,11,Open Water,674,1989
MT,20819,616,UL_Bend,11,Open Water,159,1989
CA,219209,544,Sespe,11,Open Water,30,1989
CA,10510,276,Jennie_Lakes,11,Open Water,126,2024
WA,11851,132,Colonel_Bob,11,Open Water,239,1989
AZ,8760,403,Needles_Eye,11,Open Water,20,2024
OR,180103,287,Kalmiopsis,11,Open Water,1119,1989
WY,426751,78,Bridger,11,Open Water,41602,1989
OR,355553,167,Eagle_Cap,11,Open Water,3683,2024
UT,54643,793,Labyrinth_Canyon,11,Open Water,1327,1989
CO,77932,261,Indian_Peaks,11,Open Water,1528,2024
WY,191914,129,Cloud_Peak,11,Open Water,8270,1989
CO,9927,405,Neota,11,Open Water,10,2024
MN,2180,593,Tamarac,11,Open Water,558,2024
CA,104048,363,Mokelumne,11,Open Water,622,2024
CO,62742,473,Powderhorn,11,Open Water,316,1989
CA,652903,278,John_Muir,11,Open Water,24994,1989
CA,112723,177,Emigrant,11,Open Water,5597,1989
NV,92652,505,Ruby_Mountains,11,Open Water,398,1989
IL,5800,25,Bald_Knob,11,Open Water,2,1989
CO,73416,373,Mount_Evans,11,Open Water,326,1989
NJ,6681,79,Brigantine,11,Open Water,6053,1989
CO,20847,406,Never_Summer,11,Open Water,67,2024
WA,15776,594,Tatoosh,11,Open Water,98,2024
VT,24985,74,Breadloaf,11,Open Water,8,2024
NM,19154,645,Wheeler_Peak,11,Open Water,73,2024
NH,27605,474,Presidential_Range_Dry_River,11,Open Water,16,2024
NH,27605,474,Presidential_Range_Dry_River,11,Open Water,13,1989
MI,375,504,Round_Island,11,Open Water,45,2024
UT,30632,330,Lone_Peak,11,Open Water,91,1989
TX,13248,620,Upland_Island,11,Open Water,113,1989
CO,165874,131,Collegiate_Peaks,11,Open Water,496,1989
OR,64742,374,Mount_Hood,11,Open Water,54,1989
VT,3750,81,Bristol_Cliffs,11,Open Water,66,1989
NM,23267,27,Bandelier,11,Open Water,24,1989
CO,497111,637,Weminuche,11,Open Water,4890,1989
WY,584733,596,Teton,11,Open Water,3713,2024
CO,66280,723,Dominguez_Canyon,11,Open Water,23,1989
WI,7270,647,Whisker_Lake,11,Open Water,585,2024
WA,14266,410,Noisy_Diobsud,11,Open Water,268,2024
WA,14616,125,Clearwater,11,Open Water,369,2024
AR,11978,621,Upper_Buffalo,11,Open Water,3,1989
NC/TN,19246,280,Joyce_Kilmer_Slickrock,11,Open Water,21,2024
NC,9315,547,Sheep_Ridge,11,Open Water,238,2024
WA,105543,704,Wild_Sky,11,Open Water,1358,2024
NY,1381,182,Otis_Pike_Fire_Island_High_Dune,11,Open Water,418,1989
OR,109098,375,Mount_Jefferson,11,Open Water,4128,1989
WY,426751,78,Bridger,11,Open Water,41175,2024
SC,29000,96,Cape_Romain,11,Open Water,11956,1989
WA,44270,83,Buckhorn,11,Open Water,68,1989
FL,20,267,Island_Bay,11,Open Water,24,2024
KY,12371,127,Clifty,11,Open Water,6,2024
WA,16297,597,The_Brothers,11,Open Water,28,2024
MI,132018,268,Isle_Royale,11,Open Water,58755,2024
AZ,250760,347,Mazatzal,11,Open Water,1002,1989
OR,22614,201,Gearhart_Mountain,11,Open Water,114,1989
WA,566161,207,Glacier_Peak,11,Open Water,8466,1989
IL,821,443,Panther_Den,11,Open Water,33,1989
IL,6352,333,Lusk_Creek,11,Open Water,1,1989
WY,198906,185,Fitzpatrick,11,Open Water,19370,1989
MI,3271,412,Nordhouse_Dunes,11,Open Water,116,2024
NV,32364,173,East_Humboldts,11,Open Water,83,2024
ND,29920,598,Theodore_Roosevelt,11,Open Water,665,2024
NJ,6681,79,Brigantine,11,Open Water,6991,2024
CO,13000,624,Vasquez_Peak,11,Open Water,13,1989
WY,191914,129,Cloud_Peak,11,Open Water,8111,2024
FL,2619,270,JN_Ding_Darling,11,Open Water,3300,2024
OR,35203,651,Wild_Rogue,11,Open Water,770,2024
KY,4816,32,Beaver_Creek,11,Open Water,20,1989
CO,64307,479,Raggeds,11,Open Water,169,1989
OR,20777,429,Opal_Creek,11,Open Water,36,2024
WA,531325,445,Pasayten,11,Open Water,2093,1989
WI,22047,236,Headwaters,11,Open Water,274,1989
CA,236726,625,Ventana,11,Open Water,4,1989
WI,33500,677,Gaylord_Nelson,11,Open Water,5776,1989
CA,70206,570,South_Warner,11,Open Water,206,2024
OR,62139,514,Salmon_Huckleberry,11,Open Water,35,1989
TX,13248,620,Upland_Island,11,Open Water,116,2024
NC/TN,19246,280,Joyce_Kilmer_Slickrock,11,Open Water,23,1989
CO,17109,272,James_Peak,11,Open Water,401,2024
CA,6,703,Rocks_and_Islands,11,Open Water,509,2024
WI,7135,480,Rainbow_Lake,11,Open Water,1020,1989
WY,346320,414,North_Absaroka,11,Open Water,86,2024
NM,11656,678,Ojito,11,Open Water,7,1989
CO,74408,485,Rawah,11,Open Water,983,2024
CO,165874,131,Collegiate_Peaks,11,Open Water,513,2024
OR,593,430,Oregon_Islands,11,Open Water,6617,1989
OR,36865,627,Waldo_Lake,11,Open Water,3059,1989
OR,170202,576,Steens_Mountain,11,Open Water,101,1989
ID/OR,217747,239,Hells_Canyon_IDOR,11,Open Water,1565,1989
IL,4050,140,Crab_Orchard,11,Open Water,449,1989
WA,451,633,Washington_Islands,11,Open Water,2760,1989
OR,30787,786,Devils_Staircase,11,Open Water,42,1989
OR,36879,87,Bull_of_the_Woods,11,Open Water,181,1989
OR,62139,514,Salmon_Huckleberry,11,Open Water,27,2024
FL,14293,284,Juniper_Prairie,11,Open Water,111,1989
MI,16704,582,Sturgeon_River_Gorge,11,Open Water,122,1989
CO,16486,384,Mount_Sneffels,11,Open Water,79,2024
NM,19154,645,Wheeler_Peak,11,Open Water,70,1989
CA,10999,103,Castle_Crags,11,Open Water,51,1989
FL,13835,39,Big_Gum_Swamp,11,Open Water,1,1989
MT,34304,483,Rattlesnake,11,Open Water,1735,1989
CO,219891,529,Sangre_de_Cristo,11,Open Water,1239,1989
WA,228480,382,Mount_Rainier,11,Open Water,5039,1989
IL,3694,88,Burden_Falls,11,Open Water,1,1989
CA,225114,340,Marble_Mountain,11,Open Water,2006,1989
CO,68025,133,Comanche_Peak,11,Open Water,148,2024
MI,11740,707,Beaver_Basin,11,Open Water,4416,2024
CA,768222,543,Sequoia_Kings_Canyon,11,Open Water,28047,1989
CO,66280,723,Dominguez_Canyon,11,Open Water,24,2024
MI,5268,41,Big_Island_Lake,11,Open Water,3635,1989
WY,123896,275,Jedediah_Smith,11,Open Water,437,2024
CO,8801,89,Byers_Peak,11,Open Water,14,1989
CA,141,181,Farallon,11,Open Water,232,2024
WI,7270,647,Whisker_Lake,11,Open Water,602,1989
WA,2201,657,Wonder_Mountain,11,Open Water,15,2024
WY,693934,632,Washakie,11,Open Water,454,1989
MI,32557,758,Sleeping_Bear_Dunes,11,Open Water,2262,2024
FL,1296500,341,Marjory_Stoneman_Douglas,11,Open Water,2543537,1989
CO,74408,485,Rawah,11,Open Water,969,1989
OR,120694,418,North_Fork_John_Day,11,Open Water,141,2024
AR,2143,42,Big_Lake,11,Open Water,643,1989
OR,113571,558,Sky_Lakes,11,Open Water,2279,2024
CA,768222,543,Sequoia_Kings_Canyon,11,Open Water,23601,2024
NC,8784,585,Swanquarter,11,Open Water,4810,1989
ID,217511,536,Sawtooth,11,Open Water,8519,1989
OR,69411,581,Strawberry_Mountain,11,Open Water,202,1989
WI,5912,61,Blackjack_Springs,11,Open Water,185,1989
TN,10804,43,Big_Laurel_Branch,11,Open Water,52,1989
MT,93272,91,Cabinet_Mountains,11,Open Water,2966,1989
OR,22614,201,Gearhart_Mountain,11,Open Water,90,2024
CO,160997,568,South_San_Juan,11,Open Water,1384,2024
AZ,38470,486,Rawhide_Mountains,11,Open Water,32,1989
OR,65435,342,Mark_O_Hatfield,11,Open Water,931,1989
OR,36879,87,Bull_of_the_Woods,11,Open Water,123,2024
CO,62742,473,Powderhorn,11,Open Water,309,2024
MT,158712,10,Anaconda_Pintler,11,Open Water,1766,2024
ID,90776,764,White_Clouds,11,Open Water,1503,2024
CO,82496,252,Hunter_Fryingpan,11,Open Water,335,2024
OR,120694,418,North_Fork_John_Day,11,Open Water,139,1989
CA/OR,20130,487,Red_Buttes,11,Open Water,74,1989
MT,28248,635,Welcome_Creek,11,Open Water,13,1989
CA,652903,278,John_Muir,11,Open Water,23553,2024
TX,3521,45,Big_Slough,11,Open Water,6,1989
CA,704624,662,Yosemite,11,Open Water,17379,2024
CA,39740,728,John_Krebs,11,Open Water,122,2024
IL,3694,88,Burden_Falls,11,Open Water,1,2024
MT,74524,360,Mission_Mountains,11,Open Water,8828,1989
IL,4050,140,Crab_Orchard,11,Open Water,323,2024
MT,32350,488,Red_Rock_Lakes,11,Open Water,25373,1989
IL,6352,333,Lusk_Creek,11,Open Water,1,2024
OR,28915,23,Badger_Creek,11,Open Water,210,2024
CO,181973,344,Maroon_Bells_Snowmass,11,Open Water,1191,1989
AZ,87900,439,Paiute,11,Open Water,4,1989
CO,8801,89,Byers_Peak,11,Open Water,17,2024
VT,18122,334,Lye_Brook,11,Open Water,274,2024
MI,16861,348,McCormick,11,Open Water,3078,2024
CA,101574,521,San_Gorgonio,11,Open Water,27,2024
FL,3064,48,Billies_Bay,11,Open Water,18,1989
WV,47742,141,Cranberry,11,Open Water,2,2024
UT,453863,246,High_Uintas,11,Open Water,19152,1989
GA,353981,426,Okefenokee,11,Open Water,3447,2024
UT,11436,615,Twin_Peaks,11,Open Water,23,2024
CO,9927,405,Neota,11,Open Water,9,1989
CA,21986,286,Kaiser,11,Open Water,271,2024
MT,286659,219,Great_Bear,11,Open Water,2974,1989
ID,67993,763,Hemingway_Boulders,11,Open Water,70,2024
TN,10804,43,Big_Laurel_Branch,11,Open Water,71,2024
MT,11366,350,Medicine_Lake,11,Open Water,39170,2024
CA,28374,214,Granite_Chief,11,Open Water,44,1989
OR/WA,176737,638,Wenaha_Tucannon,11,Open Water,3,1989
VA,8907,273,James_River_Face,11,Open Water,84,1989
MT,20819,616,UL_Bend,11,Open Water,267,2024
CA,252149,296,Kingston_Range,11,Open Water,1,1989
CO,68025,133,Comanche_Peak,11,Open Water,162,1989
WA,49344,68,Boulder_River,11,Open Water,232,1989
MI,4724,499,Rock_River_Canyon,11,Open Water,46,1989
CA,704624,662,Yosemite,11,Open Water,17764,1989
OR,113571,558,Sky_Lakes,11,Open Water,2368,1989
CA,20839,98,Caribou,11,Open Water,1104,1989
CO,32062,191,Fossil_Ridge,11,Open Water,126,2024
FL,14293,284,Juniper_Prairie,11,Open Water,133,2024
WA,353,523,San_Juan,11,Open Water,1163,2024
CO,160309,391,Mount_Zirkel,11,Open Water,2855,1989
OR,65435,342,Mark_O_Hatfield,11,Open Water,384,2024
CO,15599,53,Black_Canyon_of_the_Gunnison,11,Open Water,6,1989
MI,16861,348,McCormick,11,Open Water,3114,1989
CO,176431,641,West_Elk,11,Open Water,162,1989
WA,102919,241,Henry_M_Jackson,11,Open Water,2887,2024
GA,9907,145,Cumberland_Island,11,Open Water,507,2024
CO,64307,479,Raggeds,11,Open Water,172,2024
WA,531325,445,Pasayten,11,Open Water,2090,2024
UT,25078,154,Deseret_Peak,11,Open Water,3,1989
ID,116843,765,Jim_McClure_Jerry_Peak,11,Open Water,71,2024
WA,47123,370,Mount_Adams,11,Open Water,36,2024
VA/WV,16525,392,Mountain_Lake,11,Open Water,2,1989
MO,16427,265,Irish,11,Open Water,7,1989
AZ,60773,193,Four_Peaks,11,Open Water,10,2024
OR,20777,429,Opal_Creek,11,Open Water,61,1989
MT,11366,350,Medicine_Lake,11,Open Water,39299,1989
MI,3879,250,Horseshoe_Bay,11,Open Water,68,1989
NV,31223,396,Mt_Rose,11,Open Water,2,2024
NM,559310,205,Gila,11,Open Water,7,1989
CA,303713,210,Golden_Trout,11,Open Water,619,2024
AZ,60773,193,Four_Peaks,11,Open Water,22,1989
SC,21700,134,Congaree,11,Open Water,1370,2024
OH,77,643,West_Sister_Island,11,Open Water,70,1989
WA,13278,383,Mount_Skokomish,11,Open Water,294,2024
AR,11674,495,Richland_Creek,11,Open Water,6,2024
ID,266390,736,Owyhee_River,11,Open Water,48,2024
UT,25078,154,Deseret_Peak,11,Open Water,4,2024
ND,4155,113,Chase_Lake,11,Open Water,9665,1989
WY,198906,185,Fitzpatrick,11,Open Water,19498,2024
NH,35301,528,Sandwich_Range,11,Open Water,220,1989
OR,180103,287,Kalmiopsis,11,Open Water,604,2024
CO,82496,252,Hunter_Fryingpan,11,Open Water,342,1989
AZ/CA,15056,257,Imperial_Refuge,11,Open Water,43,1989
AZ,38470,486,Rawhide_Mountains,11,Open Water,149,2024
CO,122453,248,Holy_Cross,11,Open Water,2414,1989
AZ/CA,15056,257,Imperial_Refuge,11,Open Water,22,2024
ME,4680,369,Moosehorn_Baring_Unit,11,Open Water,1624,1989
MI,15237,588,Sylvania,11,Open Water,16287,2024
UT,18216,722,Docs_Pass,11,Open Water,4,2024
CO/UT,75479,58,Black_Ridge_Canyons,11,Open Water,468,1989
VT,4800,203,George_D_Aiken,11,Open Water,31,2024
MT,34304,483,Rattlesnake,11,Open Water,1679,2024
MO,4236,500,Rockpile_Mountain,11,Open Water,23,1989
MI,146,253,Huron_Islands,11,Open Water,297,1989
FL,2619,270,JN_Ding_Darling,11,Open Water,3410,1989
MI,4724,499,Rock_River_Canyon,11,Open Water,43,2024
CA,11001,757,Elkhorn_Ridge,11,Open Water,1,2024
WA,3060,208,Glacier_View,11,Open Water,61,1989
MN,4000,2,Agassiz,11,Open Water,237,2024
MT,74524,360,Mission_Mountains,11,Open Water,9521,2024
FL,17350,574,St_Marks,11,Open Water,5914,2024
CO,176431,641,West_Elk,11,Open Water,162,2024
OR,8758,356,Middle_Santiam,11,Open Water,16,1989
OR,35749,502,Rogue_Umpqua_Divide,11,Open Water,489,1989
CA,236726,625,Ventana,11,Open Water,4,2024
CO,17109,272,James_Peak,11,Open Water,369,1989
MO,4236,500,Rockpile_Mountain,11,Open Water,18,2024
GA,3000,60,Blackbeard_Island,11,Open Water,923,1989
CA,27296,684,Cache_Creek,11,Open Water,45,1989
CO,181973,344,Maroon_Bells_Snowmass,11,Open Water,1038,2024
CA,10510,276,Jennie_Lakes,11,Open Water,136,1989
WA,353,523,San_Juan,11,Open Water,1289,1989
WA,566161,207,Glacier_Peak,11,Open Water,8851,2024
VA,3745,712,Brush_Mountain_East,11,Open Water,1,1989
WI,5912,61,Blackjack_Springs,11,Open Water,143,2024
AZ,16009,107,Cedar_Bench,11,Open Water,4,1989
NV,35581,9,AltaToquima,11,Open Water,1,2024
CO,16486,384,Mount_Sneffels,11,Open Water,77,1989
CO,77932,261,Indian_Peaks,11,Open Water,1673,1989
CA,303713,210,Golden_Trout,11,Open Water,595,1989
MI,375,504,Round_Island,11,Open Water,43,1989
FL,7327,6,Alexander_Springs,11,Open Water,1854,2024
ND,5577,332,Lostwood,11,Open Water,23,1989
GA,353981,426,Okefenokee,11,Open Water,4216,1989
WY,285619,224,Gros_Ventre,11,Open Water,1561,1989
WA,52294,413,Norse_Peak,11,Open Water,474,1989
WA,876447,428,Daniel_J_Evans,11,Open Water,20035,2024
MO,7730,359,Mingo,11,Open Water,435,1989
CA,12868,686,South_Fork_Eel_River,11,Open Water,7,1989
CA,64041,155,Desolation,11,Open Water,5422,2024
ME,4680,369,Moosehorn_Baring_Unit,11,Open Water,1581,2024
CO/UT,75479,58,Black_Ridge_Canyons,11,Open Water,439,2024
GA/TN,37033,130,Cohutta,11,Open Water,4,1989
CA/OR,20130,487,Red_Buttes,11,Open Water,70,2024
PA,372,7,Allegheny_Islands,11,Open Water,426,2024
AZ,160164,583,Superstition,11,Open Water,4,1989
WY,123896,275,Jedediah_Smith,11,Open Water,416,1989
CA,42695,687,King_Range,11,Open Water,1478,1989
MI,5268,41,Big_Island_Lake,11,Open Water,3560,2024
WA,414322,8,Alpine_Lakes,11,Open Water,25526,2024
CO,29027,377,Mount_Massive,11,Open Water,254,2024
LA,5000,75,Breton,11,Open Water,46184,2024
WA,168955,652,William_O_Douglas,11,Open Water,3020,1989
MS,4630,226,Gulf_Islands,11,Open Water,2092,1989
AZ,8760,403,Needles_Eye,11,Open Water,26,1989
AL,25809,556,Sipsey,11,Open Water,2,1989
CO,17784,227,Gunnison_Gorge,11,Open Water,77,2024
NV,24015,762,Pine_Forest_Range,11,Open Water,104,2024
NC,8490,105,Catfish_Lake_South,11,Open Water,38,2024
MI,11740,707,Beaver_Basin,11,Open Water,4386,1989
TN,10895,519,Sampson_Mountain,11,Open Water,1,1989
UT,54643,793,Labyrinth_Canyon,11,Open Water,1159,2024
ID/MT,1347644,540,Selway_Bitterroot,11,Open Water,14047,1989
CO,17784,227,Gunnison_Gorge,11,Open Water,54,1989
FL,1066,308,Lake_Woodruff,11,Open Water,286,2024
CA,70206,570,South_Warner,11,Open Water,230,1989
CA,112723,177,Emigrant,11,Open Water,5384,2024
MI,3271,412,Nordhouse_Dunes,11,Open Water,173,1989
ID,44027,733,North_Fork_Owyhee,11,Open Water,11,1989
MI,16704,582,Sturgeon_River_Gorge,11,Open Water,50,2024
WV,5147,708,Big_Draft,11,Open Water,14,1989
OR,54406,389,Mount_Washington,11,Open Water,413,1989
OR,36548,744,Roaring_River,11,Open Water,402,2024
AZ,312600,431,Organ_Pipe_Cactus,11,Open Water,3,1989
ID,2358886,194,Frank_Church_River_of_No_Return,11,Open Water,16026,1989
WA,451,633,Washington_Islands,11,Open Water,2709,2024
CA,128044,249,Hoover,11,Open Water,3386,1989
IL,821,443,Panther_Den,11,Open Water,22,2024
WA,3060,208,Glacier_View,11,Open Water,54,2024
ID,217511,536,Sawtooth,11,Open Water,8797,2024
NM,20420,310,Latir_Peak,11,Open Water,11,2024
MS,5033,54,Black_Creek,11,Open Water,253,2024
WA,876447,428,Daniel_J_Evans,11,Open Water,23785,1989
OR,29182,734,Oregon_Badlands,11,Open Water,5,2024
MT,28248,635,Welcome_Creek,11,Open Water,10,2024
LA,3345,305,Lacassine,11,Open Water,261,2024
CA,231619,12,Ansel_Adams,11,Open Water,7619,2024
WA,108020,209,Goat_Rocks,11,Open Water,1498,2024
OR,6404,751,Spring_Basin,11,Open Water,1,2024
ID/OR,217747,239,Hells_Canyon_IDOR,11,Open Water,1406,2024
WV,20705,434,Otter_Creek,11,Open Water,8,1989
NJ,3660,222,Great_Swamp,11,Open Water,5,2024
ID,89820,711,Bruneau_Jarbidge_Rivers,11,Open Water,14,1989
MA,3244,366,Monomoy,11,Open Water,8074,1989
CA,12521,507,Russian,11,Open Water,556,2024
NY,1381,182,Otis_Pike_Fire_Island_High_Dune,11,Open Water,462,2024
OR,6404,751,Spring_Basin,11,Open Water,5,1989
CA,225114,340,Marble_Mountain,11,Open Water,1924,2024
FL,17350,574,St_Marks,11,Open Water,5663,1989
CO,497111,637,Weminuche,11,Open Water,4799,2024
MT,286659,219,Great_Bear,11,Open Water,2808,2024
KY,12371,127,Clifty,11,Open Water,2,1989
OR,109098,375,Mount_Jefferson,11,Open Water,3576,2024
MI,11358,336,Mackinac,11,Open Water,39,1989
FL,2827,325,Little_Lake_George,11,Open Water,106,2024
ME,2712,368,Moosehorn,11,Open Water,191,1989
FL,6197,188,Florida_Keys,11,Open Water,2887,2024
VA,9327,503,Rough_Mountain,11,Open Water,5,2024
CO,160997,568,South_San_Juan,11,Open Water,1355,1989
NE,4635,190,Fort_Niobrara,11,Open Water,443,2024
CA,27315,455,Phillip_Burton,11,Open Water,38746,2024
MI,132018,268,Isle_Royale,11,Open Water,60690,1989
CO,20847,406,Never_Summer,11,Open Water,64,1989
CA,6,703,Rocks_and_Islands,11,Open Water,515,1989
FL,379,108,Cedar_Keys,11,Open Water,445,1989
CO,13000,624,Vasquez_Peak,11,Open Water,12,2024
WA,14616,125,Clearwater,11,Open Water,349,1989
WA,102919,241,Henry_M_Jackson,11,Open Water,2830,1989
WV,47742,141,Cranberry,11,Open Water,1,1989
WA,638173,577,Stephen_Mather,11,Open Water,9334,1989
AZ,32115,518,Salt_River_Canyon,11,Open Water,967,1989
MT,32350,488,Red_Rock_Lakes,11,Open Water,24403,2024
MO,7730,359,Mingo,11,Open Water,26,2024
VT,24985,74,Breadloaf,11,Open Water,4,1989
WA,47123,370,Mount_Adams,11,Open Water,66,1989
KY,4816,32,Beaver_Creek,11,Open Water,5,2024
CO,41531,329,Lizard_Head,11,Open Water,36,2024
WY,346320,414,North_Absaroka,11,Open Water,69,1989
OR,30787,786,Devils_Staircase,11,Open Water,30,2024
CO/WY,24051,465,Platte_River,11,Open Water,73,2024
WY,31057,255,Huston_Park,11,Open Water,9,2024
LA,5000,75,Breton,11,Open Water,40958,1989
AR,34933,85,Buffalo_National_River,11,Open Water,1746,2024
WI,7135,480,Rainbow_Lake,11,Open Water,1046,2024
NM,221796,447,Pecos,11,Open Water,180,2024
NV,92652,505,Ruby_Mountains,11,Open Water,414,2024
CO,249126,745,Rocky_Mountain,11,Open Water,2989,2024
WA,13278,383,Mount_Skokomish,11,Open Water,308,1989
UT,30632,330,Lone_Peak,11,Open Water,98,2024
WY,31057,255,Huston_Park,11,Open Water,11,1989
WA,168955,652,William_O_Douglas,11,Open Water,2937,2024
GA,9907,145,Cumberland_Island,11,Open Water,228,1989
FL,8075,399,Mud_Swamp_New_River,11,Open Water,5,1989
CO,249126,745,Rocky_Mountain,11,Open Water,2921,1989
UT,98023,799,Muddy_Creek,11,Open Water,1,1989
NC,11653,319,Linville_Gorge,11,Open Water,8,2024
CA,23578,84,Bucks_Lake,11,Open Water,170,1989
NM,41305,525,San_Pedro_Parks,11,Open Water,92,1989
OK,8570,650,Wichita_Mountains,11,Open Water,11,2024
FL,2827,325,Little_Lake_George,11,Open Water,85,1989
ME,2712,368,Moosehorn,11,Open Water,148,2024
CA,182298,661,Yolla_Bolly_Middle_Eel,11,Open Water,38,2024
WA,44270,83,Buckhorn,11,Open Water,62,2024
AZ,32115,518,Salt_River_Canyon,11,Open Water,112,2024
NV,59107,245,High_Rock_Lake,11,Open Water,12,1989
WI,22047,236,Headwaters,11,Open Water,183,2024
OR,64742,374,Mount_Hood,11,Open Water,51,2024
CA,39740,728,John_Krebs,11,Open Water,145,1989
WA,105543,704,Wild_Sky,11,Open Water,1372,1989
WY,102620,470,Popo_Agie,11,Open Water,9633,2024
VT,3750,81,Bristol_Cliffs,11,Open Water,39,2024
IN,12472,112,Charles_C_Deam,11,Open Water,566,2024
CA,56239,682,Yuki,11,Open Water,171,1989
ID,89820,711,Bruneau_Jarbidge_Rivers,11,Open Water,6,2024
AZ,250760,347,Mazatzal,11,Open Water,278,2024
WA,20784,258,Indian_Heaven,11,Open Water,717,1989
AZ/CA,17801,233,Havasu,11,Open Water,51,1989
AR,2143,42,Big_Lake,11,Open Water,147,2024
WI,4074,471,Porcupine_Lake,11,Open Water,564,2024
ID,266390,736,Owyhee_River,11,Open Water,76,1989
WV,5147,708,Big_Draft,11,Open Water,24,2024
ID,205395,212,Gospel_Hump,11,Open Water,1199,1989
WA,119966,371,Mount_Baker,11,Open Water,1005,2024
CA/NV,3190455,151,Death_Valley,11,Open Water,2,1989
MI,11951,152,Delirium,11,Open Water,130,1989
MA,3244,366,Monomoy,11,Open Water,7322,2024
WA,152980,306,Lake_Chelan_Sawtooth,11,Open Water,1197,1989
FL,1066,308,Lake_Woodruff,11,Open Water,238,1989
CA,21986,286,Kaiser,11,Open Water,271,1989
GA,5125,656,Wolf_Island,11,Open Water,3089,2024
WY,10662,653,Winegar_Hole,11,Open Water,257,2024
CO,29027,377,Mount_Massive,11,Open Water,254,1989
NM,23267,27,Bandelier,11,Open Water,40,2024
CO,73416,373,Mount_Evans,11,Open Water,321,2024
CO,32062,191,Fossil_Ridge,11,Open Water,132,1989
MS,4630,226,Gulf_Islands,11,Open Water,2421,2024
CO,41531,329,Lizard_Head,11,Open Water,39,1989
MO,8184,460,Piney_Creek,11,Open Water,133,2024
OR,36865,627,Waldo_Lake,11,Open Water,2242,2024
OR,55127,385,Mount_Thielsen,11,Open Water,137,1989
CO,230829,186,Flat_Tops,11,Open Water,6013,2024
VT,22330,688,Glastenbury,11,Open Water,110,1989
UT,44572,378,Mount_Naomi,11,Open Water,3,2024
CO,15599,53,Black_Canyon_of_the_Gunnison,11,Open Water,8,2024
OH,77,643,West_Sister_Island,11,Open Water,63,2024
CA,179847,557,Siskiyou,11,Open Water,323,1989
CA,158147,102,Carson_Iceberg,11,Open Water,236,1989
WA,108020,209,Goat_Rocks,11,Open Water,1536,1989
WA,14266,410,Noisy_Diobsud,11,Open Water,272,1989
ND,5577,332,Lostwood,11,Open Water,483,2024
WV,6037,750,Spice_Run,11,Open Water,27,2024
SC,21700,134,Congaree,11,Open Water,1309,1989
FL,3064,48,Billies_Bay,11,Open Water,17,2024
CO,135104,168,Eagles_Nest,11,Open Water,1559,2024
MI,15237,588,Sylvania,11,Open Water,16404,1989
ID,43243,142,Craters_of_the_Moon,11,Open Water,3,1989
MT,259756,538,Scapegoat,11,Open Water,563,1989
VT,18122,334,Lye_Brook,11,Open Water,379,1989
UT,142996,789,Desolation_Canyon,11,Open Water,980,1989
CA,23578,84,Bucks_Lake,11,Open Water,158,2024
CA,537357,611,Trinity_Alps,11,Open Water,2532,2024
MT,93272,91,Cabinet_Mountains,11,Open Water,3279,2024
OR,36548,744,Roaring_River,11,Open Water,412,1989
TX,3521,45,Big_Slough,11,Open Water,11,2024
OR,9465,715,Clackamas,11,Open Water,47,1989
CA,14698,735,Owens_River_Headwaters,11,Open Water,13,1989
ND,29920,598,Theodore_Roosevelt,11,Open Water,526,1989
MI,11358,336,Mackinac,11,Open Water,28,2024
AZ/CA,17801,233,Havasu,11,Open Water,42,2024
WA,41307,515,Salmo_Priest,11,Open Water,11,2024
NC,1692,469,Pond_Pine,11,Open Water,16,2024
MT,242068,316,Lee_Metcalf,11,Open Water,2232,2024
MT,1062694,64,Bob_Marshall,11,Open Water,9905,2024
NM,47035,109,Chama_River_Canyon,11,Open Water,135,1989
CO,126480,303,La_Garita,12,Perennial Ice/Snow,3,2024
WY,584733,596,Teton,12,Perennial Ice/Snow,1291,2024
CA,158147,102,Carson_Iceberg,12,Perennial Ice/Snow,34,2024
CA,16526,599,Thousand_Lakes,12,Perennial Ice/Snow,6,2024
CA,112723,177,Emigrant,12,Perennial Ice/Snow,144,2024
MT,286659,219,Great_Bear,12,Perennial Ice/Snow,2829,1989
MT,74524,360,Mission_Mountains,12,Perennial Ice/Snow,2522,2024
OR,283818,602,Three_Sisters,12,Perennial Ice/Snow,11101,2024
OR,355553,167,Eagle_Cap,12,Perennial Ice/Snow,5313,2024
UT,25078,154,Deseret_Peak,12,Perennial Ice/Snow,3,2024
CA,70206,570,South_Warner,12,Perennial Ice/Snow,2,2024
NM,19154,645,Wheeler_Peak,12,Perennial Ice/Snow,3,1989
ID/OR,217747,239,Hells_Canyon_IDOR,12,Perennial Ice/Snow,20,1989
OR,113571,558,Sky_Lakes,12,Perennial Ice/Snow,20,1989
CA,101574,521,San_Gorgonio,12,Perennial Ice/Snow,1,2024
OR,54406,389,Mount_Washington,12,Perennial Ice/Snow,65,2024
CA,16526,599,Thousand_Lakes,12,Perennial Ice/Snow,6,1989
WA,876447,428,Daniel_J_Evans,12,Perennial Ice/Snow,43371,2024
CO,8801,89,Byers_Peak,12,Perennial Ice/Snow,6,1989
OR,283818,602,Three_Sisters,12,Perennial Ice/Snow,11101,1989
NV,32364,173,East_Humboldts,12,Perennial Ice/Snow,5,2024
WA,41307,515,Salmo_Priest,12,Perennial Ice/Snow,2,1989
CO,497111,637,Weminuche,12,Perennial Ice/Snow,14,1989
CO,122453,248,Holy_Cross,12,Perennial Ice/Snow,144,1989
WA,566161,207,Glacier_Peak,12,Perennial Ice/Snow,117702,1989
OR,120694,418,North_Fork_John_Day,12,Perennial Ice/Snow,7,2024
WA,638173,577,Stephen_Mather,12,Perennial Ice/Snow,178590,2024
ID,67993,763,Hemingway_Boulders,12,Perennial Ice/Snow,319,1989
ID,205395,212,Gospel_Hump,12,Perennial Ice/Snow,2,1989
CO,165874,131,Collegiate_Peaks,12,Perennial Ice/Snow,63,1989
CO,74408,485,Rawah,12,Perennial Ice/Snow,367,1989
CA,70206,570,South_Warner,12,Perennial Ice/Snow,2,1989
WA,168955,652,William_O_Douglas,12,Perennial Ice/Snow,314,1989
UT,10518,386,Mount_Timpanogos,12,Perennial Ice/Snow,21,2024
CO,29027,377,Mount_Massive,12,Perennial Ice/Snow,121,2024
CO,74408,485,Rawah,12,Perennial Ice/Snow,367,2024
ID,90776,764,White_Clouds,12,Perennial Ice/Snow,2130,2024
CA,652903,278,John_Muir,12,Perennial Ice/Snow,24086,1989
MT/WY,937102,1,Absaroka_Beartooth,12,Perennial Ice/Snow,10076,2024
MT,158712,10,Anaconda_Pintler,12,Perennial Ice/Snow,552,2024
ID/OR,217747,239,Hells_Canyon_IDOR,12,Perennial Ice/Snow,20,2024
CO,12615,476,Ptarmigan_Peak,12,Perennial Ice/Snow,14,1989
CA,36981,397,Mt_Shasta,12,Perennial Ice/Snow,3960,2024
CA,79061,309,Lassen_Volcanic,12,Perennial Ice/Snow,73,2024
NV,92652,505,Ruby_Mountains,12,Perennial Ice/Snow,4,2024
CA,179847,557,Siskiyou,12,Perennial Ice/Snow,2,1989
CA,14698,735,Owens_River_Headwaters,12,Perennial Ice/Snow,6,2024
CA,112723,177,Emigrant,12,Perennial Ice/Snow,144,1989
MT,158712,10,Anaconda_Pintler,12,Perennial Ice/Snow,552,1989
WY,285619,224,Gros_Ventre,12,Perennial Ice/Snow,244,2024
OR,113571,558,Sky_Lakes,12,Perennial Ice/Snow,20,2024
WY,285619,224,Gros_Ventre,12,Perennial Ice/Snow,244,1989
CA,14698,735,Owens_River_Headwaters,12,Perennial Ice/Snow,6,1989
WA,16297,597,The_Brothers,12,Perennial Ice/Snow,140,1989
WA,49344,68,Boulder_River,12,Perennial Ice/Snow,1419,1989
CO,16486,384,Mount_Sneffels,12,Perennial Ice/Snow,29,2024
WA,52294,413,Norse_Peak,12,Perennial Ice/Snow,4,1989
OR,109098,375,Mount_Jefferson,12,Perennial Ice/Snow,2608,1989
ID,217511,536,Sawtooth,12,Perennial Ice/Snow,6784,2024
WA,105543,704,Wild_Sky,12,Perennial Ice/Snow,198,2024
OR,64742,374,Mount_Hood,12,Perennial Ice/Snow,9293,1989
WA,119966,371,Mount_Baker,12,Perennial Ice/Snow,50356,1989
CA,64041,155,Desolation,12,Perennial Ice/Snow,199,1989
CO,20847,406,Never_Summer,12,Perennial Ice/Snow,12,1989
CA,104048,363,Mokelumne,12,Perennial Ice/Snow,52,2024
CO,82496,252,Hunter_Fryingpan,12,Perennial Ice/Snow,33,2024
WA,531325,445,Pasayten,12,Perennial Ice/Snow,6744,1989
WA,228480,382,Mount_Rainier,12,Perennial Ice/Snow,80507,2024
UT,25078,154,Deseret_Peak,12,Perennial Ice/Snow,3,1989
CO,176431,641,West_Elk,12,Perennial Ice/Snow,17,2024
WA,47123,370,Mount_Adams,12,Perennial Ice/Snow,9948,2024
CO,230829,186,Flat_Tops,12,Perennial Ice/Snow,129,1989
UT,11436,615,Twin_Peaks,12,Perennial Ice/Snow,1,1989
CA,12521,507,Russian,12,Perennial Ice/Snow,13,2024
NV,35581,9,AltaToquima,12,Perennial Ice/Snow,2,1989
OR,109098,375,Mount_Jefferson,12,Perennial Ice/Snow,2608,2024
WA,108020,209,Goat_Rocks,12,Perennial Ice/Snow,5206,1989
CO,17109,272,James_Peak,12,Perennial Ice/Snow,260,2024
WA,414322,8,Alpine_Lakes,12,Perennial Ice/Snow,25918,1989
OR,52496,157,Diamond_Peak,12,Perennial Ice/Snow,494,2024
ID/MT,1347644,540,Selway_Bitterroot,12,Perennial Ice/Snow,4544,1989
WA,14616,125,Clearwater,12,Perennial Ice/Snow,22,2024
OR,69411,581,Strawberry_Mountain,12,Perennial Ice/Snow,1,1989
CA,158147,102,Carson_Iceberg,12,Perennial Ice/Snow,34,1989
NV,121449,696,High_Schells,12,Perennial Ice/Snow,1,1989
ID,217511,536,Sawtooth,12,Perennial Ice/Snow,6784,1989
WA,876447,428,Daniel_J_Evans,12,Perennial Ice/Snow,43371,1989
CA/NV,3190455,151,Death_Valley,12,Perennial Ice/Snow,1,1989
MT,34304,483,Rattlesnake,12,Perennial Ice/Snow,5,2024
MT,93272,91,Cabinet_Mountains,12,Perennial Ice/Snow,1121,2024
WA,44270,83,Buckhorn,12,Perennial Ice/Snow,297,2024
OR,170202,576,Steens_Mountain,12,Perennial Ice/Snow,93,1989
CO,122453,248,Holy_Cross,12,Perennial Ice/Snow,144,2024
CA,303713,210,Golden_Trout,12,Perennial Ice/Snow,9,1989
MT,93272,91,Cabinet_Mountains,12,Perennial Ice/Snow,1121,1989
WY,198906,185,Fitzpatrick,12,Perennial Ice/Snow,32855,2024
CO,102209,618,Uncompahgre,12,Perennial Ice/Snow,7,1989
WY,198906,185,Fitzpatrick,12,Perennial Ice/Snow,32855,1989
WA,105543,704,Wild_Sky,12,Perennial Ice/Snow,198,1989
CO,8801,89,Byers_Peak,12,Perennial Ice/Snow,6,2024
NV,32364,173,East_Humboldts,12,Perennial Ice/Snow,5,1989
CA,36981,397,Mt_Shasta,12,Perennial Ice/Snow,3960,1989
MT,74524,360,Mission_Mountains,12,Perennial Ice/Snow,2522,1989
WY,102620,470,Popo_Agie,12,Perennial Ice/Snow,1238,1989
NV,47311,147,Currant_Mountain,12,Perennial Ice/Snow,1,1989
UT,10518,386,Mount_Timpanogos,12,Perennial Ice/Snow,21,1989
WY,123896,275,Jedediah_Smith,12,Perennial Ice/Snow,50,1989
CO,64307,479,Raggeds,12,Perennial Ice/Snow,12,1989
CO,160309,391,Mount_Zirkel,12,Perennial Ice/Snow,769,2024
CO,181973,344,Maroon_Bells_Snowmass,12,Perennial Ice/Snow,2364,1989
WY,123896,275,Jedediah_Smith,12,Perennial Ice/Snow,50,2024
WA,14616,125,Clearwater,12,Perennial Ice/Snow,22,1989
CA,537357,611,Trinity_Alps,12,Perennial Ice/Snow,2161,1989
WA,119966,371,Mount_Baker,12,Perennial Ice/Snow,50356,2024
CO,82496,252,Hunter_Fryingpan,12,Perennial Ice/Snow,33,1989
WY,584733,596,Teton,12,Perennial Ice/Snow,1291,1989
CA,225114,340,Marble_Mountain,12,Perennial Ice/Snow,9,2024
CO,135104,168,Eagles_Nest,12,Perennial Ice/Snow,391,1989
CO,181973,344,Maroon_Bells_Snowmass,12,Perennial Ice/Snow,2364,2024
UT,30632,330,Lone_Peak,12,Perennial Ice/Snow,291,2024
OR,64742,374,Mount_Hood,12,Perennial Ice/Snow,9293,2024
WY,346320,414,North_Absaroka,12,Perennial Ice/Snow,187,2024
CO,12615,476,Ptarmigan_Peak,12,Perennial Ice/Snow,14,2024
WY,426751,78,Bridger,12,Perennial Ice/Snow,16115,2024
ID,67993,763,Hemingway_Boulders,12,Perennial Ice/Snow,319,2024
OR,120694,418,North_Fork_John_Day,12,Perennial Ice/Snow,7,1989
WA,152980,306,Lake_Chelan_Sawtooth,12,Perennial Ice/Snow,2569,1989
CO,497111,637,Weminuche,12,Perennial Ice/Snow,14,2024
WY,426751,78,Bridger,12,Perennial Ice/Snow,16115,1989
WA,49344,68,Boulder_River,12,Perennial Ice/Snow,1419,2024
OR,54406,389,Mount_Washington,12,Perennial Ice/Snow,65,1989
WA,44270,83,Buckhorn,12,Perennial Ice/Snow,297,1989
CO,9927,405,Neota,12,Perennial Ice/Snow,37,2024
ID,2358886,194,Frank_Church_River_of_No_Return,12,Perennial Ice/Snow,1354,1989
WY,191914,129,Cloud_Peak,12,Perennial Ice/Snow,1341,1989
CA,537357,611,Trinity_Alps,12,Perennial Ice/Snow,2161,2024
CA,704624,662,Yosemite,12,Perennial Ice/Snow,5596,1989
NV,92652,505,Ruby_Mountains,12,Perennial Ice/Snow,4,1989
MT,1062694,64,Bob_Marshall,12,Perennial Ice/Snow,7056,1989
WA,52294,413,Norse_Peak,12,Perennial Ice/Snow,4,2024
CA,12521,507,Russian,12,Perennial Ice/Snow,13,1989
OR,52496,157,Diamond_Peak,12,Perennial Ice/Snow,494,1989
CO,160309,391,Mount_Zirkel,12,Perennial Ice/Snow,769,1989
NM,19154,645,Wheeler_Peak,12,Perennial Ice/Snow,3,2024
ID,90776,764,White_Clouds,12,Perennial Ice/Snow,2130,1989
NV,121449,696,High_Schells,12,Perennial Ice/Snow,1,2024
WA,531325,445,Pasayten,12,Perennial Ice/Snow,6744,2024
WA,152980,306,Lake_Chelan_Sawtooth,12,Perennial Ice/Snow,2569,2024
MT/WY,937102,1,Absaroka_Beartooth,12,Perennial Ice/Snow,10076,1989
ID,116843,765,Jim_McClure_Jerry_Peak,12,Perennial Ice/Snow,110,2024
WA,414322,8,Alpine_Lakes,12,Perennial Ice/Snow,25918,2024
ID,2358886,194,Frank_Church_River_of_No_Return,12,Perennial Ice/Snow,1354,2024
CO,165874,131,Collegiate_Peaks,12,Perennial Ice/Snow,63,2024
WA,13278,383,Mount_Skokomish,12,Perennial Ice/Snow,127,2024
CA,230966,754,White_Mountains,12,Perennial Ice/Snow,168,2024
CA,104048,363,Mokelumne,12,Perennial Ice/Snow,52,1989
UT,453863,246,High_Uintas,12,Perennial Ice/Snow,192,2024
CA,28374,214,Granite_Chief,12,Perennial Ice/Snow,1,2024
CO,126480,303,La_Garita,12,Perennial Ice/Snow,3,1989
CO,41281,86,Buffalo_Peaks,12,Perennial Ice/Snow,3,2024
MT,286659,219,Great_Bear,12,Perennial Ice/Snow,2829,2024
WA,13278,383,Mount_Skokomish,12,Perennial Ice/Snow,127,1989
CO,41281,86,Buffalo_Peaks,12,Perennial Ice/Snow,3,1989
WA,566161,207,Glacier_Peak,12,Perennial Ice/Snow,117702,2024
ID/MT,1347644,540,Selway_Bitterroot,12,Perennial Ice/Snow,4544,2024
CO,249126,745,Rocky_Mountain,12,Perennial Ice/Snow,1523,1989
CO,32062,191,Fossil_Ridge,12,Perennial Ice/Snow,6,2024
MT,34304,483,Rattlesnake,12,Perennial Ice/Snow,5,1989
CA,704624,662,Yosemite,12,Perennial Ice/Snow,5596,2024
CO,68025,133,Comanche_Peak,12,Perennial Ice/Snow,174,1989
WA,16297,597,The_Brothers,12,Perennial Ice/Snow,140,2024
CO,77932,261,Indian_Peaks,12,Perennial Ice/Snow,1017,2024
CA,230966,754,White_Mountains,12,Perennial Ice/Snow,168,1989
CA/NV,3190455,151,Death_Valley,12,Perennial Ice/Snow,1,2024
CA,179847,557,Siskiyou,12,Perennial Ice/Snow,2,2024
WA,108020,209,Goat_Rocks,12,Perennial Ice/Snow,5206,2024
CA,101574,521,San_Gorgonio,12,Perennial Ice/Snow,1,1989
CO,64307,479,Raggeds,12,Perennial Ice/Snow,12,2024
CA,303713,210,Golden_Trout,12,Perennial Ice/Snow,9,2024
CO,73416,373,Mount_Evans,12,Perennial Ice/Snow,6,2024
CA,128044,249,Hoover,12,Perennial Ice/Snow,1794,1989
ID,205395,212,Gospel_Hump,12,Perennial Ice/Snow,2,2024
WA,15776,594,Tatoosh,12,Perennial Ice/Snow,55,2024
WA,228480,382,Mount_Rainier,12,Perennial Ice/Snow,80507,1989
CA,128044,249,Hoover,12,Perennial Ice/Snow,1793,2024
WY,346320,414,North_Absaroka,12,Perennial Ice/Snow,187,1989
OR,69411,581,Strawberry_Mountain,12,Perennial Ice/Snow,1,2024
NV,47311,147,Currant_Mountain,12,Perennial Ice/Snow,1,2024
CA,231619,12,Ansel_Adams,12,Perennial Ice/Snow,3202,1989
UT,30632,330,Lone_Peak,12,Perennial Ice/Snow,291,1989
UT,453863,246,High_Uintas,12,Perennial Ice/Snow,192,1989
CA,768222,543,Sequoia_Kings_Canyon,12,Perennial Ice/Snow,7748,1989
WA,102919,241,Henry_M_Jackson,12,Perennial Ice/Snow,8109,1989
CO,41531,329,Lizard_Head,12,Perennial Ice/Snow,53,1989
CA,225114,340,Marble_Mountain,12,Perennial Ice/Snow,9,1989
WA,638173,577,Stephen_Mather,12,Perennial Ice/Snow,178590,1989
ID,116843,765,Jim_McClure_Jerry_Peak,12,Perennial Ice/Snow,110,1989
WY,693934,632,Washakie,12,Perennial Ice/Snow,1950,1989
CO,17109,272,James_Peak,12,Perennial Ice/Snow,260,1989
CA,28374,214,Granite_Chief,12,Perennial Ice/Snow,1,1989
CO,176431,641,West_Elk,12,Perennial Ice/Snow,17,1989
NV,10467,69,Boundary_Peak,12,Perennial Ice/Snow,1,1989
UT,11436,615,Twin_Peaks,12,Perennial Ice/Snow,1,2024
OR,55127,385,Mount_Thielsen,12,Perennial Ice/Snow,61,2024
CO,9927,405,Neota,12,Perennial Ice/Snow,37,1989
WA,14266,410,Noisy_Diobsud,12,Perennial Ice/Snow,169,2024
MT,259756,538,Scapegoat,12,Perennial Ice/Snow,525,1989
CO,68025,133,Comanche_Peak,12,Perennial Ice/Snow,174,2024
OR,355553,167,Eagle_Cap,12,Perennial Ice/Snow,5313,1989
MT,242068,316,Lee_Metcalf,12,Perennial Ice/Snow,18,1989
MT,242068,316,Lee_Metcalf,12,Perennial Ice/Snow,18,2024
CO,77932,261,Indian_Peaks,12,Perennial Ice/Snow,1017,1989
WA,41307,515,Salmo_Priest,12,Perennial Ice/Snow,2,2024
WY,693934,632,Washakie,12,Perennial Ice/Snow,1950,2024
OR,170202,576,Steens_Mountain,12,Perennial Ice/Snow,93,2024
CO,13000,624,Vasquez_Peak,12,Perennial Ice/Snow,88,2024
MT,259756,538,Scapegoat,12,Perennial Ice/Snow,525,2024
CA,39740,728,John_Krebs,12,Perennial Ice/Snow,7,1989
WY,102620,470,Popo_Agie,12,Perennial Ice/Snow,1238,2024
CO,41531,329,Lizard_Head,12,Perennial Ice/Snow,53,2024
CO,13000,624,Vasquez_Peak,12,Perennial Ice/Snow,88,1989
WY,191914,129,Cloud_Peak,12,Perennial Ice/Snow,1341,2024
NV,110471,274,Jarbidge,12,Perennial Ice/Snow,5,2024
CO,16486,384,Mount_Sneffels,12,Perennial Ice/Snow,29,1989
WA,15776,594,Tatoosh,12,Perennial Ice/Snow,55,1989
CO,249126,745,Rocky_Mountain,12,Perennial Ice/Snow,1523,2024
CA,39740,728,John_Krebs,12,Perennial Ice/Snow,7,2024
CO,135104,168,Eagles_Nest,12,Perennial Ice/Snow,391,2024
WA,168955,652,William_O_Douglas,12,Perennial Ice/Snow,314,2024
CA,231619,12,Ansel_Adams,12,Perennial Ice/Snow,3202,2024
CA,79061,309,Lassen_Volcanic,12,Perennial Ice/Snow,73,1989
CO,32062,191,Fossil_Ridge,12,Perennial Ice/Snow,6,1989
WA,14266,410,Noisy_Diobsud,12,Perennial Ice/Snow,169,1989
MT,1062694,64,Bob_Marshall,12,Perennial Ice/Snow,7056,2024
CO,230829,186,Flat_Tops,12,Perennial Ice/Snow,129,2024
OR,55127,385,Mount_Thielsen,12,Perennial Ice/Snow,61,1989
CA,64041,155,Desolation,12,Perennial Ice/Snow,199,2024
CO,102209,618,Uncompahgre,12,Perennial Ice/Snow,7,2024
CA,768222,543,Sequoia_Kings_Canyon,12,Perennial Ice/Snow,7748,2024
CO,219891,529,Sangre_de_Cristo,12,Perennial Ice/Snow,7,1989
CO,219891,529,Sangre_de_Cristo,12,Perennial Ice/Snow,7,2024
CO,73416,373,Mount_Evans,12,Perennial Ice/Snow,6,1989
NV,35581,9,AltaToquima,12,Perennial Ice/Snow,2,2024
WA,47123,370,Mount_Adams,12,Perennial Ice/Snow,9948,1989
CO,29027,377,Mount_Massive,12,Perennial Ice/Snow,121,1989
WA,102919,241,Henry_M_Jackson,12,Perennial Ice/Snow,8109,2024
CO,20847,406,Never_Summer,12,Perennial Ice/Snow,12,2024
CA,652903,278,John_Muir,12,Perennial Ice/Snow,24086,2024
NV,110471,274,Jarbidge,12,Perennial Ice/Snow,5,1989
NV,10467,69,Boundary_Peak,12,Perennial Ice/Snow,1,2024
NM,43420,50,Bisti_De_Na_Zin,21,"Developed, Open Space",107,2024
GA/TN,37033,130,Cohutta,21,"Developed, Open Space",70,2024
AZ,68231,288,Kanab_Creek,21,"Developed, Open Space",16,1989
CA,11001,757,Elkhorn_Ridge,21,"Developed, Open Space",171,1989
VA,5994,475,Priest,21,"Developed, Open Space",12,1989
AZ,516200,299,Kofa,21,"Developed, Open Space",47,2024
UT,12201,792,Horse_Valley,21,"Developed, Open Space",9,2024
IN,12472,112,Charles_C_Deam,21,"Developed, Open Space",344,1989
NC,11653,319,Linville_Gorge,21,"Developed, Open Space",560,1989
NV,92652,505,Ruby_Mountains,21,"Developed, Open Space",15,2024
OR,9026,146,Cummins_Creek,21,"Developed, Open Space",3,2024
AR,11978,621,Upper_Buffalo,21,"Developed, Open Space",476,2024
CA,73726,437,Pahrump_Valley,21,"Developed, Open Space",1,1989
VA,79579,549,Shenandoah,21,"Developed, Open Space",488,1989
TN,9037,766,Upper_Bald_River,21,"Developed, Open Space",1,2024
OR,109098,375,Mount_Jefferson,21,"Developed, Open Space",338,2024
NV,46943,304,La_Madre_Mountain,21,"Developed, Open Space",215,2024
NM,19154,645,Wheeler_Peak,21,"Developed, Open Space",4,1989
CA,652903,278,John_Muir,21,"Developed, Open Space",371,1989
AZ,19410,15,Aravaipa_Canyon,21,"Developed, Open Space",12,1989
OR,24707,748,Soda_Mountain,21,"Developed, Open Space",502,1989
AZ,6178,644,Wet_Beaver,21,"Developed, Open Space",1,1989
NC,11801,467,Pocosin,21,"Developed, Open Space",59,1989
CA,79061,309,Lassen_Volcanic,21,"Developed, Open Space",391,2024
NV,92627,590,Table_Mountain,21,"Developed, Open Space",115,2024
CA,56239,682,Yuki,21,"Developed, Open Space",1431,2024
SC,4967,327,Little_Wambaw_Swamp,21,"Developed, Open Space",9,2024
VA,8471,727,Hunting_Camp_Creek,21,"Developed, Open Space",21,2024
CA,45384,44,Big_Maria_Mountains,21,"Developed, Open Space",9,1989
NM,44372,759,Columbine_Hondo,21,"Developed, Open Space",13,1989
AZ,25141,398,Mt_Wrightson,21,"Developed, Open Space",13,2024
NM,11656,678,Ojito,21,"Developed, Open Space",1,2024
VT,12336,689,Joseph_Battell,21,"Developed, Open Space",36,2024
CA,16893,433,Otay_Mountain,21,"Developed, Open Space",42,2024
TN,10804,43,Big_Laurel_Branch,21,"Developed, Open Space",2,1989
PA,8633,243,Hickory_Creek,21,"Developed, Open Space",41,2024
CA,30863,159,Dinkey_Lakes,21,"Developed, Open Space",61,2024
CA,158147,102,Carson_Iceberg,21,"Developed, Open Space",344,2024
CA,16526,599,Thousand_Lakes,21,"Developed, Open Space",174,2024
MN,816244,70,Boundary_Waters_Canoe_Area,21,"Developed, Open Space",105,1989
NM,39540,642,West_Malpais,21,"Developed, Open Space",176,1989
AR,16652,315,Leatherwood,21,"Developed, Open Space",369,2024
VA,6577,482,Ramseys_Draft,21,"Developed, Open Space",104,1989
VA,9327,503,Rough_Mountain,21,"Developed, Open Space",487,1989
WA,638173,577,Stephen_Mather,21,"Developed, Open Space",607,2024
NH,5658,220,Great_Gulf,21,"Developed, Open Space",57,1989
ID,52753,709,Big_Jacks_Creek,21,"Developed, Open Space",15,1989
AZ,9808,215,Granite_Mountain_AZ,21,"Developed, Open Space",39,1989
FL,379,108,Cedar_Keys,21,"Developed, Open Space",5,2024
OR,62139,514,Salmon_Huckleberry,21,"Developed, Open Space",470,1989
OR,13724,716,Copper_Salmon,21,"Developed, Open Space",1062,2024
VA,5461,328,Little_Wilson_Creek,21,"Developed, Open Space",14,1989
CA,44223,365,Monarch,21,"Developed, Open Space",354,1989
AZ,12300,231,Hassayampa_River_Canyon,21,"Developed, Open Space",1,1989
CA,231619,12,Ansel_Adams,21,"Developed, Open Space",242,1989
CO,82496,252,Hunter_Fryingpan,21,"Developed, Open Space",10,1989
GA/NC,23364,571,Southern_Nantahala,21,"Developed, Open Space",24,1989
NV,43512,670,Parsnip_Peak,21,"Developed, Open Space",21,1989
AZ,11235,30,Bear_Wallow,21,"Developed, Open Space",43,1989
WI,5912,61,Blackjack_Springs,21,"Developed, Open Space",278,1989
SD,64144,24,Badlands,21,"Developed, Open Space",59,1989
AZ,38944,626,Wabayuma_Peak,21,"Developed, Open Space",4,2024
CA,36981,397,Mt_Shasta,21,"Developed, Open Space",164,2024
GA,10343,607,Tray_Mountain,21,"Developed, Open Space",164,1989
NM,23267,27,Bandelier,21,"Developed, Open Space",22,1989
WA,168955,652,William_O_Douglas,21,"Developed, Open Space",259,1989
MO,16427,265,Irish,21,"Developed, Open Space",18,2024
CA,25895,415,North_Algodones_Dunes,21,"Developed, Open Space",11,2024
WY,584733,596,Teton,21,"Developed, Open Space",1247,2024
AZ,20053,458,Pine_Mountain,21,"Developed, Open Space",20,1989
GA,353981,426,Okefenokee,21,"Developed, Open Space",108,2024
NV,18119,692,Becky_Peak,21,"Developed, Open Space",4,2024
CA,104048,363,Mokelumne,21,"Developed, Open Space",148,2024
OK,8570,650,Wichita_Mountains,21,"Developed, Open Space",19,1989
CA,8189,149,Darwin_Falls,21,"Developed, Open Space",1,2024
MI,15237,588,Sylvania,21,"Developed, Open Space",121,2024
WI,33500,677,Gaylord_Nelson,21,"Developed, Open Space",1,2024
NM,8382,777,Mount_Riley,21,"Developed, Open Space",2,1989
OR,24707,748,Soda_Mountain,21,"Developed, Open Space",593,2024
CA,37793,122,Chumash,21,"Developed, Open Space",44,1989
ID,116843,765,Jim_McClure_Jerry_Peak,21,"Developed, Open Space",19,1989
NM,19916,778,Organ_Mountains,21,"Developed, Open Space",23,1989
NV,31223,396,Mt_Rose,21,"Developed, Open Space",54,2024
WA,49344,68,Boulder_River,21,"Developed, Open Space",93,2024
FL,14293,284,Juniper_Prairie,21,"Developed, Open Space",377,1989
WV,6794,743,Roaring_Plains_West,21,"Developed, Open Space",36,2024
ID,52753,709,Big_Jacks_Creek,21,"Developed, Open Space",30,2024
NV,85668,666,Clover_Mountains,21,"Developed, Open Space",4,1989
NV,54536,563,South_Jackson_Mountains,21,"Developed, Open Space",4,1989
VA,79579,549,Shenandoah,21,"Developed, Open Space",542,2024
ID,217511,536,Sawtooth,21,"Developed, Open Space",125,2024
VA,6532,493,Rich_Hole,21,"Developed, Open Space",89,1989
AZ,160164,583,Superstition,21,"Developed, Open Space",212,2024
NV,46943,304,La_Madre_Mountain,21,"Developed, Open Space",43,1989
OR,29182,734,Oregon_Badlands,21,"Developed, Open Space",1,2024
WA,7140,282,Juniper_Dunes,21,"Developed, Open Space",5,2024
NC,9315,547,Sheep_Ridge,21,"Developed, Open Space",94,1989
MT,32350,488,Red_Rock_Lakes,21,"Developed, Open Space",592,1989
CA,12178,732,Magic_Mountain,21,"Developed, Open Space",3,1989
OR,13090,52,Black_Canyon_OR,21,"Developed, Open Space",17,1989
AZ,70905,511,Saguaro,21,"Developed, Open Space",23,1989
NH,5658,220,Great_Gulf,21,"Developed, Open Space",59,2024
NM,9616,782,Whitethorn,21,"Developed, Open Space",29,1989
CA,20241,530,Santa_Lucia,21,"Developed, Open Space",11,1989
CO,230829,186,Flat_Tops,21,"Developed, Open Space",54,1989
CA,236726,625,Ventana,21,"Developed, Open Space",1310,1989
MS,5033,54,Black_Creek,21,"Developed, Open Space",254,1989
NM,29242,746,Sabinoso,21,"Developed, Open Space",122,2024
OR,20210,367,Monument_Rock,21,"Developed, Open Space",114,1989
WI,7270,647,Whisker_Lake,21,"Developed, Open Space",191,2024
VA,5507,28,Barbours_Creek,21,"Developed, Open Space",448,2024
OR,17173,357,Mill_Creek,21,"Developed, Open Space",214,1989
OR,5784,591,Table_Rock,21,"Developed, Open Space",151,2024
MO,12423,242,Hercules_Glades,21,"Developed, Open Space",309,1989
CO,74408,485,Rawah,21,"Developed, Open Space",96,2024
NM,61600,106,Cebolla,21,"Developed, Open Space",140,2024
OR,109098,375,Mount_Jefferson,21,"Developed, Open Space",303,1989
AZ,31200,251,Hummingbird_Springs,21,"Developed, Open Space",1,1989
OR,7273,498,Rock_Creek,21,"Developed, Open Space",10,1989
VA,2845,321,Little_Dry_Run,21,"Developed, Open Space",2,1989
CA,31415,554,Silver_Peak,21,"Developed, Open Space",317,2024
OR/WA,176737,638,Wenaha_Tucannon,21,"Developed, Open Space",1528,2024
MO,6691,156,Devils_Backbone,21,"Developed, Open Space",110,1989
OR,23036,393,Mountain_Lakes,21,"Developed, Open Space",59,2024
UT,13107,710,Blackridge,21,"Developed, Open Space",27,2024
WY,285619,224,Gros_Ventre,21,"Developed, Open Space",67,1989
AZ,312600,431,Organ_Pipe_Cactus,21,"Developed, Open Space",446,1989
TN,6937,468,Pond_Mountain,21,"Developed, Open Space",23,2024
MI,25150,542,Seney,21,"Developed, Open Space",539,1989
TN,16213,123,Citico_Creek,21,"Developed, Open Space",35,1989
VA,5461,328,Little_Wilson_Creek,21,"Developed, Open Space",14,2024
CO,8500,352,Mesa_Verde,21,"Developed, Open Space",4,2024
MT,34304,483,Rattlesnake,21,"Developed, Open Space",6,1989
NM,105085,779,Potrillo_Mountains,21,"Developed, Open Space",794,1989
TN,5634,322,Little_Frog_Mountain,21,"Developed, Open Space",4,2024
MT,74524,360,Mission_Mountains,21,"Developed, Open Space",17,1989
MT,158712,10,Anaconda_Pintler,21,"Developed, Open Space",4,1989
CA,10666,681,Sanhedrin,21,"Developed, Open Space",222,2024
AZ,77585,196,Galiuro,21,"Developed, Open Space",149,1989
WA,152980,306,Lake_Chelan_Sawtooth,21,"Developed, Open Space",69,2024
CA,8022,111,Chanchelulla,21,"Developed, Open Space",21,2024
NM,41305,525,San_Pedro_Parks,21,"Developed, Open Space",122,2024
NV,40041,702,White_Pine_Range,21,"Developed, Open Space",1,2024
CO,165874,131,Collegiate_Peaks,21,"Developed, Open Space",11,1989
AR,34933,85,Buffalo_National_River,21,"Developed, Open Space",506,2024
CO,8801,89,Byers_Peak,21,"Developed, Open Space",4,1989
TX,12214,259,Indian_Mounds,21,"Developed, Open Space",486,2024
OR,20777,429,Opal_Creek,21,"Developed, Open Space",156,1989
CO,17784,227,Gunnison_Gorge,21,"Developed, Open Space",1,2024
MI,3879,250,Horseshoe_Bay,21,"Developed, Open Space",6,1989
WA,108020,209,Goat_Rocks,21,"Developed, Open Space",146,1989
SC,4967,327,Little_Wambaw_Swamp,21,"Developed, Open Space",9,1989
CA,10510,276,Jennie_Lakes,21,"Developed, Open Space",6,2024
NM,221796,447,Pecos,21,"Developed, Open Space",32,1989
WA,353,523,San_Juan,21,"Developed, Open Space",3,1989
UT,25635,71,Box_Death_Hollow,21,"Developed, Open Space",20,2024
NM,39540,642,West_Malpais,21,"Developed, Open Space",302,2024
OR,69411,581,Strawberry_Mountain,21,"Developed, Open Space",177,1989
CA,20241,530,Santa_Lucia,21,"Developed, Open Space",55,2024
AZ,64000,659,Woolsey_Peak,21,"Developed, Open Space",3,2024
UT,25078,154,Deseret_Peak,21,"Developed, Open Space",25,2024
MI,132018,268,Isle_Royale,21,"Developed, Open Space",450,2024
WA,16297,597,The_Brothers,21,"Developed, Open Space",2,2024
CA,133720,162,Domeland,21,"Developed, Open Space",90,2024
NV,36299,673,Far_South_Egans,21,"Developed, Open Space",12,1989
OK,10372,623,Upper_Kiamichi_River,21,"Developed, Open Space",74,1989
CO,62742,473,Powderhorn,21,"Developed, Open Space",133,2024
FL,13835,39,Big_Gum_Swamp,21,"Developed, Open Space",1534,2024
OR,36548,744,Roaring_River,21,"Developed, Open Space",574,2024
GA,7742,62,Blood_Mountain,21,"Developed, Open Space",74,1989
WA,105543,704,Wild_Sky,21,"Developed, Open Space",417,1989
NV,120551,16,ArcDome,21,"Developed, Open Space",9,2024
CA,80090,770,Soda_Mountains,21,"Developed, Open Space",2,1989
AZ,11700,163,Dos_Cabezas_Mountains,21,"Developed, Open Space",3,2024
NE,7833,560,Soldier_Creek,21,"Developed, Open Space",9,2024
ND,29920,598,Theodore_Roosevelt,21,"Developed, Open Space",39,2024
WA,15776,594,Tatoosh,21,"Developed, Open Space",36,1989
WY,102620,470,Popo_Agie,21,"Developed, Open Space",10,1989
NM,13420,783,Cerro_del_Yuta,21,"Developed, Open Space",18,2024
SC,4755,629,Wambaw_Swamp,21,"Developed, Open Space",60,2024
UT,18216,722,Docs_Pass,21,"Developed, Open Space",1,1989
IL,4739,124,Clear_Springs,21,"Developed, Open Space",179,2024
CO,181973,344,Maroon_Bells_Snowmass,21,"Developed, Open Space",122,1989
CA,7272,683,Mount_Lassic,21,"Developed, Open Space",458,1989
CA,28955,423,North_Mesquite_Mountains,21,"Developed, Open Space",72,2024
WY,15284,535,Savage_Run,21,"Developed, Open Space",133,1989
MS,4630,226,Gulf_Islands,21,"Developed, Open Space",3,1989
AR,10180,187,Flatside,21,"Developed, Open Space",764,2024
CA,177309,613,Turtle_Mountains,21,"Developed, Open Space",11,2024
VA,4225,740,Raccoon_Branch,21,"Developed, Open Space",1,1989
VA,4795,713,Brush_Mountain,21,"Developed, Open Space",12,2024
UT,50216,459,Pine_Valley_Mountain,21,"Developed, Open Space",89,2024
CA,23679,174,El_Paso_Mountains,21,"Developed, Open Space",101,1989
CA,695200,362,Mojave,21,"Developed, Open Space",2083,2024
NM,19916,778,Organ_Mountains,21,"Developed, Open Space",75,2024
UT,44447,714,Canaan_Mountain,21,"Developed, Open Space",153,2024
CO,74408,485,Rawah,21,"Developed, Open Space",100,1989
NM,18881,143,Cruces_Basin,21,"Developed, Open Space",313,2024
ID,67993,763,Hemingway_Boulders,21,"Developed, Open Space",3,2024
TN,10804,43,Big_Laurel_Branch,21,"Developed, Open Space",8,2024
WY,426751,78,Bridger,21,"Developed, Open Space",15,2024
VA,4795,713,Brush_Mountain,21,"Developed, Open Space",10,1989
ND,4155,113,Chase_Lake,21,"Developed, Open Space",10,2024
NM,35091,97,Capitan_Mountains,21,"Developed, Open Space",1,1989
OR,36879,87,Bull_of_the_Woods,21,"Developed, Open Space",269,1989
UT,15291,381,Mount_Olympus,21,"Developed, Open Space",6,1989
CA,188169,548,Sheephole_Valley,21,"Developed, Open Space",2,2024
CA,27296,684,Cache_Creek,21,"Developed, Open Space",22,2024
NV,5341,674,Tunnel_Spring,21,"Developed, Open Space",4,1989
UT,49130,802,Sids_Mountain,21,"Developed, Open Space",83,1989
CA,41777,492,Rice_Valley,21,"Developed, Open Space",34,1989
FL,14293,284,Juniper_Prairie,21,"Developed, Open Space",413,2024
TN,4472,617,Unaka_Mountain,21,"Developed, Open Space",42,2024
WA,353,523,San_Juan,21,"Developed, Open Space",3,2024
UT,15291,381,Mount_Olympus,21,"Developed, Open Space",5,2024
TN,3791,26,Bald_River_Gorge,21,"Developed, Open Space",53,2024
CO,102209,618,Uncompahgre,21,"Developed, Open Space",126,2024
VA,5773,545,Shawvers_Run,21,"Developed, Open Space",133,2024
TX,46850,225,Guadalupe_Mountains,21,"Developed, Open Space",13,1989
CA,133720,162,Domeland,21,"Developed, Open Space",25,1989
NV,39173,462,Pinto_Valley,21,"Developed, Open Space",1,1989
AZ,18720,285,Kachina_Peaks,21,"Developed, Open Space",168,2024
WY,123896,275,Jedediah_Smith,21,"Developed, Open Space",180,2024
CO,160309,391,Mount_Zirkel,21,"Developed, Open Space",170,2024
AZ,516200,299,Kofa,21,"Developed, Open Space",22,1989
UT,25078,154,Deseret_Peak,21,"Developed, Open Space",10,1989
CO,249126,745,Rocky_Mountain,21,"Developed, Open Space",58,1989
AL,25809,556,Sipsey,21,"Developed, Open Space",1252,1989
CA,14698,735,Owens_River_Headwaters,21,"Developed, Open Space",17,2024
TX,3817,324,Little_Lake_Creek,21,"Developed, Open Space",204,2024
AZ,5887,658,Woodchute,21,"Developed, Open Space",22,1989
NV,92627,590,Table_Mountain,21,"Developed, Open Space",90,1989
VA/WV,16525,392,Mountain_Lake,21,"Developed, Open Space",10,2024
AR,14262,95,Caney_Creek,21,"Developed, Open Space",537,2024
NC,9315,547,Sheep_Ridge,21,"Developed, Open Space",84,2024
VA,9826,513,Saint_Marys,21,"Developed, Open Space",126,2024
CA,29207,345,Matilija,21,"Developed, Open Space",33,1989
UT,46360,148,Dark_Canyon,21,"Developed, Open Space",1251,2024
CA,18002,3,Agua_Tibia,21,"Developed, Open Space",13,1989
AZ,312600,431,Organ_Pipe_Cactus,21,"Developed, Open Space",631,2024
OR,5784,591,Table_Rock,21,"Developed, Open Space",182,1989
CA,158147,102,Carson_Iceberg,21,"Developed, Open Space",300,1989
NV,121449,696,High_Schells,21,"Developed, Open Space",31,1989
FL,24222,72,Bradwell_Bay,21,"Developed, Open Space",842,1989
CO,68025,133,Comanche_Peak,21,"Developed, Open Space",5,1989
CA,6,703,Rocks_and_Islands,21,"Developed, Open Space",1,1989
OR,180103,287,Kalmiopsis,21,"Developed, Open Space",268,2024
AZ,14630,170,East_Cactus_Plain,21,"Developed, Open Space",13,1989
OR,62139,514,Salmon_Huckleberry,21,"Developed, Open Space",471,2024
CO,16486,384,Mount_Sneffels,21,"Developed, Open Space",3,2024
WY,10208,178,Encampment_River,21,"Developed, Open Space",1,2024
CA,10999,103,Castle_Crags,21,"Developed, Open Space",71,1989
VA,6577,482,Ramseys_Draft,21,"Developed, Open Space",103,2024
ID,205395,212,Gospel_Hump,21,"Developed, Open Space",314,2024
ID,44027,733,North_Fork_Owyhee,21,"Developed, Open Space",40,1989
CA,20839,98,Caribou,21,"Developed, Open Space",293,2024
OR,52496,157,Diamond_Peak,21,"Developed, Open Space",89,1989
CO,15599,53,Black_Canyon_of_the_Gunnison,21,"Developed, Open Space",39,1989
CA/NV,3190455,151,Death_Valley,21,"Developed, Open Space",243,2024
MI,4724,499,Rock_River_Canyon,21,"Developed, Open Space",85,2024
CA,42695,687,King_Range,21,"Developed, Open Space",721,1989
AZ,6664,293,Kendrick_Mountain,21,"Developed, Open Space",5,1989
UT,10518,386,Mount_Timpanogos,21,"Developed, Open Space",7,1989
WA,228480,382,Mount_Rainier,21,"Developed, Open Space",627,2024
FL,17350,574,St_Marks,21,"Developed, Open Space",346,2024
CA,71275,158,Dick_Smith,21,"Developed, Open Space",199,1989
NC,8490,105,Catfish_Lake_South,21,"Developed, Open Space",77,1989
NM,12155,776,East_Potrillo_Mountains,21,"Developed, Open Space",257,2024
OR,35749,502,Rogue_Umpqua_Divide,21,"Developed, Open Space",291,1989
CA,236726,625,Ventana,21,"Developed, Open Space",928,2024
WY,693934,632,Washakie,21,"Developed, Open Space",255,1989
AL,8947,166,Dugger_Mountain,21,"Developed, Open Space",188,2024
CO,126480,303,La_Garita,21,"Developed, Open Space",112,1989
MT,20819,616,UL_Bend,21,"Developed, Open Space",1,1989
NM,29242,746,Sabinoso,21,"Developed, Open Space",68,1989
AZ,87182,118,Chiricahua,21,"Developed, Open Space",59,2024
NM,9621,517,Salt_Creek,21,"Developed, Open Space",25,2024
OR,170202,576,Steens_Mountain,21,"Developed, Open Space",342,2024
CA,28460,313,Lava_Beds,21,"Developed, Open Space",6,2024
CA,34264,501,Rodman_Mountains,21,"Developed, Open Space",20,2024
UT,93,725,Goose_Creek,21,"Developed, Open Space",2,2024
MO,7040,436,Paddy_Creek,21,"Developed, Open Space",221,2024
OR,22614,201,Gearhart_Mountain,21,"Developed, Open Space",122,2024
CA,27315,455,Phillip_Burton,21,"Developed, Open Space",99,2024
OR,4965,351,Menagerie,21,"Developed, Open Space",9,1989
AZ,56973,477,Pusch_Ridge,21,"Developed, Open Space",12,2024
NV,18879,277,Jimbilnan,21,"Developed, Open Space",8,2024
CA,78576,531,Santa_Rosa,21,"Developed, Open Space",88,2024
NM,16776,780,Robledo_Mountains,21,"Developed, Open Space",6,2024
MI,16704,582,Sturgeon_River_Gorge,21,"Developed, Open Space",233,1989
UT,4478,720,Deep_Creek_North,21,"Developed, Open Space",93,1989
CA,101574,521,San_Gorgonio,21,"Developed, Open Space",215,1989
IL,5800,25,Bald_Knob,21,"Developed, Open Space",189,1989
UT,124406,755,Zion,21,"Developed, Open Space",150,1989
CA,10999,103,Castle_Crags,21,"Developed, Open Space",168,2024
NV,32072,532,Santa_Rosa_Paradise_Peak,21,"Developed, Open Space",2,2024
UT,19339,796,Lower_Last_Chance,21,"Developed, Open Space",86,1989
VA,2427,603,Thunder_Ridge,21,"Developed, Open Space",30,2024
NM,9616,782,Whitethorn,21,"Developed, Open Space",35,2024
CA/OR,20130,487,Red_Buttes,21,"Developed, Open Space",192,2024
CA,60222,559,Snow_Mountain,21,"Developed, Open Space",778,1989
CO,64307,479,Raggeds,21,"Developed, Open Space",84,1989
CA,12868,686,South_Fork_Eel_River,21,"Developed, Open Space",437,2024
AR,15214,254,Hurricane_Creek,21,"Developed, Open Space",421,1989
CA,43182,546,Sheep_Mountain,21,"Developed, Open Space",26,2024
TX,12214,259,Indian_Mounds,21,"Developed, Open Space",412,1989
CA,595364,279,Joshua_Tree,21,"Developed, Open Space",113,2024
CO,8801,89,Byers_Peak,21,"Developed, Open Space",8,2024
MI,16861,348,McCormick,21,"Developed, Open Space",5,2024
CA,15628,706,Beauty_Mountain,21,"Developed, Open Space",43,1989
NM,7242,785,Ah_shi_sle_pah,21,"Developed, Open Space",5,2024
AZ,97880,169,Eagletail_Mountains,21,"Developed, Open Space",4,2024
CA,50451,508,Sacatar_Trail,21,"Developed, Open Space",14,1989
UT,44572,378,Mount_Naomi,21,"Developed, Open Space",29,2024
WA,414322,8,Alpine_Lakes,21,"Developed, Open Space",651,1989
VA,4607,601,Three_Ridges,21,"Developed, Open Space",5,1989
AZ,37030,213,Grand_Wash_Cliffs,21,"Developed, Open Space",222,1989
SD,13534,55,Black_Elk,21,"Developed, Open Space",8,2024
NM,12155,776,East_Potrillo_Mountains,21,"Developed, Open Space",18,1989
MI,32557,758,Sleeping_Bear_Dunes,21,"Developed, Open Space",450,1989
NC,18477,550,Shining_Rock,21,"Developed, Open Space",271,1989
VT,12336,689,Joseph_Battell,21,"Developed, Open Space",36,1989
MI,16704,582,Sturgeon_River_Gorge,21,"Developed, Open Space",242,2024
OR,9465,715,Clackamas,21,"Developed, Open Space",278,2024
CO,77932,261,Indian_Peaks,21,"Developed, Open Space",2,1989
MI,132018,268,Isle_Royale,21,"Developed, Open Space",279,1989
AZ,31200,251,Hummingbird_Springs,21,"Developed, Open Space",3,2024
AZ,58448,587,Sycamore_Canyon,21,"Developed, Open Space",189,1989
CA,20158,749,South_Fork_San_Jacinto,21,"Developed, Open Space",63,2024
AZ,28080,380,Mount_Nutt,21,"Developed, Open Space",5,2024
AL,8947,166,Dugger_Mountain,21,"Developed, Open Space",192,1989
CA,71275,158,Dick_Smith,21,"Developed, Open Space",60,2024
NV,56819,394,Mt_Charleston,21,"Developed, Open Space",33,2024
WA,3060,208,Glacier_View,21,"Developed, Open Space",9,2024
CA,15985,461,Hain,21,"Developed, Open Space",20,1989
VA,2427,603,Thunder_Ridge,21,"Developed, Open Space",28,1989
AL,7400,115,Cheaha,21,"Developed, Open Space",23,1989
NV,32364,173,East_Humboldts,21,"Developed, Open Space",2,2024
AZ,41143,509,Saddle_Mountain,21,"Developed, Open Space",274,2024
MI,16861,348,McCormick,21,"Developed, Open Space",5,1989
GA/TN,37033,130,Cohutta,21,"Developed, Open Space",50,1989
CA,34264,501,Rodman_Mountains,21,"Developed, Open Space",3,1989
WY,123896,275,Jedediah_Smith,21,"Developed, Open Space",97,1989
CA,8022,111,Chanchelulla,21,"Developed, Open Space",7,1989
NC,7482,355,Middle_Prong,21,"Developed, Open Space",198,2024
MT/WY,937102,1,Absaroka_Beartooth,21,"Developed, Open Space",405,1989
AR,15214,254,Hurricane_Creek,21,"Developed, Open Space",409,2024
WV,17777,160,Dolly_Sods,21,"Developed, Open Space",428,2024
AZ,60773,193,Four_Peaks,21,"Developed, Open Space",289,2024
UT,44572,378,Mount_Naomi,21,"Developed, Open Space",11,1989
OR,17176,218,Grassy_Knob,21,"Developed, Open Space",235,1989
AZ,20253,551,Sierra_Ancha,21,"Developed, Open Space",31,2024
AZ,64000,659,Woolsey_Peak,21,"Developed, Open Space",1,1989
AZ,5633,13,Apache_Creek,21,"Developed, Open Space",59,2024
OR,8758,356,Middle_Santiam,21,"Developed, Open Space",32,2024
CA,42079,266,Ishi,21,"Developed, Open Space",60,1989
CA,21986,286,Kaiser,21,"Developed, Open Space",79,2024
OR,30787,786,Devils_Staircase,21,"Developed, Open Space",74,2024
WA,13278,383,Mount_Skokomish,21,"Developed, Open Space",2,2024
WA,119966,371,Mount_Baker,21,"Developed, Open Space",165,2024
AR,11674,495,Richland_Creek,21,"Developed, Open Space",672,2024
CA,537357,611,Trinity_Alps,21,"Developed, Open Space",3814,1989
WA,41307,515,Salmo_Priest,21,"Developed, Open Space",7,1989
AZ,58448,587,Sycamore_Canyon,21,"Developed, Open Space",460,2024
AR/OK,13347,56,Black_Fork_Mountain,21,"Developed, Open Space",308,1989
OR,54406,389,Mount_Washington,21,"Developed, Open Space",5,1989
OR,30787,786,Devils_Staircase,21,"Developed, Open Space",126,1989
UT,124406,755,Zion,21,"Developed, Open Space",250,2024
CA,10666,681,Sanhedrin,21,"Developed, Open Space",151,1989
WA,566161,207,Glacier_Peak,21,"Developed, Open Space",135,1989
OR,113571,558,Sky_Lakes,21,"Developed, Open Space",468,1989
NM,203548,4,Aldo_Leopold,21,"Developed, Open Space",234,1989
ID/MT,1347644,540,Selway_Bitterroot,21,"Developed, Open Space",506,2024
CA,26839,738,Pleasant_View_Ridge,21,"Developed, Open Space",18,2024
OK,10372,623,Upper_Kiamichi_River,21,"Developed, Open Space",76,2024
CO/UT,75479,58,Black_Ridge_Canyons,21,"Developed, Open Space",12,1989
UT,7085,20,AshdownGorge,21,"Developed, Open Space",296,1989
FL,8075,399,Mud_Swamp_New_River,21,"Developed, Open Space",468,2024
NH,35301,528,Sandwich_Range,21,"Developed, Open Space",5,2024
WA,20784,258,Indian_Heaven,21,"Developed, Open Space",45,2024
NV,157716,663,Mormon_Mountains,21,"Developed, Open Space",137,1989
CA,128044,249,Hoover,21,"Developed, Open Space",22,2024
NV,120551,16,ArcDome,21,"Developed, Open Space",2,1989
VA,6532,493,Rich_Hole,21,"Developed, Open Space",86,2024
WA,3060,208,Glacier_View,21,"Developed, Open Space",8,1989
OR,29182,734,Oregon_Badlands,21,"Developed, Open Space",2,1989
VA,4225,740,Raccoon_Branch,21,"Developed, Open Space",1,2024
AZ,37030,213,Grand_Wash_Cliffs,21,"Developed, Open Space",160,2024
AR,6301,165,Dry_Creek,21,"Developed, Open Space",403,2024
NJ,3660,222,Great_Swamp,21,"Developed, Open Space",57,1989
CA,13140,117,Chimney_Peak,21,"Developed, Open Space",53,2024
AZ,10431,192,Fossil_Springs,21,"Developed, Open Space",49,1989
WA,119966,371,Mount_Baker,21,"Developed, Open Space",91,1989
WY,31057,255,Huston_Park,21,"Developed, Open Space",47,1989
TN,10895,519,Sampson_Mountain,21,"Developed, Open Space",18,1989
CO,23116,223,Greenhorn_Mountain,21,"Developed, Open Space",7,1989
CO,41281,86,Buffalo_Peaks,21,"Developed, Open Space",1,2024
CO,181973,344,Maroon_Bells_Snowmass,21,"Developed, Open Space",140,2024
CA,768222,543,Sequoia_Kings_Canyon,21,"Developed, Open Space",1469,2024
CA,14698,735,Owens_River_Headwaters,21,"Developed, Open Space",13,1989
OR,64742,374,Mount_Hood,21,"Developed, Open Space",425,2024
OR,180103,287,Kalmiopsis,21,"Developed, Open Space",312,1989
AZ,25141,398,Mt_Wrightson,21,"Developed, Open Space",13,1989
AR,11141,472,Poteau_Mountain,21,"Developed, Open Space",273,1989
WY,426751,78,Bridger,21,"Developed, Open Space",6,1989
OR,17173,357,Mill_Creek,21,"Developed, Open Space",322,2024
WY,191914,129,Cloud_Peak,21,"Developed, Open Space",38,1989
CO,77932,261,Indian_Peaks,21,"Developed, Open Space",2,2024
CO,9927,405,Neota,21,"Developed, Open Space",5,2024
MN,2180,593,Tamarac,21,"Developed, Open Space",92,2024
CO,122453,248,Holy_Cross,21,"Developed, Open Space",5,2024
CA,29207,345,Matilija,21,"Developed, Open Space",361,2024
OR,9026,146,Cummins_Creek,21,"Developed, Open Space",1,1989
MO,7730,359,Mingo,21,"Developed, Open Space",86,1989
CA,112723,177,Emigrant,21,"Developed, Open Space",15,1989
GA,12853,73,Brasstown,21,"Developed, Open Space",17,2024
CO,160997,568,South_San_Juan,21,"Developed, Open Space",98,1989
CO,230829,186,Flat_Tops,21,"Developed, Open Space",100,2024
WA,15776,594,Tatoosh,21,"Developed, Open Space",45,2024
NM,19154,645,Wheeler_Peak,21,"Developed, Open Space",4,2024
VT,24985,74,Breadloaf,21,"Developed, Open Space",3,2024
NV,78754,698,Mount_Grafton,21,"Developed, Open Space",107,1989
OR,5792,164,Drift_Creek,21,"Developed, Open Space",14,2024
UT,22843,636,Wellsville_Mountain,21,"Developed, Open Space",15,1989
TN,3791,26,Bald_River_Gorge,21,"Developed, Open Space",48,1989
CA,32186,522,San_Jacinto,21,"Developed, Open Space",5,1989
TX,13248,620,Upland_Island,21,"Developed, Open Space",345,1989
UT,30632,330,Lone_Peak,21,"Developed, Open Space",6,1989
CA,28460,313,Lava_Beds,21,"Developed, Open Space",4,1989
VT,3750,81,Bristol_Cliffs,21,"Developed, Open Space",24,1989
OR,64742,374,Mount_Hood,21,"Developed, Open Space",475,1989
AZ,20053,458,Pine_Mountain,21,"Developed, Open Space",32,2024
CO,497111,637,Weminuche,21,"Developed, Open Space",212,1989
SD,64144,24,Badlands,21,"Developed, Open Space",24,2024
NV,68623,697,Highland_Ridge,21,"Developed, Open Space",35,2024
OR,69411,581,Strawberry_Mountain,21,"Developed, Open Space",220,2024
WY,693934,632,Washakie,21,"Developed, Open Space",353,2024
OR,20210,367,Monument_Rock,21,"Developed, Open Space",150,2024
WA,14616,125,Clearwater,21,"Developed, Open Space",4,2024
AZ,7880,388,Mount_Trumbull,21,"Developed, Open Space",14,1989
VA,5507,28,Barbours_Creek,21,"Developed, Open Space",468,1989
NV,78754,698,Mount_Grafton,21,"Developed, Open Space",197,2024
NC,11653,319,Linville_Gorge,21,"Developed, Open Space",517,2024
CA,12521,507,Russian,21,"Developed, Open Space",227,2024
WY,15284,535,Savage_Run,21,"Developed, Open Space",129,2024
KY,12371,127,Clifty,21,"Developed, Open Space",90,2024
AZ,5633,13,Apache_Creek,21,"Developed, Open Space",54,1989
AZ,56973,477,Pusch_Ridge,21,"Developed, Open Space",22,1989
NM,46963,649,White_Mountain,21,"Developed, Open Space",46,2024
AZ,20253,551,Sierra_Ancha,21,"Developed, Open Space",14,1989
ID,44027,733,North_Fork_Owyhee,21,"Developed, Open Space",106,2024
CA,50451,508,Sacatar_Trail,21,"Developed, Open Space",44,2024
AZ,37457,240,Hellsgate,21,"Developed, Open Space",24,2024
CA,165172,427,Old_Woman_Mountains,21,"Developed, Open Space",3,1989
IL,6352,333,Lusk_Creek,21,"Developed, Open Space",106,1989
WY,198906,185,Fitzpatrick,21,"Developed, Open Space",4,1989
MI,3271,412,Nordhouse_Dunes,21,"Developed, Open Space",80,2024
NM,41305,525,San_Pedro_Parks,21,"Developed, Open Space",102,1989
AZ/UT,110816,444,Paria_Canyon_Vermilion_Cliffs,21,"Developed, Open Space",50,1989
UT,29029,803,Turtle_Canyon,21,"Developed, Open Space",10,1989
CA,60280,569,South_Sierra,21,"Developed, Open Space",39,2024
TX,5536,612,Turkey_Hill,21,"Developed, Open Space",236,2024
WI,22047,236,Headwaters,21,"Developed, Open Space",231,2024
NM,16776,780,Robledo_Mountains,21,"Developed, Open Space",8,1989
CA,13140,117,Chimney_Peak,21,"Developed, Open Space",24,1989
WA,531325,445,Pasayten,21,"Developed, Open Space",316,2024
NV,23710,318,Lime_Canyon,21,"Developed, Open Space",10,1989
WI,22047,236,Headwaters,21,"Developed, Open Space",231,1989
VT,3750,81,Bristol_Cliffs,21,"Developed, Open Space",19,2024
WA,52294,413,Norse_Peak,21,"Developed, Open Space",95,2024
VA/WV,16525,392,Mountain_Lake,21,"Developed, Open Space",10,1989
MO,16427,265,Irish,21,"Developed, Open Space",17,1989
UT,10648,719,Cougar_Canyon,21,"Developed, Open Space",7,2024
AR,11674,495,Richland_Creek,21,"Developed, Open Space",676,1989
MT,11366,350,Medicine_Lake,21,"Developed, Open Space",44,1989
NM,37278,527,Sandia_Mountain,21,"Developed, Open Space",76,1989
CO,23116,223,Greenhorn_Mountain,21,"Developed, Open Space",5,2024
CA,18631,139,Coyote_Mountains_CA,21,"Developed, Open Space",4,1989
WI,7135,480,Rainbow_Lake,21,"Developed, Open Space",524,1989
GA/NC,23364,571,Southern_Nantahala,21,"Developed, Open Space",26,2024
MN,4000,2,Agassiz,21,"Developed, Open Space",1,1989
AR,10180,187,Flatside,21,"Developed, Open Space",703,1989
OR,36865,627,Waldo_Lake,21,"Developed, Open Space",9,1989
VT,6725,37,Big_Branch,21,"Developed, Open Space",111,1989
ID/OR,217747,239,Hells_Canyon_IDOR,21,"Developed, Open Space",293,1989
WA,105543,704,Wild_Sky,21,"Developed, Open Space",479,2024
VA,8907,273,James_River_Face,21,"Developed, Open Space",81,2024
NH,35301,528,Sandwich_Range,21,"Developed, Open Space",5,1989
NC,11801,467,Pocosin,21,"Developed, Open Space",59,2024
WY,10662,653,Winegar_Hole,21,"Developed, Open Space",37,2024
UT,20660,794,Little_Ocean_Draw,21,"Developed, Open Space",1,2024
OR,13090,52,Black_Canyon_OR,21,"Developed, Open Space",21,2024
CA,704624,662,Yosemite,21,"Developed, Open Space",1043,1989
WA,11851,132,Colonel_Bob,21,"Developed, Open Space",4,2024
AL,25809,556,Sipsey,21,"Developed, Open Space",1274,2024
AR,10585,171,East_Fork,21,"Developed, Open Space",230,1989
TX,5536,612,Turkey_Hill,21,"Developed, Open Space",228,1989
NV,110471,274,Jarbidge,21,"Developed, Open Space",33,2024
SC,4755,629,Wambaw_Swamp,21,"Developed, Open Space",62,1989
OR,9465,715,Clackamas,21,"Developed, Open Space",282,1989
AZ,18720,285,Kachina_Peaks,21,"Developed, Open Space",31,1989
WV,20705,434,Otter_Creek,21,"Developed, Open Space",42,2024
CA,33772,537,Sawtooth_Mountains,21,"Developed, Open Space",10,2024
FL,7327,6,Alexander_Springs,21,"Developed, Open Space",184,1989
ME,11236,99,Caribou_Speckled_Mountain,21,"Developed, Open Space",1,2024
NV,48154,400,Muddy_Mountains,21,"Developed, Open Space",15,2024
CO,66280,723,Dominguez_Canyon,21,"Developed, Open Space",159,2024
GA,9240,484,Raven_Cliffs,21,"Developed, Open Space",174,1989
WV,20705,434,Otter_Creek,21,"Developed, Open Space",42,1989
WI,7270,647,Whisker_Lake,21,"Developed, Open Space",205,1989
AZ,18534,516,Salome,21,"Developed, Open Space",36,2024
MO,9183,35,Bell_Mountain,21,"Developed, Open Space",323,2024
CO,219891,529,Sangre_de_Cristo,21,"Developed, Open Space",47,2024
GA,10343,607,Tray_Mountain,21,"Developed, Open Space",163,2024
CO,17109,272,James_Peak,21,"Developed, Open Space",2,1989
NM,203548,4,Aldo_Leopold,21,"Developed, Open Space",748,2024
KY,12371,127,Clifty,21,"Developed, Open Space",77,1989
CA,219209,544,Sespe,21,"Developed, Open Space",320,1989
WI,4074,471,Porcupine_Lake,21,"Developed, Open Space",57,1989
VT,6725,37,Big_Branch,21,"Developed, Open Space",105,2024
NV,67214,701,South_Egan_Range,21,"Developed, Open Space",6,1989
AZ,60773,193,Four_Peaks,21,"Developed, Open Space",1,1989
NM,46963,649,White_Mountain,21,"Developed, Open Space",44,1989
SC,21700,134,Congaree,21,"Developed, Open Space",6,2024
AZ,12300,231,Hassayampa_River_Canyon,21,"Developed, Open Space",3,2024
CO,16486,384,Mount_Sneffels,21,"Developed, Open Space",2,1989
MS,993,314,Leaf,21,"Developed, Open Space",33,2024
CA,60222,559,Snow_Mountain,21,"Developed, Open Space",396,2024
CA,537357,611,Trinity_Alps,21,"Developed, Open Space",4525,2024
ID,2358886,194,Frank_Church_River_of_No_Return,21,"Developed, Open Space",791,1989
PA,8633,243,Hickory_Creek,21,"Developed, Open Space",32,1989
OR,36879,87,Bull_of_the_Woods,21,"Developed, Open Space",271,2024
CA,73726,437,Pahrump_Valley,21,"Developed, Open Space",23,2024
VA,5773,545,Shawvers_Run,21,"Developed, Open Space",134,1989
NV,52451,216,Grant_Range,21,"Developed, Open Space",2,2024
NV,48154,400,Muddy_Mountains,21,"Developed, Open Space",4,1989
CA/OR,20130,487,Red_Buttes,21,"Developed, Open Space",157,1989
ND,5577,332,Lostwood,21,"Developed, Open Space",130,2024
TX,3521,45,Big_Slough,21,"Developed, Open Space",34,1989
CO,44345,534,Sarvis_Creek,21,"Developed, Open Space",117,1989
GA,16618,343,Mark_Trail,21,"Developed, Open Space",370,1989
AZ,63200,421,North_Maricopa_Mountains,21,"Developed, Open Space",23,2024
WY,346320,414,North_Absaroka,21,"Developed, Open Space",368,1989
CA,37786,211,Golden_Valley,21,"Developed, Open Space",1,1989
CA,704624,662,Yosemite,21,"Developed, Open Space",1384,2024
UT,76413,797,Mexican_Mountain,21,"Developed, Open Space",1,1989
NV,49151,761,Wovoka,21,"Developed, Open Space",3,2024
NV,54536,563,South_Jackson_Mountains,21,"Developed, Open Space",7,2024
AZ,87900,439,Paiute,21,"Developed, Open Space",139,1989
UT,46360,148,Dark_Canyon,21,"Developed, Open Space",1194,1989
MO,6691,156,Devils_Backbone,21,"Developed, Open Space",116,2024
AZ,5800,424,North_Santa_Teresa,21,"Developed, Open Space",2,2024
SC,2122,237,Hell_Hole_Bay,21,"Developed, Open Space",118,2024
CA,16526,599,Thousand_Lakes,21,"Developed, Open Space",168,1989
FL,3064,48,Billies_Bay,21,"Developed, Open Space",165,1989
WV,47742,141,Cranberry,21,"Developed, Open Space",17,2024
AZ,48314,489,Red_Rock_Secret_Mountain,21,"Developed, Open Space",84,1989
MT,286659,219,Great_Bear,21,"Developed, Open Space",640,2024
NC/TN,19246,280,Joyce_Kilmer_Slickrock,21,"Developed, Open Space",3,2024
UT,98023,799,Muddy_Creek,21,"Developed, Open Space",4,1989
CA,71389,82,Bristol_Mountains,21,"Developed, Open Space",2,1989
CA,28955,423,North_Mesquite_Mountains,21,"Developed, Open Space",17,1989
CA/NV,3190455,151,Death_Valley,21,"Developed, Open Space",112,1989
UT,27075,379,Mount_Nebo,21,"Developed, Open Space",20,2024
CA,236488,441,Palen_McCoy,21,"Developed, Open Space",1,1989
WV,5147,708,Big_Draft,21,"Developed, Open Space",32,1989
MO,8184,460,Piney_Creek,21,"Developed, Open Space",450,1989
ND,5577,332,Lostwood,21,"Developed, Open Space",146,1989
CA,252149,296,Kingston_Range,21,"Developed, Open Space",24,1989
MT,93272,91,Cabinet_Mountains,21,"Developed, Open Space",11,2024
CA,39412,524,San_Mateo_Canyon,21,"Developed, Open Space",107,1989
NM,44678,14,Apache_Kid,21,"Developed, Open Space",1,1989
OR,22614,201,Gearhart_Mountain,21,"Developed, Open Space",116,1989
MT,158712,10,Anaconda_Pintler,21,"Developed, Open Space",9,2024
ID,90776,764,White_Clouds,21,"Developed, Open Space",4,2024
CA,31906,337,Malpais_Mesa,21,"Developed, Open Space",4,2024
CA,20839,98,Caribou,21,"Developed, Open Space",182,1989
AZ,15465,640,West_Clear_Creek,21,"Developed, Open Space",1,1989
LA,8701,297,Kisatchie_Hills,21,"Developed, Open Space",8,1989
CO,19237,572,Spanish_Peaks,21,"Developed, Open Space",15,1989
WA,876447,428,Daniel_J_Evans,21,"Developed, Open Space",720,1989
VA,8471,727,Hunting_Camp_Creek,21,"Developed, Open Space",21,1989
CA,39740,728,John_Krebs,21,"Developed, Open Space",253,2024
FL,2619,270,JN_Ding_Darling,21,"Developed, Open Space",118,2024
GA,9907,145,Cumberland_Island,21,"Developed, Open Space",144,2024
CA,595364,279,Joshua_Tree,21,"Developed, Open Space",13,1989
KY,4816,32,Beaver_Creek,21,"Developed, Open Space",35,1989
CA,23679,174,El_Paso_Mountains,21,"Developed, Open Space",257,2024
NM,36764,339,Manzano_Mountain,21,"Developed, Open Space",31,2024
CA,39412,524,San_Mateo_Canyon,21,"Developed, Open Space",115,2024
WA,531325,445,Pasayten,21,"Developed, Open Space",330,1989
AZ,87182,118,Chiricahua,21,"Developed, Open Space",5,1989
CA,31358,271,Jacumba,21,"Developed, Open Space",24,2024
ID,89820,711,Bruneau_Jarbidge_Rivers,21,"Developed, Open Space",66,1989
VA,3273,752,Stone_Mountain,21,"Developed, Open Space",9,2024
TX,13248,620,Upland_Island,21,"Developed, Open Space",364,2024
OR,593,430,Oregon_Islands,21,"Developed, Open Space",4,2024
NV,49151,761,Wovoka,21,"Developed, Open Space",2,1989
NM,559310,205,Gila,21,"Developed, Open Space",539,1989
CA,64041,155,Desolation,21,"Developed, Open Space",20,1989
FL,2827,325,Little_Lake_George,21,"Developed, Open Space",57,2024
SD,13534,55,Black_Elk,21,"Developed, Open Space",7,1989
UT,4478,720,Deep_Creek_North,21,"Developed, Open Space",113,2024
CA,191104,526,San_Rafael,21,"Developed, Open Space",607,2024
ID,2358886,194,Frank_Church_River_of_No_Return,21,"Developed, Open Space",1509,2024
ID,266390,736,Owyhee_River,21,"Developed, Open Space",59,2024
NM,221796,447,Pecos,21,"Developed, Open Space",49,2024
FL,1296500,341,Marjory_Stoneman_Douglas,21,"Developed, Open Space",49,2024
FL,24222,72,Bradwell_Bay,21,"Developed, Open Space",804,2024
AZ,11235,30,Bear_Wallow,21,"Developed, Open Space",7,2024
IL,4050,140,Crab_Orchard,21,"Developed, Open Space",190,1989
WA,44270,83,Buckhorn,21,"Developed, Open Space",3,2024
OR,170202,576,Steens_Mountain,21,"Developed, Open Space",112,1989
CO,19237,572,Spanish_Peaks,21,"Developed, Open Space",15,2024
CA,51289,432,Orocopia_Mountains,21,"Developed, Open Space",3,2024
AZ,19440,449,Peloncillo_Mountains,21,"Developed, Open Space",5,1989
NM,36764,339,Manzano_Mountain,21,"Developed, Open Space",8,1989
GA,12853,73,Brasstown,21,"Developed, Open Space",15,1989
UT,18216,722,Docs_Pass,21,"Developed, Open Space",1,2024
CA,56239,682,Yuki,21,"Developed, Open Space",617,1989
OR,65435,342,Mark_O_Hatfield,21,"Developed, Open Space",74,2024
AZ,68231,288,Kanab_Creek,21,"Developed, Open Space",20,2024
AZ,25457,104,Castle_Creek,21,"Developed, Open Space",25,1989
NV,36299,673,Far_South_Egans,21,"Developed, Open Space",23,2024
ID,12556,739,Pole_Creek,21,"Developed, Open Space",13,2024
MI,25150,542,Seney,21,"Developed, Open Space",553,2024
CA,768222,543,Sequoia_Kings_Canyon,21,"Developed, Open Space",1185,1989
UT,76413,797,Mexican_Mountain,21,"Developed, Open Space",8,2024
OR,55127,385,Mount_Thielsen,21,"Developed, Open Space",176,2024
NM,16935,775,Cinder_Cone,21,"Developed, Open Space",438,2024
OR,13724,716,Copper_Salmon,21,"Developed, Open Space",909,1989
CA,144915,291,Kelso_Dunes,21,"Developed, Open Space",3,2024
OR,8758,356,Middle_Santiam,21,"Developed, Open Space",22,1989
NV,123508,664,Meadow_Valley_Range,21,"Developed, Open Space",1,1989
CA,36981,397,Mt_Shasta,21,"Developed, Open Space",114,1989
WY,584733,596,Teton,21,"Developed, Open Space",864,1989
NV,22374,691,Bald_Mountain,21,"Developed, Open Space",22,2024
MI,11951,152,Delirium,21,"Developed, Open Space",378,2024
OR,5337,77,Bridge_Creek,21,"Developed, Open Space",14,1989
UT,13832,791,Eagle_Canyon,21,"Developed, Open Space",15,1989
CA,78576,531,Santa_Rosa,21,"Developed, Open Space",1,1989
OR,28915,23,Badger_Creek,21,"Developed, Open Space",306,1989
CA,27296,684,Cache_Creek,21,"Developed, Open Space",142,1989
OR,120694,418,North_Fork_John_Day,21,"Developed, Open Space",509,2024
WV,5147,708,Big_Draft,21,"Developed, Open Space",43,2024
OR,19918,67,Boulder_Creek,21,"Developed, Open Space",30,1989
AR/OK,13347,56,Black_Fork_Mountain,21,"Developed, Open Space",322,2024
WV,17777,160,Dolly_Sods,21,"Developed, Open Space",452,1989
MT,20819,616,UL_Bend,21,"Developed, Open Space",10,2024
AZ,7880,388,Mount_Trumbull,21,"Developed, Open Space",22,2024
CA,303713,210,Golden_Trout,21,"Developed, Open Space",438,1989
FL,7327,6,Alexander_Springs,21,"Developed, Open Space",209,2024
OR,36865,627,Waldo_Lake,21,"Developed, Open Space",13,2024
OR,65435,342,Mark_O_Hatfield,21,"Developed, Open Space",74,1989
AR,11141,472,Poteau_Mountain,21,"Developed, Open Space",355,2024
CA,43182,546,Sheep_Mountain,21,"Developed, Open Space",18,1989
AZ,6178,644,Wet_Beaver,21,"Developed, Open Space",1,2024
NV,92652,505,Ruby_Mountains,21,"Developed, Open Space",8,1989
CA,252149,296,Kingston_Range,21,"Developed, Open Space",33,2024
CA,64041,155,Desolation,21,"Developed, Open Space",22,2024
ID,89820,711,Bruneau_Jarbidge_Rivers,21,"Developed, Open Space",227,2024
SC,1832,628,Wambaw_Creek,21,"Developed, Open Space",38,2024
PA,372,7,Allegheny_Islands,21,"Developed, Open Space",1,2024
CO,135104,168,Eagles_Nest,21,"Developed, Open Space",66,2024
MT,242068,316,Lee_Metcalf,21,"Developed, Open Space",257,2024
NM,47035,109,Chama_River_Canyon,21,"Developed, Open Space",29,1989
NH,27605,474,Presidential_Range_Dry_River,21,"Developed, Open Space",279,1989
OR,20213,419,North_Fork_Umatilla,21,"Developed, Open Space",52,1989
AZ,25457,104,Castle_Creek,21,"Developed, Open Space",45,2024
AZ,26912,533,Santa_Teresa,21,"Developed, Open Space",10,2024
WA,414322,8,Alpine_Lakes,21,"Developed, Open Space",765,2024
OR,17176,218,Grassy_Knob,21,"Developed, Open Space",263,2024
CA,60280,569,South_Sierra,21,"Developed, Open Space",17,1989
VT,18122,334,Lye_Brook,21,"Developed, Open Space",19,2024
VA,3745,712,Brush_Mountain_East,21,"Developed, Open Space",1,2024
NV,157716,663,Mormon_Mountains,21,"Developed, Open Space",1037,2024
CA,695200,362,Mojave,21,"Developed, Open Space",1349,1989
CO,44345,534,Sarvis_Creek,21,"Developed, Open Space",119,2024
OR,5792,164,Drift_Creek,21,"Developed, Open Space",13,1989
UT,50216,459,Pine_Valley_Mountain,21,"Developed, Open Space",13,1989
MI,11740,707,Beaver_Basin,21,"Developed, Open Space",1,1989
AZ,803418,90,Cabeza_Prieta,21,"Developed, Open Space",546,2024
ID/OR,217747,239,Hells_Canyon_IDOR,21,"Developed, Open Space",547,2024
WA,566161,207,Glacier_Peak,21,"Developed, Open Space",210,2024
WI,5912,61,Blackjack_Springs,21,"Developed, Open Space",275,2024
CA,182298,661,Yolla_Bolly_Middle_Eel,21,"Developed, Open Space",2757,1989
NE,4635,190,Fort_Niobrara,21,"Developed, Open Space",1,2024
CO,160997,568,South_San_Juan,21,"Developed, Open Space",114,2024
CA,112723,177,Emigrant,21,"Developed, Open Space",20,2024
IL,5800,25,Bald_Knob,21,"Developed, Open Space",161,2024
WA,44270,83,Buckhorn,21,"Developed, Open Space",3,1989
WV,6794,743,Roaring_Plains_West,21,"Developed, Open Space",36,1989
GA,353981,426,Okefenokee,21,"Developed, Open Space",117,1989
CO,82496,252,Hunter_Fryingpan,21,"Developed, Open Space",11,2024
CA,45384,44,Big_Maria_Mountains,21,"Developed, Open Space",8,2024
WA,876447,428,Daniel_J_Evans,21,"Developed, Open Space",873,2024
OR,4965,351,Menagerie,21,"Developed, Open Space",8,2024
AZ/UT,110816,444,Paria_Canyon_Vermilion_Cliffs,21,"Developed, Open Space",80,2024
NM,29106,63,Blue_Range,21,"Developed, Open Space",15,2024
NH,24032,690,Wild_River,21,"Developed, Open Space",245,1989
NV,36151,700,Shellback,21,"Developed, Open Space",33,2024
OK,8570,650,Wichita_Mountains,21,"Developed, Open Space",12,2024
CO,160309,391,Mount_Zirkel,21,"Developed, Open Space",101,1989
TX,3521,45,Big_Slough,21,"Developed, Open Space",33,2024
TN,2559,202,Gee_Creek,21,"Developed, Open Space",10,1989
CO,37344,760,Hermosa_Creek,21,"Developed, Open Space",537,1989
CA,6287,685,Cedar_Roughs,21,"Developed, Open Space",1,2024
WA,14266,410,Noisy_Diobsud,21,"Developed, Open Space",13,1989
CA,231619,12,Ansel_Adams,21,"Developed, Open Space",441,2024
WA,108020,209,Goat_Rocks,21,"Developed, Open Space",295,2024
NJ,3660,222,Great_Swamp,21,"Developed, Open Space",56,2024
UT,22843,636,Wellsville_Mountain,21,"Developed, Open Space",26,2024
CA,39740,728,John_Krebs,21,"Developed, Open Space",222,1989
UT,13832,791,Eagle_Canyon,21,"Developed, Open Space",15,2024
NM,11114,781,Sierra_de_las_Uvas,21,"Developed, Open Space",2,1989
CA,21986,286,Kaiser,21,"Developed, Open Space",119,1989
AZ,70905,511,Saguaro,21,"Developed, Open Space",71,2024
NV,42544,694,Goshute_Canyon,21,"Developed, Open Space",4,1989
WA,168955,652,William_O_Douglas,21,"Developed, Open Space",467,2024
GA,10791,494,Rich_Mountain,21,"Developed, Open Space",14,2024
CA,42695,687,King_Range,21,"Developed, Open Space",908,2024
OR,23036,393,Mountain_Lakes,21,"Developed, Open Space",57,1989
CA,179847,557,Siskiyou,21,"Developed, Open Space",1669,1989
UT,25635,71,Box_Death_Hollow,21,"Developed, Open Space",20,1989
OR,19918,67,Boulder_Creek,21,"Developed, Open Space",33,2024
AR,10585,171,East_Fork,21,"Developed, Open Space",231,2024
NM,7242,785,Ah_shi_sle_pah,21,"Developed, Open Space",5,1989
CO,497111,637,Weminuche,21,"Developed, Open Space",316,2024
VA,8907,273,James_River_Face,21,"Developed, Open Space",82,1989
AZ,20251,358,Miller_Peak,21,"Developed, Open Space",43,1989
OR,355553,167,Eagle_Cap,21,"Developed, Open Space",611,2024
UT,99428,680,Cedar_Mountain_Area,21,"Developed, Open Space",58,1989
CA,31906,337,Malpais_Mesa,21,"Developed, Open Space",3,1989
OR,283818,602,Three_Sisters,21,"Developed, Open Space",430,2024
MI,4724,499,Rock_River_Canyon,21,"Developed, Open Space",82,1989
WA,52294,413,Norse_Peak,21,"Developed, Open Space",85,1989
AZ,19440,449,Peloncillo_Mountains,21,"Developed, Open Space",4,2024
ME,4680,369,Moosehorn_Baring_Unit,21,"Developed, Open Space",68,1989
SC,1832,628,Wambaw_Creek,21,"Developed, Open Space",44,1989
OR,7273,498,Rock_Creek,21,"Developed, Open Space",10,2024
AZ,6819,372,Mount_Baldy,21,"Developed, Open Space",1,2024
IL,4739,124,Clear_Springs,21,"Developed, Open Space",143,1989
NC,1692,469,Pond_Pine,21,"Developed, Open Space",61,1989
VT,24985,74,Breadloaf,21,"Developed, Open Space",3,1989
WA,47123,370,Mount_Adams,21,"Developed, Open Space",67,1989
MO,4236,500,Rockpile_Mountain,21,"Developed, Open Space",31,1989
NH,24032,690,Wild_River,21,"Developed, Open Space",198,2024
FL,2619,270,JN_Ding_Darling,21,"Developed, Open Space",81,1989
AZ,112400,630,Warm_Springs,21,"Developed, Open Space",12,1989
MI,5268,41,Big_Island_Lake,21,"Developed, Open Space",93,1989
MT,74524,360,Mission_Mountains,21,"Developed, Open Space",19,2024
CA,179847,557,Siskiyou,21,"Developed, Open Space",1126,2024
CO,176431,641,West_Elk,21,"Developed, Open Space",274,2024
AZ,2040,22,Baboquivari_Peak,21,"Developed, Open Space",1,1989
WA,2201,657,Wonder_Mountain,21,"Developed, Open Space",7,2024
LA,8701,297,Kisatchie_Hills,21,"Developed, Open Space",6,2024
AZ,18109,402,Munds_Mountain,21,"Developed, Open Space",84,2024
NM,61600,106,Cebolla,21,"Developed, Open Space",82,1989
MO,4236,500,Rockpile_Mountain,21,"Developed, Open Space",31,2024
CA,30863,159,Dinkey_Lakes,21,"Developed, Open Space",51,1989
VA,3273,752,Stone_Mountain,21,"Developed, Open Space",9,1989
CA,79061,309,Lassen_Volcanic,21,"Developed, Open Space",258,1989
AR,2143,42,Big_Lake,21,"Developed, Open Space",13,1989
CA,42079,266,Ishi,21,"Developed, Open Space",122,2024
UT,30632,330,Lone_Peak,21,"Developed, Open Space",12,2024
OR,593,430,Oregon_Islands,21,"Developed, Open Space",3,1989
WA,11851,132,Colonel_Bob,21,"Developed, Open Space",2,1989
CA,49296,136,Coso_Range,21,"Developed, Open Space",21,2024
NV,123508,664,Meadow_Valley_Range,21,"Developed, Open Space",51,2024
CA,104048,363,Mokelumne,21,"Developed, Open Space",132,1989
NV,111066,665,Delamar_Mountains,21,"Developed, Open Space",20,2024
UT,7085,20,AshdownGorge,21,"Developed, Open Space",341,2024
TN,4472,617,Unaka_Mountain,21,"Developed, Open Space",42,1989
GA/NC/SC,8300,176,Ellicott_Rock,21,"Developed, Open Space",251,1989
MO,7040,436,Paddy_Creek,21,"Developed, Open Space",212,1989
NM,18827,655,Withington,21,"Developed, Open Space",5,1989
WA,49344,68,Boulder_River,21,"Developed, Open Space",70,1989
VA,5928,295,Kimberling_Creek,21,"Developed, Open Space",71,2024
OR,120694,418,North_Fork_John_Day,21,"Developed, Open Space",303,1989
CO,41531,329,Lizard_Head,21,"Developed, Open Space",9,1989
UT,29029,803,Turtle_Canyon,21,"Developed, Open Space",10,2024
UT,99428,680,Cedar_Mountain_Area,21,"Developed, Open Space",292,2024
AZ,21000,40,Big_Horn_Mountains,21,"Developed, Open Space",4,2024
CO,249126,745,Rocky_Mountain,21,"Developed, Open Space",143,2024
CA,652903,278,John_Muir,21,"Developed, Open Space",400,2024
IL,3694,88,Burden_Falls,21,"Developed, Open Space",233,2024
VT,18122,334,Lye_Brook,21,"Developed, Open Space",19,1989
AZ,160164,583,Superstition,21,"Developed, Open Space",98,1989
IL,6352,333,Lusk_Creek,21,"Developed, Open Space",108,2024
OR,28915,23,Badger_Creek,21,"Developed, Open Space",368,2024
AZ,87900,439,Paiute,21,"Developed, Open Space",259,2024
MT,1062694,64,Bob_Marshall,21,"Developed, Open Space",1325,1989
ID,12556,739,Pole_Creek,21,"Developed, Open Space",7,1989
AZ,112400,630,Warm_Springs,21,"Developed, Open Space",14,2024
CA,12521,507,Russian,21,"Developed, Open Space",236,1989
GA,9240,484,Raven_Cliffs,21,"Developed, Open Space",174,2024
MT,32350,488,Red_Rock_Lakes,21,"Developed, Open Space",575,2024
CA,101574,521,San_Gorgonio,21,"Developed, Open Space",304,2024
CO,66280,723,Dominguez_Canyon,21,"Developed, Open Space",135,1989
AZ,14630,170,East_Cactus_Plain,21,"Developed, Open Space",98,2024
NV,23710,318,Lime_Canyon,21,"Developed, Open Space",16,2024
CO,114864,331,Lost_Creek,21,"Developed, Open Space",44,1989
NV,40303,806,Desatoya Mountains Wilderness,21,"Developed, Open Space",2,2024
WY,346320,414,North_Absaroka,21,"Developed, Open Space",815,2024
WA,14266,410,Noisy_Diobsud,21,"Developed, Open Space",36,2024
CA,73868,435,Owens_Peak,21,"Developed, Open Space",92,1989
CO,165874,131,Collegiate_Peaks,21,"Developed, Open Space",9,2024
MT,11366,350,Medicine_Lake,21,"Developed, Open Space",91,2024
CA,303713,210,Golden_Trout,21,"Developed, Open Space",562,2024
NM,44678,14,Apache_Kid,21,"Developed, Open Space",11,2024
OR,35749,502,Rogue_Umpqua_Divide,21,"Developed, Open Space",322,2024
NM,43420,50,Bisti_De_Na_Zin,21,"Developed, Open Space",39,1989
ME,2712,368,Moosehorn,21,"Developed, Open Space",17,2024
CA,32186,522,San_Jacinto,21,"Developed, Open Space",11,2024
GA,7742,62,Blood_Mountain,21,"Developed, Open Space",74,2024
CA,37786,211,Golden_Valley,21,"Developed, Open Space",20,2024
NM,37278,527,Sandia_Mountain,21,"Developed, Open Space",90,2024
AZ,250760,347,Mazatzal,21,"Developed, Open Space",250,1989
MI,11951,152,Delirium,21,"Developed, Open Space",378,1989
CA,23578,84,Bucks_Lake,21,"Developed, Open Space",89,1989
CA,23578,84,Bucks_Lake,21,"Developed, Open Space",143,2024
CA,33772,537,Sawtooth_Mountains,21,"Developed, Open Space",3,1989
VA,2845,321,Little_Dry_Run,21,"Developed, Open Space",2,2024
ME,4680,369,Moosehorn_Baring_Unit,21,"Developed, Open Space",66,2024
IL,3694,88,Burden_Falls,21,"Developed, Open Space",232,1989
NM,47035,109,Chama_River_Canyon,21,"Developed, Open Space",51,2024
TX,3817,324,Little_Lake_Creek,21,"Developed, Open Space",241,1989
OR,35203,651,Wild_Rogue,21,"Developed, Open Space",104,2024
NM,23267,27,Bandelier,21,"Developed, Open Space",7,2024
OR,6404,751,Spring_Basin,21,"Developed, Open Space",41,2024
AR,34933,85,Buffalo_National_River,21,"Developed, Open Space",458,1989
CA,128044,249,Hoover,21,"Developed, Open Space",9,1989
WA,47123,370,Mount_Adams,21,"Developed, Open Space",59,2024
MT,259756,538,Scapegoat,21,"Developed, Open Space",496,1989
GA,16618,343,Mark_Trail,21,"Developed, Open Space",391,2024
MS,4630,226,Gulf_Islands,21,"Developed, Open Space",2,2024
CA,73868,435,Owens_Peak,21,"Developed, Open Space",136,2024
PA,372,7,Allegheny_Islands,21,"Developed, Open Space",1,1989
CA,70206,570,South_Warner,21,"Developed, Open Space",242,2024
CA,225114,340,Marble_Mountain,21,"Developed, Open Space",987,2024
SC,2122,237,Hell_Hole_Bay,21,"Developed, Open Space",118,1989
MO,9183,35,Bell_Mountain,21,"Developed, Open Space",252,1989
CO/WY,24051,465,Platte_River,21,"Developed, Open Space",1,2024
CA,13007,144,Cucamonga,21,"Developed, Open Space",16,1989
CA,230966,754,White_Mountains,21,"Developed, Open Space",30,2024
AR,11978,621,Upper_Buffalo,21,"Developed, Open Space",475,1989
VA,5928,295,Kimberling_Creek,21,"Developed, Open Space",71,1989
ME,2712,368,Moosehorn,21,"Developed, Open Space",8,1989
OR,52496,157,Diamond_Peak,21,"Developed, Open Space",91,2024
NM,44372,759,Columbine_Hondo,21,"Developed, Open Space",25,2024
OR/WA,176737,638,Wenaha_Tucannon,21,"Developed, Open Space",1100,1989
WY,198906,185,Fitzpatrick,21,"Developed, Open Space",13,2024
MT,93272,91,Cabinet_Mountains,21,"Developed, Open Space",8,1989
OR,2871,731,Lower_White_River,21,"Developed, Open Space",10,1989
CA,6287,685,Cedar_Roughs,21,"Developed, Open Space",1,1989
NV,32072,532,Santa_Rosa_Paradise_Peak,21,"Developed, Open Space",20,1989
MT,242068,316,Lee_Metcalf,21,"Developed, Open Space",172,1989
MN,2180,593,Tamarac,21,"Developed, Open Space",95,1989
MT/WY,937102,1,Absaroka_Beartooth,21,"Developed, Open Space",772,2024
UT,3291,721,Deep_Creek,21,"Developed, Open Space",5,2024
TN,10895,519,Sampson_Mountain,21,"Developed, Open Space",23,2024
CA,12868,686,South_Fork_Eel_River,21,"Developed, Open Space",439,1989
NV,30648,416,North_Black_Rock_Range,21,"Developed, Open Space",1,2024
FL,13835,39,Big_Gum_Swamp,21,"Developed, Open Space",1477,1989
CA,18631,139,Coyote_Mountains_CA,21,"Developed, Open Space",1,2024
NC,1692,469,Pond_Pine,21,"Developed, Open Space",61,2024
AZ,18109,402,Munds_Mountain,21,"Developed, Open Space",55,1989
NV,33466,573,Spirit_Mountain,21,"Developed, Open Space",3,2024
CO,68025,133,Comanche_Peak,21,"Developed, Open Space",13,2024
NV,5341,674,Tunnel_Spring,21,"Developed, Open Space",8,2024
WA,5963,606,Trapper_Creek,21,"Developed, Open Space",6,2024
WA,102919,241,Henry_M_Jackson,21,"Developed, Open Space",142,1989
NM,18881,143,Cruces_Basin,21,"Developed, Open Space",197,1989
MN,816244,70,Boundary_Waters_Canoe_Area,21,"Developed, Open Space",175,2024
NV,128362,805,Clan_Alpine_Mountains,21,"Developed, Open Space",9,2024
ID,205395,212,Gospel_Hump,21,"Developed, Open Space",213,1989
CA,11001,757,Elkhorn_Ridge,21,"Developed, Open Space",200,2024
FL,2827,325,Little_Lake_George,21,"Developed, Open Space",93,1989
NE,7833,560,Soldier_Creek,21,"Developed, Open Space",13,1989
FL,1296500,341,Marjory_Stoneman_Douglas,21,"Developed, Open Space",199,1989
UT,11667,717,Cottonwood_Canyon,21,"Developed, Open Space",9,1989
CA,28374,214,Granite_Chief,21,"Developed, Open Space",148,2024
CA,25895,415,North_Algodones_Dunes,21,"Developed, Open Space",3,1989
UT,453863,246,High_Uintas,21,"Developed, Open Space",275,1989
NV,43996,565,South_McCullough,21,"Developed, Open Space",1,2024
WI,7135,480,Rainbow_Lake,21,"Developed, Open Space",509,2024
ID/MT,1347644,540,Selway_Bitterroot,21,"Developed, Open Space",365,1989
ID,217511,536,Sawtooth,21,"Developed, Open Space",21,1989
WA,7140,282,Juniper_Dunes,21,"Developed, Open Space",2,1989
CA,7272,683,Mount_Lassic,21,"Developed, Open Space",365,2024
CA,86245,294,Kiavah,21,"Developed, Open Space",228,2024
UT,18192,787,Big_Wild_Horse_Mesa,21,"Developed, Open Space",142,2024
NV,18879,277,Jimbilnan,21,"Developed, Open Space",9,1989
GA,9907,145,Cumberland_Island,21,"Developed, Open Space",150,1989
FL,379,108,Cedar_Keys,21,"Developed, Open Space",1,1989
AZ,9808,215,Granite_Mountain_AZ,21,"Developed, Open Space",48,2024
WY,285619,224,Gros_Ventre,21,"Developed, Open Space",109,2024
TN,6937,468,Pond_Mountain,21,"Developed, Open Space",23,1989
CO,62742,473,Powderhorn,21,"Developed, Open Space",99,1989
CA,20548,57,Black_Mountain,21,"Developed, Open Space",7,2024
OR,36548,744,Roaring_River,21,"Developed, Open Space",593,1989
UT,19339,796,Lower_Last_Chance,21,"Developed, Open Space",112,2024
OR,55127,385,Mount_Thielsen,21,"Developed, Open Space",136,1989
OR,35203,651,Wild_Rogue,21,"Developed, Open Space",79,1989
CA,15985,461,Hain,21,"Developed, Open Space",25,2024
AZ,250760,347,Mazatzal,21,"Developed, Open Space",236,2024
NV,59107,245,High_Rock_Lake,21,"Developed, Open Space",1,2024
CA,31415,554,Silver_Peak,21,"Developed, Open Space",272,1989
CO,176431,641,West_Elk,21,"Developed, Open Space",211,1989
CA,35738,520,San_Gabriel,21,"Developed, Open Space",138,2024
IL,4050,140,Crab_Orchard,21,"Developed, Open Space",196,2024
NV,121449,696,High_Schells,21,"Developed, Open Space",40,2024
CA,44223,365,Monarch,21,"Developed, Open Space",223,2024
NM,8120,784,Rio_San_Antonio,21,"Developed, Open Space",2,2024
CA,8158,417,North_Fork,21,"Developed, Open Space",125,2024
CA,225114,340,Marble_Mountain,21,"Developed, Open Space",1398,1989
ID,116843,765,Jim_McClure_Jerry_Peak,21,"Developed, Open Space",17,2024
AZ,48314,489,Red_Rock_Secret_Mountain,21,"Developed, Open Space",128,2024
CA,18002,3,Agua_Tibia,21,"Developed, Open Space",15,2024
AR,2143,42,Big_Lake,21,"Developed, Open Space",15,2024
AR,14262,95,Caney_Creek,21,"Developed, Open Space",520,1989
NC,8490,105,Catfish_Lake_South,21,"Developed, Open Space",76,2024
UT,11436,615,Twin_Peaks,21,"Developed, Open Space",4,2024
MO,12423,242,Hercules_Glades,21,"Developed, Open Space",307,2024
IN,12472,112,Charles_C_Deam,21,"Developed, Open Space",348,2024
AZ,38944,626,Wabayuma_Peak,21,"Developed, Open Space",3,1989
IL,3955,198,Garden_of_the_Gods,21,"Developed, Open Space",253,1989
MT,286659,219,Great_Bear,21,"Developed, Open Space",442,1989
AR,16652,315,Leatherwood,21,"Developed, Open Space",373,1989
MI,3271,412,Nordhouse_Dunes,21,"Developed, Open Space",80,1989
NV,85668,666,Clover_Mountains,21,"Developed, Open Space",6,2024
OR,283818,602,Three_Sisters,21,"Developed, Open Space",436,1989
CA,230966,754,White_Mountains,21,"Developed, Open Space",16,1989
MI,11358,336,Mackinac,21,"Developed, Open Space",200,2024
IL,2760,29,Bay_Creek,21,"Developed, Open Space",121,1989
ND,4155,113,Chase_Lake,21,"Developed, Open Space",13,1989
CA,182298,661,Yolla_Bolly_Middle_Eel,21,"Developed, Open Space",2222,2024
NM,105085,779,Potrillo_Mountains,21,"Developed, Open Space",1106,2024
AZ,19410,15,Aravaipa_Canyon,21,"Developed, Open Space",14,2024
AZ,20251,358,Miller_Peak,21,"Developed, Open Space",42,2024
NV,42544,694,Goshute_Canyon,21,"Developed, Open Space",2,2024
TN,2559,202,Gee_Creek,21,"Developed, Open Space",10,2024
NM,11114,781,Sierra_de_las_Uvas,21,"Developed, Open Space",3,2024
CA,70206,570,South_Warner,21,"Developed, Open Space",165,1989
WA,152980,306,Lake_Chelan_Sawtooth,21,"Developed, Open Space",31,1989
CA,20158,749,South_Fork_San_Jacinto,21,"Developed, Open Space",52,1989
CO,73416,373,Mount_Evans,21,"Developed, Open Space",1,1989
NC,7482,355,Middle_Prong,21,"Developed, Open Space",200,1989
NV,31223,396,Mt_Rose,21,"Developed, Open Space",47,1989
UT,11667,717,Cottonwood_Canyon,21,"Developed, Open Space",11,2024
OR,20777,429,Opal_Creek,21,"Developed, Open Space",75,2024
NV,64968,94,Calico_Mountains,21,"Developed, Open Space",1,2024
WA,2201,657,Wonder_Mountain,21,"Developed, Open Space",7,1989
AZ,10431,192,Fossil_Springs,21,"Developed, Open Space",78,2024
NM,559310,205,Gila,21,"Developed, Open Space",612,2024
ME,11236,99,Caribou_Speckled_Mountain,21,"Developed, Open Space",1,1989
CA,37793,122,Chumash,21,"Developed, Open Space",45,2024
NM,5185,161,Dome,21,"Developed, Open Space",2,2024
MS,5033,54,Black_Creek,21,"Developed, Open Space",254,2024
IL,3955,198,Garden_of_the_Gods,21,"Developed, Open Space",249,2024
FL,3064,48,Billies_Bay,21,"Developed, Open Space",174,2024
NM,8382,777,Mount_Riley,21,"Developed, Open Space",44,2024
FL,17350,574,St_Marks,21,"Developed, Open Space",500,1989
OR,113571,558,Sky_Lakes,21,"Developed, Open Space",414,2024
WI,4074,471,Porcupine_Lake,21,"Developed, Open Space",58,2024
CO,17109,272,James_Peak,21,"Developed, Open Space",1,2024
MT,259756,538,Scapegoat,21,"Developed, Open Space",734,2024
NM,16935,775,Cinder_Cone,21,"Developed, Open Space",334,1989
IL,2760,29,Bay_Creek,21,"Developed, Open Space",122,2024
UT,13107,710,Blackridge,21,"Developed, Open Space",14,1989
WA,638173,577,Stephen_Mather,21,"Developed, Open Space",412,1989
VA,4607,601,Three_Ridges,21,"Developed, Open Space",5,2024
MO,8184,460,Piney_Creek,21,"Developed, Open Space",443,2024
FL,8075,399,Mud_Swamp_New_River,21,"Developed, Open Space",480,1989
CA,8158,417,North_Fork,21,"Developed, Open Space",96,1989
ID,266390,736,Owyhee_River,21,"Developed, Open Space",28,1989
OR,2871,731,Lower_White_River,21,"Developed, Open Space",32,2024
UT,60442,801,San_Rafael_Reef,21,"Developed, Open Space",1,2024
TN,5634,322,Little_Frog_Mountain,21,"Developed, Open Space",3,1989
CO,8500,352,Mesa_Verde,21,"Developed, Open Space",1,1989
UT,44447,714,Canaan_Mountain,21,"Developed, Open Space",126,1989
UT,142996,789,Desolation_Canyon,21,"Developed, Open Space",112,2024
NM,8120,784,Rio_San_Antonio,21,"Developed, Open Space",4,1989
NV,43512,670,Parsnip_Peak,21,"Developed, Open Space",48,2024
UT,3291,721,Deep_Creek,21,"Developed, Open Space",5,1989
CO/UT,75479,58,Black_Ridge_Canyons,21,"Developed, Open Space",25,2024
NM,18827,655,Withington,21,"Developed, Open Space",32,2024
AZ,2040,22,Baboquivari_Peak,21,"Developed, Open Space",1,2024
WY,191914,129,Cloud_Peak,21,"Developed, Open Space",94,2024
NM,13902,774,Broad_Canyon,21,"Developed, Open Space",3,2024
MI,11740,707,Beaver_Basin,21,"Developed, Open Space",5,2024
MT,34304,483,Rattlesnake,21,"Developed, Open Space",9,2024
MN,4000,2,Agassiz,21,"Developed, Open Space",10,2024
WY,102620,470,Popo_Agie,21,"Developed, Open Space",10,2024
CA,191104,526,San_Rafael,21,"Developed, Open Space",757,1989
AZ,36949,496,Rincon_Mountain,21,"Developed, Open Space",1,2024
CO,122453,248,Holy_Cross,21,"Developed, Open Space",5,1989
NM,30427,66,Bosque_del_Apache,21,"Developed, Open Space",84,2024
UT,27075,379,Mount_Nebo,21,"Developed, Open Space",10,1989
WY,10662,653,Winegar_Hole,21,"Developed, Open Space",12,1989
UT,453863,246,High_Uintas,21,"Developed, Open Space",371,2024
MI,3879,250,Horseshoe_Bay,21,"Developed, Open Space",3,2024
UT,10518,386,Mount_Timpanogos,21,"Developed, Open Space",21,2024
CA,10510,276,Jennie_Lakes,21,"Developed, Open Space",6,1989
OR,5337,77,Bridge_Creek,21,"Developed, Open Space",28,2024
AZ,6664,293,Kendrick_Mountain,21,"Developed, Open Space",19,2024
NH,27605,474,Presidential_Range_Dry_River,21,"Developed, Open Space",178,2024
VA,3745,712,Brush_Mountain_East,21,"Developed, Open Space",1,1989
UT,142996,789,Desolation_Canyon,21,"Developed, Open Space",91,1989
AZ,10290,119,Chiricahua_National_Monument,21,"Developed, Open Space",1,1989
ND,29920,598,Theodore_Roosevelt,21,"Developed, Open Space",28,1989
CO,102209,618,Uncompahgre,21,"Developed, Open Space",97,1989
AZ,37457,240,Hellsgate,21,"Developed, Open Space",20,1989
CA,165172,427,Old_Woman_Mountains,21,"Developed, Open Space",9,2024
AR,6301,165,Dry_Creek,21,"Developed, Open Space",364,1989
CO,126480,303,La_Garita,21,"Developed, Open Space",207,2024
CA,27315,455,Phillip_Burton,21,"Developed, Open Space",79,1989
MT,1062694,64,Bob_Marshall,21,"Developed, Open Space",1995,2024
CO,114864,331,Lost_Creek,21,"Developed, Open Space",59,2024
NC,18477,550,Shining_Rock,21,"Developed, Open Space",306,2024
AZ,18534,516,Salome,21,"Developed, Open Space",19,1989
MI,11358,336,Mackinac,21,"Developed, Open Space",202,1989
GA,10791,494,Rich_Mountain,21,"Developed, Open Space",11,1989
NC,5065,49,Birkhead_Mountains,21,"Developed, Open Space",4,2024
NV,110471,274,Jarbidge,21,"Developed, Open Space",10,1989
CA,219209,544,Sespe,21,"Developed, Open Space",185,2024
CA,26839,738,Pleasant_View_Ridge,21,"Developed, Open Space",11,1989
MO,7730,359,Mingo,21,"Developed, Open Space",89,2024
AL,7400,115,Cheaha,21,"Developed, Open Space",29,2024
MI,146,253,Huron_Islands,21,"Developed, Open Space",7,2024
UT,98023,799,Muddy_Creek,21,"Developed, Open Space",3,2024
TN,16213,123,Citico_Creek,21,"Developed, Open Space",56,2024
AZ,5887,658,Woodchute,21,"Developed, Open Space",30,2024
CO,64307,479,Raggeds,21,"Developed, Open Space",91,2024
AZ/UT,18667,33,Beaver_Dam_Mountains,21,"Developed, Open Space",3,2024
CA,30186,217,Grass_Valley,21,"Developed, Open Space",18,2024
CO,41531,329,Lizard_Head,21,"Developed, Open Space",12,2024
GA/NC/SC,8300,176,Ellicott_Rock,21,"Developed, Open Space",271,2024
UT,49130,802,Sids_Mountain,21,"Developed, Open Space",134,2024
CO,135104,168,Eagles_Nest,21,"Developed, Open Space",12,1989
CA,86245,294,Kiavah,21,"Developed, Open Space",150,1989
MI,32557,758,Sleeping_Bear_Dunes,21,"Developed, Open Space",448,2024
VA,5994,475,Priest,21,"Developed, Open Space",12,2024
NH,45809,450,Pemigewasset,21,"Developed, Open Space",836,2024
WY,31057,255,Huston_Park,21,"Developed, Open Space",79,2024
MI,146,253,Huron_Islands,21,"Developed, Open Space",6,1989
CA,41777,492,Rice_Valley,21,"Developed, Open Space",42,2024
AZ,21000,40,Big_Horn_Mountains,21,"Developed, Open Space",4,1989
MI,5268,41,Big_Island_Lake,21,"Developed, Open Space",91,2024
CA,38599,47,Bighorn_Mountain,21,"Developed, Open Space",6,2024
MT,28248,635,Welcome_Creek,21,"Developed, Open Space",50,2024
VA,9826,513,Saint_Marys,21,"Developed, Open Space",116,1989
CO,37344,760,Hermosa_Creek,21,"Developed, Open Space",500,2024
CA,35738,520,San_Gabriel,21,"Developed, Open Space",238,1989
OR,20213,419,North_Fork_Umatilla,21,"Developed, Open Space",116,2024
WA,20784,258,Indian_Heaven,21,"Developed, Open Space",18,1989
OR,6404,751,Spring_Basin,21,"Developed, Open Space",41,1989
KY,4816,32,Beaver_Creek,21,"Developed, Open Space",37,2024
WA,102919,241,Henry_M_Jackson,21,"Developed, Open Space",203,2024
CO,219891,529,Sangre_de_Cristo,21,"Developed, Open Space",36,1989
NV,67214,701,South_Egan_Range,21,"Developed, Open Space",14,2024
CO,15599,53,Black_Canyon_of_the_Gunnison,21,"Developed, Open Space",50,2024
UT,18192,787,Big_Wild_Horse_Mesa,21,"Developed, Open Space",141,1989
OR,355553,167,Eagle_Cap,21,"Developed, Open Space",503,1989
WA,5963,606,Trapper_Creek,21,"Developed, Open Space",1,1989
AZ,77585,196,Galiuro,21,"Developed, Open Space",151,2024
WA,41307,515,Salmo_Priest,21,"Developed, Open Space",8,2024
MT,28248,635,Welcome_Creek,21,"Developed, Open Space",96,1989
AZ,41143,509,Saddle_Mountain,21,"Developed, Open Space",122,1989
TX,46850,225,Guadalupe_Mountains,21,"Developed, Open Space",46,2024
CA,16893,433,Otay_Mountain,21,"Developed, Open Space",101,1989
WA,228480,382,Mount_Rainier,21,"Developed, Open Space",569,1989
MS,993,314,Leaf,21,"Developed, Open Space",33,1989
AZ,803418,90,Cabeza_Prieta,21,"Developed, Open Space",372,1989
NM,29106,63,Blue_Range,21,"Developed, Open Space",4,1989
VA,9327,503,Rough_Mountain,21,"Developed, Open Space",494,2024
MI,15237,588,Sylvania,21,"Developed, Open Space",121,1989
NM,9621,517,Salt_Creek,21,"Developed, Open Space",20,1989
NM,30427,66,Bosque_del_Apache,21,"Developed, Open Space",49,1989
CA,15628,706,Beauty_Mountain,21,"Developed, Open Space",43,2024
CA,28374,214,Granite_Chief,21,"Developed, Open Space",115,1989
WV,47742,141,Cranberry,21,"Developed, Open Space",16,1989
NH,45809,450,Pemigewasset,21,"Developed, Open Space",852,1989
AZ,15465,640,West_Clear_Creek,21,"Developed, Open Space",1,2024
OR,54406,389,Mount_Washington,21,"Developed, Open Space",9,2024
NV,85668,666,Clover_Mountains,22,"Developed, Low Intensity",165,1989
CA,28052,320,Little_Chuckwalla_Mountains,22,"Developed, Low Intensity",13,2024
CA,20241,530,Santa_Lucia,22,"Developed, Low Intensity",10,2024
MI,16861,348,McCormick,22,"Developed, Low Intensity",4,2024
OR,20777,429,Opal_Creek,22,"Developed, Low Intensity",70,1989
NV,51305,669,Weepah_Spring,22,"Developed, Low Intensity",53,2024
NM,13420,783,Cerro_del_Yuta,22,"Developed, Low Intensity",46,1989
CA,11001,757,Elkhorn_Ridge,22,"Developed, Low Intensity",60,1989
CO,82496,252,Hunter_Fryingpan,22,"Developed, Low Intensity",6,1989
AZ,64000,659,Woolsey_Peak,22,"Developed, Low Intensity",21,1989
ID,2358886,194,Frank_Church_River_of_No_Return,22,"Developed, Low Intensity",1262,1989
CA,27296,684,Cache_Creek,22,"Developed, Low Intensity",138,2024
CA,652903,278,John_Muir,22,"Developed, Low Intensity",492,1989
OR,69411,581,Strawberry_Mountain,22,"Developed, Low Intensity",132,1989
OR,20210,367,Monument_Rock,22,"Developed, Low Intensity",80,1989
CA,16526,599,Thousand_Lakes,22,"Developed, Low Intensity",106,2024
UT,44572,378,Mount_Naomi,22,"Developed, Low Intensity",50,1989
WY,584733,596,Teton,22,"Developed, Low Intensity",2791,2024
OR,62139,514,Salmon_Huckleberry,22,"Developed, Low Intensity",33,1989
AZ,11700,163,Dos_Cabezas_Mountains,22,"Developed, Low Intensity",61,1989
NJ,6681,79,Brigantine,22,"Developed, Low Intensity",2,2024
NV,32016,175,Eldorado,22,"Developed, Low Intensity",1,2024
MI,16704,582,Sturgeon_River_Gorge,22,"Developed, Low Intensity",6,1989
CA,73726,437,Pahrump_Valley,22,"Developed, Low Intensity",54,1989
NM,39540,642,West_Malpais,22,"Developed, Low Intensity",33,2024
AR,16652,315,Leatherwood,22,"Developed, Low Intensity",5,2024
OR,109098,375,Mount_Jefferson,22,"Developed, Low Intensity",541,2024
AZ,160164,583,Superstition,22,"Developed, Low Intensity",157,2024
CO/UT,75479,58,Black_Ridge_Canyons,22,"Developed, Low Intensity",50,1989
CA,44223,365,Monarch,22,"Developed, Low Intensity",198,1989
AZ,5158,180,Escudilla,22,"Developed, Low Intensity",4,1989
NV,46943,304,La_Madre_Mountain,22,"Developed, Low Intensity",359,1989
NV,92652,505,Ruby_Mountains,22,"Developed, Low Intensity",57,2024
NC,11653,319,Linville_Gorge,22,"Developed, Low Intensity",117,1989
CO,17784,227,Gunnison_Gorge,22,"Developed, Low Intensity",3,2024
MI,3879,250,Horseshoe_Bay,22,"Developed, Low Intensity",29,1989
CO,62742,473,Powderhorn,22,"Developed, Low Intensity",76,2024
WA,638173,577,Stephen_Mather,22,"Developed, Low Intensity",906,2024
NV,42544,694,Goshute_Canyon,22,"Developed, Low Intensity",4,1989
NV,18119,692,Becky_Peak,22,"Developed, Low Intensity",3,2024
NV,27502,19,Arrow_Canyon,22,"Developed, Low Intensity",75,2024
NV,40041,702,White_Pine_Range,22,"Developed, Low Intensity",2,1989
TX,3817,324,Little_Lake_Creek,22,"Developed, Low Intensity",16,2024
CA,133720,162,Domeland,22,"Developed, Low Intensity",75,2024
WA,531325,445,Pasayten,22,"Developed, Low Intensity",439,1989
CA,80090,770,Soda_Mountains,22,"Developed, Low Intensity",349,2024
AR/OK,13347,56,Black_Fork_Mountain,22,"Developed, Low Intensity",3,2024
NC,11801,467,Pocosin,22,"Developed, Low Intensity",17,1989
ID,116843,765,Jim_McClure_Jerry_Peak,22,"Developed, Low Intensity",21,1989
OR,593,430,Oregon_Islands,22,"Developed, Low Intensity",23,2024
AR,11674,495,Richland_Creek,22,"Developed, Low Intensity",10,1989
FL,13835,39,Big_Gum_Swamp,22,"Developed, Low Intensity",72,2024
CA,29207,345,Matilija,22,"Developed, Low Intensity",182,2024
OR,13090,52,Black_Canyon_OR,22,"Developed, Low Intensity",2,1989
NV,68623,697,Highland_Ridge,22,"Developed, Low Intensity",170,1989
OR,24707,748,Soda_Mountain,22,"Developed, Low Intensity",35,1989
NM,23267,27,Bandelier,22,"Developed, Low Intensity",156,1989
AZ,97880,169,Eagletail_Mountains,22,"Developed, Low Intensity",1,1989
NV,22374,691,Bald_Mountain,22,"Developed, Low Intensity",105,1989
CA,30863,159,Dinkey_Lakes,22,"Developed, Low Intensity",104,2024
ND,29920,598,Theodore_Roosevelt,22,"Developed, Low Intensity",80,2024
CA,128044,249,Hoover,22,"Developed, Low Intensity",11,2024
CA,12178,732,Magic_Mountain,22,"Developed, Low Intensity",14,1989
CA,39412,524,San_Mateo_Canyon,22,"Developed, Low Intensity",50,1989
CA,10666,681,Sanhedrin,22,"Developed, Low Intensity",26,2024
NV,5341,674,Tunnel_Spring,22,"Developed, Low Intensity",64,1989
CO,74408,485,Rawah,22,"Developed, Low Intensity",16,2024
CA,23679,174,El_Paso_Mountains,22,"Developed, Low Intensity",32,1989
AZ,14400,552,Sierra_Estrella,22,"Developed, Low Intensity",23,1989
VT,12336,689,Joseph_Battell,22,"Developed, Low Intensity",5,2024
CA,18682,589,Sylvania_Mountains,22,"Developed, Low Intensity",3,1989
CA,13140,117,Chimney_Peak,22,"Developed, Low Intensity",3,2024
MO,6691,156,Devils_Backbone,22,"Developed, Low Intensity",3,2024
AZ,10414,580,Strawberry_Crater,22,"Developed, Low Intensity",5,2024
NM,13902,774,Broad_Canyon,22,"Developed, Low Intensity",4,1989
CA,26102,408,Newberry_Mountains,22,"Developed, Low Intensity",1,2024
CA,16526,599,Thousand_Lakes,22,"Developed, Low Intensity",105,1989
WA,119966,371,Mount_Baker,22,"Developed, Low Intensity",252,1989
AZ,48314,489,Red_Rock_Secret_Mountain,22,"Developed, Low Intensity",34,1989
NV,20521,699,Red_Mountain_NV,22,"Developed, Low Intensity",5,2024
WY,285619,224,Gros_Ventre,22,"Developed, Low Intensity",89,1989
NV,54536,563,South_Jackson_Mountains,22,"Developed, Low Intensity",36,1989
WA,168955,652,William_O_Douglas,22,"Developed, Low Intensity",291,1989
PA,8633,243,Hickory_Creek,22,"Developed, Low Intensity",1,2024
CA,36981,397,Mt_Shasta,22,"Developed, Low Intensity",569,2024
ID,2358886,194,Frank_Church_River_of_No_Return,22,"Developed, Low Intensity",2065,2024
ID/MT,1347644,540,Selway_Bitterroot,22,"Developed, Low Intensity",743,1989
AZ,58448,587,Sycamore_Canyon,22,"Developed, Low Intensity",1445,2024
NM,35091,97,Capitan_Mountains,22,"Developed, Low Intensity",2,2024
CA,188169,548,Sheephole_Valley,22,"Developed, Low Intensity",58,2024
FL,14293,284,Juniper_Prairie,22,"Developed, Low Intensity",462,1989
WA,7140,282,Juniper_Dunes,22,"Developed, Low Intensity",25,2024
AZ,312600,431,Organ_Pipe_Cactus,22,"Developed, Low Intensity",175,1989
CA,29207,345,Matilija,22,"Developed, Low Intensity",57,1989
AZ,70905,511,Saguaro,22,"Developed, Low Intensity",36,1989
SD,64144,24,Badlands,22,"Developed, Low Intensity",91,1989
WA,353,523,San_Juan,22,"Developed, Low Intensity",2,2024
GA,5125,656,Wolf_Island,22,"Developed, Low Intensity",2,1989
NM,37278,527,Sandia_Mountain,22,"Developed, Low Intensity",122,2024
UT,18216,722,Docs_Pass,22,"Developed, Low Intensity",78,2024
AZ/UT,110816,444,Paria_Canyon_Vermilion_Cliffs,22,"Developed, Low Intensity",26,2024
CA,60280,569,South_Sierra,22,"Developed, Low Intensity",10,2024
AZ,23900,390,Mount_Wilson,22,"Developed, Low Intensity",11,2024
MT,74524,360,Mission_Mountains,22,"Developed, Low Intensity",43,1989
MT,158712,10,Anaconda_Pintler,22,"Developed, Low Intensity",5,1989
NC,9315,547,Sheep_Ridge,22,"Developed, Low Intensity",11,1989
UT,13107,710,Blackridge,22,"Developed, Low Intensity",71,2024
CO,9927,405,Neota,22,"Developed, Low Intensity",13,1989
CA,16893,433,Otay_Mountain,22,"Developed, Low Intensity",11,2024
AZ,516200,299,Kofa,22,"Developed, Low Intensity",69,1989
CA,7272,683,Mount_Lassic,22,"Developed, Low Intensity",218,1989
CO,160309,391,Mount_Zirkel,22,"Developed, Low Intensity",27,2024
WA,47123,370,Mount_Adams,22,"Developed, Low Intensity",148,2024
AR,15214,254,Hurricane_Creek,22,"Developed, Low Intensity",1,2024
CA,236726,625,Ventana,22,"Developed, Low Intensity",186,1989
CA,106623,411,Nopah_Range,22,"Developed, Low Intensity",290,1989
MN,816244,70,Boundary_Waters_Canoe_Area,22,"Developed, Low Intensity",44,1989
NV,24249,671,White_Rock_Range,22,"Developed, Low Intensity",11,1989
AZ,5887,658,Woodchute,22,"Developed, Low Intensity",11,1989
MO,12423,242,Hercules_Glades,22,"Developed, Low Intensity",60,1989
CA,106623,411,Nopah_Range,22,"Developed, Low Intensity",307,2024
CA,43279,260,Indian_Pass,22,"Developed, Low Intensity",1,2024
OR,28915,23,Badger_Creek,22,"Developed, Low Intensity",77,1989
CA,79061,309,Lassen_Volcanic,22,"Developed, Low Intensity",461,2024
MO,7040,436,Paddy_Creek,22,"Developed, Low Intensity",1,2024
CA,28460,313,Lava_Beds,22,"Developed, Low Intensity",1,2024
CA,33843,128,Clipper_Mountain,22,"Developed, Low Intensity",1,1989
TN,10804,43,Big_Laurel_Branch,22,"Developed, Low Intensity",2,1989
FL,1296500,341,Marjory_Stoneman_Douglas,22,"Developed, Low Intensity",279,2024
OR,36879,87,Bull_of_the_Woods,22,"Developed, Low Intensity",107,1989
MI,132018,268,Isle_Royale,22,"Developed, Low Intensity",59,2024
NH,35301,528,Sandwich_Range,22,"Developed, Low Intensity",5,1989
CO,9927,405,Neota,22,"Developed, Low Intensity",10,2024
ID,52753,709,Big_Jacks_Creek,22,"Developed, Low Intensity",474,2024
CA,6,703,Rocks_and_Islands,22,"Developed, Low Intensity",4,1989
NV,25671,667,South_Pahroc_Range,22,"Developed, Low Intensity",2,1989
AZ,19440,449,Peloncillo_Mountains,22,"Developed, Low Intensity",44,1989
NH,5658,220,Great_Gulf,22,"Developed, Low Intensity",1,1989
AZ,9808,215,Granite_Mountain_AZ,22,"Developed, Low Intensity",3,1989
FL,14293,284,Juniper_Prairie,22,"Developed, Low Intensity",520,2024
OR,113571,558,Sky_Lakes,22,"Developed, Low Intensity",239,1989
AZ,41143,509,Saddle_Mountain,22,"Developed, Low Intensity",22,2024
NV,32364,173,East_Humboldts,22,"Developed, Low Intensity",8,2024
MT,242068,316,Lee_Metcalf,22,"Developed, Low Intensity",508,2024
CO,15599,53,Black_Canyon_of_the_Gunnison,22,"Developed, Low Intensity",15,1989
NV,51305,669,Weepah_Spring,22,"Developed, Low Intensity",53,1989
AZ,56973,477,Pusch_Ridge,22,"Developed, Low Intensity",59,1989
CA,64041,155,Desolation,22,"Developed, Low Intensity",25,1989
CA,17059,566,South_Nopah_Range,22,"Developed, Low Intensity",18,2024
VT,3750,81,Bristol_Cliffs,22,"Developed, Low Intensity",12,2024
CO,181973,344,Maroon_Bells_Snowmass,22,"Developed, Low Intensity",182,1989
WA,228480,382,Mount_Rainier,22,"Developed, Low Intensity",843,2024
OR,13724,716,Copper_Salmon,22,"Developed, Low Intensity",335,1989
CO,176431,641,West_Elk,22,"Developed, Low Intensity",437,2024
NV,92627,590,Table_Mountain,22,"Developed, Low Intensity",30,2024
TX,12214,259,Indian_Mounds,22,"Developed, Low Intensity",38,2024
CA,21986,286,Kaiser,22,"Developed, Low Intensity",40,1989
CA,65726,17,Argus_Range,22,"Developed, Low Intensity",73,1989
WA,13278,383,Mount_Skokomish,22,"Developed, Low Intensity",1,1989
AZ,16400,586,Swansea,22,"Developed, Low Intensity",5,2024
UT,124406,755,Zion,22,"Developed, Low Intensity",93,2024
ID,44027,733,North_Fork_Owyhee,22,"Developed, Low Intensity",16,2024
CA,10510,276,Jennie_Lakes,22,"Developed, Low Intensity",30,2024
NM,61600,106,Cebolla,22,"Developed, Low Intensity",11,2024
OR,24707,748,Soda_Mountain,22,"Developed, Low Intensity",35,2024
AZ,16400,586,Swansea,22,"Developed, Low Intensity",1,1989
CA,12521,507,Russian,22,"Developed, Low Intensity",167,2024
UT,25635,71,Box_Death_Hollow,22,"Developed, Low Intensity",5,1989
VT,6725,37,Big_Branch,22,"Developed, Low Intensity",2,1989
FL,24222,72,Bradwell_Bay,22,"Developed, Low Intensity",280,1989
MO,6691,156,Devils_Backbone,22,"Developed, Low Intensity",2,1989
NV,23439,420,North_Jackson_Mountains,22,"Developed, Low Intensity",73,2024
NM,19916,778,Organ_Mountains,22,"Developed, Low Intensity",84,1989
OR,69411,581,Strawberry_Mountain,22,"Developed, Low Intensity",159,2024
CA,79061,309,Lassen_Volcanic,22,"Developed, Low Intensity",357,1989
CA,20158,749,South_Fork_San_Jacinto,22,"Developed, Low Intensity",80,2024
MI,25150,542,Seney,22,"Developed, Low Intensity",45,1989
CA,73726,437,Pahrump_Valley,22,"Developed, Low Intensity",68,2024
NM,36764,339,Manzano_Mountain,22,"Developed, Low Intensity",11,1989
MI,15237,588,Sylvania,22,"Developed, Low Intensity",1,2024
NM,5185,161,Dome,22,"Developed, Low Intensity",9,1989
AL,7400,115,Cheaha,22,"Developed, Low Intensity",6,1989
AZ,15465,640,West_Clear_Creek,22,"Developed, Low Intensity",22,1989
CO,102209,618,Uncompahgre,22,"Developed, Low Intensity",324,2024
UT,7179,804,Nelson_Mountain,22,"Developed, Low Intensity",1,2024
TN,5634,322,Little_Frog_Mountain,22,"Developed, Low Intensity",7,2024
UT,15291,381,Mount_Olympus,22,"Developed, Low Intensity",13,1989
NM,16776,780,Robledo_Mountains,22,"Developed, Low Intensity",20,2024
CA,37308,610,Trilobite,22,"Developed, Low Intensity",144,2024
NV,40041,702,White_Pine_Range,22,"Developed, Low Intensity",2,2024
AR,34933,85,Buffalo_National_River,22,"Developed, Low Intensity",19,2024
MI,5268,41,Big_Island_Lake,22,"Developed, Low Intensity",7,1989
UT,46360,148,Dark_Canyon,22,"Developed, Low Intensity",20,1989
AZ,24600,407,New_Water_Mountains,22,"Developed, Low Intensity",1,2024
VT,3750,81,Bristol_Cliffs,22,"Developed, Low Intensity",12,1989
AR,10180,187,Flatside,22,"Developed, Low Intensity",11,2024
WY,15284,535,Savage_Run,22,"Developed, Low Intensity",2,1989
NM,29242,746,Sabinoso,22,"Developed, Low Intensity",108,2024
CA,86245,294,Kiavah,22,"Developed, Low Intensity",4,1989
SD,64144,24,Badlands,22,"Developed, Low Intensity",170,2024
WA,414322,8,Alpine_Lakes,22,"Developed, Low Intensity",306,1989
OR,36879,87,Bull_of_the_Woods,22,"Developed, Low Intensity",106,2024
UT,50216,459,Pine_Valley_Mountain,22,"Developed, Low Intensity",44,1989
OR,120694,418,North_Fork_John_Day,22,"Developed, Low Intensity",200,2024
NM,9621,517,Salt_Creek,22,"Developed, Low Intensity",43,2024
SC,29000,96,Cape_Romain,22,"Developed, Low Intensity",1,2024
WA,41307,515,Salmo_Priest,22,"Developed, Low Intensity",3,1989
AZ,64000,659,Woolsey_Peak,22,"Developed, Low Intensity",24,2024
WI,5912,61,Blackjack_Springs,22,"Developed, Low Intensity",50,1989
CA,37793,122,Chumash,22,"Developed, Low Intensity",38,1989
AR/OK,13347,56,Black_Fork_Mountain,22,"Developed, Low Intensity",3,1989
OR,9465,715,Clackamas,22,"Developed, Low Intensity",37,2024
AZ,6178,644,Wet_Beaver,22,"Developed, Low Intensity",3,1989
NV,18879,277,Jimbilnan,22,"Developed, Low Intensity",1,2024
CA,43279,260,Indian_Pass,22,"Developed, Low Intensity",2,1989
AZ,58448,587,Sycamore_Canyon,22,"Developed, Low Intensity",1007,1989
OR,36548,744,Roaring_River,22,"Developed, Low Intensity",54,2024
OR,22614,201,Gearhart_Mountain,22,"Developed, Low Intensity",30,1989
AL,8947,166,Dugger_Mountain,22,"Developed, Low Intensity",2,1989
VA,79579,549,Shenandoah,22,"Developed, Low Intensity",80,2024
ID,217511,536,Sawtooth,22,"Developed, Low Intensity",305,2024
CO,9482,92,Cache_La_Poudre,22,"Developed, Low Intensity",5,2024
OR,13724,716,Copper_Salmon,22,"Developed, Low Intensity",183,2024
TX,46850,225,Guadalupe_Mountains,22,"Developed, Low Intensity",65,1989
NM,105085,779,Potrillo_Mountains,22,"Developed, Low Intensity",42,1989
CA,13260,457,Pine_Creek,22,"Developed, Low Intensity",1,2024
NM,13420,783,Cerro_del_Yuta,22,"Developed, Low Intensity",60,2024
KY,12371,127,Clifty,22,"Developed, Low Intensity",12,2024
CA,43182,546,Sheep_Mountain,22,"Developed, Low Intensity",122,2024
NM,41305,525,San_Pedro_Parks,22,"Developed, Low Intensity",14,2024
UT,18216,722,Docs_Pass,22,"Developed, Low Intensity",61,1989
TX,13248,620,Upland_Island,22,"Developed, Low Intensity",42,1989
WA,152980,306,Lake_Chelan_Sawtooth,22,"Developed, Low Intensity",284,2024
NM,36764,339,Manzano_Mountain,22,"Developed, Low Intensity",12,2024
MT/WY,937102,1,Absaroka_Beartooth,22,"Developed, Low Intensity",1100,1989
CA,12868,686,South_Fork_Eel_River,22,"Developed, Low Intensity",10,2024
CO,249126,745,Rocky_Mountain,22,"Developed, Low Intensity",381,1989
AZ,20253,551,Sierra_Ancha,22,"Developed, Low Intensity",6,2024
AZ,70905,511,Saguaro,22,"Developed, Low Intensity",43,2024
UT,10648,719,Cougar_Canyon,22,"Developed, Low Intensity",45,2024
WY,693934,632,Washakie,22,"Developed, Low Intensity",3318,2024
CO,126480,303,La_Garita,22,"Developed, Low Intensity",41,1989
AZ,36949,496,Rincon_Mountain,22,"Developed, Low Intensity",1,1989
OR,20210,367,Monument_Rock,22,"Developed, Low Intensity",82,2024
OR,17173,357,Mill_Creek,22,"Developed, Low Intensity",32,1989
CO,181973,344,Maroon_Bells_Snowmass,22,"Developed, Low Intensity",196,2024
OR,170202,576,Steens_Mountain,22,"Developed, Low Intensity",225,2024
AR,10585,171,East_Fork,22,"Developed, Low Intensity",5,2024
OR,36865,627,Waldo_Lake,22,"Developed, Low Intensity",2,1989
MT,286659,219,Great_Bear,22,"Developed, Low Intensity",1559,1989
AR,11978,621,Upper_Buffalo,22,"Developed, Low Intensity",6,2024
UT,46360,148,Dark_Canyon,22,"Developed, Low Intensity",23,2024
CA,45384,44,Big_Maria_Mountains,22,"Developed, Low Intensity",4,1989
CO,160997,568,South_San_Juan,22,"Developed, Low Intensity",372,2024
WY,10662,653,Winegar_Hole,22,"Developed, Low Intensity",2,2024
CA,10666,681,Sanhedrin,22,"Developed, Low Intensity",23,1989
AZ,12300,231,Hassayampa_River_Canyon,22,"Developed, Low Intensity",6,1989
AZ,25141,398,Mt_Wrightson,22,"Developed, Low Intensity",2,2024
WA,44270,83,Buckhorn,22,"Developed, Low Intensity",2,2024
CA,10999,103,Castle_Crags,22,"Developed, Low Intensity",26,1989
WA,566161,207,Glacier_Peak,22,"Developed, Low Intensity",217,1989
OR,180103,287,Kalmiopsis,22,"Developed, Low Intensity",306,2024
NV,120551,16,ArcDome,22,"Developed, Low Intensity",77,2024
UT,142996,789,Desolation_Canyon,22,"Developed, Low Intensity",57,2024
WA,152980,306,Lake_Chelan_Sawtooth,22,"Developed, Low Intensity",162,1989
NV,26310,478,Quinn_Canyon,22,"Developed, Low Intensity",3,2024
CA,25707,195,Funeral_Mountains,22,"Developed, Low Intensity",1,1989
ME,11236,99,Caribou_Speckled_Mountain,22,"Developed, Low Intensity",2,2024
NV,48154,400,Muddy_Mountains,22,"Developed, Low Intensity",50,2024
AZ,77585,196,Galiuro,22,"Developed, Low Intensity",94,1989
CA,33772,537,Sawtooth_Mountains,22,"Developed, Low Intensity",5,2024
CA,71275,158,Dick_Smith,22,"Developed, Low Intensity",11,1989
MN,4000,2,Agassiz,22,"Developed, Low Intensity",13,2024
WA,102919,241,Henry_M_Jackson,22,"Developed, Low Intensity",73,1989
WV,20705,434,Otter_Creek,22,"Developed, Low Intensity",1,1989
MS,4630,226,Gulf_Islands,22,"Developed, Low Intensity",16,2024
NY,1381,182,Otis_Pike_Fire_Island_High_Dune,22,"Developed, Low Intensity",17,2024
CA,236726,625,Ventana,22,"Developed, Low Intensity",343,2024
AZ,18109,402,Munds_Mountain,22,"Developed, Low Intensity",556,2024
NM,33125,100,Carlsbad_Caverns,22,"Developed, Low Intensity",3,2024
MT,11366,350,Medicine_Lake,22,"Developed, Low Intensity",34,1989
CO,23116,223,Greenhorn_Mountain,22,"Developed, Low Intensity",7,1989
OR,5337,77,Bridge_Creek,22,"Developed, Low Intensity",4,1989
NM,19916,778,Organ_Mountains,22,"Developed, Low Intensity",94,2024
NC,9315,547,Sheep_Ridge,22,"Developed, Low Intensity",17,2024
UT,44447,714,Canaan_Mountain,22,"Developed, Low Intensity",14,2024
NV,78754,698,Mount_Grafton,22,"Developed, Low Intensity",198,2024
OR,5784,591,Table_Rock,22,"Developed, Low Intensity",11,1989
AZ,25141,398,Mt_Wrightson,22,"Developed, Low Intensity",2,1989
AZ,50260,454,PetrifiedForest,22,"Developed, Low Intensity",3,2024
CA,86245,294,Kiavah,22,"Developed, Low Intensity",9,2024
OR,17173,357,Mill_Creek,22,"Developed, Low Intensity",82,2024
AZ,31200,251,Hummingbird_Springs,22,"Developed, Low Intensity",137,2024
NV,121449,696,High_Schells,22,"Developed, Low Intensity",86,1989
CO,77932,261,Indian_Peaks,22,"Developed, Low Intensity",10,2024
MN,2180,593,Tamarac,22,"Developed, Low Intensity",26,2024
FL,7327,6,Alexander_Springs,22,"Developed, Low Intensity",44,2024
MT,93272,91,Cabinet_Mountains,22,"Developed, Low Intensity",42,1989
CA,303713,210,Golden_Trout,22,"Developed, Low Intensity",686,1989
OK,8570,650,Wichita_Mountains,22,"Developed, Low Intensity",1,1989
IL,5800,25,Bald_Knob,22,"Developed, Low Intensity",3,1989
CA,112723,177,Emigrant,22,"Developed, Low Intensity",22,1989
CO,20847,406,Never_Summer,22,"Developed, Low Intensity",2,2024
OR,65435,342,Mark_O_Hatfield,22,"Developed, Low Intensity",95,2024
AZ,21000,40,Big_Horn_Mountains,22,"Developed, Low Intensity",68,2024
NE,7833,560,Soldier_Creek,22,"Developed, Low Intensity",11,2024
CO,32643,221,Great_Sand_Dunes,22,"Developed, Low Intensity",3,2024
CO,73416,373,Mount_Evans,22,"Developed, Low Intensity",5,1989
CA,133720,162,Domeland,22,"Developed, Low Intensity",68,1989
NV,43512,670,Parsnip_Peak,22,"Developed, Low Intensity",73,1989
NH,24032,690,Wild_River,22,"Developed, Low Intensity",74,2024
NV,64968,94,Calico_Mountains,22,"Developed, Low Intensity",169,1989
NV,49151,761,Wovoka,22,"Developed, Low Intensity",10,2024
NV,54536,563,South_Jackson_Mountains,22,"Developed, Low Intensity",43,2024
CA,28955,423,North_Mesquite_Mountains,22,"Developed, Low Intensity",37,2024
AZ,87900,439,Paiute,22,"Developed, Low Intensity",415,1989
CA,188169,548,Sheephole_Valley,22,"Developed, Low Intensity",60,1989
OR,64742,374,Mount_Hood,22,"Developed, Low Intensity",532,1989
MT,32350,488,Red_Rock_Lakes,22,"Developed, Low Intensity",160,2024
AZ,112400,630,Warm_Springs,22,"Developed, Low Intensity",129,2024
AZ,516200,299,Kofa,22,"Developed, Low Intensity",81,2024
AZ,7499,440,Pajarita,22,"Developed, Low Intensity",1,1989
MI,3879,250,Horseshoe_Bay,22,"Developed, Low Intensity",31,2024
MT,286659,219,Great_Bear,22,"Developed, Low Intensity",1829,2024
CA,219209,544,Sespe,22,"Developed, Low Intensity",397,1989
OR,5784,591,Table_Rock,22,"Developed, Low Intensity",37,2024
CA,191104,526,San_Rafael,22,"Developed, Low Intensity",464,2024
CO,74408,485,Rawah,22,"Developed, Low Intensity",6,1989
UT,27075,379,Mount_Nebo,22,"Developed, Low Intensity",71,2024
NC,11653,319,Linville_Gorge,22,"Developed, Low Intensity",161,2024
MI,16704,582,Sturgeon_River_Gorge,22,"Developed, Low Intensity",5,2024
UT,18192,787,Big_Wild_Horse_Mesa,22,"Developed, Low Intensity",1,2024
NV,56819,394,Mt_Charleston,22,"Developed, Low Intensity",25,1989
WY,191914,129,Cloud_Peak,22,"Developed, Low Intensity",125,1989
OR,283818,602,Three_Sisters,22,"Developed, Low Intensity",404,1989
CA,32186,522,San_Jacinto,22,"Developed, Low Intensity",49,2024
MT,242068,316,Lee_Metcalf,22,"Developed, Low Intensity",440,1989
WA,451,633,Washington_Islands,22,"Developed, Low Intensity",4,2024
AZ,20253,551,Sierra_Ancha,22,"Developed, Low Intensity",4,1989
NH,5658,220,Great_Gulf,22,"Developed, Low Intensity",1,2024
AZ,24600,407,New_Water_Mountains,22,"Developed, Low Intensity",1,1989
NV,56819,394,Mt_Charleston,22,"Developed, Low Intensity",80,2024
NM,29106,63,Blue_Range,22,"Developed, Low Intensity",121,2024
CA,15985,461,Hain,22,"Developed, Low Intensity",8,1989
CA,23578,84,Bucks_Lake,22,"Developed, Low Intensity",18,1989
OR,36548,744,Roaring_River,22,"Developed, Low Intensity",51,1989
GA,16618,343,Mark_Trail,22,"Developed, Low Intensity",29,1989
CA,39740,728,John_Krebs,22,"Developed, Low Intensity",520,2024
MI,4724,499,Rock_River_Canyon,22,"Developed, Low Intensity",10,2024
CA,768222,543,Sequoia_Kings_Canyon,22,"Developed, Low Intensity",1793,1989
UT,10518,386,Mount_Timpanogos,22,"Developed, Low Intensity",17,1989
CO,64307,479,Raggeds,22,"Developed, Low Intensity",181,1989
VA,6532,493,Rich_Hole,22,"Developed, Low Intensity",2,2024
WI,22047,236,Headwaters,22,"Developed, Low Intensity",2,1989
WA,108020,209,Goat_Rocks,22,"Developed, Low Intensity",402,2024
CA,72192,463,Piper_Mountain,22,"Developed, Low Intensity",156,1989
CO,230829,186,Flat_Tops,22,"Developed, Low Intensity",44,1989
AL,25809,556,Sipsey,22,"Developed, Low Intensity",17,1989
ID,89820,711,Bruneau_Jarbidge_Rivers,22,"Developed, Low Intensity",158,1989
CA,14698,735,Owens_River_Headwaters,22,"Developed, Low Intensity",42,2024
UT,13832,791,Eagle_Canyon,22,"Developed, Low Intensity",1,2024
TX,13248,620,Upland_Island,22,"Developed, Low Intensity",15,2024
NV,31223,396,Mt_Rose,22,"Developed, Low Intensity",39,2024
NV,49151,761,Wovoka,22,"Developed, Low Intensity",9,1989
UT,453863,246,High_Uintas,22,"Developed, Low Intensity",933,1989
IL,3955,198,Garden_of_the_Gods,22,"Developed, Low Intensity",5,1989
MT,20819,616,UL_Bend,22,"Developed, Low Intensity",118,1989
CA/NV,3190455,151,Death_Valley,22,"Developed, Low Intensity",1569,1989
CO,165874,131,Collegiate_Peaks,22,"Developed, Low Intensity",31,2024
AZ,312600,431,Organ_Pipe_Cactus,22,"Developed, Low Intensity",199,2024
AR,10180,187,Flatside,22,"Developed, Low Intensity",6,1989
ID,266390,736,Owyhee_River,22,"Developed, Low Intensity",78,2024
NV,52618,172,East_Fork_High_Rock_Canyon,22,"Developed, Low Intensity",3,2024
CO,68025,133,Comanche_Peak,22,"Developed, Low Intensity",52,1989
CA,31415,554,Silver_Peak,22,"Developed, Low Intensity",86,2024
NC,11801,467,Pocosin,22,"Developed, Low Intensity",16,2024
NV,24249,671,White_Rock_Range,22,"Developed, Low Intensity",11,2024
OR,62139,514,Salmon_Huckleberry,22,"Developed, Low Intensity",29,2024
NV,30539,672,Fortification_Range,22,"Developed, Low Intensity",79,2024
NM,203548,4,Aldo_Leopold,22,"Developed, Low Intensity",541,1989
ID/MT,1347644,540,Selway_Bitterroot,22,"Developed, Low Intensity",1037,2024
AZ,19440,449,Peloncillo_Mountains,22,"Developed, Low Intensity",46,2024
UT,19339,796,Lower_Last_Chance,22,"Developed, Low Intensity",84,2024
CA,25707,195,Funeral_Mountains,22,"Developed, Low Intensity",2,2024
MT,34304,483,Rattlesnake,22,"Developed, Low Intensity",11,1989
ID,44027,733,North_Fork_Owyhee,22,"Developed, Low Intensity",13,1989
WA,876447,428,Daniel_J_Evans,22,"Developed, Low Intensity",521,1989
NM,41305,525,San_Pedro_Parks,22,"Developed, Low Intensity",14,1989
CA,37786,211,Golden_Valley,22,"Developed, Low Intensity",116,1989
WI,22047,236,Headwaters,22,"Developed, Low Intensity",2,2024
NH,45809,450,Pemigewasset,22,"Developed, Low Intensity",300,2024
FL,7327,6,Alexander_Springs,22,"Developed, Low Intensity",38,1989
MI,25150,542,Seney,22,"Developed, Low Intensity",45,2024
WY,123896,275,Jedediah_Smith,22,"Developed, Low Intensity",214,2024
OR,29182,734,Oregon_Badlands,22,"Developed, Low Intensity",86,1989
NV,314835,59,Black_Rock_Desert,22,"Developed, Low Intensity",201,1989
MT,74524,360,Mission_Mountains,22,"Developed, Low Intensity",43,2024
AZ,2040,22,Baboquivari_Peak,22,"Developed, Low Intensity",2,1989
AZ,32115,518,Salt_River_Canyon,22,"Developed, Low Intensity",2,1989
NV,123508,664,Meadow_Valley_Range,22,"Developed, Low Intensity",167,1989
AZ,129800,18,Arrastra_Mountain,22,"Developed, Low Intensity",2,2024
CO,17109,272,James_Peak,22,"Developed, Low Intensity",19,1989
WA,108020,209,Goat_Rocks,22,"Developed, Low Intensity",324,1989
NM,203548,4,Aldo_Leopold,22,"Developed, Low Intensity",1243,2024
AL,8947,166,Dugger_Mountain,22,"Developed, Low Intensity",2,2024
CA,695200,362,Mojave,22,"Developed, Low Intensity",1532,2024
WA,353,523,San_Juan,22,"Developed, Low Intensity",3,1989
NV,43512,670,Parsnip_Peak,22,"Developed, Low Intensity",81,2024
WY,31057,255,Huston_Park,22,"Developed, Low Intensity",2,1989
CA,34264,501,Rodman_Mountains,22,"Developed, Low Intensity",48,2024
OR,180103,287,Kalmiopsis,22,"Developed, Low Intensity",114,1989
NM,46963,649,White_Mountain,22,"Developed, Low Intensity",24,1989
AZ,31200,251,Hummingbird_Springs,22,"Developed, Low Intensity",136,1989
NM,44678,14,Apache_Kid,22,"Developed, Low Intensity",65,2024
CA,230966,754,White_Mountains,22,"Developed, Low Intensity",109,1989
CA,78576,531,Santa_Rosa,22,"Developed, Low Intensity",141,2024
OR,65435,342,Mark_O_Hatfield,22,"Developed, Low Intensity",43,1989
CA,89500,768,AvawatzMountains,22,"Developed, Low Intensity",17,1989
AZ,38470,486,Rawhide_Mountains,22,"Developed, Low Intensity",1,2024
MO,7040,436,Paddy_Creek,22,"Developed, Low Intensity",1,1989
FL,379,108,Cedar_Keys,22,"Developed, Low Intensity",1,1989
AZ/CA,17801,233,Havasu,22,"Developed, Low Intensity",2,2024
CO,62742,473,Powderhorn,22,"Developed, Low Intensity",67,1989
CA,80090,770,Soda_Mountains,22,"Developed, Low Intensity",344,1989
UT,3291,721,Deep_Creek,22,"Developed, Low Intensity",2,1989
NV,32072,532,Santa_Rosa_Paradise_Peak,22,"Developed, Low Intensity",41,2024
UT,29029,803,Turtle_Canyon,22,"Developed, Low Intensity",13,2024
NV,157716,663,Mormon_Mountains,22,"Developed, Low Intensity",318,1989
NM,19154,645,Wheeler_Peak,22,"Developed, Low Intensity",2,2024
WV,20705,434,Otter_Creek,22,"Developed, Low Intensity",1,2024
AZ,2040,22,Baboquivari_Peak,22,"Developed, Low Intensity",2,2024
AZ,160164,583,Superstition,22,"Developed, Low Intensity",128,1989
SC,4755,629,Wambaw_Swamp,22,"Developed, Low Intensity",15,2024
TN,3791,26,Bald_River_Gorge,22,"Developed, Low Intensity",4,1989
CA,32186,522,San_Jacinto,22,"Developed, Low Intensity",23,1989
IL,4739,124,Clear_Springs,22,"Developed, Low Intensity",1,2024
WA,414322,8,Alpine_Lakes,22,"Developed, Low Intensity",416,2024
CA,60280,569,South_Sierra,22,"Developed, Low Intensity",8,1989
UT,16343,798,Middle_Wild_Horse_Mesa,22,"Developed, Low Intensity",3,1989
AZ,20053,458,Pine_Mountain,22,"Developed, Low Intensity",36,2024
CA,101574,521,San_Gorgonio,22,"Developed, Low Intensity",551,2024
CO,66280,723,Dominguez_Canyon,22,"Developed, Low Intensity",20,1989
FL,3064,48,Billies_Bay,22,"Developed, Low Intensity",9,1989
CA,231619,12,Ansel_Adams,22,"Developed, Low Intensity",363,1989
UT,44572,378,Mount_Naomi,22,"Developed, Low Intensity",54,2024
VA,79579,549,Shenandoah,22,"Developed, Low Intensity",73,1989
AZ,803418,90,Cabeza_Prieta,22,"Developed, Low Intensity",494,1989
CA,14698,735,Owens_River_Headwaters,22,"Developed, Low Intensity",42,1989
NY,1381,182,Otis_Pike_Fire_Island_High_Dune,22,"Developed, Low Intensity",19,1989
CA,70206,570,South_Warner,22,"Developed, Low Intensity",118,1989
NM,18881,143,Cruces_Basin,22,"Developed, Low Intensity",42,2024
VT,12336,689,Joseph_Battell,22,"Developed, Low Intensity",5,1989
CO,77932,261,Indian_Peaks,22,"Developed, Low Intensity",8,1989
MT,20819,616,UL_Bend,22,"Developed, Low Intensity",137,2024
OR,54406,389,Mount_Washington,22,"Developed, Low Intensity",7,1989
ND,5577,332,Lostwood,22,"Developed, Low Intensity",41,1989
NV,36299,673,Far_South_Egans,22,"Developed, Low Intensity",3,1989
WA,44270,83,Buckhorn,22,"Developed, Low Intensity",1,1989
OR,23036,393,Mountain_Lakes,22,"Developed, Low Intensity",35,2024
CA,31059,726,Granite_Mountain_CA,22,"Developed, Low Intensity",58,1989
CA,45384,44,Big_Maria_Mountains,22,"Developed, Low Intensity",5,2024
WA,876447,428,Daniel_J_Evans,22,"Developed, Low Intensity",834,2024
CA,13007,144,Cucamonga,22,"Developed, Low Intensity",60,2024
CA,33772,537,Sawtooth_Mountains,22,"Developed, Low Intensity",3,1989
MI,11951,152,Delirium,22,"Developed, Low Intensity",18,1989
AZ/UT,110816,444,Paria_Canyon_Vermilion_Cliffs,22,"Developed, Low Intensity",16,1989
NV,36151,700,Shellback,22,"Developed, Low Intensity",4,2024
CA,10999,103,Castle_Crags,22,"Developed, Low Intensity",35,2024
CO,19237,572,Spanish_Peaks,22,"Developed, Low Intensity",56,1989
CO,160997,568,South_San_Juan,22,"Developed, Low Intensity",309,1989
CO,37344,760,Hermosa_Creek,22,"Developed, Low Intensity",101,1989
NM,16776,780,Robledo_Mountains,22,"Developed, Low Intensity",13,1989
NV,120551,16,ArcDome,22,"Developed, Low Intensity",54,1989
WA,531325,445,Pasayten,22,"Developed, Low Intensity",795,2024
NV,30594,668,Worthington_Mountains,22,"Developed, Low Intensity",16,2024
CA,72192,463,Piper_Mountain,22,"Developed, Low Intensity",168,2024
AR,34933,85,Buffalo_National_River,22,"Developed, Low Intensity",17,1989
UT,25078,154,Deseret_Peak,22,"Developed, Low Intensity",40,1989
WA,52294,413,Norse_Peak,22,"Developed, Low Intensity",37,2024
CA,31358,271,Jacumba,22,"Developed, Low Intensity",13,2024
WV,17777,160,Dolly_Sods,22,"Developed, Low Intensity",94,2024
UT,22843,636,Wellsville_Mountain,22,"Developed, Low Intensity",45,2024
OR,17176,218,Grassy_Knob,22,"Developed, Low Intensity",19,1989
FL,3064,48,Billies_Bay,22,"Developed, Low Intensity",9,2024
WA,168955,652,William_O_Douglas,22,"Developed, Low Intensity",382,2024
NV,40303,806,Desatoya Mountains Wilderness,22,"Developed, Low Intensity",107,1989
UT,98023,799,Muddy_Creek,22,"Developed, Low Intensity",5,1989
AZ,803418,90,Cabeza_Prieta,22,"Developed, Low Intensity",528,2024
CA,230966,754,White_Mountains,22,"Developed, Low Intensity",127,2024
UT,4478,720,Deep_Creek_North,22,"Developed, Low Intensity",133,2024
WA,119966,371,Mount_Baker,22,"Developed, Low Intensity",320,2024
WA,13278,383,Mount_Skokomish,22,"Developed, Low Intensity",1,2024
WA,105543,704,Wild_Sky,22,"Developed, Low Intensity",238,2024
NM,221796,447,Pecos,22,"Developed, Low Intensity",36,2024
VA,8907,273,James_River_Face,22,"Developed, Low Intensity",21,2024
FL,24222,72,Bradwell_Bay,22,"Developed, Low Intensity",325,2024
CA,112723,177,Emigrant,22,"Developed, Low Intensity",21,2024
OR,283818,602,Three_Sisters,22,"Developed, Low Intensity",492,2024
OR,170202,576,Steens_Mountain,22,"Developed, Low Intensity",188,1989
CA,17250,771,Milpitas_Wash,22,"Developed, Low Intensity",1,2024
WA,52294,413,Norse_Peak,22,"Developed, Low Intensity",27,1989
CO,19237,572,Spanish_Peaks,22,"Developed, Low Intensity",59,2024
CO,16486,384,Mount_Sneffels,22,"Developed, Low Intensity",12,2024
WA,11851,132,Colonel_Bob,22,"Developed, Low Intensity",1,2024
CA,26839,738,Pleasant_View_Ridge,22,"Developed, Low Intensity",28,2024
TX,5536,612,Turkey_Hill,22,"Developed, Low Intensity",38,1989
CA,44804,353,Mesquite,22,"Developed, Low Intensity",1,1989
CO,160309,391,Mount_Zirkel,22,"Developed, Low Intensity",33,1989
NV,52618,172,East_Fork_High_Rock_Canyon,22,"Developed, Low Intensity",3,1989
NV,12930,675,Big_Rocks,22,"Developed, Low Intensity",2,1989
ID,90776,764,White_Clouds,22,"Developed, Low Intensity",11,1989
WA,47123,370,Mount_Adams,22,"Developed, Low Intensity",111,1989
FL,2619,270,JN_Ding_Darling,22,"Developed, Low Intensity",87,1989
OR,55127,385,Mount_Thielsen,22,"Developed, Low Intensity",67,2024
WA,3060,208,Glacier_View,22,"Developed, Low Intensity",1,1989
NV,5341,674,Tunnel_Spring,22,"Developed, Low Intensity",65,2024
MN,816244,70,Boundary_Waters_Canoe_Area,22,"Developed, Low Intensity",233,2024
AZ,112400,630,Warm_Springs,22,"Developed, Low Intensity",128,1989
FL,17350,574,St_Marks,22,"Developed, Low Intensity",327,2024
CO,8801,89,Byers_Peak,22,"Developed, Low Intensity",6,1989
CA,20241,530,Santa_Lucia,22,"Developed, Low Intensity",3,1989
AZ,10431,192,Fossil_Springs,22,"Developed, Low Intensity",25,1989
IL,3955,198,Garden_of_the_Gods,22,"Developed, Low Intensity",5,2024
NE,7833,560,Soldier_Creek,22,"Developed, Low Intensity",1,1989
KY,12371,127,Clifty,22,"Developed, Low Intensity",10,1989
CA,30863,159,Dinkey_Lakes,22,"Developed, Low Intensity",96,1989
VT,6725,37,Big_Branch,22,"Developed, Low Intensity",5,2024
GA/NC,23364,571,Southern_Nantahala,22,"Developed, Low Intensity",3,2024
AZ,87182,118,Chiricahua,22,"Developed, Low Intensity",247,2024
AZ,60773,193,Four_Peaks,22,"Developed, Low Intensity",103,1989
SD,13534,55,Black_Elk,22,"Developed, Low Intensity",5,2024
AZ,10414,580,Strawberry_Crater,22,"Developed, Low Intensity",4,1989
UT,25635,71,Box_Death_Hollow,22,"Developed, Low Intensity",5,2024
CA,49296,136,Coso_Range,22,"Developed, Low Intensity",50,2024
AZ,10290,119,Chiricahua_National_Monument,22,"Developed, Low Intensity",1,2024
CA,12178,732,Magic_Mountain,22,"Developed, Low Intensity",16,2024
AZ,9808,215,Granite_Mountain_AZ,22,"Developed, Low Intensity",3,2024
UT,7085,20,AshdownGorge,22,"Developed, Low Intensity",336,2024
CA,537357,611,Trinity_Alps,22,"Developed, Low Intensity",2568,2024
CA,27315,455,Phillip_Burton,22,"Developed, Low Intensity",228,2024
FL,8075,399,Mud_Swamp_New_River,22,"Developed, Low Intensity",231,1989
OR,36865,627,Waldo_Lake,22,"Developed, Low Intensity",4,2024
NV,48154,400,Muddy_Mountains,22,"Developed, Low Intensity",20,1989
NM,18827,655,Withington,22,"Developed, Low Intensity",19,1989
CA,43182,546,Sheep_Mountain,22,"Developed, Low Intensity",100,1989
CA/OR,20130,487,Red_Buttes,22,"Developed, Low Intensity",22,1989
VA,9327,503,Rough_Mountain,22,"Developed, Low Intensity",138,2024
CA,26839,738,Pleasant_View_Ridge,22,"Developed, Low Intensity",7,1989
WA,15776,594,Tatoosh,22,"Developed, Low Intensity",19,2024
CA,18631,139,Coyote_Mountains_CA,22,"Developed, Low Intensity",227,2024
IL,3694,88,Burden_Falls,22,"Developed, Low Intensity",12,2024
CO,44345,534,Sarvis_Creek,22,"Developed, Low Intensity",97,1989
CA/OR,20130,487,Red_Buttes,22,"Developed, Low Intensity",27,2024
CA,14645,46,Bigelow_Cholla_Garden,22,"Developed, Low Intensity",62,1989
IL,4050,140,Crab_Orchard,22,"Developed, Low Intensity",3,2024
NV,59107,245,High_Rock_Lake,22,"Developed, Low Intensity",41,1989
CA,38599,47,Bighorn_Mountain,22,"Developed, Low Intensity",19,1989
NV,128362,805,Clan_Alpine_Mountains,22,"Developed, Low Intensity",69,2024
AZ,6664,293,Kendrick_Mountain,22,"Developed, Low Intensity",1,1989
MT,1062694,64,Bob_Marshall,22,"Developed, Low Intensity",5724,1989
CA,595364,279,Joshua_Tree,22,"Developed, Low Intensity",256,2024
VT,18122,334,Lye_Brook,22,"Developed, Low Intensity",21,2024
CO,497111,637,Weminuche,22,"Developed, Low Intensity",569,1989
AZ,97880,169,Eagletail_Mountains,22,"Developed, Low Intensity",1,2024
AZ,31520,387,Mount_Tipton,22,"Developed, Low Intensity",1,1989
NC,8490,105,Catfish_Lake_South,22,"Developed, Low Intensity",9,2024
UT,50216,459,Pine_Valley_Mountain,22,"Developed, Low Intensity",111,2024
NV,67214,701,South_Egan_Range,22,"Developed, Low Intensity",102,1989
CA,71389,82,Bristol_Mountains,22,"Developed, Low Intensity",3,1989
WA,14616,125,Clearwater,22,"Developed, Low Intensity",1,2024
ID/OR,217747,239,Hells_Canyon_IDOR,22,"Developed, Low Intensity",262,2024
CA,28955,423,North_Mesquite_Mountains,22,"Developed, Low Intensity",33,1989
NV,30539,672,Fortification_Range,22,"Developed, Low Intensity",60,1989
NV,123508,664,Meadow_Valley_Range,22,"Developed, Low Intensity",241,2024
WY,15284,535,Savage_Run,22,"Developed, Low Intensity",3,2024
CA,158147,102,Carson_Iceberg,22,"Developed, Low Intensity",422,1989
CA,252149,296,Kingston_Range,22,"Developed, Low Intensity",239,1989
AZ,56973,477,Pusch_Ridge,22,"Developed, Low Intensity",105,2024
CA,7272,683,Mount_Lassic,22,"Developed, Low Intensity",182,2024
ME,2712,368,Moosehorn,22,"Developed, Low Intensity",11,2024
NM,44678,14,Apache_Kid,22,"Developed, Low Intensity",17,1989
CO,82496,252,Hunter_Fryingpan,22,"Developed, Low Intensity",6,2024
MT,158712,10,Anaconda_Pintler,22,"Developed, Low Intensity",28,2024
ME,4680,369,Moosehorn_Baring_Unit,22,"Developed, Low Intensity",170,1989
CO,8500,352,Mesa_Verde,22,"Developed, Low Intensity",2,2024
WA,3060,208,Glacier_View,22,"Developed, Low Intensity",1,2024
CA,26102,408,Newberry_Mountains,22,"Developed, Low Intensity",1,1989
NV,85668,666,Clover_Mountains,22,"Developed, Low Intensity",176,2024
TN,3791,26,Bald_River_Gorge,22,"Developed, Low Intensity",4,2024
AZ,37457,240,Hellsgate,22,"Developed, Low Intensity",22,2024
OK,8570,650,Wichita_Mountains,22,"Developed, Low Intensity",1,2024
VT,18122,334,Lye_Brook,22,"Developed, Low Intensity",11,1989
CA,44804,353,Mesquite,22,"Developed, Low Intensity",1,2024
FL,2619,270,JN_Ding_Darling,22,"Developed, Low Intensity",78,2024
WY,191914,129,Cloud_Peak,22,"Developed, Low Intensity",192,2024
NV,39173,462,Pinto_Valley,22,"Developed, Low Intensity",1,1989
AZ,18720,285,Kachina_Peaks,22,"Developed, Low Intensity",74,2024
CA,128044,249,Hoover,22,"Developed, Low Intensity",8,1989
NJ,3660,222,Great_Swamp,22,"Developed, Low Intensity",3,2024
NC,7482,355,Middle_Prong,22,"Developed, Low Intensity",4,2024
AZ,87182,118,Chiricahua,22,"Developed, Low Intensity",3,1989
NM,11114,781,Sierra_de_las_Uvas,22,"Developed, Low Intensity",3,1989
CA,36981,397,Mt_Shasta,22,"Developed, Low Intensity",519,1989
NV,128362,805,Clan_Alpine_Mountains,22,"Developed, Low Intensity",56,1989
CA,70206,570,South_Warner,22,"Developed, Low Intensity",128,2024
CA,225114,340,Marble_Mountain,22,"Developed, Low Intensity",572,2024
NM,39540,642,West_Malpais,22,"Developed, Low Intensity",22,1989
NV,40303,806,Desatoya Mountains Wilderness,22,"Developed, Low Intensity",110,2024
NV,47311,147,Currant_Mountain,22,"Developed, Low Intensity",4,2024
CA,89500,768,AvawatzMountains,22,"Developed, Low Intensity",38,2024
CA,71389,82,Bristol_Mountains,22,"Developed, Low Intensity",10,2024
NM,221796,447,Pecos,22,"Developed, Low Intensity",5,1989
CA,537357,611,Trinity_Alps,22,"Developed, Low Intensity",2055,1989
WA,7140,282,Juniper_Dunes,22,"Developed, Low Intensity",15,1989
CA,182298,661,Yolla_Bolly_Middle_Eel,22,"Developed, Low Intensity",805,1989
CA,158147,102,Carson_Iceberg,22,"Developed, Low Intensity",481,2024
WV,17777,160,Dolly_Sods,22,"Developed, Low Intensity",37,1989
WY,198906,185,Fitzpatrick,22,"Developed, Low Intensity",31,2024
WY,285619,224,Gros_Ventre,22,"Developed, Low Intensity",107,2024
IL,4050,140,Crab_Orchard,22,"Developed, Low Intensity",2,1989
AZ,11235,30,Bear_Wallow,22,"Developed, Low Intensity",7,2024
ID,67993,763,Hemingway_Boulders,22,"Developed, Low Intensity",3,1989
ND,4155,113,Chase_Lake,22,"Developed, Low Intensity",10,2024
CO,16486,384,Mount_Sneffels,22,"Developed, Low Intensity",7,1989
UT,3291,721,Deep_Creek,22,"Developed, Low Intensity",2,2024
UT,44447,714,Canaan_Mountain,22,"Developed, Low Intensity",12,1989
NM,19154,645,Wheeler_Peak,22,"Developed, Low Intensity",1,1989
AR,10585,171,East_Fork,22,"Developed, Low Intensity",4,1989
CA,20158,749,South_Fork_San_Jacinto,22,"Developed, Low Intensity",94,1989
CA,20839,98,Caribou,22,"Developed, Low Intensity",160,2024
WY,346320,414,North_Absaroka,22,"Developed, Low Intensity",1305,1989
GA,5125,656,Wolf_Island,22,"Developed, Low Intensity",2,2024
AZ,25457,104,Castle_Creek,22,"Developed, Low Intensity",39,1989
NM,13902,774,Broad_Canyon,22,"Developed, Low Intensity",8,2024
OR,9465,715,Clackamas,22,"Developed, Low Intensity",30,1989
CA,65726,17,Argus_Range,22,"Developed, Low Intensity",76,2024
WY,102620,470,Popo_Agie,22,"Developed, Low Intensity",45,1989
NM,18881,143,Cruces_Basin,22,"Developed, Low Intensity",40,1989
NM,16935,775,Cinder_Cone,22,"Developed, Low Intensity",29,2024
WA,14616,125,Clearwater,22,"Developed, Low Intensity",1,1989
OR,35749,502,Rogue_Umpqua_Divide,22,"Developed, Low Intensity",66,1989
CA,73868,435,Owens_Peak,22,"Developed, Low Intensity",27,2024
AZ,87900,439,Paiute,22,"Developed, Low Intensity",435,2024
NJ,3660,222,Great_Swamp,22,"Developed, Low Intensity",2,1989
WY,584733,596,Teton,22,"Developed, Low Intensity",2360,1989
MI,11951,152,Delirium,22,"Developed, Low Intensity",20,2024
NV,30648,416,North_Black_Rock_Range,22,"Developed, Low Intensity",4,1989
AZ,50260,454,PetrifiedForest,22,"Developed, Low Intensity",3,1989
CA,768222,543,Sequoia_Kings_Canyon,22,"Developed, Low Intensity",2089,2024
AR,2143,42,Big_Lake,22,"Developed, Low Intensity",15,1989
CA,78576,531,Santa_Rosa,22,"Developed, Low Intensity",86,1989
OR,64742,374,Mount_Hood,22,"Developed, Low Intensity",720,2024
CA,73868,435,Owens_Peak,22,"Developed, Low Intensity",15,1989
FL,1296500,341,Marjory_Stoneman_Douglas,22,"Developed, Low Intensity",160,1989
VA,9327,503,Rough_Mountain,22,"Developed, Low Intensity",145,1989
CA,104048,363,Mokelumne,22,"Developed, Low Intensity",378,1989
CA,28374,214,Granite_Chief,22,"Developed, Low Intensity",104,1989
MT,11366,350,Medicine_Lake,22,"Developed, Low Intensity",85,2024
CA,60222,559,Snow_Mountain,22,"Developed, Low Intensity",435,2024
CO,122453,248,Holy_Cross,22,"Developed, Low Intensity",13,2024
AZ,32115,518,Salt_River_Canyon,22,"Developed, Low Intensity",1,2024
UT,54643,793,Labyrinth_Canyon,22,"Developed, Low Intensity",45,1989
AZ,12300,231,Hassayampa_River_Canyon,22,"Developed, Low Intensity",6,2024
WA,49344,68,Boulder_River,22,"Developed, Low Intensity",32,1989
AZ,250760,347,Mazatzal,22,"Developed, Low Intensity",302,1989
CA,101574,521,San_Gorgonio,22,"Developed, Low Intensity",427,1989
NV,30594,668,Worthington_Mountains,22,"Developed, Low Intensity",15,1989
OR,54406,389,Mount_Washington,22,"Developed, Low Intensity",7,2024
ND,29920,598,Theodore_Roosevelt,22,"Developed, Low Intensity",49,1989
ID,89820,711,Bruneau_Jarbidge_Rivers,22,"Developed, Low Intensity",207,2024
OR,35203,651,Wild_Rogue,22,"Developed, Low Intensity",1,1989
AZ,18109,402,Munds_Mountain,22,"Developed, Low Intensity",545,1989
AZ,250760,347,Mazatzal,22,"Developed, Low Intensity",386,2024
UT,19339,796,Lower_Last_Chance,22,"Developed, Low Intensity",82,1989
CA,704624,662,Yosemite,22,"Developed, Low Intensity",1866,2024
WY,123896,275,Jedediah_Smith,22,"Developed, Low Intensity",185,1989
AZ,20053,458,Pine_Mountain,22,"Developed, Low Intensity",33,1989
AZ,26912,533,Santa_Teresa,22,"Developed, Low Intensity",23,2024
ID,12556,739,Pole_Creek,22,"Developed, Low Intensity",11,1989
TX,12214,259,Indian_Mounds,22,"Developed, Low Intensity",37,1989
OR,17176,218,Grassy_Knob,22,"Developed, Low Intensity",6,2024
CO,165874,131,Collegiate_Peaks,22,"Developed, Low Intensity",4,1989
CA,14645,46,Bigelow_Cholla_Garden,22,"Developed, Low Intensity",67,2024
AZ,5800,424,North_Santa_Teresa,22,"Developed, Low Intensity",4,2024
CA,177309,613,Turtle_Mountains,22,"Developed, Low Intensity",80,2024
CO,44345,534,Sarvis_Creek,22,"Developed, Low Intensity",103,2024
NV,68623,697,Highland_Ridge,22,"Developed, Low Intensity",219,2024
AZ,60100,564,South_Maricopa_Mountains,22,"Developed, Low Intensity",1,2024
AR,2143,42,Big_Lake,22,"Developed, Low Intensity",17,2024
AR,14262,95,Caney_Creek,22,"Developed, Low Intensity",2,1989
GA,353981,426,Okefenokee,22,"Developed, Low Intensity",89,2024
MI,32557,758,Sleeping_Bear_Dunes,22,"Developed, Low Intensity",70,1989
ID,217511,536,Sawtooth,22,"Developed, Low Intensity",162,1989
TN,10804,43,Big_Laurel_Branch,22,"Developed, Low Intensity",2,2024
CA,236488,441,Palen_McCoy,22,"Developed, Low Intensity",19,1989
AZ,14400,552,Sierra_Estrella,22,"Developed, Low Intensity",37,2024
NM,5185,161,Dome,22,"Developed, Low Intensity",65,2024
MS,993,314,Leaf,22,"Developed, Low Intensity",5,2024
IL,5800,25,Bald_Knob,22,"Developed, Low Intensity",19,2024
NM,46963,649,White_Mountain,22,"Developed, Low Intensity",31,2024
MI,11358,336,Mackinac,22,"Developed, Low Intensity",75,2024
MO,8184,460,Piney_Creek,22,"Developed, Low Intensity",1,2024
IL,2760,29,Bay_Creek,22,"Developed, Low Intensity",16,1989
OR,13090,52,Black_Canyon_OR,22,"Developed, Low Intensity",2,2024
MI,4724,499,Rock_River_Canyon,22,"Developed, Low Intensity",6,1989
ID,52753,709,Big_Jacks_Creek,22,"Developed, Low Intensity",425,1989
WY,198906,185,Fitzpatrick,22,"Developed, Low Intensity",29,1989
MI,3271,412,Nordhouse_Dunes,22,"Developed, Low Intensity",3,2024
CA,199208,263,Inyo_Mountains,22,"Developed, Low Intensity",185,1989
UT,15291,381,Mount_Olympus,22,"Developed, Low Intensity",22,2024
CA,33843,128,Clipper_Mountain,22,"Developed, Low Intensity",30,2024
ME,4680,369,Moosehorn_Baring_Unit,22,"Developed, Low Intensity",169,2024
MI,16861,348,McCormick,22,"Developed, Low Intensity",4,1989
OR,35203,651,Wild_Rogue,22,"Developed, Low Intensity",11,2024
NM,47035,109,Chama_River_Canyon,22,"Developed, Low Intensity",9,2024
WA,5963,606,Trapper_Creek,22,"Developed, Low Intensity",7,1989
NV,64968,94,Calico_Mountains,22,"Developed, Low Intensity",248,2024
WA,2201,657,Wonder_Mountain,22,"Developed, Low Intensity",1,1989
CA,49296,136,Coso_Range,22,"Developed, Low Intensity",18,1989
WA,102919,241,Henry_M_Jackson,22,"Developed, Low Intensity",89,2024
NV,33466,573,Spirit_Mountain,22,"Developed, Low Intensity",15,1989
CA,39740,728,John_Krebs,22,"Developed, Low Intensity",505,1989
NV,32364,173,East_Humboldts,22,"Developed, Low Intensity",10,1989
UT,11436,615,Twin_Peaks,22,"Developed, Low Intensity",9,1989
WA,2201,657,Wonder_Mountain,22,"Developed, Low Intensity",1,2024
NM,12155,776,East_Potrillo_Mountains,22,"Developed, Low Intensity",16,2024
MS,5033,54,Black_Creek,22,"Developed, Low Intensity",43,1989
CA,48080,464,Piute_Mountains,22,"Developed, Low Intensity",1,2024
NM,29242,746,Sabinoso,22,"Developed, Low Intensity",107,1989
WY,31057,255,Huston_Park,22,"Developed, Low Intensity",2,2024
CA,28052,320,Little_Chuckwalla_Mountains,22,"Developed, Low Intensity",13,1989
CA,21986,286,Kaiser,22,"Developed, Low Intensity",43,2024
AR,11674,495,Richland_Creek,22,"Developed, Low Intensity",16,2024
OR,593,430,Oregon_Islands,22,"Developed, Low Intensity",21,1989
SD,13534,55,Black_Elk,22,"Developed, Low Intensity",5,1989
WI,5912,61,Blackjack_Springs,22,"Developed, Low Intensity",53,2024
NV,16423,404,Nellis_Wash,22,"Developed, Low Intensity",14,2024
OR,109098,375,Mount_Jefferson,22,"Developed, Low Intensity",342,1989
AZ,20251,358,Miller_Peak,22,"Developed, Low Intensity",23,1989
CA,31906,337,Malpais_Mesa,22,"Developed, Low Intensity",77,1989
UT,99428,680,Cedar_Mountain_Area,22,"Developed, Low Intensity",15,1989
OR,2871,731,Lower_White_River,22,"Developed, Low Intensity",5,1989
MI,132018,268,Isle_Royale,22,"Developed, Low Intensity",54,1989
GA,353981,426,Okefenokee,22,"Developed, Low Intensity",60,1989
AZ/CA,15056,257,Imperial_Refuge,22,"Developed, Low Intensity",18,2024
AZ,18534,516,Salome,22,"Developed, Low Intensity",173,1989
MT/WY,937102,1,Absaroka_Beartooth,22,"Developed, Low Intensity",2358,2024
CA,704624,662,Yosemite,22,"Developed, Low Intensity",1566,1989
NV,110471,274,Jarbidge,22,"Developed, Low Intensity",44,2024
NV,30648,416,North_Black_Rock_Range,22,"Developed, Low Intensity",6,2024
FL,8075,399,Mud_Swamp_New_River,22,"Developed, Low Intensity",247,2024
AZ,11700,163,Dos_Cabezas_Mountains,22,"Developed, Low Intensity",69,2024
WA,15776,594,Tatoosh,22,"Developed, Low Intensity",11,1989
CA,18682,589,Sylvania_Mountains,22,"Developed, Low Intensity",3,2024
CA,60222,559,Snow_Mountain,22,"Developed, Low Intensity",423,1989
MT,34304,483,Rattlesnake,22,"Developed, Low Intensity",14,2024
CO,15599,53,Black_Canyon_of_the_Gunnison,22,"Developed, Low Intensity",15,2024
WA,5963,606,Trapper_Creek,22,"Developed, Low Intensity",3,2024
GA,9240,484,Raven_Cliffs,22,"Developed, Low Intensity",41,1989
UT,16343,798,Middle_Wild_Horse_Mesa,22,"Developed, Low Intensity",2,2024
CO,66280,723,Dominguez_Canyon,22,"Developed, Low Intensity",20,2024
CA,31358,271,Jacumba,22,"Developed, Low Intensity",2,1989
CA,83195,578,Stepladder_Mountains,22,"Developed, Low Intensity",8,2024
AZ,18534,516,Salome,22,"Developed, Low Intensity",179,2024
CA,83195,578,Stepladder_Mountains,22,"Developed, Low Intensity",9,1989
CO,219891,529,Sangre_de_Cristo,22,"Developed, Low Intensity",57,2024
MI,32557,758,Sleeping_Bear_Dunes,22,"Developed, Low Intensity",74,2024
VA,3329,724,Garden_Mountain,22,"Developed, Low Intensity",1,2024
CA,28374,214,Granite_Chief,22,"Developed, Low Intensity",111,2024
CO,41281,86,Buffalo_Peaks,22,"Developed, Low Intensity",1,2024
CA,13007,144,Cucamonga,22,"Developed, Low Intensity",60,1989
UT,30632,330,Lone_Peak,22,"Developed, Low Intensity",70,2024
CA,27296,684,Cache_Creek,22,"Developed, Low Intensity",143,1989
WA,14266,410,Noisy_Diobsud,22,"Developed, Low Intensity",44,2024
UT,11436,615,Twin_Peaks,22,"Developed, Low Intensity",14,2024
OR,19918,67,Boulder_Creek,22,"Developed, Low Intensity",6,2024
NE,4635,190,Fort_Niobrara,22,"Developed, Low Intensity",19,2024
ME,2712,368,Moosehorn,22,"Developed, Low Intensity",10,1989
NM,8382,777,Mount_Riley,22,"Developed, Low Intensity",1,1989
AZ,7880,388,Mount_Trumbull,22,"Developed, Low Intensity",15,2024
OR,35749,502,Rogue_Umpqua_Divide,22,"Developed, Low Intensity",70,2024
AZ/CA,15056,257,Imperial_Refuge,22,"Developed, Low Intensity",15,1989
UT,60442,801,San_Rafael_Reef,22,"Developed, Low Intensity",1,2024
ID,266390,736,Owyhee_River,22,"Developed, Low Intensity",61,1989
OR,22614,201,Gearhart_Mountain,22,"Developed, Low Intensity",32,2024
CA,71275,158,Dick_Smith,22,"Developed, Low Intensity",13,2024
CA,17059,566,South_Nopah_Range,22,"Developed, Low Intensity",12,1989
NV,52451,216,Grant_Range,22,"Developed, Low Intensity",51,2024
CA,199208,263,Inyo_Mountains,22,"Developed, Low Intensity",200,2024
OR,120694,418,North_Fork_John_Day,22,"Developed, Low Intensity",128,1989
CO,41531,329,Lizard_Head,22,"Developed, Low Intensity",15,1989
CO,249126,745,Rocky_Mountain,22,"Developed, Low Intensity",639,2024
CO,135104,168,Eagles_Nest,22,"Developed, Low Intensity",28,2024
NJ,6681,79,Brigantine,22,"Developed, Low Intensity",4,1989
CA,652903,278,John_Muir,22,"Developed, Low Intensity",561,2024
TX,5536,612,Turkey_Hill,22,"Developed, Low Intensity",36,2024
MI,5268,41,Big_Island_Lake,22,"Developed, Low Intensity",11,2024
CA,44223,365,Monarch,22,"Developed, Low Intensity",232,2024
OR,28915,23,Badger_Creek,22,"Developed, Low Intensity",77,2024
UT,30632,330,Lone_Peak,22,"Developed, Low Intensity",38,1989
NV,121449,696,High_Schells,22,"Developed, Low Intensity",92,2024
CA,12521,507,Russian,22,"Developed, Low Intensity",177,1989
OR,6404,751,Spring_Basin,22,"Developed, Low Intensity",34,2024
NV,23439,420,North_Jackson_Mountains,22,"Developed, Low Intensity",72,1989
NC,8490,105,Catfish_Lake_South,22,"Developed, Low Intensity",10,1989
OR,8758,356,Middle_Santiam,22,"Developed, Low Intensity",63,1989
SC,2122,237,Hell_Hole_Bay,22,"Developed, Low Intensity",3,2024
ID,50930,730,Little_Jacks_Creek,22,"Developed, Low Intensity",143,2024
AZ,7499,440,Pajarita,22,"Developed, Low Intensity",7,2024
MS,993,314,Leaf,22,"Developed, Low Intensity",5,1989
OR,5337,77,Bridge_Creek,22,"Developed, Low Intensity",7,2024
AZ,14630,170,East_Cactus_Plain,22,"Developed, Low Intensity",31,2024
NM,12155,776,East_Potrillo_Mountains,22,"Developed, Low Intensity",13,1989
CO/WY,24051,465,Platte_River,22,"Developed, Low Intensity",5,2024
WI,7135,480,Rainbow_Lake,22,"Developed, Low Intensity",1,2024
AR,16652,315,Leatherwood,22,"Developed, Low Intensity",5,1989
VA,9826,513,Saint_Marys,22,"Developed, Low Intensity",8,2024
NM,44372,759,Columbine_Hondo,22,"Developed, Low Intensity",18,2024
ID,67993,763,Hemingway_Boulders,22,"Developed, Low Intensity",5,2024
CA,165172,427,Old_Woman_Mountains,22,"Developed, Low Intensity",15,2024
MT,93272,91,Cabinet_Mountains,22,"Developed, Low Intensity",45,2024
WY,426751,78,Bridger,22,"Developed, Low Intensity",20,2024
AZ,41143,509,Saddle_Mountain,22,"Developed, Low Intensity",14,1989
CA,35738,520,San_Gabriel,22,"Developed, Low Intensity",192,1989
WA,451,633,Washington_Islands,22,"Developed, Low Intensity",3,1989
AZ,20251,358,Miller_Peak,22,"Developed, Low Intensity",30,2024
MN,2180,593,Tamarac,22,"Developed, Low Intensity",23,1989
CA,31906,337,Malpais_Mesa,22,"Developed, Low Intensity",104,2024
CA,20839,98,Caribou,22,"Developed, Low Intensity",113,1989
NV,26310,478,Quinn_Canyon,22,"Developed, Low Intensity",2,1989
AZ,14650,376,Mount_Logan,22,"Developed, Low Intensity",3,1989
SC,4755,629,Wambaw_Swamp,22,"Developed, Low Intensity",13,1989
IL,6352,333,Lusk_Creek,22,"Developed, Low Intensity",3,1989
AL,7400,115,Cheaha,22,"Developed, Low Intensity",17,2024
UT,29029,803,Turtle_Canyon,22,"Developed, Low Intensity",13,1989
NV,67214,701,South_Egan_Range,22,"Developed, Low Intensity",106,2024
CO,176431,641,West_Elk,22,"Developed, Low Intensity",396,1989
NV,88650,395,Mt_Moriah,22,"Developed, Low Intensity",2,2024
CA,23679,174,El_Paso_Mountains,22,"Developed, Low Intensity",86,2024
ID,116843,765,Jim_McClure_Jerry_Peak,22,"Developed, Low Intensity",26,2024
MT,259756,538,Scapegoat,22,"Developed, Low Intensity",1510,1989
CA,39412,524,San_Mateo_Canyon,22,"Developed, Low Intensity",71,2024
WY,102620,470,Popo_Agie,22,"Developed, Low Intensity",46,2024
AZ,10431,192,Fossil_Springs,22,"Developed, Low Intensity",83,2024
NV,314835,59,Black_Rock_Desert,22,"Developed, Low Intensity",270,2024
MT,28248,635,Welcome_Creek,22,"Developed, Low Intensity",31,2024
CA,18002,3,Agua_Tibia,22,"Developed, Low Intensity",2,2024
AZ,60773,193,Four_Peaks,22,"Developed, Low Intensity",420,2024
NV,22374,691,Bald_Mountain,22,"Developed, Low Intensity",116,2024
CO,23116,223,Greenhorn_Mountain,22,"Developed, Low Intensity",8,2024
CA,18631,139,Coyote_Mountains_CA,22,"Developed, Low Intensity",237,1989
FL,2827,325,Little_Lake_George,22,"Developed, Low Intensity",4,2024
WY,346320,414,North_Absaroka,22,"Developed, Low Intensity",1748,2024
CO,17784,227,Gunnison_Gorge,22,"Developed, Low Intensity",3,1989
AZ,7880,388,Mount_Trumbull,22,"Developed, Low Intensity",15,1989
MI,3271,412,Nordhouse_Dunes,22,"Developed, Low Intensity",3,1989
GA/NC/SC,8300,176,Ellicott_Rock,22,"Developed, Low Intensity",1,2024
WA,566161,207,Glacier_Peak,22,"Developed, Low Intensity",406,2024
AZ,10290,119,Chiricahua_National_Monument,22,"Developed, Low Intensity",1,1989
OR,355553,167,Eagle_Cap,22,"Developed, Low Intensity",436,2024
ID/OR,217747,239,Hells_Canyon_IDOR,22,"Developed, Low Intensity",137,1989
GA,9907,145,Cumberland_Island,22,"Developed, Low Intensity",29,1989
CA,31059,726,Granite_Mountain_CA,22,"Developed, Low Intensity",45,2024
NC,18477,550,Shining_Rock,22,"Developed, Low Intensity",3,1989
CA,236488,441,Palen_McCoy,22,"Developed, Low Intensity",20,2024
UT,10648,719,Cougar_Canyon,22,"Developed, Low Intensity",34,1989
AZ,36949,496,Rincon_Mountain,22,"Developed, Low Intensity",1,2024
AZ,14630,170,East_Cactus_Plain,22,"Developed, Low Intensity",19,1989
TN,5634,322,Little_Frog_Mountain,22,"Developed, Low Intensity",8,1989
AZ,6178,644,Wet_Beaver,22,"Developed, Low Intensity",3,2024
WA,638173,577,Stephen_Mather,22,"Developed, Low Intensity",476,1989
OR,55127,385,Mount_Thielsen,22,"Developed, Low Intensity",74,1989
SC,1832,628,Wambaw_Creek,22,"Developed, Low Intensity",4,1989
SC,1832,628,Wambaw_Creek,22,"Developed, Low Intensity",9,2024
AZ,5158,180,Escudilla,22,"Developed, Low Intensity",4,2024
CO,219891,529,Sangre_de_Cristo,22,"Developed, Low Intensity",49,1989
WA,20784,258,Indian_Heaven,22,"Developed, Low Intensity",21,2024
AZ,77585,196,Galiuro,22,"Developed, Low Intensity",97,2024
NC,1692,469,Pond_Pine,22,"Developed, Low Intensity",50,2024
CO,68025,133,Comanche_Peak,22,"Developed, Low Intensity",71,2024
CA,179847,557,Siskiyou,22,"Developed, Low Intensity",479,2024
CO,73416,373,Mount_Evans,22,"Developed, Low Intensity",6,2024
NM,559310,205,Gila,22,"Developed, Low Intensity",2534,2024
AZ,21000,40,Big_Horn_Mountains,22,"Developed, Low Intensity",66,1989
CA,595364,279,Joshua_Tree,22,"Developed, Low Intensity",175,1989
UT,7179,804,Nelson_Mountain,22,"Developed, Low Intensity",1,1989
FL,2827,325,Little_Lake_George,22,"Developed, Low Intensity",4,1989
NV,12930,675,Big_Rocks,22,"Developed, Low Intensity",5,2024
CO,8801,89,Byers_Peak,22,"Developed, Low Intensity",2,2024
UT,10518,386,Mount_Timpanogos,22,"Developed, Low Intensity",22,2024
NV,28274,676,Mt_Irish,22,"Developed, Low Intensity",23,2024
AZ,5887,658,Woodchute,22,"Developed, Low Intensity",11,2024
WY,693934,632,Washakie,22,"Developed, Low Intensity",3039,1989
NM,559310,205,Gila,22,"Developed, Low Intensity",1926,1989
OR,23036,393,Mountain_Lakes,22,"Developed, Low Intensity",36,1989
CA,42079,266,Ishi,22,"Developed, Low Intensity",97,2024
AR,11978,621,Upper_Buffalo,22,"Developed, Low Intensity",6,1989
CO,497111,637,Weminuche,22,"Developed, Low Intensity",708,2024
CO/WY,24051,465,Platte_River,22,"Developed, Low Intensity",3,1989
NV,111066,665,Delamar_Mountains,22,"Developed, Low Intensity",55,2024
CA,8158,417,North_Fork,22,"Developed, Low Intensity",155,1989
NV,18879,277,Jimbilnan,22,"Developed, Low Intensity",2,1989
OR/WA,176737,638,Wenaha_Tucannon,22,"Developed, Low Intensity",266,1989
WY,426751,78,Bridger,22,"Developed, Low Intensity",12,1989
CA,27315,455,Phillip_Burton,22,"Developed, Low Intensity",202,1989
AZ,31520,387,Mount_Tipton,22,"Developed, Low Intensity",1,2024
NV,32072,532,Santa_Rosa_Paradise_Peak,22,"Developed, Low Intensity",34,1989
CA,37786,211,Golden_Valley,22,"Developed, Low Intensity",181,2024
OR/WA,176737,638,Wenaha_Tucannon,22,"Developed, Low Intensity",285,2024
NV,46943,304,La_Madre_Mountain,22,"Developed, Low Intensity",493,2024
ND,5577,332,Lostwood,22,"Developed, Low Intensity",71,2024
AZ,23900,390,Mount_Wilson,22,"Developed, Low Intensity",8,1989
NV,56890,438,Pahute_Peak,22,"Developed, Low Intensity",10,1989
NH,24032,690,Wild_River,22,"Developed, Low Intensity",17,1989
UT,99428,680,Cedar_Mountain_Area,22,"Developed, Low Intensity",34,2024
WA,20784,258,Indian_Heaven,22,"Developed, Low Intensity",21,1989
NM,47035,109,Chama_River_Canyon,22,"Developed, Low Intensity",8,1989
CO,230829,186,Flat_Tops,22,"Developed, Low Intensity",70,2024
CA,42695,687,King_Range,22,"Developed, Low Intensity",352,1989
UT,22843,636,Wellsville_Mountain,22,"Developed, Low Intensity",36,1989
MT,32350,488,Red_Rock_Lakes,22,"Developed, Low Intensity",53,1989
ID,205395,212,Gospel_Hump,22,"Developed, Low Intensity",212,1989
CA,191104,526,San_Rafael,22,"Developed, Low Intensity",429,1989
ME,11236,99,Caribou_Speckled_Mountain,22,"Developed, Low Intensity",2,1989
CA,41777,492,Rice_Valley,22,"Developed, Low Intensity",2,2024
CA,42695,687,King_Range,22,"Developed, Low Intensity",367,2024
WI,7270,647,Whisker_Lake,22,"Developed, Low Intensity",86,1989
MS,4630,226,Gulf_Islands,22,"Developed, Low Intensity",17,1989
OR,6404,751,Spring_Basin,22,"Developed, Low Intensity",23,1989
CA,695200,362,Mojave,22,"Developed, Low Intensity",1273,1989
IN,12472,112,Charles_C_Deam,22,"Developed, Low Intensity",6,1989
CA,56239,682,Yuki,22,"Developed, Low Intensity",757,2024
MO,12423,242,Hercules_Glades,22,"Developed, Low Intensity",69,2024
UT,54643,793,Labyrinth_Canyon,22,"Developed, Low Intensity",34,2024
CA,10510,276,Jennie_Lakes,22,"Developed, Low Intensity",28,1989
MT,259756,538,Scapegoat,22,"Developed, Low Intensity",1813,2024
UT,27075,379,Mount_Nebo,22,"Developed, Low Intensity",48,1989
CA,179847,557,Siskiyou,22,"Developed, Low Intensity",453,1989
NM,11114,781,Sierra_de_las_Uvas,22,"Developed, Low Intensity",5,2024
CO,126480,303,La_Garita,22,"Developed, Low Intensity",97,2024
OR,2871,731,Lower_White_River,22,"Developed, Low Intensity",13,2024
CA,182298,661,Yolla_Bolly_Middle_Eel,22,"Developed, Low Intensity",1079,2024
NM,105085,779,Potrillo_Mountains,22,"Developed, Low Intensity",30,2024
OR,52496,157,Diamond_Peak,22,"Developed, Low Intensity",83,2024
VA,9826,513,Saint_Marys,22,"Developed, Low Intensity",7,1989
NM,23267,27,Bandelier,22,"Developed, Low Intensity",302,2024
VA,8907,273,James_River_Face,22,"Developed, Low Intensity",4,1989
OR,20213,419,North_Fork_Umatilla,22,"Developed, Low Intensity",25,2024
NV,27502,19,Arrow_Canyon,22,"Developed, Low Intensity",70,1989
CO,8500,352,Mesa_Verde,22,"Developed, Low Intensity",1,1989
CO,122453,248,Holy_Cross,22,"Developed, Low Intensity",11,1989
UT,13107,710,Blackridge,22,"Developed, Low Intensity",69,1989
CA,56239,682,Yuki,22,"Developed, Low Intensity",551,1989
FL,13835,39,Big_Gum_Swamp,22,"Developed, Low Intensity",66,1989
NH,35301,528,Sandwich_Range,22,"Developed, Low Intensity",5,2024
CA/NV,3190455,151,Death_Valley,22,"Developed, Low Intensity",1880,2024
NV,52451,216,Grant_Range,22,"Developed, Low Intensity",28,1989
NV,92627,590,Table_Mountain,22,"Developed, Low Intensity",45,1989
AR,14262,95,Caney_Creek,22,"Developed, Low Intensity",2,2024
CO,64307,479,Raggeds,22,"Developed, Low Intensity",207,2024
CA,13140,117,Chimney_Peak,22,"Developed, Low Intensity",3,1989
CA,231619,12,Ansel_Adams,22,"Developed, Low Intensity",534,2024
CA,11001,757,Elkhorn_Ridge,22,"Developed, Low Intensity",50,2024
CA,225114,340,Marble_Mountain,22,"Developed, Low Intensity",438,1989
IN,12472,112,Charles_C_Deam,22,"Developed, Low Intensity",6,2024
MI,11358,336,Mackinac,22,"Developed, Low Intensity",68,1989
NV,25671,667,South_Pahroc_Range,22,"Developed, Low Intensity",2,2024
CA,144915,291,Kelso_Dunes,22,"Developed, Low Intensity",131,2024
NV,157716,663,Mormon_Mountains,22,"Developed, Low Intensity",347,2024
NM,61600,106,Cebolla,22,"Developed, Low Intensity",8,1989
NV,36299,673,Far_South_Egans,22,"Developed, Low Intensity",3,2024
NV,59107,245,High_Rock_Lake,22,"Developed, Low Intensity",42,2024
FL,17350,574,St_Marks,22,"Developed, Low Intensity",168,1989
UT,453863,246,High_Uintas,22,"Developed, Low Intensity",1046,2024
AZ,129800,18,Arrastra_Mountain,22,"Developed, Low Intensity",2,1989
ID,50930,730,Little_Jacks_Creek,22,"Developed, Low Intensity",133,1989
NM,16935,775,Cinder_Cone,22,"Developed, Low Intensity",28,1989
CA,104048,363,Mokelumne,22,"Developed, Low Intensity",413,2024
NM,44372,759,Columbine_Hondo,22,"Developed, Low Intensity",18,1989
CA,303713,210,Golden_Trout,22,"Developed, Low Intensity",711,2024
UT,25078,154,Deseret_Peak,22,"Developed, Low Intensity",120,2024
CA,76312,491,Resting_Spring_Range,22,"Developed, Low Intensity",11,1989
WY,10662,653,Winegar_Hole,22,"Developed, Low Intensity",1,1989
GA,9240,484,Raven_Cliffs,22,"Developed, Low Intensity",42,2024
NV,111066,665,Delamar_Mountains,22,"Developed, Low Intensity",33,1989
CO,32643,221,Great_Sand_Dunes,22,"Developed, Low Intensity",3,1989
NV,31223,396,Mt_Rose,22,"Developed, Low Intensity",34,1989
CA,144915,291,Kelso_Dunes,22,"Developed, Low Intensity",97,1989
CA,8158,417,North_Fork,22,"Developed, Low Intensity",187,2024
WA,49344,68,Boulder_River,22,"Developed, Low Intensity",95,2024
IL,6352,333,Lusk_Creek,22,"Developed, Low Intensity",3,2024
OR,29182,734,Oregon_Badlands,22,"Developed, Low Intensity",98,2024
NM,29106,63,Blue_Range,22,"Developed, Low Intensity",103,1989
CA,13260,457,Pine_Creek,22,"Developed, Low Intensity",2,1989
CO,9482,92,Cache_La_Poudre,22,"Developed, Low Intensity",5,1989
CA,252149,296,Kingston_Range,22,"Developed, Low Intensity",371,2024
NM,30427,66,Bosque_del_Apache,22,"Developed, Low Intensity",47,1989
CO/UT,75479,58,Black_Ridge_Canyons,22,"Developed, Low Intensity",47,2024
OR,113571,558,Sky_Lakes,22,"Developed, Low Intensity",290,2024
UT,98023,799,Muddy_Creek,22,"Developed, Low Intensity",13,2024
OR,20213,419,North_Fork_Umatilla,22,"Developed, Low Intensity",17,1989
SC,2122,237,Hell_Hole_Bay,22,"Developed, Low Intensity",3,1989
NV,39631,264,Ireteba_Peaks,22,"Developed, Low Intensity",4,2024
IL,2760,29,Bay_Creek,22,"Developed, Low Intensity",17,2024
WI,7270,647,Whisker_Lake,22,"Developed, Low Intensity",102,2024
WI,7135,480,Rainbow_Lake,22,"Developed, Low Intensity",1,1989
CA,42079,266,Ishi,22,"Developed, Low Intensity",81,1989
GA,16618,343,Mark_Trail,22,"Developed, Low Intensity",35,2024
OR,19918,67,Boulder_Creek,22,"Developed, Low Intensity",5,1989
AZ,15465,640,West_Clear_Creek,22,"Developed, Low Intensity",24,2024
CA,64041,155,Desolation,22,"Developed, Low Intensity",27,2024
NV,92652,505,Ruby_Mountains,22,"Developed, Low Intensity",11,1989
NV,47311,147,Currant_Mountain,22,"Developed, Low Intensity",3,1989
TX,3817,324,Little_Lake_Creek,22,"Developed, Low Intensity",11,1989
WA,14266,410,Noisy_Diobsud,22,"Developed, Low Intensity",8,1989
CA,6,703,Rocks_and_Islands,22,"Developed, Low Intensity",4,2024
NV,28274,676,Mt_Irish,22,"Developed, Low Intensity",23,1989
AZ,11235,30,Bear_Wallow,22,"Developed, Low Intensity",8,1989
ID,90776,764,White_Clouds,22,"Developed, Low Intensity",17,2024
CA,15985,461,Hain,22,"Developed, Low Intensity",17,2024
CO,20847,406,Never_Summer,22,"Developed, Low Intensity",2,1989
CA,23578,84,Bucks_Lake,22,"Developed, Low Intensity",33,2024
CO,37344,760,Hermosa_Creek,22,"Developed, Low Intensity",177,2024
CA,12868,686,South_Fork_Eel_River,22,"Developed, Low Intensity",10,1989
MS,5033,54,Black_Creek,22,"Developed, Low Intensity",46,2024
AZ,6664,293,Kendrick_Mountain,22,"Developed, Low Intensity",61,2024
CA,34264,501,Rodman_Mountains,22,"Developed, Low Intensity",34,1989
MT,1062694,64,Bob_Marshall,22,"Developed, Low Intensity",6501,2024
AZ,25457,104,Castle_Creek,22,"Developed, Low Intensity",42,2024
NC,18477,550,Shining_Rock,22,"Developed, Low Intensity",3,2024
CA,38599,47,Bighorn_Mountain,22,"Developed, Low Intensity",20,2024
CO,135104,168,Eagles_Nest,22,"Developed, Low Intensity",22,1989
NH,27605,474,Presidential_Range_Dry_River,22,"Developed, Low Intensity",104,2024
AL,25809,556,Sipsey,22,"Developed, Low Intensity",17,2024
AZ,48314,489,Red_Rock_Secret_Mountain,22,"Developed, Low Intensity",40,2024
NM,37278,527,Sandia_Mountain,22,"Developed, Low Intensity",116,1989
OR,8758,356,Middle_Santiam,22,"Developed, Low Intensity",85,2024
NC,1692,469,Pond_Pine,22,"Developed, Low Intensity",49,1989
CA,177309,613,Turtle_Mountains,22,"Developed, Low Intensity",72,1989
AZ,18720,285,Kachina_Peaks,22,"Developed, Low Intensity",3,1989
WA,41307,515,Salmo_Priest,22,"Developed, Low Intensity",3,2024
CA,35738,520,San_Gabriel,22,"Developed, Low Intensity",213,2024
MI,15237,588,Sylvania,22,"Developed, Low Intensity",1,1989
CA,37308,610,Trilobite,22,"Developed, Low Intensity",32,1989
UT,142996,789,Desolation_Canyon,22,"Developed, Low Intensity",49,1989
OR,20777,429,Opal_Creek,22,"Developed, Low Intensity",134,2024
CO,17109,272,James_Peak,22,"Developed, Low Intensity",24,2024
CO,102209,618,Uncompahgre,22,"Developed, Low Intensity",310,1989
CA,76312,491,Resting_Spring_Range,22,"Developed, Low Intensity",13,2024
NV,110471,274,Jarbidge,22,"Developed, Low Intensity",41,1989
AZ,6819,372,Mount_Baldy,22,"Developed, Low Intensity",1,2024
NV,20521,699,Red_Mountain_NV,22,"Developed, Low Intensity",3,1989
WA,105543,704,Wild_Sky,22,"Developed, Low Intensity",161,1989
UT,4478,720,Deep_Creek_North,22,"Developed, Low Intensity",138,1989
MI,11740,707,Beaver_Basin,22,"Developed, Low Intensity",1,2024
NC,7482,355,Middle_Prong,22,"Developed, Low Intensity",3,1989
CO,41531,329,Lizard_Head,22,"Developed, Low Intensity",18,2024
NH,27605,474,Presidential_Range_Dry_River,22,"Developed, Low Intensity",30,1989
CA,31415,554,Silver_Peak,22,"Developed, Low Intensity",75,1989
CA,37793,122,Chumash,22,"Developed, Low Intensity",39,2024
NM,30427,66,Bosque_del_Apache,22,"Developed, Low Intensity",47,2024
NV,78754,698,Mount_Grafton,22,"Developed, Low Intensity",182,1989
NH,45809,450,Pemigewasset,22,"Developed, Low Intensity",252,1989
CA,219209,544,Sespe,22,"Developed, Low Intensity",490,2024
AZ,37457,240,Hellsgate,22,"Developed, Low Intensity",24,1989
UT,124406,755,Zion,22,"Developed, Low Intensity",84,1989
NV,42544,694,Goshute_Canyon,22,"Developed, Low Intensity",11,2024
UT,7085,20,AshdownGorge,22,"Developed, Low Intensity",346,1989
NV,39631,264,Ireteba_Peaks,22,"Developed, Low Intensity",5,1989
GA,9907,145,Cumberland_Island,22,"Developed, Low Intensity",29,2024
AZ,14650,376,Mount_Logan,22,"Developed, Low Intensity",3,2024
IL,3694,88,Burden_Falls,22,"Developed, Low Intensity",12,1989
CO,41281,86,Buffalo_Peaks,22,"Developed, Low Intensity",1,1989
TX,46850,225,Guadalupe_Mountains,22,"Developed, Low Intensity",72,2024
ID,205395,212,Gospel_Hump,22,"Developed, Low Intensity",585,2024
NM,9621,517,Salt_Creek,22,"Developed, Low Intensity",15,1989
GA,12853,73,Brasstown,22,"Developed, Low Intensity",1,2024
NV,56890,438,Pahute_Peak,22,"Developed, Low Intensity",10,2024
NV,33466,573,Spirit_Mountain,22,"Developed, Low Intensity",37,2024
OR,52496,157,Diamond_Peak,22,"Developed, Low Intensity",78,1989
NM,18827,655,Withington,22,"Developed, Low Intensity",45,2024
OR,355553,167,Eagle_Cap,22,"Developed, Low Intensity",379,1989
MT,28248,635,Welcome_Creek,22,"Developed, Low Intensity",30,1989
WA,228480,382,Mount_Rainier,22,"Developed, Low Intensity",569,1989
ID,12556,739,Pole_Creek,22,"Developed, Low Intensity",14,2024
UT,13832,791,Eagle_Canyon,23,"Developed, Medium Intensity",1,2024
OR,113571,558,Sky_Lakes,23,"Developed, Medium Intensity",4,1989
FL,379,108,Cedar_Keys,23,"Developed, Medium Intensity",2,1989
NV,51305,669,Weepah_Spring,23,"Developed, Medium Intensity",1,2024
OR,65435,342,Mark_O_Hatfield,23,"Developed, Medium Intensity",2,1989
GA,9907,145,Cumberland_Island,23,"Developed, Medium Intensity",1,1989
CA,43182,546,Sheep_Mountain,23,"Developed, Medium Intensity",14,1989
AZ,38470,486,Rawhide_Mountains,23,"Developed, Medium Intensity",1,2024
CA,44223,365,Monarch,23,"Developed, Medium Intensity",1,1989
CA,20158,749,South_Fork_San_Jacinto,23,"Developed, Medium Intensity",8,2024
WY,285619,224,Gros_Ventre,23,"Developed, Medium Intensity",1,1989
WA,876447,428,Daniel_J_Evans,23,"Developed, Medium Intensity",220,2024
ID,205395,212,Gospel_Hump,23,"Developed, Medium Intensity",6,1989
NM,44678,14,Apache_Kid,23,"Developed, Medium Intensity",3,2024
NV,85668,666,Clover_Mountains,23,"Developed, Medium Intensity",1,1989
WA,638173,577,Stephen_Mather,23,"Developed, Medium Intensity",523,2024
NV,18879,277,Jimbilnan,23,"Developed, Medium Intensity",1,2024
MI,132018,268,Isle_Royale,23,"Developed, Medium Intensity",6,2024
CO,68025,133,Comanche_Peak,23,"Developed, Medium Intensity",2,1989
CA,537357,611,Trinity_Alps,23,"Developed, Medium Intensity",151,2024
OR,120694,418,North_Fork_John_Day,23,"Developed, Medium Intensity",3,2024
NV,27502,19,Arrow_Canyon,23,"Developed, Medium Intensity",63,2024
WA,49344,68,Boulder_River,23,"Developed, Medium Intensity",1,1989
WY,584733,596,Teton,23,"Developed, Medium Intensity",979,2024
VT,3750,81,Bristol_Cliffs,23,"Developed, Medium Intensity",6,2024
CA,158147,102,Carson_Iceberg,23,"Developed, Medium Intensity",29,1989
AZ,11700,163,Dos_Cabezas_Mountains,23,"Developed, Medium Intensity",7,1989
MT,11366,350,Medicine_Lake,23,"Developed, Medium Intensity",16,1989
WV,17777,160,Dolly_Sods,23,"Developed, Medium Intensity",2,2024
UT,10648,719,Cougar_Canyon,23,"Developed, Medium Intensity",1,2024
IL,4050,140,Crab_Orchard,23,"Developed, Medium Intensity",1,1989
AZ/CA,15056,257,Imperial_Refuge,23,"Developed, Medium Intensity",17,1989
UT,98023,799,Muddy_Creek,23,"Developed, Medium Intensity",6,1989
CA,652903,278,John_Muir,23,"Developed, Medium Intensity",14,1989
UT,10648,719,Cougar_Canyon,23,"Developed, Medium Intensity",1,1989
NV,54536,563,South_Jackson_Mountains,23,"Developed, Medium Intensity",6,1989
AZ,70905,511,Saguaro,23,"Developed, Medium Intensity",1,1989
OR,17176,218,Grassy_Knob,23,"Developed, Medium Intensity",1,1989
CO,102209,618,Uncompahgre,23,"Developed, Medium Intensity",57,2024
CO,230829,186,Flat_Tops,23,"Developed, Medium Intensity",1,1989
ID,89820,711,Bruneau_Jarbidge_Rivers,23,"Developed, Medium Intensity",3,1989
OR,36879,87,Bull_of_the_Woods,23,"Developed, Medium Intensity",8,1989
ID,2358886,194,Frank_Church_River_of_No_Return,23,"Developed, Medium Intensity",177,1989
MI,3879,250,Horseshoe_Bay,23,"Developed, Medium Intensity",5,2024
UT,13107,710,Blackridge,23,"Developed, Medium Intensity",1,2024
CA,27315,455,Phillip_Burton,23,"Developed, Medium Intensity",40,2024
ID,52753,709,Big_Jacks_Creek,23,"Developed, Medium Intensity",24,2024
NM,9621,517,Salt_Creek,23,"Developed, Medium Intensity",3,2024
CA,31059,726,Granite_Mountain_CA,23,"Developed, Medium Intensity",8,1989
OR,64742,374,Mount_Hood,23,"Developed, Medium Intensity",878,2024
MT/WY,937102,1,Absaroka_Beartooth,23,"Developed, Medium Intensity",538,2024
CA,12521,507,Russian,23,"Developed, Medium Intensity",1,1989
ID,266390,736,Owyhee_River,23,"Developed, Medium Intensity",2,2024
CA,106623,411,Nopah_Range,23,"Developed, Medium Intensity",140,1989
CO,181973,344,Maroon_Bells_Snowmass,23,"Developed, Medium Intensity",1,1989
NY,1381,182,Otis_Pike_Fire_Island_High_Dune,23,"Developed, Medium Intensity",10,2024
AZ,58448,587,Sycamore_Canyon,23,"Developed, Medium Intensity",3,1989
CO,249126,745,Rocky_Mountain,23,"Developed, Medium Intensity",143,1989
NV,5341,674,Tunnel_Spring,23,"Developed, Medium Intensity",3,1989
UT,60442,801,San_Rafael_Reef,23,"Developed, Medium Intensity",15,1989
CA,78576,531,Santa_Rosa,23,"Developed, Medium Intensity",98,2024
SD,64144,24,Badlands,23,"Developed, Medium Intensity",1,2024
NM,44372,759,Columbine_Hondo,23,"Developed, Medium Intensity",1,2024
FL,1296500,341,Marjory_Stoneman_Douglas,23,"Developed, Medium Intensity",169,2024
AZ,27440,622,Upper_Burro_Creek,23,"Developed, Medium Intensity",1,2024
CA,25707,195,Funeral_Mountains,23,"Developed, Medium Intensity",9,2024
NV,26310,478,Quinn_Canyon,23,"Developed, Medium Intensity",4,2024
CA,43182,546,Sheep_Mountain,23,"Developed, Medium Intensity",19,2024
NV,56819,394,Mt_Charleston,23,"Developed, Medium Intensity",1,1989
NV,314835,59,Black_Rock_Desert,23,"Developed, Medium Intensity",45,2024
OR,283818,602,Three_Sisters,23,"Developed, Medium Intensity",15,2024
WY,693934,632,Washakie,23,"Developed, Medium Intensity",1682,2024
CA,177309,613,Turtle_Mountains,23,"Developed, Medium Intensity",4,2024
VA,79579,549,Shenandoah,23,"Developed, Medium Intensity",1,1989
CA,106623,411,Nopah_Range,23,"Developed, Medium Intensity",160,2024
CA,43279,260,Indian_Pass,23,"Developed, Medium Intensity",1,2024
UT,19339,796,Lower_Last_Chance,23,"Developed, Medium Intensity",1,2024
NV,120551,16,ArcDome,23,"Developed, Medium Intensity",1,2024
OR,20777,429,Opal_Creek,23,"Developed, Medium Intensity",3,1989
MT,1062694,64,Bob_Marshall,23,"Developed, Medium Intensity",981,1989
CA,36981,397,Mt_Shasta,23,"Developed, Medium Intensity",114,2024
CA,72192,463,Piper_Mountain,23,"Developed, Medium Intensity",4,2024
CO,497111,637,Weminuche,23,"Developed, Medium Intensity",95,2024
MT,259756,538,Scapegoat,23,"Developed, Medium Intensity",113,1989
CO,160997,568,South_San_Juan,23,"Developed, Medium Intensity",42,2024
CA,112723,177,Emigrant,23,"Developed, Medium Intensity",11,2024
UT,15291,381,Mount_Olympus,23,"Developed, Medium Intensity",1,1989
CA,28374,214,Granite_Chief,23,"Developed, Medium Intensity",4,2024
UT,60442,801,San_Rafael_Reef,23,"Developed, Medium Intensity",20,2024
OR,180103,287,Kalmiopsis,23,"Developed, Medium Intensity",1,1989
CA,27296,684,Cache_Creek,23,"Developed, Medium Intensity",5,1989
CA,79061,309,Lassen_Volcanic,23,"Developed, Medium Intensity",72,2024
CA,49296,136,Coso_Range,23,"Developed, Medium Intensity",2,2024
CA,26839,738,Pleasant_View_Ridge,23,"Developed, Medium Intensity",1,2024
WA,531325,445,Pasayten,23,"Developed, Medium Intensity",14,1989
NM,559310,205,Gila,23,"Developed, Medium Intensity",161,2024
SD,64144,24,Badlands,23,"Developed, Medium Intensity",3,1989
MS,4630,226,Gulf_Islands,23,"Developed, Medium Intensity",3,1989
CO,497111,637,Weminuche,23,"Developed, Medium Intensity",102,1989
CA,70206,570,South_Warner,23,"Developed, Medium Intensity",1,2024
CO,62742,473,Powderhorn,23,"Developed, Medium Intensity",1,2024
WA,414322,8,Alpine_Lakes,23,"Developed, Medium Intensity",51,1989
ND,5577,332,Lostwood,23,"Developed, Medium Intensity",3,1989
AZ,250760,347,Mazatzal,23,"Developed, Medium Intensity",37,1989
CA,27296,684,Cache_Creek,23,"Developed, Medium Intensity",4,2024
ID/MT,1347644,540,Selway_Bitterroot,23,"Developed, Medium Intensity",23,2024
CA,72192,463,Piper_Mountain,23,"Developed, Medium Intensity",4,1989
WA,105543,704,Wild_Sky,23,"Developed, Medium Intensity",49,2024
CO,19237,572,Spanish_Peaks,23,"Developed, Medium Intensity",1,1989
NM,41305,525,San_Pedro_Parks,23,"Developed, Medium Intensity",1,1989
CO,165874,131,Collegiate_Peaks,23,"Developed, Medium Intensity",3,2024
WY,285619,224,Gros_Ventre,23,"Developed, Medium Intensity",2,2024
CA,303713,210,Golden_Trout,23,"Developed, Medium Intensity",36,1989
CO,135104,168,Eagles_Nest,23,"Developed, Medium Intensity",1,2024
OR,36879,87,Bull_of_the_Woods,23,"Developed, Medium Intensity",8,2024
MT,20819,616,UL_Bend,23,"Developed, Medium Intensity",283,1989
CO,23116,223,Greenhorn_Mountain,23,"Developed, Medium Intensity",1,1989
NC,11653,319,Linville_Gorge,23,"Developed, Medium Intensity",2,2024
OR,64742,374,Mount_Hood,23,"Developed, Medium Intensity",161,1989
VA,9327,503,Rough_Mountain,23,"Developed, Medium Intensity",1,1989
UT,142996,789,Desolation_Canyon,23,"Developed, Medium Intensity",58,2024
NM,23267,27,Bandelier,23,"Developed, Medium Intensity",6,1989
CA,39740,728,John_Krebs,23,"Developed, Medium Intensity",9,1989
CO,17784,227,Gunnison_Gorge,23,"Developed, Medium Intensity",4,2024
CA,83195,578,Stepladder_Mountains,23,"Developed, Medium Intensity",5,1989
CA,23578,84,Bucks_Lake,23,"Developed, Medium Intensity",1,1989
CA,24433,584,Surprise_Canyon,23,"Developed, Medium Intensity",2,1989
NV,157716,663,Mormon_Mountains,23,"Developed, Medium Intensity",7,2024
OR/WA,176737,638,Wenaha_Tucannon,23,"Developed, Medium Intensity",3,1989
UT,54643,793,Labyrinth_Canyon,23,"Developed, Medium Intensity",164,1989
MT,242068,316,Lee_Metcalf,23,"Developed, Medium Intensity",21,1989
MT,286659,219,Great_Bear,23,"Developed, Medium Intensity",237,2024
AZ,18534,516,Salome,23,"Developed, Medium Intensity",2,1989
OR,13724,716,Copper_Salmon,23,"Developed, Medium Intensity",13,1989
OR,170202,576,Steens_Mountain,23,"Developed, Medium Intensity",1,2024
CA,182298,661,Yolla_Bolly_Middle_Eel,23,"Developed, Medium Intensity",30,1989
OR,593,430,Oregon_Islands,23,"Developed, Medium Intensity",10,1989
ID,2358886,194,Frank_Church_River_of_No_Return,23,"Developed, Medium Intensity",258,2024
CA,188169,548,Sheephole_Valley,23,"Developed, Medium Intensity",10,1989
WY,426751,78,Bridger,23,"Developed, Medium Intensity",1,2024
CA,76312,491,Resting_Spring_Range,23,"Developed, Medium Intensity",26,1989
UT,453863,246,High_Uintas,23,"Developed, Medium Intensity",31,1989
CA,695200,362,Mojave,23,"Developed, Medium Intensity",270,1989
AZ,803418,90,Cabeza_Prieta,23,"Developed, Medium Intensity",5,1989
NV,30539,672,Fortification_Range,23,"Developed, Medium Intensity",15,2024
NM,41305,525,San_Pedro_Parks,23,"Developed, Medium Intensity",1,2024
CA/NV,3190455,151,Death_Valley,23,"Developed, Medium Intensity",804,1989
CO,16486,384,Mount_Sneffels,23,"Developed, Medium Intensity",1,2024
FL,14293,284,Juniper_Prairie,23,"Developed, Medium Intensity",1,2024
AZ,37457,240,Hellsgate,23,"Developed, Medium Intensity",1,2024
WA,876447,428,Daniel_J_Evans,23,"Developed, Medium Intensity",62,1989
AZ,56973,477,Pusch_Ridge,23,"Developed, Medium Intensity",1,1989
AZ,18109,402,Munds_Mountain,23,"Developed, Medium Intensity",5,1989
AZ,250760,347,Mazatzal,23,"Developed, Medium Intensity",43,2024
AZ,56973,477,Pusch_Ridge,23,"Developed, Medium Intensity",6,2024
CA,182298,661,Yolla_Bolly_Middle_Eel,23,"Developed, Medium Intensity",59,2024
NM,18881,143,Cruces_Basin,23,"Developed, Medium Intensity",2,2024
CA,10510,276,Jennie_Lakes,23,"Developed, Medium Intensity",1,2024
CA,768222,543,Sequoia_Kings_Canyon,23,"Developed, Medium Intensity",239,2024
NM,37278,527,Sandia_Mountain,23,"Developed, Medium Intensity",1,2024
AZ,10414,580,Strawberry_Crater,23,"Developed, Medium Intensity",4,2024
CA,49296,136,Coso_Range,23,"Developed, Medium Intensity",2,1989
MT,74524,360,Mission_Mountains,23,"Developed, Medium Intensity",9,2024
CO,165874,131,Collegiate_Peaks,23,"Developed, Medium Intensity",1,1989
NV,23439,420,North_Jackson_Mountains,23,"Developed, Medium Intensity",11,1989
UT,11436,615,Twin_Peaks,23,"Developed, Medium Intensity",1,1989
CA,101574,521,San_Gorgonio,23,"Developed, Medium Intensity",205,2024
ID,116843,765,Jim_McClure_Jerry_Peak,23,"Developed, Medium Intensity",2,1989
MI,3879,250,Horseshoe_Bay,23,"Developed, Medium Intensity",2,1989
WA,108020,209,Goat_Rocks,23,"Developed, Medium Intensity",90,1989
CA,35738,520,San_Gabriel,23,"Developed, Medium Intensity",1,1989
CA,188169,548,Sheephole_Valley,23,"Developed, Medium Intensity",19,2024
WA,102919,241,Henry_M_Jackson,23,"Developed, Medium Intensity",33,1989
CO,17784,227,Gunnison_Gorge,23,"Developed, Medium Intensity",4,1989
AZ,10414,580,Strawberry_Crater,23,"Developed, Medium Intensity",4,1989
AZ,58448,587,Sycamore_Canyon,23,"Developed, Medium Intensity",42,2024
WA,7140,282,Juniper_Dunes,23,"Developed, Medium Intensity",2,1989
CA,71389,82,Bristol_Mountains,23,"Developed, Medium Intensity",1,2024
MT,286659,219,Great_Bear,23,"Developed, Medium Intensity",424,1989
VA,8907,273,James_River_Face,23,"Developed, Medium Intensity",3,2024
ID/OR,217747,239,Hells_Canyon_IDOR,23,"Developed, Medium Intensity",14,1989
CA,31415,554,Silver_Peak,23,"Developed, Medium Intensity",2,2024
CA,32186,522,San_Jacinto,23,"Developed, Medium Intensity",26,2024
GA,353981,426,Okefenokee,23,"Developed, Medium Intensity",1,2024
AZ,70905,511,Saguaro,23,"Developed, Medium Intensity",1,2024
NY,1381,182,Otis_Pike_Fire_Island_High_Dune,23,"Developed, Medium Intensity",13,1989
WY,426751,78,Bridger,23,"Developed, Medium Intensity",1,1989
AZ/UT,110816,444,Paria_Canyon_Vermilion_Cliffs,23,"Developed, Medium Intensity",9,2024
CA,704624,662,Yosemite,23,"Developed, Medium Intensity",106,1989
ID,52753,709,Big_Jacks_Creek,23,"Developed, Medium Intensity",3,1989
NV,85668,666,Clover_Mountains,23,"Developed, Medium Intensity",4,2024
AZ/UT,110816,444,Paria_Canyon_Vermilion_Cliffs,23,"Developed, Medium Intensity",8,1989
CO,249126,745,Rocky_Mountain,23,"Developed, Medium Intensity",62,2024
CA,39740,728,John_Krebs,23,"Developed, Medium Intensity",9,2024
CA,101574,521,San_Gorgonio,23,"Developed, Medium Intensity",156,1989
CO,66280,723,Dominguez_Canyon,23,"Developed, Medium Intensity",14,2024
CA,8158,417,North_Fork,23,"Developed, Medium Intensity",10,1989
UT,30632,330,Lone_Peak,23,"Developed, Medium Intensity",6,2024
CO,16486,384,Mount_Sneffels,23,"Developed, Medium Intensity",5,1989
NV,54536,563,South_Jackson_Mountains,23,"Developed, Medium Intensity",10,2024
CO,176431,641,West_Elk,23,"Developed, Medium Intensity",15,2024
AZ,112400,630,Warm_Springs,23,"Developed, Medium Intensity",23,1989
WA,414322,8,Alpine_Lakes,23,"Developed, Medium Intensity",106,2024
OR,6404,751,Spring_Basin,23,"Developed, Medium Intensity",1,2024
UT,16343,798,Middle_Wild_Horse_Mesa,23,"Developed, Medium Intensity",2,2024
WY,102620,470,Popo_Agie,23,"Developed, Medium Intensity",1,2024
WA,119966,371,Mount_Baker,23,"Developed, Medium Intensity",79,1989
AZ,18534,516,Salome,23,"Developed, Medium Intensity",2,2024
NM,203548,4,Aldo_Leopold,23,"Developed, Medium Intensity",84,2024
CA,231619,12,Ansel_Adams,23,"Developed, Medium Intensity",17,1989
OR,69411,581,Strawberry_Mountain,23,"Developed, Medium Intensity",20,2024
AZ,112400,630,Warm_Springs,23,"Developed, Medium Intensity",24,2024
CO,74408,485,Rawah,23,"Developed, Medium Intensity",2,1989
CA,695200,362,Mojave,23,"Developed, Medium Intensity",337,2024
UT,27075,379,Mount_Nebo,23,"Developed, Medium Intensity",7,2024
WY,693934,632,Washakie,23,"Developed, Medium Intensity",1854,1989
CA,10510,276,Jennie_Lakes,23,"Developed, Medium Intensity",1,1989
OR,69411,581,Strawberry_Mountain,23,"Developed, Medium Intensity",24,1989
NM,221796,447,Pecos,23,"Developed, Medium Intensity",10,2024
WA,7140,282,Juniper_Dunes,23,"Developed, Medium Intensity",2,2024
NM,19916,778,Organ_Mountains,23,"Developed, Medium Intensity",8,1989
UT,7085,20,AshdownGorge,23,"Developed, Medium Intensity",2,2024
CA,60222,559,Snow_Mountain,23,"Developed, Medium Intensity",6,2024
AZ,87182,118,Chiricahua,23,"Developed, Medium Intensity",1,2024
CA,219209,544,Sespe,23,"Developed, Medium Intensity",56,1989
CA,31059,726,Granite_Mountain_CA,23,"Developed, Medium Intensity",23,2024
OR,35749,502,Rogue_Umpqua_Divide,23,"Developed, Medium Intensity",1,2024
OR,180103,287,Kalmiopsis,23,"Developed, Medium Intensity",14,2024
CA,199208,263,Inyo_Mountains,23,"Developed, Medium Intensity",9,1989
WA,49344,68,Boulder_River,23,"Developed, Medium Intensity",16,2024
UT,15291,381,Mount_Olympus,23,"Developed, Medium Intensity",2,2024
CA,128044,249,Hoover,23,"Developed, Medium Intensity",12,2024
CO,9482,92,Cache_La_Poudre,23,"Developed, Medium Intensity",5,2024
CA,23578,84,Bucks_Lake,23,"Developed, Medium Intensity",2,2024
CO/UT,75479,58,Black_Ridge_Canyons,23,"Developed, Medium Intensity",142,2024
OR,55127,385,Mount_Thielsen,23,"Developed, Medium Intensity",4,2024
CA,252149,296,Kingston_Range,23,"Developed, Medium Intensity",2,1989
MT,93272,91,Cabinet_Mountains,23,"Developed, Medium Intensity",7,1989
UT,44572,378,Mount_Naomi,23,"Developed, Medium Intensity",1,1989
OR,29182,734,Oregon_Badlands,23,"Developed, Medium Intensity",1,1989
UT,18216,722,Docs_Pass,23,"Developed, Medium Intensity",3,1989
CA,44223,365,Monarch,23,"Developed, Medium Intensity",1,2024
WA,47123,370,Mount_Adams,23,"Developed, Medium Intensity",20,2024
MN,816244,70,Boundary_Waters_Canoe_Area,23,"Developed, Medium Intensity",18,2024
CA,83195,578,Stepladder_Mountains,23,"Developed, Medium Intensity",7,2024
NV,39631,264,Ireteba_Peaks,23,"Developed, Medium Intensity",17,2024
CA,32186,522,San_Jacinto,23,"Developed, Medium Intensity",17,1989
OR,20777,429,Opal_Creek,23,"Developed, Medium Intensity",11,2024
UT,16343,798,Middle_Wild_Horse_Mesa,23,"Developed, Medium Intensity",1,1989
CO,17109,272,James_Peak,23,"Developed, Medium Intensity",4,1989
AZ,516200,299,Kofa,23,"Developed, Medium Intensity",3,2024
AZ,803418,90,Cabeza_Prieta,23,"Developed, Medium Intensity",6,2024
NV,22374,691,Bald_Mountain,23,"Developed, Medium Intensity",10,2024
NC,9315,547,Sheep_Ridge,23,"Developed, Medium Intensity",1,2024
CA,71389,82,Bristol_Mountains,23,"Developed, Medium Intensity",1,1989
CA,37793,122,Chumash,23,"Developed, Medium Intensity",1,1989
ID/MT,1347644,540,Selway_Bitterroot,23,"Developed, Medium Intensity",15,1989
UT,54643,793,Labyrinth_Canyon,23,"Developed, Medium Intensity",181,2024
MT,259756,538,Scapegoat,23,"Developed, Medium Intensity",45,2024
OR,8758,356,Middle_Santiam,23,"Developed, Medium Intensity",47,2024
OR,54406,389,Mount_Washington,23,"Developed, Medium Intensity",2,1989
MT,20819,616,UL_Bend,23,"Developed, Medium Intensity",311,2024
CO,126480,303,La_Garita,23,"Developed, Medium Intensity",16,2024
WY,191914,129,Cloud_Peak,23,"Developed, Medium Intensity",3,1989
CA,236488,441,Palen_McCoy,23,"Developed, Medium Intensity",1,2024
WY,198906,185,Fitzpatrick,23,"Developed, Medium Intensity",3,2024
UT,25078,154,Deseret_Peak,23,"Developed, Medium Intensity",36,2024
AZ,38470,486,Rawhide_Mountains,23,"Developed, Medium Intensity",1,1989
AZ/CA,15056,257,Imperial_Refuge,23,"Developed, Medium Intensity",20,2024
NV,46943,304,La_Madre_Mountain,23,"Developed, Medium Intensity",23,2024
WY,198906,185,Fitzpatrick,23,"Developed, Medium Intensity",4,1989
CA,33843,128,Clipper_Mountain,23,"Developed, Medium Intensity",2,2024
ID,44027,733,North_Fork_Owyhee,23,"Developed, Medium Intensity",2,1989
VA,9327,503,Rough_Mountain,23,"Developed, Medium Intensity",1,2024
WA,15776,594,Tatoosh,23,"Developed, Medium Intensity",1,2024
CA,64041,155,Desolation,23,"Developed, Medium Intensity",1,2024
NH,24032,690,Wild_River,23,"Developed, Medium Intensity",13,2024
OR,20210,367,Monument_Rock,23,"Developed, Medium Intensity",1,1989
WA,168955,652,William_O_Douglas,23,"Developed, Medium Intensity",4,1989
CA,42695,687,King_Range,23,"Developed, Medium Intensity",60,1989
CA,7272,683,Mount_Lassic,23,"Developed, Medium Intensity",20,1989
NM,18881,143,Cruces_Basin,23,"Developed, Medium Intensity",5,1989
CA,8158,417,North_Fork,23,"Developed, Medium Intensity",8,2024
UT,30632,330,Lone_Peak,23,"Developed, Medium Intensity",3,1989
NV,33466,573,Spirit_Mountain,23,"Developed, Medium Intensity",5,1989
MT/WY,937102,1,Absaroka_Beartooth,23,"Developed, Medium Intensity",317,1989
MT,74524,360,Mission_Mountains,23,"Developed, Medium Intensity",3,1989
NM,23267,27,Bandelier,23,"Developed, Medium Intensity",33,2024
CA,36981,397,Mt_Shasta,23,"Developed, Medium Intensity",93,1989
AZ,129800,18,Arrastra_Mountain,23,"Developed, Medium Intensity",2,2024
AZ,18109,402,Munds_Mountain,23,"Developed, Medium Intensity",5,2024
CA,79061,309,Lassen_Volcanic,23,"Developed, Medium Intensity",56,1989
CA,56239,682,Yuki,23,"Developed, Medium Intensity",38,2024
WY,584733,596,Teton,23,"Developed, Medium Intensity",993,1989
CA,78576,531,Santa_Rosa,23,"Developed, Medium Intensity",6,1989
FL,1296500,341,Marjory_Stoneman_Douglas,23,"Developed, Medium Intensity",88,1989
CA,537357,611,Trinity_Alps,23,"Developed, Medium Intensity",168,1989
CO,135104,168,Eagles_Nest,23,"Developed, Medium Intensity",1,1989
CA,12521,507,Russian,23,"Developed, Medium Intensity",1,2024
AZ,129800,18,Arrastra_Mountain,23,"Developed, Medium Intensity",1,1989
OR,109098,375,Mount_Jefferson,23,"Developed, Medium Intensity",13,1989
MT,93272,91,Cabinet_Mountains,23,"Developed, Medium Intensity",7,2024
OR,109098,375,Mount_Jefferson,23,"Developed, Medium Intensity",29,2024
AZ,48314,489,Red_Rock_Secret_Mountain,23,"Developed, Medium Intensity",1,2024
CA,89500,768,AvawatzMountains,23,"Developed, Medium Intensity",2,1989
WA,566161,207,Glacier_Peak,23,"Developed, Medium Intensity",426,2024
CO/UT,75479,58,Black_Ridge_Canyons,23,"Developed, Medium Intensity",131,1989
AZ,9808,215,Granite_Mountain_AZ,23,"Developed, Medium Intensity",1,2024
WA,566161,207,Glacier_Peak,23,"Developed, Medium Intensity",66,1989
NV,27502,19,Arrow_Canyon,23,"Developed, Medium Intensity",42,1989
NM,44372,759,Columbine_Hondo,23,"Developed, Medium Intensity",1,1989
NV,26310,478,Quinn_Canyon,23,"Developed, Medium Intensity",3,1989
ID,89820,711,Bruneau_Jarbidge_Rivers,23,"Developed, Medium Intensity",22,2024
CA,199208,263,Inyo_Mountains,23,"Developed, Medium Intensity",10,2024
CO,9482,92,Cache_La_Poudre,23,"Developed, Medium Intensity",5,1989
SC,1832,628,Wambaw_Creek,23,"Developed, Medium Intensity",1,2024
NV,64968,94,Calico_Mountains,23,"Developed, Medium Intensity",20,1989
OR,65435,342,Mark_O_Hatfield,23,"Developed, Medium Intensity",10,2024
MI,4724,499,Rock_River_Canyon,23,"Developed, Medium Intensity",1,2024
CA,6,703,Rocks_and_Islands,23,"Developed, Medium Intensity",1,2024
WY,123896,275,Jedediah_Smith,23,"Developed, Medium Intensity",9,1989
NV,43512,670,Parsnip_Peak,23,"Developed, Medium Intensity",2,1989
NH,27605,474,Presidential_Range_Dry_River,23,"Developed, Medium Intensity",17,2024
CA,85864,116,Chemehuevi_Mountains,23,"Developed, Medium Intensity",6,1989
CO,68025,133,Comanche_Peak,23,"Developed, Medium Intensity",4,2024
MI,11740,707,Beaver_Basin,23,"Developed, Medium Intensity",2,2024
NC,18477,550,Shining_Rock,23,"Developed, Medium Intensity",2,2024
MT,1062694,64,Bob_Marshall,23,"Developed, Medium Intensity",516,2024
CO,64307,479,Raggeds,23,"Developed, Medium Intensity",3,2024
CA,73868,435,Owens_Peak,23,"Developed, Medium Intensity",1,2024
CA,595364,279,Joshua_Tree,23,"Developed, Medium Intensity",2,2024
OR,593,430,Oregon_Islands,23,"Developed, Medium Intensity",15,2024
CA,704624,662,Yosemite,23,"Developed, Medium Intensity",125,2024
CA,37308,610,Trilobite,23,"Developed, Medium Intensity",5,2024
OR,20210,367,Monument_Rock,23,"Developed, Medium Intensity",5,2024
WA,14266,410,Noisy_Diobsud,23,"Developed, Medium Intensity",8,2024
AZ,312600,431,Organ_Pipe_Cactus,23,"Developed, Medium Intensity",2,2024
CA,303713,210,Golden_Trout,23,"Developed, Medium Intensity",39,2024
NM,37278,527,Sandia_Mountain,23,"Developed, Medium Intensity",2,1989
CA,28374,214,Granite_Chief,23,"Developed, Medium Intensity",3,1989
CA,28052,320,Little_Chuckwalla_Mountains,23,"Developed, Medium Intensity",7,1989
CA,104048,363,Mokelumne,23,"Developed, Medium Intensity",29,1989
OR,283818,602,Three_Sisters,23,"Developed, Medium Intensity",20,1989
NV,23439,420,North_Jackson_Mountains,23,"Developed, Medium Intensity",16,2024
CA,27315,455,Phillip_Burton,23,"Developed, Medium Intensity",35,1989
GA,16618,343,Mark_Trail,23,"Developed, Medium Intensity",2,2024
UT,76413,797,Mexican_Mountain,23,"Developed, Medium Intensity",2,1989
UT,25078,154,Deseret_Peak,23,"Developed, Medium Intensity",1,1989
CA,158147,102,Carson_Iceberg,23,"Developed, Medium Intensity",49,2024
CA,28052,320,Little_Chuckwalla_Mountains,23,"Developed, Medium Intensity",8,2024
MI,132018,268,Isle_Royale,23,"Developed, Medium Intensity",5,1989
NV,56819,394,Mt_Charleston,23,"Developed, Medium Intensity",5,2024
CA,76312,491,Resting_Spring_Range,23,"Developed, Medium Intensity",33,2024
CA,112723,177,Emigrant,23,"Developed, Medium Intensity",4,1989
CO,41531,329,Lizard_Head,23,"Developed, Medium Intensity",1,1989
ND,5577,332,Lostwood,23,"Developed, Medium Intensity",8,2024
WY,102620,470,Popo_Agie,23,"Developed, Medium Intensity",1,1989
MT,242068,316,Lee_Metcalf,23,"Developed, Medium Intensity",11,2024
MT,11366,350,Medicine_Lake,23,"Developed, Medium Intensity",26,2024
NV,314835,59,Black_Rock_Desert,23,"Developed, Medium Intensity",18,1989
CA,225114,340,Marble_Mountain,23,"Developed, Medium Intensity",16,2024
WA,102919,241,Henry_M_Jackson,23,"Developed, Medium Intensity",33,2024
AZ,516200,299,Kofa,23,"Developed, Medium Intensity",4,1989
CA,179847,557,Siskiyou,23,"Developed, Medium Intensity",4,2024
CA,191104,526,San_Rafael,23,"Developed, Medium Intensity",1,1989
AZ,18720,285,Kachina_Peaks,23,"Developed, Medium Intensity",18,2024
WA,14266,410,Noisy_Diobsud,23,"Developed, Medium Intensity",1,1989
CA,42695,687,King_Range,23,"Developed, Medium Intensity",33,2024
NV,30539,672,Fortification_Range,23,"Developed, Medium Intensity",14,1989
OR,355553,167,Eagle_Cap,23,"Developed, Medium Intensity",10,1989
UT,453863,246,High_Uintas,23,"Developed, Medium Intensity",43,2024
CA,768222,543,Sequoia_Kings_Canyon,23,"Developed, Medium Intensity",224,1989
FL,2619,270,JN_Ding_Darling,23,"Developed, Medium Intensity",3,2024
NV,31223,396,Mt_Rose,23,"Developed, Medium Intensity",1,1989
NM,559310,205,Gila,23,"Developed, Medium Intensity",380,1989
OR,113571,558,Sky_Lakes,23,"Developed, Medium Intensity",12,2024
OR/WA,176737,638,Wenaha_Tucannon,23,"Developed, Medium Intensity",6,2024
WY,346320,414,North_Absaroka,23,"Developed, Medium Intensity",94,2024
WA,119966,371,Mount_Baker,23,"Developed, Medium Intensity",140,2024
ID/OR,217747,239,Hells_Canyon_IDOR,23,"Developed, Medium Intensity",59,2024
WA,228480,382,Mount_Rainier,23,"Developed, Medium Intensity",600,2024
CA,219209,544,Sespe,23,"Developed, Medium Intensity",67,2024
ID,217511,536,Sawtooth,23,"Developed, Medium Intensity",7,1989
NV,111066,665,Delamar_Mountains,23,"Developed, Medium Intensity",3,2024
OR,6404,751,Spring_Basin,23,"Developed, Medium Intensity",1,1989
UT,98023,799,Muddy_Creek,23,"Developed, Medium Intensity",22,2024
OR,8758,356,Middle_Santiam,23,"Developed, Medium Intensity",22,1989
CA,60222,559,Snow_Mountain,23,"Developed, Medium Intensity",17,1989
CA,85864,116,Chemehuevi_Mountains,23,"Developed, Medium Intensity",6,2024
WY,123896,275,Jedediah_Smith,23,"Developed, Medium Intensity",1,2024
CA,13007,144,Cucamonga,23,"Developed, Medium Intensity",3,2024
ID,217511,536,Sawtooth,23,"Developed, Medium Intensity",31,2024
OR,120694,418,North_Fork_John_Day,23,"Developed, Medium Intensity",3,1989
CA,179847,557,Siskiyou,23,"Developed, Medium Intensity",4,1989
WA,5963,606,Trapper_Creek,23,"Developed, Medium Intensity",1,1989
WA,152980,306,Lake_Chelan_Sawtooth,23,"Developed, Medium Intensity",3,1989
NM,29106,63,Blue_Range,23,"Developed, Medium Intensity",13,1989
CO,160997,568,South_San_Juan,23,"Developed, Medium Intensity",45,1989
CA,18631,139,Coyote_Mountains_CA,23,"Developed, Medium Intensity",106,2024
FL,2619,270,JN_Ding_Darling,23,"Developed, Medium Intensity",21,1989
CA,144915,291,Kelso_Dunes,23,"Developed, Medium Intensity",99,2024
AZ,6664,293,Kendrick_Mountain,23,"Developed, Medium Intensity",1,2024
CO,66280,723,Dominguez_Canyon,23,"Developed, Medium Intensity",12,1989
NV,22374,691,Bald_Mountain,23,"Developed, Medium Intensity",10,1989
CA,225114,340,Marble_Mountain,23,"Developed, Medium Intensity",7,1989
UT,142996,789,Desolation_Canyon,23,"Developed, Medium Intensity",80,1989
CA,20839,98,Caribou,23,"Developed, Medium Intensity",1,1989
CO,17109,272,James_Peak,23,"Developed, Medium Intensity",1,2024
WA,168955,652,William_O_Douglas,23,"Developed, Medium Intensity",11,2024
OR,55127,385,Mount_Thielsen,23,"Developed, Medium Intensity",7,1989
CO,102209,618,Uncompahgre,23,"Developed, Medium Intensity",61,1989
CO,62742,473,Powderhorn,23,"Developed, Medium Intensity",4,1989
FL,17350,574,St_Marks,23,"Developed, Medium Intensity",5,2024
CA,652903,278,John_Muir,23,"Developed, Medium Intensity",18,2024
CA,35738,520,San_Gabriel,23,"Developed, Medium Intensity",2,2024
CO,230829,186,Flat_Tops,23,"Developed, Medium Intensity",4,2024
OR,355553,167,Eagle_Cap,23,"Developed, Medium Intensity",20,2024
CA,89500,768,AvawatzMountains,23,"Developed, Medium Intensity",2,2024
CA,64041,155,Desolation,23,"Developed, Medium Intensity",1,1989
CA,231619,12,Ansel_Adams,23,"Developed, Medium Intensity",35,2024
NV,64968,94,Calico_Mountains,23,"Developed, Medium Intensity",33,2024
UT,27075,379,Mount_Nebo,23,"Developed, Medium Intensity",8,1989
CA,18631,139,Coyote_Mountains_CA,23,"Developed, Medium Intensity",48,1989
OR,29182,734,Oregon_Badlands,23,"Developed, Medium Intensity",1,2024
NV,120551,16,ArcDome,23,"Developed, Medium Intensity",1,1989
ID,205395,212,Gospel_Hump,23,"Developed, Medium Intensity",55,2024
CA,252149,296,Kingston_Range,23,"Developed, Medium Intensity",5,2024
WA,152980,306,Lake_Chelan_Sawtooth,23,"Developed, Medium Intensity",28,2024
NV,92627,590,Table_Mountain,23,"Developed, Medium Intensity",5,1989
NV,59107,245,High_Rock_Lake,23,"Developed, Medium Intensity",18,1989
CA,144915,291,Kelso_Dunes,23,"Developed, Medium Intensity",60,1989
NM,18827,655,Withington,23,"Developed, Medium Intensity",2,2024
WA,228480,382,Mount_Rainier,23,"Developed, Medium Intensity",281,1989
CO,126480,303,La_Garita,23,"Developed, Medium Intensity",1,1989
CA,20839,98,Caribou,23,"Developed, Medium Intensity",8,2024
NV,110471,274,Jarbidge,23,"Developed, Medium Intensity",1,1989
UT,13107,710,Blackridge,23,"Developed, Medium Intensity",1,1989
NV,59107,245,High_Rock_Lake,23,"Developed, Medium Intensity",16,2024
CA,56239,682,Yuki,23,"Developed, Medium Intensity",36,1989
WA,108020,209,Goat_Rocks,23,"Developed, Medium Intensity",69,2024
OR,54406,389,Mount_Washington,23,"Developed, Medium Intensity",2,2024
WY,191914,129,Cloud_Peak,23,"Developed, Medium Intensity",13,2024
WA,531325,445,Pasayten,23,"Developed, Medium Intensity",38,2024
WA,47123,370,Mount_Adams,23,"Developed, Medium Intensity",3,1989
CA/NV,3190455,151,Death_Valley,23,"Developed, Medium Intensity",1319,2024
CA,24433,584,Surprise_Canyon,23,"Developed, Medium Intensity",2,2024
NV,39631,264,Ireteba_Peaks,23,"Developed, Medium Intensity",10,1989
NV,33466,573,Spirit_Mountain,23,"Developed, Medium Intensity",36,2024
WA,105543,704,Wild_Sky,23,"Developed, Medium Intensity",12,1989
NV,157716,663,Mormon_Mountains,23,"Developed, Medium Intensity",3,1989
CA,20158,749,South_Fork_San_Jacinto,23,"Developed, Medium Intensity",42,1989
CA,177309,613,Turtle_Mountains,23,"Developed, Medium Intensity",2,1989
WA,15776,594,Tatoosh,23,"Developed, Medium Intensity",1,1989
CA,104048,363,Mokelumne,23,"Developed, Medium Intensity",27,2024
CO,64307,479,Raggeds,23,"Developed, Medium Intensity",5,1989
AZ,11700,163,Dos_Cabezas_Mountains,23,"Developed, Medium Intensity",7,2024
CO,176431,641,West_Elk,23,"Developed, Medium Intensity",41,1989
NH,45809,450,Pemigewasset,23,"Developed, Medium Intensity",4,2024
GA,16618,343,Mark_Trail,23,"Developed, Medium Intensity",8,1989
UT,7085,20,AshdownGorge,23,"Developed, Medium Intensity",9,1989
AZ,37457,240,Hellsgate,23,"Developed, Medium Intensity",1,1989
WA,638173,577,Stephen_Mather,23,"Developed, Medium Intensity",167,1989
WY,346320,414,North_Absaroka,23,"Developed, Medium Intensity",46,1989
NV,30648,416,North_Black_Rock_Range,23,"Developed, Medium Intensity",1,2024
WA,638173,577,Stephen_Mather,24,Developed High Intensity,4,2024
WA,566161,207,Glacier_Peak,24,Developed High Intensity,1,2024
UT,54643,793,Labyrinth_Canyon,24,Developed High Intensity,43,1989
ID,2358886,194,Frank_Church_River_of_No_Return,24,Developed High Intensity,1,1989
CA,76312,491,Resting_Spring_Range,24,Developed High Intensity,2,1989
AZ/CA,15056,257,Imperial_Refuge,24,Developed High Intensity,1,1989
CA,231619,12,Ansel_Adams,24,Developed High Intensity,1,2024
CA,24433,584,Surprise_Canyon,24,Developed High Intensity,2,2024
CA,56239,682,Yuki,24,Developed High Intensity,1,2024
ID,52753,709,Big_Jacks_Creek,24,Developed High Intensity,2,2024
MT,1062694,64,Bob_Marshall,24,Developed High Intensity,2,2024
WY,693934,632,Washakie,24,Developed High Intensity,54,1989
CO,102209,618,Uncompahgre,24,Developed High Intensity,2,2024
ID/OR,217747,239,Hells_Canyon_IDOR,24,Developed High Intensity,2,1989
CA,128044,249,Hoover,24,Developed High Intensity,3,2024
CA/NV,3190455,151,Death_Valley,24,Developed High Intensity,111,1989
CA,537357,611,Trinity_Alps,24,Developed High Intensity,3,2024
CA,695200,362,Mojave,24,Developed High Intensity,1,2024
WA,228480,382,Mount_Rainier,24,Developed High Intensity,3,2024
MT/WY,937102,1,Absaroka_Beartooth,24,Developed High Intensity,3,1989
CA,537357,611,Trinity_Alps,24,Developed High Intensity,1,1989
WA,228480,382,Mount_Rainier,24,Developed High Intensity,3,1989
CA,101574,521,San_Gorgonio,24,Developed High Intensity,4,2024
CO,66280,723,Dominguez_Canyon,24,Developed High Intensity,1,1989
CA,768222,543,Sequoia_Kings_Canyon,24,Developed High Intensity,2,2024
WY,693934,632,Washakie,24,Developed High Intensity,63,2024
UT,54643,793,Labyrinth_Canyon,24,Developed High Intensity,43,2024
CA,141,181,Farallon,24,Developed High Intensity,1,2024
MT,286659,219,Great_Bear,24,Developed High Intensity,3,1989
CA,71389,82,Bristol_Mountains,24,Developed High Intensity,2,2024
ID/OR,217747,239,Hells_Canyon_IDOR,24,Developed High Intensity,2,2024
CA,141,181,Farallon,24,Developed High Intensity,1,1989
ID,2358886,194,Frank_Church_River_of_No_Return,24,Developed High Intensity,2,2024
AZ/CA,15056,257,Imperial_Refuge,24,Developed High Intensity,1,2024
CA,24433,584,Surprise_Canyon,24,Developed High Intensity,2,1989
OR,64742,374,Mount_Hood,24,Developed High Intensity,4,1989
MT/WY,937102,1,Absaroka_Beartooth,24,Developed High Intensity,4,2024
UT,142996,789,Desolation_Canyon,24,Developed High Intensity,25,1989
CO,249126,745,Rocky_Mountain,24,Developed High Intensity,2,2024
WY,584733,596,Teton,24,Developed High Intensity,27,2024
UT,142996,789,Desolation_Canyon,24,Developed High Intensity,50,2024
OR,64742,374,Mount_Hood,24,Developed High Intensity,9,2024
NM,559310,205,Gila,24,Developed High Intensity,1,1989
WA,638173,577,Stephen_Mather,24,Developed High Intensity,6,1989
WA,414322,8,Alpine_Lakes,24,Developed High Intensity,1,1989
ID,89820,711,Bruneau_Jarbidge_Rivers,24,Developed High Intensity,1,1989
MT,286659,219,Great_Bear,24,Developed High Intensity,2,2024
FL,1296500,341,Marjory_Stoneman_Douglas,24,Developed High Intensity,2,1989
WA,119966,371,Mount_Baker,24,Developed High Intensity,1,2024
WY,584733,596,Teton,24,Developed High Intensity,30,1989
FL,1296500,341,Marjory_Stoneman_Douglas,24,Developed High Intensity,29,2024
MT,1062694,64,Bob_Marshall,24,Developed High Intensity,11,1989
CA,76312,491,Resting_Spring_Range,24,Developed High Intensity,1,2024
WY,198906,185,Fitzpatrick,24,Developed High Intensity,1,1989
CA,695200,362,Mojave,24,Developed High Intensity,2,1989
CA,101574,521,San_Gorgonio,24,Developed High Intensity,5,1989
MT,11366,350,Medicine_Lake,24,Developed High Intensity,1,1989
WA,119966,371,Mount_Baker,24,Developed High Intensity,1,1989
CO,249126,745,Rocky_Mountain,24,Developed High Intensity,3,1989
CO,66280,723,Dominguez_Canyon,24,Developed High Intensity,2,2024
CA/NV,3190455,151,Death_Valley,24,Developed High Intensity,124,2024
CO,102209,618,Uncompahgre,24,Developed High Intensity,2,1989
CO/UT,75479,58,Black_Ridge_Canyons,24,Developed High Intensity,10,2024
ID,89820,711,Bruneau_Jarbidge_Rivers,24,Developed High Intensity,2,2024
CA,768222,543,Sequoia_Kings_Canyon,24,Developed High Intensity,4,1989
CO/UT,75479,58,Black_Ridge_Canyons,24,Developed High Intensity,9,1989
CA,303713,210,Golden_Trout,31,Barren Land (Rock/Sand/Clay),24731,1989
NV,48154,400,Muddy_Mountains,31,Barren Land (Rock/Sand/Clay),5569,1989
AZ,68231,288,Kanab_Creek,31,Barren Land (Rock/Sand/Clay),19780,1989
CA,31059,726,Granite_Mountain_CA,31,Barren Land (Rock/Sand/Clay),10266,1989
CA,24348,737,Pinto_Mountains,31,Barren Land (Rock/Sand/Clay),9,1989
AZ,5100,138,Coyote_Mountains_AZ,31,Barren Land (Rock/Sand/Clay),5,2024
FL,14293,284,Juniper_Prairie,31,Barren Land (Rock/Sand/Clay),35,1989
NV,18879,277,Jimbilnan,31,Barren Land (Rock/Sand/Clay),478,2024
OR,283818,602,Three_Sisters,31,Barren Land (Rock/Sand/Clay),105505,2024
CA,70206,570,South_Warner,31,Barren Land (Rock/Sand/Clay),6532,2024
CO,32643,221,Great_Sand_Dunes,31,Barren Land (Rock/Sand/Clay),32925,2024
NM,44678,14,Apache_Kid,31,Barren Land (Rock/Sand/Clay),87,1989
AZ,50260,454,PetrifiedForest,31,Barren Land (Rock/Sand/Clay),12961,1989
WA,44270,83,Buckhorn,31,Barren Land (Rock/Sand/Clay),14854,2024
AZ,58448,587,Sycamore_Canyon,31,Barren Land (Rock/Sand/Clay),2,1989
UT,20660,794,Little_Ocean_Draw,31,Barren Land (Rock/Sand/Clay),2441,1989
WA,638173,577,Stephen_Mather,31,Barren Land (Rock/Sand/Clay),423488,2024
CO,82496,252,Hunter_Fryingpan,31,Barren Land (Rock/Sand/Clay),46741,2024
MN,816244,70,Boundary_Waters_Canoe_Area,31,Barren Land (Rock/Sand/Clay),350,1989
NV,31223,396,Mt_Rose,31,Barren Land (Rock/Sand/Clay),2574,2024
AZ,312600,431,Organ_Pipe_Cactus,31,Barren Land (Rock/Sand/Clay),35,1989
CA,165172,427,Old_Woman_Mountains,31,Barren Land (Rock/Sand/Clay),49465,1989
VA,79579,549,Shenandoah,31,Barren Land (Rock/Sand/Clay),332,1989
AZ,516200,299,Kofa,31,Barren Land (Rock/Sand/Clay),2375,1989
NV,25671,667,South_Pahroc_Range,31,Barren Land (Rock/Sand/Clay),9,1989
CO,44345,534,Sarvis_Creek,31,Barren Land (Rock/Sand/Clay),2,2024
CA,80090,770,Soda_Mountains,31,Barren Land (Rock/Sand/Clay),60267,2024
CA,17250,771,Milpitas_Wash,31,Barren Land (Rock/Sand/Clay),609,2024
AZ/UT,110816,444,Paria_Canyon_Vermilion_Cliffs,31,Barren Land (Rock/Sand/Clay),25841,2024
AZ,37457,240,Hellsgate,31,Barren Land (Rock/Sand/Clay),1,2024
CA,47158,150,Dead_Mountains,31,Barren Land (Rock/Sand/Clay),2095,2024
AZ/CA,17801,233,Havasu,31,Barren Land (Rock/Sand/Clay),2661,1989
CA,43279,260,Indian_Pass,31,Barren Land (Rock/Sand/Clay),2977,1989
AZ,28080,380,Mount_Nutt,31,Barren Land (Rock/Sand/Clay),80,1989
NM,105085,779,Potrillo_Mountains,31,Barren Land (Rock/Sand/Clay),73,1989
UT,124406,755,Zion,31,Barren Land (Rock/Sand/Clay),15668,2024
OR,35203,651,Wild_Rogue,31,Barren Land (Rock/Sand/Clay),120,2024
ID,89820,711,Bruneau_Jarbidge_Rivers,31,Barren Land (Rock/Sand/Clay),453,1989
CA,188169,548,Sheephole_Valley,31,Barren Land (Rock/Sand/Clay),316596,1989
MI,3879,250,Horseshoe_Bay,31,Barren Land (Rock/Sand/Clay),110,2024
CA,14698,735,Owens_River_Headwaters,31,Barren Land (Rock/Sand/Clay),6254,2024
NH,35301,528,Sandwich_Range,31,Barren Land (Rock/Sand/Clay),45,1989
UT,13107,710,Blackridge,31,Barren Land (Rock/Sand/Clay),22,2024
NH,5658,220,Great_Gulf,31,Barren Land (Rock/Sand/Clay),1871,2024
WV,17777,160,Dolly_Sods,31,Barren Land (Rock/Sand/Clay),665,2024
NV,27502,19,Arrow_Canyon,31,Barren Land (Rock/Sand/Clay),849,2024
CA,60280,569,South_Sierra,31,Barren Land (Rock/Sand/Clay),990,2024
CO,15599,53,Black_Canyon_of_the_Gunnison,31,Barren Land (Rock/Sand/Clay),69,1989
AZ,26912,533,Santa_Teresa,31,Barren Land (Rock/Sand/Clay),6,1989
CO,160309,391,Mount_Zirkel,31,Barren Land (Rock/Sand/Clay),22786,1989
NV,85668,666,Clover_Mountains,31,Barren Land (Rock/Sand/Clay),14,1989
OR,62139,514,Salmon_Huckleberry,31,Barren Land (Rock/Sand/Clay),2,2024
FL,1296500,341,Marjory_Stoneman_Douglas,31,Barren Land (Rock/Sand/Clay),793,2024
NV,17220,51,Black_Canyon_NV,31,Barren Land (Rock/Sand/Clay),14,2024
CA,14740,101,Carrizo_Gorge,31,Barren Land (Rock/Sand/Clay),223,1989
NC,11653,319,Linville_Gorge,31,Barren Land (Rock/Sand/Clay),78,1989
OR,65435,342,Mark_O_Hatfield,31,Barren Land (Rock/Sand/Clay),500,1989
CA,73726,437,Pahrump_Valley,31,Barren Land (Rock/Sand/Clay),4903,1989
AZ/CA,15056,257,Imperial_Refuge,31,Barren Land (Rock/Sand/Clay),7736,2024
AZ,18534,516,Salome,31,Barren Land (Rock/Sand/Clay),5,1989
CA,86245,294,Kiavah,31,Barren Land (Rock/Sand/Clay),187,2024
ND,29920,598,Theodore_Roosevelt,31,Barren Land (Rock/Sand/Clay),412,2024
CA,65726,17,Argus_Range,31,Barren Land (Rock/Sand/Clay),2319,1989
CA,704624,662,Yosemite,31,Barren Land (Rock/Sand/Clay),269187,1989
OK,10372,623,Upper_Kiamichi_River,31,Barren Land (Rock/Sand/Clay),8,2024
LA,8701,297,Kisatchie_Hills,31,Barren Land (Rock/Sand/Clay),10,1989
NV,32364,173,East_Humboldts,31,Barren Land (Rock/Sand/Clay),2144,2024
CA,7810,769,Great_Falls_Basin,31,Barren Land (Rock/Sand/Clay),43,2024
AZ/CA,17801,233,Havasu,31,Barren Land (Rock/Sand/Clay),3321,2024
GA,3000,60,Blackbeard_Island,31,Barren Land (Rock/Sand/Clay),469,2024
WI,33500,677,Gaylord_Nelson,31,Barren Land (Rock/Sand/Clay),1778,2024
VA,5461,328,Little_Wilson_Creek,31,Barren Land (Rock/Sand/Clay),15,1989
OR,180103,287,Kalmiopsis,31,Barren Land (Rock/Sand/Clay),630,1989
NV,48355,323,Little_High_Rock_Canyon,31,Barren Land (Rock/Sand/Clay),418,1989
NV,26310,478,Quinn_Canyon,31,Barren Land (Rock/Sand/Clay),147,2024
NM,19154,645,Wheeler_Peak,31,Barren Land (Rock/Sand/Clay),7553,1989
VT,3750,81,Bristol_Cliffs,31,Barren Land (Rock/Sand/Clay),56,2024
NC,8784,585,Swanquarter,31,Barren Land (Rock/Sand/Clay),1,2024
CA,31358,271,Jacumba,31,Barren Land (Rock/Sand/Clay),12096,2024
NV,51305,669,Weepah_Spring,31,Barren Land (Rock/Sand/Clay),5,2024
AZ,97880,169,Eagletail_Mountains,31,Barren Land (Rock/Sand/Clay),36,2024
MS,4630,226,Gulf_Islands,31,Barren Land (Rock/Sand/Clay),8632,1989
AZ,28080,380,Mount_Nutt,31,Barren Land (Rock/Sand/Clay),81,2024
WY,285619,224,Gros_Ventre,31,Barren Land (Rock/Sand/Clay),59486,2024
MI,132018,268,Isle_Royale,31,Barren Land (Rock/Sand/Clay),5021,2024
OR,36879,87,Bull_of_the_Woods,31,Barren Land (Rock/Sand/Clay),83,2024
AZ,27440,622,Upper_Burro_Creek,31,Barren Land (Rock/Sand/Clay),3,1989
CA,44804,353,Mesquite,31,Barren Land (Rock/Sand/Clay),3,1989
UT,12201,792,Horse_Valley,31,Barren Land (Rock/Sand/Clay),1895,2024
CA,28460,313,Lava_Beds,31,Barren Land (Rock/Sand/Clay),9148,2024
CA,10510,276,Jennie_Lakes,31,Barren Land (Rock/Sand/Clay),566,2024
AZ,27440,622,Upper_Burro_Creek,31,Barren Land (Rock/Sand/Clay),2,2024
OR,24707,748,Soda_Mountain,31,Barren Land (Rock/Sand/Clay),13,1989
CA,537357,611,Trinity_Alps,31,Barren Land (Rock/Sand/Clay),83267,1989
NV,24783,481,Rainbow_Mountain,31,Barren Land (Rock/Sand/Clay),6366,2024
AZ,37030,213,Grand_Wash_Cliffs,31,Barren Land (Rock/Sand/Clay),1,1989
OK,10372,623,Upper_Kiamichi_River,31,Barren Land (Rock/Sand/Clay),8,1989
UT,98023,799,Muddy_Creek,31,Barren Land (Rock/Sand/Clay),73468,1989
NM,9621,517,Salt_Creek,31,Barren Land (Rock/Sand/Clay),12,2024
CA,45384,44,Big_Maria_Mountains,31,Barren Land (Rock/Sand/Clay),8934,2024
AZ,64000,659,Woolsey_Peak,31,Barren Land (Rock/Sand/Clay),5,2024
AZ,5800,648,White_Canyon,31,Barren Land (Rock/Sand/Clay),8,2024
CA,8189,149,Darwin_Falls,31,Barren Land (Rock/Sand/Clay),5,2024
VA,6071,317,Lewis_Fork,31,Barren Land (Rock/Sand/Clay),84,1989
AZ,160164,583,Superstition,31,Barren Land (Rock/Sand/Clay),42,2024
CA,12897,338,Manly_Peak,31,Barren Land (Rock/Sand/Clay),891,2024
AZ,41143,509,Saddle_Mountain,31,Barren Land (Rock/Sand/Clay),50,2024
CO,29027,377,Mount_Massive,31,Barren Land (Rock/Sand/Clay),17430,1989
NM,35091,97,Capitan_Mountains,31,Barren Land (Rock/Sand/Clay),7,2024
AL,8947,166,Dugger_Mountain,31,Barren Land (Rock/Sand/Clay),21,2024
GA,7742,62,Blood_Mountain,31,Barren Land (Rock/Sand/Clay),2,1989
AZ,38470,486,Rawhide_Mountains,31,Barren Land (Rock/Sand/Clay),3,2024
CA,17059,566,South_Nopah_Range,31,Barren Land (Rock/Sand/Clay),1931,2024
CA,20548,57,Black_Mountain,31,Barren Land (Rock/Sand/Clay),215,2024
NV,46465,244,High_Rock_Canyon,31,Barren Land (Rock/Sand/Clay),148,2024
NV,32016,175,Eldorado,31,Barren Land (Rock/Sand/Clay),426,2024
CO,230829,186,Flat_Tops,31,Barren Land (Rock/Sand/Clay),11871,1989
NM,7242,785,Ah_shi_sle_pah,31,Barren Land (Rock/Sand/Clay),1791,2024
AZ,7711,401,Muggins_Mountain,31,Barren Land (Rock/Sand/Clay),737,2024
OR,62139,514,Salmon_Huckleberry,31,Barren Land (Rock/Sand/Clay),2,1989
CO,249126,745,Rocky_Mountain,31,Barren Land (Rock/Sand/Clay),117335,1989
UT,25078,154,Deseret_Peak,31,Barren Land (Rock/Sand/Clay),304,1989
OR,36879,87,Bull_of_the_Woods,31,Barren Land (Rock/Sand/Clay),118,1989
OR,170202,576,Steens_Mountain,31,Barren Land (Rock/Sand/Clay),10106,1989
MO,12423,242,Hercules_Glades,31,Barren Land (Rock/Sand/Clay),975,2024
CO,160997,568,South_San_Juan,31,Barren Land (Rock/Sand/Clay),31611,2024
CO,74408,485,Rawah,31,Barren Land (Rock/Sand/Clay),8778,2024
AZ,64000,659,Woolsey_Peak,31,Barren Land (Rock/Sand/Clay),5,1989
NV,67214,701,South_Egan_Range,31,Barren Land (Rock/Sand/Clay),1,1989
NV,32016,175,Eldorado,31,Barren Land (Rock/Sand/Clay),446,1989
CO,17784,227,Gunnison_Gorge,31,Barren Land (Rock/Sand/Clay),94,1989
ID,52753,709,Big_Jacks_Creek,31,Barren Land (Rock/Sand/Clay),7,2024
CA,37793,122,Chumash,31,Barren Land (Rock/Sand/Clay),50,1989
WA,414322,8,Alpine_Lakes,31,Barren Land (Rock/Sand/Clay),173133,1989
NM,19916,778,Organ_Mountains,31,Barren Land (Rock/Sand/Clay),21,1989
UT,13832,791,Eagle_Canyon,31,Barren Land (Rock/Sand/Clay),3381,2024
UT,50216,459,Pine_Valley_Mountain,31,Barren Land (Rock/Sand/Clay),1,1989
WA,7140,282,Juniper_Dunes,31,Barren Land (Rock/Sand/Clay),5,2024
CA,79061,309,Lassen_Volcanic,31,Barren Land (Rock/Sand/Clay),27302,1989
CA,24348,737,Pinto_Mountains,31,Barren Land (Rock/Sand/Clay),9,2024
MT,28460,200,Gates_of_the_Mountains,31,Barren Land (Rock/Sand/Clay),12,1989
OR,36865,627,Waldo_Lake,31,Barren Land (Rock/Sand/Clay),5295,2024
CA,60222,559,Snow_Mountain,31,Barren Land (Rock/Sand/Clay),283,2024
OR,113571,558,Sky_Lakes,31,Barren Land (Rock/Sand/Clay),6937,1989
CA,25707,195,Funeral_Mountains,31,Barren Land (Rock/Sand/Clay),854,2024
OR,180103,287,Kalmiopsis,31,Barren Land (Rock/Sand/Clay),446,2024
WA,353,523,San_Juan,31,Barren Land (Rock/Sand/Clay),165,2024
CO,19237,572,Spanish_Peaks,31,Barren Land (Rock/Sand/Clay),15588,1989
CA,28822,256,Ibex,31,Barren Land (Rock/Sand/Clay),501,2024
MI,16704,582,Sturgeon_River_Gorge,31,Barren Land (Rock/Sand/Clay),8,2024
CA,11001,757,Elkhorn_Ridge,31,Barren Land (Rock/Sand/Clay),33,1989
CA,12897,338,Manly_Peak,31,Barren Land (Rock/Sand/Clay),893,1989
NM,203548,4,Aldo_Leopold,31,Barren Land (Rock/Sand/Clay),13,2024
CA,27315,455,Phillip_Burton,31,Barren Land (Rock/Sand/Clay),5012,2024
CA,60280,569,South_Sierra,31,Barren Land (Rock/Sand/Clay),989,1989
CA,16526,599,Thousand_Lakes,31,Barren Land (Rock/Sand/Clay),4351,2024
NV,123508,664,Meadow_Valley_Range,31,Barren Land (Rock/Sand/Clay),991,1989
NM,11114,781,Sierra_de_las_Uvas,31,Barren Land (Rock/Sand/Clay),6,1989
NV,23439,420,North_Jackson_Mountains,31,Barren Land (Rock/Sand/Clay),64,1989
NV,7761,76,Bridge_Canyon,31,Barren Land (Rock/Sand/Clay),297,2024
NY,1381,182,Otis_Pike_Fire_Island_High_Dune,31,Barren Land (Rock/Sand/Clay),2524,2024
VA,5994,475,Priest,31,Barren Land (Rock/Sand/Clay),10,1989
NV,157716,663,Mormon_Mountains,31,Barren Land (Rock/Sand/Clay),345,2024
MI,16704,582,Sturgeon_River_Gorge,31,Barren Land (Rock/Sand/Clay),8,1989
NV,111066,665,Delamar_Mountains,31,Barren Land (Rock/Sand/Clay),169,1989
WY,285619,224,Gros_Ventre,31,Barren Land (Rock/Sand/Clay),52729,1989
OR,20777,429,Opal_Creek,31,Barren Land (Rock/Sand/Clay),2,1989
CA,219209,544,Sespe,31,Barren Land (Rock/Sand/Clay),463,1989
CA,39167,126,Cleghorn_Lakes,31,Barren Land (Rock/Sand/Clay),13548,2024
CA,70206,570,South_Warner,31,Barren Land (Rock/Sand/Clay),5158,1989
OR,64742,374,Mount_Hood,31,Barren Land (Rock/Sand/Clay),36595,2024
CA,79061,309,Lassen_Volcanic,31,Barren Land (Rock/Sand/Clay),26641,2024
UT,25635,71,Box_Death_Hollow,31,Barren Land (Rock/Sand/Clay),11372,2024
MT,11366,350,Medicine_Lake,31,Barren Land (Rock/Sand/Clay),28,2024
NM,44678,14,Apache_Kid,31,Barren Land (Rock/Sand/Clay),55,2024
CA,25895,415,North_Algodones_Dunes,31,Barren Land (Rock/Sand/Clay),79944,2024
TX,13248,620,Upland_Island,31,Barren Land (Rock/Sand/Clay),2,2024
NV,111066,665,Delamar_Mountains,31,Barren Land (Rock/Sand/Clay),481,2024
CA,101574,521,San_Gorgonio,31,Barren Land (Rock/Sand/Clay),8353,2024
CA,16526,599,Thousand_Lakes,31,Barren Land (Rock/Sand/Clay),5348,1989
CA,188169,548,Sheephole_Valley,31,Barren Land (Rock/Sand/Clay),419929,2024
CA,27296,684,Cache_Creek,31,Barren Land (Rock/Sand/Clay),62,2024
MT,158712,10,Anaconda_Pintler,31,Barren Land (Rock/Sand/Clay),45946,2024
CA,30863,159,Dinkey_Lakes,31,Barren Land (Rock/Sand/Clay),2792,2024
ID,217511,536,Sawtooth,31,Barren Land (Rock/Sand/Clay),167840,2024
CA,44223,365,Monarch,31,Barren Land (Rock/Sand/Clay),1199,1989
GA,5125,656,Wolf_Island,31,Barren Land (Rock/Sand/Clay),382,1989
MI,11951,152,Delirium,31,Barren Land (Rock/Sand/Clay),1,1989
NJ,6681,79,Brigantine,31,Barren Land (Rock/Sand/Clay),2353,2024
VA,8907,273,James_River_Face,31,Barren Land (Rock/Sand/Clay),118,2024
AZ,18790,204,Gibraltar_Mountain,31,Barren Land (Rock/Sand/Clay),10,2024
CO,122453,248,Holy_Cross,31,Barren Land (Rock/Sand/Clay),89625,2024
CA,104048,363,Mokelumne,31,Barren Land (Rock/Sand/Clay),14374,1989
AZ,87900,439,Paiute,31,Barren Land (Rock/Sand/Clay),486,1989
UT,46360,148,Dark_Canyon,31,Barren Land (Rock/Sand/Clay),274,1989
CA,28955,423,North_Mesquite_Mountains,31,Barren Land (Rock/Sand/Clay),28,2024
AZ,112400,630,Warm_Springs,31,Barren Land (Rock/Sand/Clay),7,2024
TX,12214,259,Indian_Mounds,31,Barren Land (Rock/Sand/Clay),57,2024
NV,64968,94,Calico_Mountains,31,Barren Land (Rock/Sand/Clay),12972,2024
CA,106623,411,Nopah_Range,31,Barren Land (Rock/Sand/Clay),29770,1989
MT,1062694,64,Bob_Marshall,31,Barren Land (Rock/Sand/Clay),178116,1989
CA,72192,463,Piper_Mountain,31,Barren Land (Rock/Sand/Clay),2129,1989
UT,22843,636,Wellsville_Mountain,31,Barren Land (Rock/Sand/Clay),2,2024
OR,64742,374,Mount_Hood,31,Barren Land (Rock/Sand/Clay),36201,1989
CO,12615,476,Ptarmigan_Peak,31,Barren Land (Rock/Sand/Clay),1046,2024
WA,152980,306,Lake_Chelan_Sawtooth,31,Barren Land (Rock/Sand/Clay),63074,2024
AZ,16400,586,Swansea,31,Barren Land (Rock/Sand/Clay),1,2024
IN,12472,112,Charles_C_Deam,31,Barren Land (Rock/Sand/Clay),5,1989
CA,23679,174,El_Paso_Mountains,31,Barren Land (Rock/Sand/Clay),230,1989
CA,43279,260,Indian_Pass,31,Barren Land (Rock/Sand/Clay),2978,2024
UT,11436,615,Twin_Peaks,31,Barren Land (Rock/Sand/Clay),2312,2024
NM,39540,642,West_Malpais,31,Barren Land (Rock/Sand/Clay),1,2024
AZ,97880,169,Eagletail_Mountains,31,Barren Land (Rock/Sand/Clay),36,1989
CA,36981,397,Mt_Shasta,31,Barren Land (Rock/Sand/Clay),66221,2024
NV,46943,304,La_Madre_Mountain,31,Barren Land (Rock/Sand/Clay),667,1989
GA,7742,62,Blood_Mountain,31,Barren Land (Rock/Sand/Clay),2,2024
OR,23036,393,Mountain_Lakes,31,Barren Land (Rock/Sand/Clay),3865,2024
FL,6197,188,Florida_Keys,31,Barren Land (Rock/Sand/Clay),24,1989
MO,8184,460,Piney_Creek,31,Barren Land (Rock/Sand/Clay),7,2024
ID/OR,217747,239,Hells_Canyon_IDOR,31,Barren Land (Rock/Sand/Clay),10868,1989
CO,62742,473,Powderhorn,31,Barren Land (Rock/Sand/Clay),12639,2024
CA,112723,177,Emigrant,31,Barren Land (Rock/Sand/Clay),71205,2024
ID/MT,1347644,540,Selway_Bitterroot,31,Barren Land (Rock/Sand/Clay),184132,2024
MT/WY,937102,1,Absaroka_Beartooth,31,Barren Land (Rock/Sand/Clay),433110,2024
CA,51289,432,Orocopia_Mountains,31,Barren Land (Rock/Sand/Clay),5466,2024
CA,20548,57,Black_Mountain,31,Barren Land (Rock/Sand/Clay),929,1989
MI,132018,268,Isle_Royale,31,Barren Land (Rock/Sand/Clay),6151,1989
CA,76312,491,Resting_Spring_Range,31,Barren Land (Rock/Sand/Clay),12390,2024
OR,36548,744,Roaring_River,31,Barren Land (Rock/Sand/Clay),66,1989
CA,23578,84,Bucks_Lake,31,Barren Land (Rock/Sand/Clay),346,1989
WY,198906,185,Fitzpatrick,31,Barren Land (Rock/Sand/Clay),152379,1989
MI,375,504,Round_Island,31,Barren Land (Rock/Sand/Clay),292,2024
NV,64968,94,Calico_Mountains,31,Barren Land (Rock/Sand/Clay),21442,1989
OR,55127,385,Mount_Thielsen,31,Barren Land (Rock/Sand/Clay),5756,2024
ME,11236,99,Caribou_Speckled_Mountain,31,Barren Land (Rock/Sand/Clay),3,2024
UT,30632,330,Lone_Peak,31,Barren Land (Rock/Sand/Clay),9436,1989
AZ/UT,18667,33,Beaver_Dam_Mountains,31,Barren Land (Rock/Sand/Clay),1684,1989
VA,6071,317,Lewis_Fork,31,Barren Land (Rock/Sand/Clay),50,2024
NM,18881,143,Cruces_Basin,31,Barren Land (Rock/Sand/Clay),100,1989
CA,21986,286,Kaiser,31,Barren Land (Rock/Sand/Clay),1265,1989
CA,595364,279,Joshua_Tree,31,Barren Land (Rock/Sand/Clay),58226,1989
WY,123896,275,Jedediah_Smith,31,Barren Land (Rock/Sand/Clay),15781,2024
CA,83195,578,Stepladder_Mountains,31,Barren Land (Rock/Sand/Clay),1119,1989
NV,33466,573,Spirit_Mountain,31,Barren Land (Rock/Sand/Clay),2537,1989
AZ,60773,193,Four_Peaks,31,Barren Land (Rock/Sand/Clay),158,2024
GA,3000,60,Blackbeard_Island,31,Barren Land (Rock/Sand/Clay),690,1989
CA,28374,214,Granite_Chief,31,Barren Land (Rock/Sand/Clay),2084,2024
NM,19916,778,Organ_Mountains,31,Barren Land (Rock/Sand/Clay),20,2024
MI,32557,758,Sleeping_Bear_Dunes,31,Barren Land (Rock/Sand/Clay),23293,1989
UT,44447,714,Canaan_Mountain,31,Barren Land (Rock/Sand/Clay),3237,2024
AZ,30300,609,Trigo_Mountain,31,Barren Land (Rock/Sand/Clay),7391,2024
NV,14050,807,Cain_Mountain,31,Barren Land (Rock/Sand/Clay),10,2024
CO,41281,86,Buffalo_Peaks,31,Barren Land (Rock/Sand/Clay),3845,2024
FL,1296500,341,Marjory_Stoneman_Douglas,31,Barren Land (Rock/Sand/Clay),1472,1989
CA,33843,128,Clipper_Mountain,31,Barren Land (Rock/Sand/Clay),57,1989
UT,46360,148,Dark_Canyon,31,Barren Land (Rock/Sand/Clay),271,2024
NM,43420,50,Bisti_De_Na_Zin,31,Barren Land (Rock/Sand/Clay),20211,2024
WA,44270,83,Buckhorn,31,Barren Land (Rock/Sand/Clay),14959,1989
ID,2358886,194,Frank_Church_River_of_No_Return,31,Barren Land (Rock/Sand/Clay),56390,2024
UT,7085,20,AshdownGorge,31,Barren Land (Rock/Sand/Clay),1167,2024
OR,109098,375,Mount_Jefferson,31,Barren Land (Rock/Sand/Clay),25780,1989
CA,182298,661,Yolla_Bolly_Middle_Eel,31,Barren Land (Rock/Sand/Clay),1786,2024
CA,73726,437,Pahrump_Valley,31,Barren Land (Rock/Sand/Clay),3993,2024
CA,6,703,Rocks_and_Islands,31,Barren Land (Rock/Sand/Clay),20,1989
OR,109098,375,Mount_Jefferson,31,Barren Land (Rock/Sand/Clay),27663,2024
OR,36548,744,Roaring_River,31,Barren Land (Rock/Sand/Clay),40,2024
CO,20847,406,Never_Summer,31,Barren Land (Rock/Sand/Clay),10593,2024
NV,30539,672,Fortification_Range,31,Barren Land (Rock/Sand/Clay),30,2024
FL,14293,284,Juniper_Prairie,31,Barren Land (Rock/Sand/Clay),9,2024
CA,26102,408,Newberry_Mountains,31,Barren Land (Rock/Sand/Clay),111,1989
CA,652903,278,John_Muir,31,Barren Land (Rock/Sand/Clay),829213,1989
VA,6532,493,Rich_Hole,31,Barren Land (Rock/Sand/Clay),3,1989
CA,133720,162,Domeland,31,Barren Land (Rock/Sand/Clay),786,1989
MT,158712,10,Anaconda_Pintler,31,Barren Land (Rock/Sand/Clay),46237,1989
AZ,77585,196,Galiuro,31,Barren Land (Rock/Sand/Clay),2,1989
CA,65726,17,Argus_Range,31,Barren Land (Rock/Sand/Clay),2240,2024
NV,54536,563,South_Jackson_Mountains,31,Barren Land (Rock/Sand/Clay),1381,2024
CA,8022,111,Chanchelulla,31,Barren Land (Rock/Sand/Clay),7,2024
NM,27673,773,Aden_Lava_Flow,31,Barren Land (Rock/Sand/Clay),35,1989
VT,18122,334,Lye_Brook,31,Barren Land (Rock/Sand/Clay),22,2024
NV,92627,590,Table_Mountain,31,Barren Land (Rock/Sand/Clay),375,2024
CA,32186,522,San_Jacinto,31,Barren Land (Rock/Sand/Clay),101,1989
NM,559310,205,Gila,31,Barren Land (Rock/Sand/Clay),142,2024
TX,12214,259,Indian_Mounds,31,Barren Land (Rock/Sand/Clay),101,1989
CA,8189,149,Darwin_Falls,31,Barren Land (Rock/Sand/Clay),5,1989
CA,231619,12,Ansel_Adams,31,Barren Land (Rock/Sand/Clay),163230,1989
CA,695200,362,Mojave,31,Barren Land (Rock/Sand/Clay),461360,1989
UT,453863,246,High_Uintas,31,Barren Land (Rock/Sand/Clay),373222,1989
CA,37308,610,Trilobite,31,Barren Land (Rock/Sand/Clay),17525,2024
UT,12201,792,Horse_Valley,31,Barren Land (Rock/Sand/Clay),2031,1989
CA,26356,349,Mecca_Hills,31,Barren Land (Rock/Sand/Clay),81837,2024
CA,695200,362,Mojave,31,Barren Land (Rock/Sand/Clay),425821,2024
ID,43243,142,Craters_of_the_Moon,31,Barren Land (Rock/Sand/Clay),83447,2024
MT,286659,219,Great_Bear,31,Barren Land (Rock/Sand/Clay),24283,2024
NV,30539,672,Fortification_Range,31,Barren Land (Rock/Sand/Clay),30,1989
SD,64144,24,Badlands,31,Barren Land (Rock/Sand/Clay),172158,1989
MO,8184,460,Piney_Creek,31,Barren Land (Rock/Sand/Clay),15,1989
NV,121449,696,High_Schells,31,Barren Land (Rock/Sand/Clay),8277,1989
CA,45384,44,Big_Maria_Mountains,31,Barren Land (Rock/Sand/Clay),5448,1989
MT,93272,91,Cabinet_Mountains,31,Barren Land (Rock/Sand/Clay),28543,2024
ID/MT,1347644,540,Selway_Bitterroot,31,Barren Land (Rock/Sand/Clay),167441,1989
CA,76312,491,Resting_Spring_Range,31,Barren Land (Rock/Sand/Clay),11877,1989
AZ,56973,477,Pusch_Ridge,31,Barren Land (Rock/Sand/Clay),70,1989
CO,68025,133,Comanche_Peak,31,Barren Land (Rock/Sand/Clay),3647,1989
UT,60442,801,San_Rafael_Reef,31,Barren Land (Rock/Sand/Clay),24932,1989
CA,20839,98,Caribou,31,Barren Land (Rock/Sand/Clay),239,1989
AZ,19410,15,Aravaipa_Canyon,31,Barren Land (Rock/Sand/Clay),5,1989
WA,876447,428,Daniel_J_Evans,31,Barren Land (Rock/Sand/Clay),268457,1989
UT,3291,721,Deep_Creek,31,Barren Land (Rock/Sand/Clay),14,1989
CA,128044,249,Hoover,31,Barren Land (Rock/Sand/Clay),156597,2024
CA,39740,728,John_Krebs,31,Barren Land (Rock/Sand/Clay),14937,2024
AZ,18109,402,Munds_Mountain,31,Barren Land (Rock/Sand/Clay),1,1989
NV,67214,701,South_Egan_Range,31,Barren Land (Rock/Sand/Clay),5,2024
CA,8860,456,Picacho_Peak,31,Barren Land (Rock/Sand/Clay),1361,2024
CA,60222,559,Snow_Mountain,31,Barren Land (Rock/Sand/Clay),540,1989
CA,30186,217,Grass_Valley,31,Barren Land (Rock/Sand/Clay),312,2024
WY,102620,470,Popo_Agie,31,Barren Land (Rock/Sand/Clay),61261,1989
CA,7272,683,Mount_Lassic,31,Barren Land (Rock/Sand/Clay),50,1989
WA,47123,370,Mount_Adams,31,Barren Land (Rock/Sand/Clay),53129,2024
CA,12868,686,South_Fork_Eel_River,31,Barren Land (Rock/Sand/Clay),248,2024
MO,6691,156,Devils_Backbone,31,Barren Land (Rock/Sand/Clay),72,2024
NV,48355,323,Little_High_Rock_Canyon,31,Barren Land (Rock/Sand/Clay),229,2024
CA,39740,728,John_Krebs,31,Barren Land (Rock/Sand/Clay),13963,1989
NV,30594,668,Worthington_Mountains,31,Barren Land (Rock/Sand/Clay),331,2024
OR,35749,502,Rogue_Umpqua_Divide,31,Barren Land (Rock/Sand/Clay),59,1989
WA,531325,445,Pasayten,31,Barren Land (Rock/Sand/Clay),162370,1989
AZ,18790,204,Gibraltar_Mountain,31,Barren Land (Rock/Sand/Clay),9,1989
FL,17350,574,St_Marks,31,Barren Land (Rock/Sand/Clay),68,1989
NC,8784,585,Swanquarter,31,Barren Land (Rock/Sand/Clay),16,1989
CA,47158,150,Dead_Mountains,31,Barren Land (Rock/Sand/Clay),1874,1989
SC,29000,96,Cape_Romain,31,Barren Land (Rock/Sand/Clay),704,2024
AZ,803418,90,Cabeza_Prieta,31,Barren Land (Rock/Sand/Clay),98892,2024
CA,133720,162,Domeland,31,Barren Land (Rock/Sand/Clay),799,2024
NM,559310,205,Gila,31,Barren Land (Rock/Sand/Clay),147,1989
OR,36865,627,Waldo_Lake,31,Barren Land (Rock/Sand/Clay),365,1989
CA,182298,661,Yolla_Bolly_Middle_Eel,31,Barren Land (Rock/Sand/Clay),2166,1989
UT,25635,71,Box_Death_Hollow,31,Barren Land (Rock/Sand/Clay),11649,1989
WA,16297,597,The_Brothers,31,Barren Land (Rock/Sand/Clay),1088,2024
NM,35091,97,Capitan_Mountains,31,Barren Land (Rock/Sand/Clay),7,1989
CA,38216,326,Little_Picacho,31,Barren Land (Rock/Sand/Clay),22602,2024
CA,230966,754,White_Mountains,31,Barren Land (Rock/Sand/Clay),161521,1989
NV,35581,9,AltaToquima,31,Barren Land (Rock/Sand/Clay),4900,1989
NM,11656,678,Ojito,31,Barren Land (Rock/Sand/Clay),65,2024
UT,20660,794,Little_Ocean_Draw,31,Barren Land (Rock/Sand/Clay),2233,2024
ID,67993,763,Hemingway_Boulders,31,Barren Land (Rock/Sand/Clay),75476,1989
NM,20420,310,Latir_Peak,31,Barren Land (Rock/Sand/Clay),4236,2024
NH,5658,220,Great_Gulf,31,Barren Land (Rock/Sand/Clay),1848,1989
NV,88650,395,Mt_Moriah,31,Barren Land (Rock/Sand/Clay),1781,1989
MI,3271,412,Nordhouse_Dunes,31,Barren Land (Rock/Sand/Clay),3233,2024
NV,46943,304,La_Madre_Mountain,31,Barren Land (Rock/Sand/Clay),672,2024
VA,79579,549,Shenandoah,31,Barren Land (Rock/Sand/Clay),322,2024
CA,15985,461,Hain,31,Barren Land (Rock/Sand/Clay),1,2024
CA,10666,681,Sanhedrin,31,Barren Land (Rock/Sand/Clay),23,2024
NM,11114,781,Sierra_de_las_Uvas,31,Barren Land (Rock/Sand/Clay),6,2024
NV,51305,669,Weepah_Spring,31,Barren Land (Rock/Sand/Clay),5,1989
CO,13000,624,Vasquez_Peak,31,Barren Land (Rock/Sand/Clay),3147,2024
CA,42695,687,King_Range,31,Barren Land (Rock/Sand/Clay),4786,1989
AZ,5158,180,Escudilla,31,Barren Land (Rock/Sand/Clay),253,1989
WA,102919,241,Henry_M_Jackson,31,Barren Land (Rock/Sand/Clay),24547,1989
CO,176431,641,West_Elk,31,Barren Land (Rock/Sand/Clay),27218,2024
WA,52294,413,Norse_Peak,31,Barren Land (Rock/Sand/Clay),1802,2024
UT,16343,798,Middle_Wild_Horse_Mesa,31,Barren Land (Rock/Sand/Clay),26970,2024
UT,11436,615,Twin_Peaks,31,Barren Land (Rock/Sand/Clay),1343,1989
OR,8758,356,Middle_Santiam,31,Barren Land (Rock/Sand/Clay),15,1989
MA,3244,366,Monomoy,31,Barren Land (Rock/Sand/Clay),7273,2024
ID,116843,765,Jim_McClure_Jerry_Peak,31,Barren Land (Rock/Sand/Clay),8707,1989
AZ,129800,18,Arrastra_Mountain,31,Barren Land (Rock/Sand/Clay),357,2024
CO,17109,272,James_Peak,31,Barren Land (Rock/Sand/Clay),8974,1989
NV,30648,416,North_Black_Rock_Range,31,Barren Land (Rock/Sand/Clay),127,1989
CO,181973,344,Maroon_Bells_Snowmass,31,Barren Land (Rock/Sand/Clay),156517,2024
WY,584733,596,Teton,31,Barren Land (Rock/Sand/Clay),122447,1989
WY,31057,255,Huston_Park,31,Barren Land (Rock/Sand/Clay),21,1989
AZ,60773,193,Four_Peaks,31,Barren Land (Rock/Sand/Clay),114,1989
CA,21390,183,Fish_Creek_Mountains,31,Barren Land (Rock/Sand/Clay),31206,2024
MT,20819,616,UL_Bend,31,Barren Land (Rock/Sand/Clay),1,1989
UT,2648,718,Cottonwood_Forest,31,Barren Land (Rock/Sand/Clay),5,1989
TN,10804,43,Big_Laurel_Branch,31,Barren Land (Rock/Sand/Clay),2,1989
NV,56819,394,Mt_Charleston,31,Barren Land (Rock/Sand/Clay),1885,1989
CO,165874,131,Collegiate_Peaks,31,Barren Land (Rock/Sand/Clay),163669,2024
CA,78576,531,Santa_Rosa,31,Barren Land (Rock/Sand/Clay),210,2024
NV,18879,277,Jimbilnan,31,Barren Land (Rock/Sand/Clay),576,1989
AZ,56973,477,Pusch_Ridge,31,Barren Land (Rock/Sand/Clay),85,2024
CA,32186,522,San_Jacinto,31,Barren Land (Rock/Sand/Clay),92,2024
MT,93272,91,Cabinet_Mountains,31,Barren Land (Rock/Sand/Clay),27777,1989
ID,2358886,194,Frank_Church_River_of_No_Return,31,Barren Land (Rock/Sand/Clay),49523,1989
AZ/CA,15056,257,Imperial_Refuge,31,Barren Land (Rock/Sand/Clay),6305,1989
CA,13007,144,Cucamonga,31,Barren Land (Rock/Sand/Clay),157,2024
UT,49130,802,Sids_Mountain,31,Barren Land (Rock/Sand/Clay),8472,2024
UT,3291,721,Deep_Creek,31,Barren Land (Rock/Sand/Clay),13,2024
AZ,21000,40,Big_Horn_Mountains,31,Barren Land (Rock/Sand/Clay),6,2024
CO,135104,168,Eagles_Nest,31,Barren Land (Rock/Sand/Clay),74990,2024
CA,37786,211,Golden_Valley,31,Barren Land (Rock/Sand/Clay),586,1989
SC,21700,134,Congaree,31,Barren Land (Rock/Sand/Clay),3,1989
CO,122453,248,Holy_Cross,31,Barren Land (Rock/Sand/Clay),89251,1989
CA/OR,20130,487,Red_Buttes,31,Barren Land (Rock/Sand/Clay),307,2024
AZ,160164,583,Superstition,31,Barren Land (Rock/Sand/Clay),45,1989
WA,15776,594,Tatoosh,31,Barren Land (Rock/Sand/Clay),397,1989
NV,43512,670,Parsnip_Peak,31,Barren Land (Rock/Sand/Clay),35,1989
UT,76413,797,Mexican_Mountain,31,Barren Land (Rock/Sand/Clay),14747,1989
CO,29027,377,Mount_Massive,31,Barren Land (Rock/Sand/Clay),17459,2024
AR,34933,85,Buffalo_National_River,31,Barren Land (Rock/Sand/Clay),2114,2024
CA,83195,578,Stepladder_Mountains,31,Barren Land (Rock/Sand/Clay),1228,2024
AZ,10414,580,Strawberry_Crater,31,Barren Land (Rock/Sand/Clay),520,2024
NM,13902,774,Broad_Canyon,31,Barren Land (Rock/Sand/Clay),9,1989
CA,231619,12,Ansel_Adams,31,Barren Land (Rock/Sand/Clay),165252,2024
CA,595364,279,Joshua_Tree,31,Barren Land (Rock/Sand/Clay),126634,2024
VT,3750,81,Bristol_Cliffs,31,Barren Land (Rock/Sand/Clay),54,1989
NV,23710,318,Lime_Canyon,31,Barren Land (Rock/Sand/Clay),161,2024
AZ,31520,387,Mount_Tipton,31,Barren Land (Rock/Sand/Clay),1,1989
AR,2143,42,Big_Lake,31,Barren Land (Rock/Sand/Clay),180,2024
AZ,48314,489,Red_Rock_Secret_Mountain,31,Barren Land (Rock/Sand/Clay),13,1989
NM,12155,776,East_Potrillo_Mountains,31,Barren Land (Rock/Sand/Clay),10,1989
WA,14616,125,Clearwater,31,Barren Land (Rock/Sand/Clay),598,2024
VA,5507,28,Barbours_Creek,31,Barren Land (Rock/Sand/Clay),1,1989
WY,693934,632,Washakie,31,Barren Land (Rock/Sand/Clay),575453,2024
NY,1381,182,Otis_Pike_Fire_Island_High_Dune,31,Barren Land (Rock/Sand/Clay),2291,1989
OR,283818,602,Three_Sisters,31,Barren Land (Rock/Sand/Clay),105100,1989
CA,28374,214,Granite_Chief,31,Barren Land (Rock/Sand/Clay),1682,1989
UT,11001,788,Cold_Wash,31,Barren Land (Rock/Sand/Clay),1888,2024
CA,7272,683,Mount_Lassic,31,Barren Land (Rock/Sand/Clay),27,2024
CA,158147,102,Carson_Iceberg,31,Barren Land (Rock/Sand/Clay),21829,1989
WA,119966,371,Mount_Baker,31,Barren Land (Rock/Sand/Clay),104958,2024
OH,77,643,West_Sister_Island,31,Barren Land (Rock/Sand/Clay),1,2024
NV,17220,51,Black_Canyon_NV,31,Barren Land (Rock/Sand/Clay),15,1989
OR,9465,715,Clackamas,31,Barren Land (Rock/Sand/Clay),6,2024
WA,451,633,Washington_Islands,31,Barren Land (Rock/Sand/Clay),438,2024
CA,11840,772,Buzzards_Peak,31,Barren Land (Rock/Sand/Clay),791,2024
UT,142996,789,Desolation_Canyon,31,Barren Land (Rock/Sand/Clay),3117,2024
ID,52753,709,Big_Jacks_Creek,31,Barren Land (Rock/Sand/Clay),16,1989
AZ/UT,110816,444,Paria_Canyon_Vermilion_Cliffs,31,Barren Land (Rock/Sand/Clay),26728,1989
CA,33843,128,Clipper_Mountain,31,Barren Land (Rock/Sand/Clay),77,2024
CO,32062,191,Fossil_Ridge,31,Barren Land (Rock/Sand/Clay),17969,2024
TX,46850,225,Guadalupe_Mountains,31,Barren Land (Rock/Sand/Clay),42,1989
ID,43243,142,Craters_of_the_Moon,31,Barren Land (Rock/Sand/Clay),72266,1989
WV,6048,311,Laurel_Fork_North,31,Barren Land (Rock/Sand/Clay),43,2024
LA,5000,75,Breton,31,Barren Land (Rock/Sand/Clay),8632,1989
NV,47311,147,Currant_Mountain,31,Barren Land (Rock/Sand/Clay),264,1989
CA,76123,646,Whipple_Mountains,31,Barren Land (Rock/Sand/Clay),351,1989
WY,346320,414,North_Absaroka,31,Barren Land (Rock/Sand/Clay),177578,1989
CA,26356,349,Mecca_Hills,31,Barren Land (Rock/Sand/Clay),88244,1989
CA,28460,313,Lava_Beds,31,Barren Land (Rock/Sand/Clay),8739,1989
WA,102919,241,Henry_M_Jackson,31,Barren Land (Rock/Sand/Clay),24744,2024
MT/WY,937102,1,Absaroka_Beartooth,31,Barren Land (Rock/Sand/Clay),404234,1989
CA,19935,93,Cadiz_Dunes,31,Barren Land (Rock/Sand/Clay),90616,2024
CO,8801,89,Byers_Peak,31,Barren Land (Rock/Sand/Clay),1811,1989
NV,7761,76,Bridge_Canyon,31,Barren Land (Rock/Sand/Clay),282,1989
CA,36981,397,Mt_Shasta,31,Barren Land (Rock/Sand/Clay),66127,1989
CA,73868,435,Owens_Peak,31,Barren Land (Rock/Sand/Clay),2807,2024
MT,11366,350,Medicine_Lake,31,Barren Land (Rock/Sand/Clay),32,1989
NM,39540,642,West_Malpais,31,Barren Land (Rock/Sand/Clay),1,1989
GA/NC,23364,571,Southern_Nantahala,31,Barren Land (Rock/Sand/Clay),1,2024
CA,230966,754,White_Mountains,31,Barren Land (Rock/Sand/Clay),155113,2024
CA,191104,526,San_Rafael,31,Barren Land (Rock/Sand/Clay),54,2024
NV,14050,807,Cain_Mountain,31,Barren Land (Rock/Sand/Clay),13,1989
NM,221796,447,Pecos,31,Barren Land (Rock/Sand/Clay),18137,1989
MI,3271,412,Nordhouse_Dunes,31,Barren Land (Rock/Sand/Clay),3220,1989
AR/OK,13347,56,Black_Fork_Mountain,31,Barren Land (Rock/Sand/Clay),71,1989
WA,7140,282,Juniper_Dunes,31,Barren Land (Rock/Sand/Clay),32,1989
NM,221796,447,Pecos,31,Barren Land (Rock/Sand/Clay),19208,2024
AZ,312600,431,Organ_Pipe_Cactus,31,Barren Land (Rock/Sand/Clay),38,2024
WY,191914,129,Cloud_Peak,31,Barren Land (Rock/Sand/Clay),96186,1989
OR,35749,502,Rogue_Umpqua_Divide,31,Barren Land (Rock/Sand/Clay),67,2024
WY,426751,78,Bridger,31,Barren Land (Rock/Sand/Clay),226317,2024
WY,198906,185,Fitzpatrick,31,Barren Land (Rock/Sand/Clay),155431,2024
CA,31059,726,Granite_Mountain_CA,31,Barren Land (Rock/Sand/Clay),8805,2024
WA,566161,207,Glacier_Peak,31,Barren Land (Rock/Sand/Clay),361660,1989
AZ,6860,137,Cottonwood_Point,31,Barren Land (Rock/Sand/Clay),124,2024
CO,19237,572,Spanish_Peaks,31,Barren Land (Rock/Sand/Clay),15563,2024
UT,44447,714,Canaan_Mountain,31,Barren Land (Rock/Sand/Clay),3177,1989
AZ,14630,170,East_Cactus_Plain,31,Barren Land (Rock/Sand/Clay),80,1989
MT,34304,483,Rattlesnake,31,Barren Land (Rock/Sand/Clay),304,1989
ID,205395,212,Gospel_Hump,31,Barren Land (Rock/Sand/Clay),706,2024
NV,85668,666,Clover_Mountains,31,Barren Land (Rock/Sand/Clay),44,2024
WV,5840,312,Laurel_Fork_South,31,Barren Land (Rock/Sand/Clay),2,1989
WA,15776,594,Tatoosh,31,Barren Land (Rock/Sand/Clay),412,2024
CO,249126,745,Rocky_Mountain,31,Barren Land (Rock/Sand/Clay),117860,2024
NH,45809,450,Pemigewasset,31,Barren Land (Rock/Sand/Clay),239,2024
CA,101574,521,San_Gorgonio,31,Barren Land (Rock/Sand/Clay),7877,1989
UT,22843,636,Wellsville_Mountain,31,Barren Land (Rock/Sand/Clay),2,1989
CA,768222,543,Sequoia_Kings_Canyon,31,Barren Land (Rock/Sand/Clay),937416,1989
WA,108020,209,Goat_Rocks,31,Barren Land (Rock/Sand/Clay),35402,2024
VA,4225,740,Raccoon_Branch,31,Barren Land (Rock/Sand/Clay),3,2024
AZ,112400,630,Warm_Springs,31,Barren Land (Rock/Sand/Clay),4,1989
MO,9183,35,Bell_Mountain,31,Barren Land (Rock/Sand/Clay),13,2024
MT,32350,488,Red_Rock_Lakes,31,Barren Land (Rock/Sand/Clay),45,2024
CA,12521,507,Russian,31,Barren Land (Rock/Sand/Clay),1881,1989
NV,92652,505,Ruby_Mountains,31,Barren Land (Rock/Sand/Clay),7443,2024
CO,497111,637,Weminuche,31,Barren Land (Rock/Sand/Clay),208382,1989
CA,39167,126,Cleghorn_Lakes,31,Barren Land (Rock/Sand/Clay),10669,1989
AZ,5800,648,White_Canyon,31,Barren Land (Rock/Sand/Clay),8,1989
CA,14740,101,Carrizo_Gorge,31,Barren Land (Rock/Sand/Clay),177,2024
MO,12423,242,Hercules_Glades,31,Barren Land (Rock/Sand/Clay),991,1989
CA,768222,543,Sequoia_Kings_Canyon,31,Barren Land (Rock/Sand/Clay),963337,2024
AZ,803418,90,Cabeza_Prieta,31,Barren Land (Rock/Sand/Clay),38212,1989
CO,74408,485,Rawah,31,Barren Land (Rock/Sand/Clay),8783,1989
UT,30632,330,Lone_Peak,31,Barren Land (Rock/Sand/Clay),9812,2024
CA,34264,501,Rodman_Mountains,31,Barren Land (Rock/Sand/Clay),208,2024
OR,170202,576,Steens_Mountain,31,Barren Land (Rock/Sand/Clay),9814,2024
NV,54536,563,South_Jackson_Mountains,31,Barren Land (Rock/Sand/Clay),1369,1989
NV,52618,172,East_Fork_High_Rock_Canyon,31,Barren Land (Rock/Sand/Clay),524,2024
NM,46963,649,White_Mountain,31,Barren Land (Rock/Sand/Clay),47,2024
CA,252149,296,Kingston_Range,31,Barren Land (Rock/Sand/Clay),167165,1989
NV,24783,481,Rainbow_Mountain,31,Barren Land (Rock/Sand/Clay),6400,1989
CA,12521,507,Russian,31,Barren Land (Rock/Sand/Clay),2293,2024
NM,18881,143,Cruces_Basin,31,Barren Land (Rock/Sand/Clay),99,2024
FL,379,108,Cedar_Keys,31,Barren Land (Rock/Sand/Clay),149,1989
CA,106623,411,Nopah_Range,31,Barren Land (Rock/Sand/Clay),30820,2024
WA,49344,68,Boulder_River,31,Barren Land (Rock/Sand/Clay),14875,1989
CA,41777,492,Rice_Valley,31,Barren Land (Rock/Sand/Clay),30765,1989
CO,102209,618,Uncompahgre,31,Barren Land (Rock/Sand/Clay),69225,1989
NV,30594,668,Worthington_Mountains,31,Barren Land (Rock/Sand/Clay),395,1989
OR,120694,418,North_Fork_John_Day,31,Barren Land (Rock/Sand/Clay),270,1989
NM,19154,645,Wheeler_Peak,31,Barren Land (Rock/Sand/Clay),8039,2024
NH,24032,690,Wild_River,31,Barren Land (Rock/Sand/Clay),4,1989
NV,10467,69,Boundary_Peak,31,Barren Land (Rock/Sand/Clay),8267,2024
CO,219891,529,Sangre_de_Cristo,31,Barren Land (Rock/Sand/Clay),102868,1989
NJ,6681,79,Brigantine,31,Barren Land (Rock/Sand/Clay),2234,1989
CA/NV,3190455,151,Death_Valley,31,Barren Land (Rock/Sand/Clay),2538277,2024
NV,48154,400,Muddy_Mountains,31,Barren Land (Rock/Sand/Clay),6463,2024
MT,32350,488,Red_Rock_Lakes,31,Barren Land (Rock/Sand/Clay),5,1989
AZ,37030,213,Grand_Wash_Cliffs,31,Barren Land (Rock/Sand/Clay),2,2024
AZ,24600,407,New_Water_Mountains,31,Barren Land (Rock/Sand/Clay),5,2024
NV,128362,805,Clan_Alpine_Mountains,31,Barren Land (Rock/Sand/Clay),775,2024
CA,26102,408,Newberry_Mountains,31,Barren Land (Rock/Sand/Clay),141,2024
CA,30186,217,Grass_Valley,31,Barren Land (Rock/Sand/Clay),387,1989
AR,34933,85,Buffalo_National_River,31,Barren Land (Rock/Sand/Clay),1541,1989
GA,9240,484,Raven_Cliffs,31,Barren Land (Rock/Sand/Clay),29,2024
CO,219891,529,Sangre_de_Cristo,31,Barren Land (Rock/Sand/Clay),108419,2024
WV,47742,141,Cranberry,31,Barren Land (Rock/Sand/Clay),1,2024
CO,9927,405,Neota,31,Barren Land (Rock/Sand/Clay),3236,1989
AZ,516200,299,Kofa,31,Barren Land (Rock/Sand/Clay),17216,2024
SD,64144,24,Badlands,31,Barren Land (Rock/Sand/Clay),168997,2024
CA,89500,768,AvawatzMountains,31,Barren Land (Rock/Sand/Clay),40569,2024
WY,584733,596,Teton,31,Barren Land (Rock/Sand/Clay),123947,2024
AZ,14630,170,East_Cactus_Plain,31,Barren Land (Rock/Sand/Clay),1061,2024
WA,353,523,San_Juan,31,Barren Land (Rock/Sand/Clay),203,1989
CA,236488,441,Palen_McCoy,31,Barren Land (Rock/Sand/Clay),67988,1989
NC,11653,319,Linville_Gorge,31,Barren Land (Rock/Sand/Clay),246,2024
ID,217511,536,Sawtooth,31,Barren Land (Rock/Sand/Clay),163444,1989
ID,266390,736,Owyhee_River,31,Barren Land (Rock/Sand/Clay),418,2024
MT,286659,219,Great_Bear,31,Barren Land (Rock/Sand/Clay),24152,1989
CA,31906,337,Malpais_Mesa,31,Barren Land (Rock/Sand/Clay),73,1989
CA,537357,611,Trinity_Alps,31,Barren Land (Rock/Sand/Clay),83176,2024
UT,25078,154,Deseret_Peak,31,Barren Land (Rock/Sand/Clay),287,2024
NM,105085,779,Potrillo_Mountains,31,Barren Land (Rock/Sand/Clay),69,2024
CA,1530,510,Saddle_Peak_Hills,31,Barren Land (Rock/Sand/Clay),5,1989
CO,82496,252,Hunter_Fryingpan,31,Barren Land (Rock/Sand/Clay),46644,1989
UT,5479,795,Little_Wild_Horse_Canyon,31,Barren Land (Rock/Sand/Clay),1012,2024
NV,27502,19,Arrow_Canyon,31,Barren Land (Rock/Sand/Clay),1017,1989
CA,15985,461,Hain,31,Barren Land (Rock/Sand/Clay),1,1989
CA,199208,263,Inyo_Mountains,31,Barren Land (Rock/Sand/Clay),41957,1989
UT,15291,381,Mount_Olympus,31,Barren Land (Rock/Sand/Clay),1,2024
AZ,24600,407,New_Water_Mountains,31,Barren Land (Rock/Sand/Clay),5,1989
AZ,68231,288,Kanab_Creek,31,Barren Land (Rock/Sand/Clay),19743,2024
CO,160997,568,South_San_Juan,31,Barren Land (Rock/Sand/Clay),30646,1989
OR,35203,651,Wild_Rogue,31,Barren Land (Rock/Sand/Clay),141,1989
NV,5341,674,Tunnel_Spring,31,Barren Land (Rock/Sand/Clay),1,2024
CO/UT,75479,58,Black_Ridge_Canyons,31,Barren Land (Rock/Sand/Clay),200,2024
CA,25707,195,Funeral_Mountains,31,Barren Land (Rock/Sand/Clay),905,1989
GA,9240,484,Raven_Cliffs,31,Barren Land (Rock/Sand/Clay),29,1989
NH,27605,474,Presidential_Range_Dry_River,31,Barren Land (Rock/Sand/Clay),472,1989
AZ,6860,137,Cottonwood_Point,31,Barren Land (Rock/Sand/Clay),112,1989
MA,3244,366,Monomoy,31,Barren Land (Rock/Sand/Clay),6524,1989
WA,531325,445,Pasayten,31,Barren Land (Rock/Sand/Clay),168049,2024
MN,816244,70,Boundary_Waters_Canoe_Area,31,Barren Land (Rock/Sand/Clay),769,2024
NV,32364,173,East_Humboldts,31,Barren Land (Rock/Sand/Clay),2132,1989
ID,205395,212,Gospel_Hump,31,Barren Land (Rock/Sand/Clay),566,1989
MT,74524,360,Mission_Mountains,31,Barren Land (Rock/Sand/Clay),13650,1989
UT,18689,742,Red_Mountain_UT,31,Barren Land (Rock/Sand/Clay),1323,2024
MS,5033,54,Black_Creek,31,Barren Land (Rock/Sand/Clay),4,1989
NV,49151,761,Wovoka,31,Barren Land (Rock/Sand/Clay),245,1989
CO,126480,303,La_Garita,31,Barren Land (Rock/Sand/Clay),57180,1989
NV,28274,676,Mt_Irish,31,Barren Land (Rock/Sand/Clay),86,2024
WA,13278,383,Mount_Skokomish,31,Barren Land (Rock/Sand/Clay),4441,2024
OH,77,643,West_Sister_Island,31,Barren Land (Rock/Sand/Clay),1,1989
CA,179847,557,Siskiyou,31,Barren Land (Rock/Sand/Clay),2180,1989
NM,7242,785,Ah_shi_sle_pah,31,Barren Land (Rock/Sand/Clay),1803,1989
WA,105543,704,Wild_Sky,31,Barren Land (Rock/Sand/Clay),9186,2024
AZ,58448,587,Sycamore_Canyon,31,Barren Land (Rock/Sand/Clay),2,2024
NM,46963,649,White_Mountain,31,Barren Land (Rock/Sand/Clay),52,1989
NV,23439,420,North_Jackson_Mountains,31,Barren Land (Rock/Sand/Clay),74,2024
OR,355553,167,Eagle_Cap,31,Barren Land (Rock/Sand/Clay),124890,2024
WA,566161,207,Glacier_Peak,31,Barren Land (Rock/Sand/Clay),384766,2024
CA,39955,442,Palo_Verde_Mountains,31,Barren Land (Rock/Sand/Clay),3010,1989
CA,165172,427,Old_Woman_Mountains,31,Barren Land (Rock/Sand/Clay),73604,2024
GA,9907,145,Cumberland_Island,31,Barren Land (Rock/Sand/Clay),4207,1989
UT,54643,793,Labyrinth_Canyon,31,Barren Land (Rock/Sand/Clay),6778,1989
MT,242068,316,Lee_Metcalf,31,Barren Land (Rock/Sand/Clay),68460,1989
CA,10999,103,Castle_Crags,31,Barren Land (Rock/Sand/Clay),1362,1989
CA,24004,497,Riverside_Mountains,31,Barren Land (Rock/Sand/Clay),623,2024
CA,37786,211,Golden_Valley,31,Barren Land (Rock/Sand/Clay),466,2024
WA,49344,68,Boulder_River,31,Barren Land (Rock/Sand/Clay),14669,2024
NM,27673,773,Aden_Lava_Flow,31,Barren Land (Rock/Sand/Clay),41,2024
NV,32072,532,Santa_Rosa_Paradise_Peak,31,Barren Land (Rock/Sand/Clay),29,2024
UT,19339,796,Lower_Last_Chance,31,Barren Land (Rock/Sand/Clay),9986,2024
AZ,18720,285,Kachina_Peaks,31,Barren Land (Rock/Sand/Clay),3122,1989
WA,105543,704,Wild_Sky,31,Barren Land (Rock/Sand/Clay),9289,1989
AZ,77585,196,Galiuro,31,Barren Land (Rock/Sand/Clay),1,2024
NM,9621,517,Salt_Creek,31,Barren Land (Rock/Sand/Clay),213,1989
CA,11840,772,Buzzards_Peak,31,Barren Land (Rock/Sand/Clay),789,1989
OR,65435,342,Mark_O_Hatfield,31,Barren Land (Rock/Sand/Clay),498,2024
WA,5963,606,Trapper_Creek,31,Barren Land (Rock/Sand/Clay),18,2024
CA,8158,417,North_Fork,31,Barren Land (Rock/Sand/Clay),1,2024
MT,74524,360,Mission_Mountains,31,Barren Land (Rock/Sand/Clay),14151,2024
AZ,87900,439,Paiute,31,Barren Land (Rock/Sand/Clay),458,2024
NV,121449,696,High_Schells,31,Barren Land (Rock/Sand/Clay),8631,2024
CO,64307,479,Raggeds,31,Barren Land (Rock/Sand/Clay),34104,1989
AZ,18534,516,Salome,31,Barren Land (Rock/Sand/Clay),5,2024
CA,177309,613,Turtle_Mountains,31,Barren Land (Rock/Sand/Clay),324,2024
WV,5840,312,Laurel_Fork_South,31,Barren Land (Rock/Sand/Clay),7,2024
WA,119966,371,Mount_Baker,31,Barren Land (Rock/Sand/Clay),105373,1989
UT,98023,799,Muddy_Creek,31,Barren Land (Rock/Sand/Clay),68306,2024
CA,56239,682,Yuki,31,Barren Land (Rock/Sand/Clay),129,2024
CA,78576,531,Santa_Rosa,31,Barren Land (Rock/Sand/Clay),210,1989
OR,120694,418,North_Fork_John_Day,31,Barren Land (Rock/Sand/Clay),254,2024
CA,13007,144,Cucamonga,31,Barren Land (Rock/Sand/Clay),157,1989
SC,21700,134,Congaree,31,Barren Land (Rock/Sand/Clay),9,2024
UT,13832,791,Eagle_Canyon,31,Barren Land (Rock/Sand/Clay),3890,1989
AZ,50260,454,PetrifiedForest,31,Barren Land (Rock/Sand/Clay),13014,2024
TN,10804,43,Big_Laurel_Branch,31,Barren Land (Rock/Sand/Clay),2,2024
CO,126480,303,La_Garita,31,Barren Land (Rock/Sand/Clay),57200,2024
OR,54406,389,Mount_Washington,31,Barren Land (Rock/Sand/Clay),68680,1989
UT,54643,793,Labyrinth_Canyon,31,Barren Land (Rock/Sand/Clay),6652,2024
WV,17777,160,Dolly_Sods,31,Barren Land (Rock/Sand/Clay),729,1989
CA,35738,520,San_Gabriel,31,Barren Land (Rock/Sand/Clay),13,1989
WV,6794,743,Roaring_Plains_West,31,Barren Land (Rock/Sand/Clay),76,1989
UT,17325,800,Reds_Canyon,31,Barren Land (Rock/Sand/Clay),703,1989
OR,69411,581,Strawberry_Mountain,31,Barren Land (Rock/Sand/Clay),1754,1989
AR/OK,13347,56,Black_Fork_Mountain,31,Barren Land (Rock/Sand/Clay),68,2024
WA,876447,428,Daniel_J_Evans,31,Barren Land (Rock/Sand/Clay),271708,2024
CA,199208,263,Inyo_Mountains,31,Barren Land (Rock/Sand/Clay),34908,2024
OR,54406,389,Mount_Washington,31,Barren Land (Rock/Sand/Clay),72249,2024
UT,5479,795,Little_Wild_Horse_Canyon,31,Barren Land (Rock/Sand/Clay),1184,1989
NV,5341,674,Tunnel_Spring,31,Barren Land (Rock/Sand/Clay),1,1989
AZ,15400,21,Aubrey_Peak,31,Barren Land (Rock/Sand/Clay),35,2024
CA,64041,155,Desolation,31,Barren Land (Rock/Sand/Clay),33835,2024
WA,41307,515,Salmo_Priest,31,Barren Land (Rock/Sand/Clay),664,2024
UT,19339,796,Lower_Last_Chance,31,Barren Land (Rock/Sand/Clay),12848,1989
ID,89820,711,Bruneau_Jarbidge_Rivers,31,Barren Land (Rock/Sand/Clay),451,2024
MT,34304,483,Rattlesnake,31,Barren Land (Rock/Sand/Clay),354,2024
UT,10518,386,Mount_Timpanogos,31,Barren Land (Rock/Sand/Clay),5535,1989
UT,7179,804,Nelson_Mountain,31,Barren Land (Rock/Sand/Clay),1428,2024
NV,49151,761,Wovoka,31,Barren Land (Rock/Sand/Clay),190,2024
NV,59107,245,High_Rock_Lake,31,Barren Land (Rock/Sand/Clay),1857,1989
CA,191104,526,San_Rafael,31,Barren Land (Rock/Sand/Clay),15,1989
CA,49296,136,Coso_Range,31,Barren Land (Rock/Sand/Clay),12187,1989
MI,11740,707,Beaver_Basin,31,Barren Land (Rock/Sand/Clay),623,2024
WA,414322,8,Alpine_Lakes,31,Barren Land (Rock/Sand/Clay),180365,2024
FL,17350,574,St_Marks,31,Barren Land (Rock/Sand/Clay),66,2024
VA,5994,475,Priest,31,Barren Land (Rock/Sand/Clay),10,2024
VA,4225,740,Raccoon_Branch,31,Barren Land (Rock/Sand/Clay),3,1989
CA,86245,294,Kiavah,31,Barren Land (Rock/Sand/Clay),201,1989
AZ,5100,138,Coyote_Mountains_AZ,31,Barren Land (Rock/Sand/Clay),3,1989
NV,92627,590,Table_Mountain,31,Barren Land (Rock/Sand/Clay),362,1989
UT,4478,720,Deep_Creek_North,31,Barren Land (Rock/Sand/Clay),5,2024
CA,21986,286,Kaiser,31,Barren Land (Rock/Sand/Clay),1852,2024
FL,6197,188,Florida_Keys,31,Barren Land (Rock/Sand/Clay),22,2024
CA,71389,82,Bristol_Mountains,31,Barren Land (Rock/Sand/Clay),13005,1989
UT,27075,379,Mount_Nebo,31,Barren Land (Rock/Sand/Clay),1747,2024
WY,346320,414,North_Absaroka,31,Barren Land (Rock/Sand/Clay),185309,2024
CA,71389,82,Bristol_Mountains,31,Barren Land (Rock/Sand/Clay),15746,2024
VA,9826,513,Saint_Marys,31,Barren Land (Rock/Sand/Clay),27,2024
NV,32072,532,Santa_Rosa_Paradise_Peak,31,Barren Land (Rock/Sand/Clay),27,1989
AZ,16400,586,Swansea,31,Barren Land (Rock/Sand/Clay),20,1989
CA,22366,247,Hollow_Hills,31,Barren Land (Rock/Sand/Clay),1825,1989
UT,60442,801,San_Rafael_Reef,31,Barren Land (Rock/Sand/Clay),24138,2024
VA,8907,273,James_River_Face,31,Barren Land (Rock/Sand/Clay),95,1989
OR,69411,581,Strawberry_Mountain,31,Barren Land (Rock/Sand/Clay),2008,2024
AZ,6819,372,Mount_Baldy,31,Barren Land (Rock/Sand/Clay),5,1989
NM,203548,4,Aldo_Leopold,31,Barren Land (Rock/Sand/Clay),20,1989
CA,28052,320,Little_Chuckwalla_Mountains,31,Barren Land (Rock/Sand/Clay),201,2024
NV,26310,478,Quinn_Canyon,31,Barren Land (Rock/Sand/Clay),250,1989
NM,44372,759,Columbine_Hondo,31,Barren Land (Rock/Sand/Clay),871,1989
VA,5461,328,Little_Wilson_Creek,31,Barren Land (Rock/Sand/Clay),8,2024
ID,90776,764,White_Clouds,31,Barren Land (Rock/Sand/Clay),58156,2024
NV,110471,274,Jarbidge,31,Barren Land (Rock/Sand/Clay),1021,2024
CO,73416,373,Mount_Evans,31,Barren Land (Rock/Sand/Clay),16710,1989
CA,177309,613,Turtle_Mountains,31,Barren Land (Rock/Sand/Clay),203,1989
VT,18122,334,Lye_Brook,31,Barren Land (Rock/Sand/Clay),18,1989
WA,20784,258,Indian_Heaven,31,Barren Land (Rock/Sand/Clay),17,1989
NV,88650,395,Mt_Moriah,31,Barren Land (Rock/Sand/Clay),2567,2024
WA,228480,382,Mount_Rainier,31,Barren Land (Rock/Sand/Clay),146963,2024
CA,18682,589,Sylvania_Mountains,31,Barren Land (Rock/Sand/Clay),5293,1989
WI,33500,677,Gaylord_Nelson,31,Barren Land (Rock/Sand/Clay),2395,1989
CA,179847,557,Siskiyou,31,Barren Land (Rock/Sand/Clay),1818,2024
CO,73416,373,Mount_Evans,31,Barren Land (Rock/Sand/Clay),17087,2024
CO,160309,391,Mount_Zirkel,31,Barren Land (Rock/Sand/Clay),23075,2024
CA,128044,249,Hoover,31,Barren Land (Rock/Sand/Clay),153067,1989
NV,39631,264,Ireteba_Peaks,31,Barren Land (Rock/Sand/Clay),765,2024
MS,5033,54,Black_Creek,31,Barren Land (Rock/Sand/Clay),4,2024
CO,66280,723,Dominguez_Canyon,31,Barren Land (Rock/Sand/Clay),45,2024
NV,128362,805,Clan_Alpine_Mountains,31,Barren Land (Rock/Sand/Clay),930,1989
UT,10518,386,Mount_Timpanogos,31,Barren Land (Rock/Sand/Clay),5938,2024
UT,8675,790,Devils_Canyon,31,Barren Land (Rock/Sand/Clay),2044,1989
MT,28460,200,Gates_of_the_Mountains,31,Barren Land (Rock/Sand/Clay),114,2024
UT,453863,246,High_Uintas,31,Barren Land (Rock/Sand/Clay),376297,2024
NM,11656,678,Ojito,31,Barren Land (Rock/Sand/Clay),65,1989
CA,24004,497,Riverside_Mountains,31,Barren Land (Rock/Sand/Clay),613,1989
OR,593,430,Oregon_Islands,31,Barren Land (Rock/Sand/Clay),1279,1989
OR,28915,23,Badger_Creek,31,Barren Land (Rock/Sand/Clay),10,1989
CO,23116,223,Greenhorn_Mountain,31,Barren Land (Rock/Sand/Clay),460,1989
CA,89500,768,AvawatzMountains,31,Barren Land (Rock/Sand/Clay),39367,1989
CA,39955,442,Palo_Verde_Mountains,31,Barren Land (Rock/Sand/Clay),3010,2024
WA,16297,597,The_Brothers,31,Barren Land (Rock/Sand/Clay),1086,1989
CA,27315,455,Phillip_Burton,31,Barren Land (Rock/Sand/Clay),5193,1989
NM,43420,50,Bisti_De_Na_Zin,31,Barren Land (Rock/Sand/Clay),20710,1989
CA,236488,441,Palen_McCoy,31,Barren Land (Rock/Sand/Clay),155883,2024
ID,266390,736,Owyhee_River,31,Barren Land (Rock/Sand/Clay),836,1989
CA,28822,256,Ibex,31,Barren Land (Rock/Sand/Clay),517,1989
WA,52294,413,Norse_Peak,31,Barren Land (Rock/Sand/Clay),1597,1989
AL,8947,166,Dugger_Mountain,31,Barren Land (Rock/Sand/Clay),22,1989
CO,9927,405,Neota,31,Barren Land (Rock/Sand/Clay),3258,2024
CA,112723,177,Emigrant,31,Barren Land (Rock/Sand/Clay),69846,1989
NV,52451,216,Grant_Range,31,Barren Land (Rock/Sand/Clay),952,2024
OR,55127,385,Mount_Thielsen,31,Barren Land (Rock/Sand/Clay),5608,1989
NV,46465,244,High_Rock_Canyon,31,Barren Land (Rock/Sand/Clay),187,1989
CA,23578,84,Bucks_Lake,31,Barren Land (Rock/Sand/Clay),545,2024
MT,242068,316,Lee_Metcalf,31,Barren Land (Rock/Sand/Clay),79439,2024
CA,18682,589,Sylvania_Mountains,31,Barren Land (Rock/Sand/Clay),5334,2024
NV,59107,245,High_Rock_Lake,31,Barren Land (Rock/Sand/Clay),559,2024
NM,13902,774,Broad_Canyon,31,Barren Land (Rock/Sand/Clay),10,2024
CO/UT,75479,58,Black_Ridge_Canyons,31,Barren Land (Rock/Sand/Clay),225,1989
CO,15599,53,Black_Canyon_of_the_Gunnison,31,Barren Land (Rock/Sand/Clay),38,2024
CO,41531,329,Lizard_Head,31,Barren Land (Rock/Sand/Clay),38747,2024
CA,8022,111,Chanchelulla,31,Barren Land (Rock/Sand/Clay),36,1989
TX,13248,620,Upland_Island,31,Barren Land (Rock/Sand/Clay),2,1989
ME,11236,99,Caribou_Speckled_Mountain,31,Barren Land (Rock/Sand/Clay),3,1989
WA,14616,125,Clearwater,31,Barren Land (Rock/Sand/Clay),534,1989
CA,85864,116,Chemehuevi_Mountains,31,Barren Land (Rock/Sand/Clay),9796,2024
CA,76123,646,Whipple_Mountains,31,Barren Land (Rock/Sand/Clay),358,2024
WA,168955,652,William_O_Douglas,31,Barren Land (Rock/Sand/Clay),18684,1989
CA,38216,326,Little_Picacho,31,Barren Land (Rock/Sand/Clay),20331,1989
MI,11740,707,Beaver_Basin,31,Barren Land (Rock/Sand/Clay),703,1989
MI,3879,250,Horseshoe_Bay,31,Barren Land (Rock/Sand/Clay),205,1989
OR,593,430,Oregon_Islands,31,Barren Land (Rock/Sand/Clay),1186,2024
UT,27075,379,Mount_Nebo,31,Barren Land (Rock/Sand/Clay),1323,1989
OR,113571,558,Sky_Lakes,31,Barren Land (Rock/Sand/Clay),6918,2024
CA,27296,684,Cache_Creek,31,Barren Land (Rock/Sand/Clay),102,1989
CA,14698,735,Owens_River_Headwaters,31,Barren Land (Rock/Sand/Clay),6364,1989
CA,28955,423,North_Mesquite_Mountains,31,Barren Land (Rock/Sand/Clay),34,1989
IN,12472,112,Charles_C_Deam,31,Barren Land (Rock/Sand/Clay),7,2024
CO,77932,261,Indian_Peaks,31,Barren Land (Rock/Sand/Clay),56328,1989
WY,31057,255,Huston_Park,31,Barren Land (Rock/Sand/Clay),23,2024
CA,21390,183,Fish_Creek_Mountains,31,Barren Land (Rock/Sand/Clay),30440,1989
ND,4155,113,Chase_Lake,31,Barren Land (Rock/Sand/Clay),154,1989
AZ,38470,486,Rawhide_Mountains,31,Barren Land (Rock/Sand/Clay),4,1989
WA,451,633,Washington_Islands,31,Barren Land (Rock/Sand/Clay),424,1989
MI,375,504,Round_Island,31,Barren Land (Rock/Sand/Clay),295,1989
CA,19935,93,Cadiz_Dunes,31,Barren Land (Rock/Sand/Clay),78400,1989
CO,114864,331,Lost_Creek,31,Barren Land (Rock/Sand/Clay),797,2024
AZ,19410,15,Aravaipa_Canyon,31,Barren Land (Rock/Sand/Clay),2,2024
CA,33772,537,Sawtooth_Mountains,31,Barren Land (Rock/Sand/Clay),734,1989
FL,379,108,Cedar_Keys,31,Barren Land (Rock/Sand/Clay),136,2024
AZ,14650,376,Mount_Logan,31,Barren Land (Rock/Sand/Clay),39,1989
CA,31906,337,Malpais_Mesa,31,Barren Land (Rock/Sand/Clay),80,2024
CA,8860,456,Picacho_Peak,31,Barren Land (Rock/Sand/Clay),1361,1989
CA,17250,771,Milpitas_Wash,31,Barren Land (Rock/Sand/Clay),495,1989
NH,35301,528,Sandwich_Range,31,Barren Land (Rock/Sand/Clay),66,2024
AZ,7711,401,Muggins_Mountain,31,Barren Land (Rock/Sand/Clay),727,1989
CA,652903,278,John_Muir,31,Barren Land (Rock/Sand/Clay),834758,2024
CA,704624,662,Yosemite,31,Barren Land (Rock/Sand/Clay),273733,2024
WA,108020,209,Goat_Rocks,31,Barren Land (Rock/Sand/Clay),34373,1989
AZ,14650,376,Mount_Logan,31,Barren Land (Rock/Sand/Clay),28,2024
AZ,26912,533,Santa_Teresa,31,Barren Land (Rock/Sand/Clay),6,2024
AZ,18720,285,Kachina_Peaks,31,Barren Land (Rock/Sand/Clay),3221,2024
CO,102209,618,Uncompahgre,31,Barren Land (Rock/Sand/Clay),70016,2024
AZ,15400,21,Aubrey_Peak,31,Barren Land (Rock/Sand/Clay),37,1989
CO,165874,131,Collegiate_Peaks,31,Barren Land (Rock/Sand/Clay),162865,1989
LA,5000,75,Breton,31,Barren Land (Rock/Sand/Clay),4000,2024
CA,141,181,Farallon,31,Barren Land (Rock/Sand/Clay),152,2024
NM,12155,776,East_Potrillo_Mountains,31,Barren Land (Rock/Sand/Clay),10,2024
CA,24433,584,Surprise_Canyon,31,Barren Land (Rock/Sand/Clay),28310,1989
CA,25895,415,North_Algodones_Dunes,31,Barren Land (Rock/Sand/Clay),79097,1989
UT,11667,717,Cottonwood_Canyon,31,Barren Land (Rock/Sand/Clay),428,1989
CO,77932,261,Indian_Peaks,31,Barren Land (Rock/Sand/Clay),56819,2024
VT,6725,37,Big_Branch,31,Barren Land (Rock/Sand/Clay),11,2024
NV,43512,670,Parsnip_Peak,31,Barren Land (Rock/Sand/Clay),37,2024
WA,14266,410,Noisy_Diobsud,31,Barren Land (Rock/Sand/Clay),1642,2024
CO,12615,476,Ptarmigan_Peak,31,Barren Land (Rock/Sand/Clay),1044,1989
CO,497111,637,Weminuche,31,Barren Land (Rock/Sand/Clay),208910,2024
CA,73868,435,Owens_Peak,31,Barren Land (Rock/Sand/Clay),3075,1989
WA,41307,515,Salmo_Priest,31,Barren Land (Rock/Sand/Clay),608,1989
WV,6794,743,Roaring_Plains_West,31,Barren Land (Rock/Sand/Clay),75,2024
OR,8758,356,Middle_Santiam,31,Barren Land (Rock/Sand/Clay),6,2024
CA,158147,102,Carson_Iceberg,31,Barren Land (Rock/Sand/Clay),24058,2024
ID,67993,763,Hemingway_Boulders,31,Barren Land (Rock/Sand/Clay),77010,2024
AZ,48314,489,Red_Rock_Secret_Mountain,31,Barren Land (Rock/Sand/Clay),8,2024
CA,33772,537,Sawtooth_Mountains,31,Barren Land (Rock/Sand/Clay),742,2024
NV,39173,462,Pinto_Valley,31,Barren Land (Rock/Sand/Clay),3362,2024
NM,44372,759,Columbine_Hondo,31,Barren Land (Rock/Sand/Clay),972,2024
NV,39173,462,Pinto_Valley,31,Barren Land (Rock/Sand/Clay),4523,1989
WY,102620,470,Popo_Agie,31,Barren Land (Rock/Sand/Clay),62280,2024
NH,24032,690,Wild_River,31,Barren Land (Rock/Sand/Clay),27,2024
CA,7810,769,Great_Falls_Basin,31,Barren Land (Rock/Sand/Clay),49,1989
UT,8675,790,Devils_Canyon,31,Barren Land (Rock/Sand/Clay),1816,2024
NV,56819,394,Mt_Charleston,31,Barren Land (Rock/Sand/Clay),2855,2024
CO,16486,384,Mount_Sneffels,31,Barren Land (Rock/Sand/Clay),35730,2024
ND,29920,598,Theodore_Roosevelt,31,Barren Land (Rock/Sand/Clay),507,1989
WA,47123,370,Mount_Adams,31,Barren Land (Rock/Sand/Clay),53030,1989
NV,157716,663,Mormon_Mountains,31,Barren Land (Rock/Sand/Clay),454,1989
CO,181973,344,Maroon_Bells_Snowmass,31,Barren Land (Rock/Sand/Clay),156204,1989
NV,35581,9,AltaToquima,31,Barren Land (Rock/Sand/Clay),5617,2024
CA,24433,584,Surprise_Canyon,31,Barren Land (Rock/Sand/Clay),28280,2024
OR,23036,393,Mountain_Lakes,31,Barren Land (Rock/Sand/Clay),3455,1989
WI,7135,480,Rainbow_Lake,31,Barren Land (Rock/Sand/Clay),6,2024
CA,28052,320,Little_Chuckwalla_Mountains,31,Barren Land (Rock/Sand/Clay),201,1989
CA,44223,365,Monarch,31,Barren Land (Rock/Sand/Clay),1201,2024
WA,11851,132,Colonel_Bob,31,Barren Land (Rock/Sand/Clay),2,1989
CA,85864,116,Chemehuevi_Mountains,31,Barren Land (Rock/Sand/Clay),9714,1989
MT,28248,635,Welcome_Creek,31,Barren Land (Rock/Sand/Clay),53,2024
UT,16343,798,Middle_Wild_Horse_Mesa,31,Barren Land (Rock/Sand/Clay),32809,1989
CA,34264,501,Rodman_Mountains,31,Barren Land (Rock/Sand/Clay),547,1989
NV,314835,59,Black_Rock_Desert,31,Barren Land (Rock/Sand/Clay),886106,2024
NM,20420,310,Latir_Peak,31,Barren Land (Rock/Sand/Clay),3838,1989
NV,52618,172,East_Fork_High_Rock_Canyon,31,Barren Land (Rock/Sand/Clay),887,1989
NV,42544,694,Goshute_Canyon,31,Barren Land (Rock/Sand/Clay),2,1989
CA,49296,136,Coso_Range,31,Barren Land (Rock/Sand/Clay),7386,2024
WA,228480,382,Mount_Rainier,31,Barren Land (Rock/Sand/Clay),144192,1989
CA,35738,520,San_Gabriel,31,Barren Land (Rock/Sand/Clay),19,2024
CO,17784,227,Gunnison_Gorge,31,Barren Land (Rock/Sand/Clay),117,2024
UT,49130,802,Sids_Mountain,31,Barren Land (Rock/Sand/Clay),8917,1989
WY,693934,632,Washakie,31,Barren Land (Rock/Sand/Clay),559305,1989
CA/NV,3190455,151,Death_Valley,31,Barren Land (Rock/Sand/Clay),2864903,1989
UT,17325,800,Reds_Canyon,31,Barren Land (Rock/Sand/Clay),694,2024
CO,20847,406,Never_Summer,31,Barren Land (Rock/Sand/Clay),10577,1989
WY,426751,78,Bridger,31,Barren Land (Rock/Sand/Clay),224592,1989
NV,92652,505,Ruby_Mountains,31,Barren Land (Rock/Sand/Clay),7252,1989
OR,52496,157,Diamond_Peak,31,Barren Land (Rock/Sand/Clay),8865,2024
UT,76413,797,Mexican_Mountain,31,Barren Land (Rock/Sand/Clay),13689,2024
GA,5125,656,Wolf_Island,31,Barren Land (Rock/Sand/Clay),14,2024
CA,30863,159,Dinkey_Lakes,31,Barren Land (Rock/Sand/Clay),2653,1989
WA,13278,383,Mount_Skokomish,31,Barren Land (Rock/Sand/Clay),4436,1989
OR,28915,23,Badger_Creek,31,Barren Land (Rock/Sand/Clay),17,2024
MT,1062694,64,Bob_Marshall,31,Barren Land (Rock/Sand/Clay),183867,2024
MS,4630,226,Gulf_Islands,31,Barren Land (Rock/Sand/Clay),9416,2024
CO,68025,133,Comanche_Peak,31,Barren Land (Rock/Sand/Clay),3672,2024
CA,37793,122,Chumash,31,Barren Land (Rock/Sand/Clay),50,2024
WA,11851,132,Colonel_Bob,31,Barren Land (Rock/Sand/Clay),1,2024
CA,252149,296,Kingston_Range,31,Barren Land (Rock/Sand/Clay),137338,2024
NV,314835,59,Black_Rock_Desert,31,Barren Land (Rock/Sand/Clay),920253,1989
ID,44027,733,North_Fork_Owyhee,31,Barren Land (Rock/Sand/Clay),8,1989
UT,18689,742,Red_Mountain_UT,31,Barren Land (Rock/Sand/Clay),1335,1989
CO,44345,534,Sarvis_Creek,31,Barren Land (Rock/Sand/Clay),2,1989
CA,144915,291,Kelso_Dunes,31,Barren Land (Rock/Sand/Clay),52124,1989
CO,230829,186,Flat_Tops,31,Barren Land (Rock/Sand/Clay),11569,2024
AZ,10414,580,Strawberry_Crater,31,Barren Land (Rock/Sand/Clay),311,1989
CA,141,181,Farallon,31,Barren Land (Rock/Sand/Clay),151,1989
CA,64041,155,Desolation,31,Barren Land (Rock/Sand/Clay),32292,1989
CA,303713,210,Golden_Trout,31,Barren Land (Rock/Sand/Clay),24886,2024
UT,142996,789,Desolation_Canyon,31,Barren Land (Rock/Sand/Clay),3193,1989
CA,31358,271,Jacumba,31,Barren Land (Rock/Sand/Clay),8496,1989
CO,8801,89,Byers_Peak,31,Barren Land (Rock/Sand/Clay),1885,2024
NV,123508,664,Meadow_Valley_Range,31,Barren Land (Rock/Sand/Clay),1345,2024
CA,43182,546,Sheep_Mountain,31,Barren Land (Rock/Sand/Clay),2373,2024
AZ,37457,240,Hellsgate,31,Barren Land (Rock/Sand/Clay),2,1989
AZ,5158,180,Escudilla,31,Barren Land (Rock/Sand/Clay),89,2024
CO,13000,624,Vasquez_Peak,31,Barren Land (Rock/Sand/Clay),3132,1989
UT,7179,804,Nelson_Mountain,31,Barren Land (Rock/Sand/Clay),1563,1989
NV,120551,16,ArcDome,31,Barren Land (Rock/Sand/Clay),4083,1989
VA,6532,493,Rich_Hole,31,Barren Land (Rock/Sand/Clay),11,2024
WV,20705,434,Otter_Creek,31,Barren Land (Rock/Sand/Clay),3,1989
CA,1530,510,Saddle_Peak_Hills,31,Barren Land (Rock/Sand/Clay),4,2024
CA,37308,610,Trilobite,31,Barren Land (Rock/Sand/Clay),4728,1989
ID/OR,217747,239,Hells_Canyon_IDOR,31,Barren Land (Rock/Sand/Clay),12353,2024
CO,135104,168,Eagles_Nest,31,Barren Land (Rock/Sand/Clay),73263,1989
NV,30648,416,North_Black_Rock_Range,31,Barren Land (Rock/Sand/Clay),120,2024
CA,22366,247,Hollow_Hills,31,Barren Land (Rock/Sand/Clay),1921,2024
CO,16486,384,Mount_Sneffels,31,Barren Land (Rock/Sand/Clay),35427,1989
AZ,41143,509,Saddle_Mountain,31,Barren Land (Rock/Sand/Clay),48,1989
NM,47035,109,Chama_River_Canyon,31,Barren Land (Rock/Sand/Clay),112,1989
NV,31223,396,Mt_Rose,31,Barren Land (Rock/Sand/Clay),2162,1989
CA,18631,139,Coyote_Mountains_CA,31,Barren Land (Rock/Sand/Clay),54399,1989
CA,10510,276,Jennie_Lakes,31,Barren Land (Rock/Sand/Clay),496,1989
CA,6,703,Rocks_and_Islands,31,Barren Land (Rock/Sand/Clay),25,2024
CO,66280,723,Dominguez_Canyon,31,Barren Land (Rock/Sand/Clay),45,1989
LA,8701,297,Kisatchie_Hills,31,Barren Land (Rock/Sand/Clay),8,2024
CA,80090,770,Soda_Mountains,31,Barren Land (Rock/Sand/Clay),48460,1989
CA,12868,686,South_Fork_Eel_River,31,Barren Land (Rock/Sand/Clay),241,1989
CA,144915,291,Kelso_Dunes,31,Barren Land (Rock/Sand/Clay),62023,2024
CO,37344,760,Hermosa_Creek,31,Barren Land (Rock/Sand/Clay),762,2024
CA,18631,139,Coyote_Mountains_CA,31,Barren Land (Rock/Sand/Clay),53077,2024
UT,18192,787,Big_Wild_Horse_Mesa,31,Barren Land (Rock/Sand/Clay),32212,1989
UT,18192,787,Big_Wild_Horse_Mesa,31,Barren Land (Rock/Sand/Clay),28948,2024
CO,62742,473,Powderhorn,31,Barren Land (Rock/Sand/Clay),12690,1989
CA,44804,353,Mesquite,31,Barren Land (Rock/Sand/Clay),3,2024
NV,33466,573,Spirit_Mountain,31,Barren Land (Rock/Sand/Clay),2150,2024
CO,32062,191,Fossil_Ridge,31,Barren Land (Rock/Sand/Clay),17687,1989
NH,27605,474,Presidential_Range_Dry_River,31,Barren Land (Rock/Sand/Clay),601,2024
CO,114864,331,Lost_Creek,31,Barren Land (Rock/Sand/Clay),777,1989
WY,123896,275,Jedediah_Smith,31,Barren Land (Rock/Sand/Clay),15676,1989
AZ/UT,18667,33,Beaver_Dam_Mountains,31,Barren Land (Rock/Sand/Clay),1690,2024
AZ,6819,372,Mount_Baldy,31,Barren Land (Rock/Sand/Clay),5,2024
NV,25671,667,South_Pahroc_Range,31,Barren Land (Rock/Sand/Clay),9,2024
WA,14266,410,Noisy_Diobsud,31,Barren Land (Rock/Sand/Clay),1663,1989
WA,5963,606,Trapper_Creek,31,Barren Land (Rock/Sand/Clay),15,1989
CA,10999,103,Castle_Crags,31,Barren Land (Rock/Sand/Clay),1558,2024
CA,219209,544,Sespe,31,Barren Land (Rock/Sand/Clay),470,2024
WV,20705,434,Otter_Creek,31,Barren Land (Rock/Sand/Clay),2,2024
NV,47311,147,Currant_Mountain,31,Barren Land (Rock/Sand/Clay),343,2024
CO,41281,86,Buffalo_Peaks,31,Barren Land (Rock/Sand/Clay),3691,1989
MI,32557,758,Sleeping_Bear_Dunes,31,Barren Land (Rock/Sand/Clay),23033,2024
CA,225114,340,Marble_Mountain,31,Barren Land (Rock/Sand/Clay),11236,1989
MT,259756,538,Scapegoat,31,Barren Land (Rock/Sand/Clay),30374,2024
AZ,129800,18,Arrastra_Mountain,31,Barren Land (Rock/Sand/Clay),95,1989
CA,41777,492,Rice_Valley,31,Barren Land (Rock/Sand/Clay),103522,2024
CA,43182,546,Sheep_Mountain,31,Barren Land (Rock/Sand/Clay),2153,1989
SC,29000,96,Cape_Romain,31,Barren Land (Rock/Sand/Clay),2707,1989
CO,41531,329,Lizard_Head,31,Barren Land (Rock/Sand/Clay),38157,1989
NV,52451,216,Grant_Range,31,Barren Land (Rock/Sand/Clay),791,1989
WY,191914,129,Cloud_Peak,31,Barren Land (Rock/Sand/Clay),100674,2024
NH,45809,450,Pemigewasset,31,Barren Land (Rock/Sand/Clay),166,1989
OR,52496,157,Diamond_Peak,31,Barren Land (Rock/Sand/Clay),8791,1989
GA,9907,145,Cumberland_Island,31,Barren Land (Rock/Sand/Clay),3881,2024
UT,13107,710,Blackridge,31,Barren Land (Rock/Sand/Clay),31,1989
AZ,30300,609,Trigo_Mountain,31,Barren Land (Rock/Sand/Clay),7242,1989
CA,72192,463,Piper_Mountain,31,Barren Land (Rock/Sand/Clay),1734,2024
UT,2648,718,Cottonwood_Forest,31,Barren Land (Rock/Sand/Clay),5,2024
CA/OR,20130,487,Red_Buttes,31,Barren Land (Rock/Sand/Clay),310,1989
ID,116843,765,Jim_McClure_Jerry_Peak,31,Barren Land (Rock/Sand/Clay),9626,2024
NV,110471,274,Jarbidge,31,Barren Land (Rock/Sand/Clay),671,1989
NV,39631,264,Ireteba_Peaks,31,Barren Land (Rock/Sand/Clay),799,1989
CO,23116,223,Greenhorn_Mountain,31,Barren Land (Rock/Sand/Clay),562,2024
CO,17109,272,James_Peak,31,Barren Land (Rock/Sand/Clay),8995,2024
CA,104048,363,Mokelumne,31,Barren Land (Rock/Sand/Clay),16167,2024
MT,28248,635,Welcome_Creek,31,Barren Land (Rock/Sand/Clay),35,1989
MI,15237,588,Sylvania,31,Barren Land (Rock/Sand/Clay),3,1989
CO,64307,479,Raggeds,31,Barren Land (Rock/Sand/Clay),34408,2024
CA,23679,174,El_Paso_Mountains,31,Barren Land (Rock/Sand/Clay),166,2024
CA,99548,121,Chuckwalla_Mountains,31,Barren Land (Rock/Sand/Clay),1200,1989
UT,11001,788,Cold_Wash,31,Barren Land (Rock/Sand/Clay),2083,1989
WA,20784,258,Indian_Heaven,31,Barren Land (Rock/Sand/Clay),18,2024
NV,28274,676,Mt_Irish,31,Barren Land (Rock/Sand/Clay),86,1989
NM,47035,109,Chama_River_Canyon,31,Barren Land (Rock/Sand/Clay),114,2024
NV,56890,438,Pahute_Peak,31,Barren Land (Rock/Sand/Clay),5026,1989
CA,11001,757,Elkhorn_Ridge,31,Barren Land (Rock/Sand/Clay),29,2024
OR,9465,715,Clackamas,31,Barren Land (Rock/Sand/Clay),3,1989
CA,17059,566,South_Nopah_Range,31,Barren Land (Rock/Sand/Clay),2160,1989
CO,176431,641,West_Elk,31,Barren Land (Rock/Sand/Clay),26743,1989
WA,168955,652,William_O_Douglas,31,Barren Land (Rock/Sand/Clay),19995,2024
MI,146,253,Huron_Islands,31,Barren Land (Rock/Sand/Clay),300,2024
CA,42695,687,King_Range,31,Barren Land (Rock/Sand/Clay),4126,2024
NV,120551,16,ArcDome,31,Barren Land (Rock/Sand/Clay),4879,2024
OR,355553,167,Eagle_Cap,31,Barren Land (Rock/Sand/Clay),120743,1989
NV,56890,438,Pahute_Peak,31,Barren Land (Rock/Sand/Clay),4310,2024
AZ,21000,40,Big_Horn_Mountains,31,Barren Land (Rock/Sand/Clay),6,1989
AL,7400,115,Cheaha,31,Barren Land (Rock/Sand/Clay),2,2024
CA,225114,340,Marble_Mountain,31,Barren Land (Rock/Sand/Clay),10981,2024
MO,9183,35,Bell_Mountain,31,Barren Land (Rock/Sand/Clay),32,1989
UT,11667,717,Cottonwood_Canyon,31,Barren Land (Rock/Sand/Clay),428,2024
ID,90776,764,White_Clouds,31,Barren Land (Rock/Sand/Clay),57499,1989
UT,124406,755,Zion,31,Barren Land (Rock/Sand/Clay),16114,1989
MI,146,253,Huron_Islands,31,Barren Land (Rock/Sand/Clay),326,1989
NV,10467,69,Boundary_Peak,31,Barren Land (Rock/Sand/Clay),8562,1989
MT,259756,538,Scapegoat,31,Barren Land (Rock/Sand/Clay),28631,1989
WV,47742,141,Cranberry,31,Barren Land (Rock/Sand/Clay),1,1989
NV,23710,318,Lime_Canyon,31,Barren Land (Rock/Sand/Clay),199,1989
OR,20777,429,Opal_Creek,31,Barren Land (Rock/Sand/Clay),23,2024
CA,20839,98,Caribou,31,Barren Land (Rock/Sand/Clay),324,2024
UT,7085,20,AshdownGorge,31,Barren Land (Rock/Sand/Clay),1067,1989
VA,9826,513,Saint_Marys,31,Barren Land (Rock/Sand/Clay),28,1989
CO,37344,760,Hermosa_Creek,31,Barren Land (Rock/Sand/Clay),752,1989
CA,51289,432,Orocopia_Mountains,31,Barren Land (Rock/Sand/Clay),8062,1989
WA,152980,306,Lake_Chelan_Sawtooth,31,Barren Land (Rock/Sand/Clay),57622,1989
CA,56239,682,Yuki,31,Barren Land (Rock/Sand/Clay),208,1989
CO,32643,221,Great_Sand_Dunes,31,Barren Land (Rock/Sand/Clay),31925,1989
UT,4478,720,Deep_Creek_North,31,Barren Land (Rock/Sand/Clay),5,1989
CA,99548,121,Chuckwalla_Mountains,31,Barren Land (Rock/Sand/Clay),1200,2024
WV,6048,311,Laurel_Fork_North,31,Barren Land (Rock/Sand/Clay),51,1989
WA,638173,577,Stephen_Mather,31,Barren Land (Rock/Sand/Clay),418327,1989
OK,10372,623,Upper_Kiamichi_River,41,Deciduous Forest,28286,2024
WA,566161,207,Glacier_Peak,41,Deciduous Forest,10,1989
UT,13107,710,Blackridge,41,Deciduous Forest,3,2024
CA,29207,345,Matilija,41,Deciduous Forest,27,1989
VT,12336,689,Joseph_Battell,41,Deciduous Forest,42546,2024
OR,36879,87,Bull_of_the_Woods,41,Deciduous Forest,1,2024
CA,29207,345,Matilija,41,Deciduous Forest,9,2024
CA,56239,682,Yuki,41,Deciduous Forest,1436,2024
NM,203548,4,Aldo_Leopold,41,Deciduous Forest,12895,1989
CA,704624,662,Yosemite,41,Deciduous Forest,767,1989
UT,11436,615,Twin_Peaks,41,Deciduous Forest,5179,2024
ND,29920,598,Theodore_Roosevelt,41,Deciduous Forest,9541,2024
OR,9026,146,Cummins_Creek,41,Deciduous Forest,56,1989
TN,2559,202,Gee_Creek,41,Deciduous Forest,1783,1989
MI,16704,582,Sturgeon_River_Gorge,41,Deciduous Forest,26409,1989
VA,8471,727,Hunting_Camp_Creek,41,Deciduous Forest,27280,2024
MO,7730,359,Mingo,41,Deciduous Forest,682,1989
CA,303713,210,Golden_Trout,41,Deciduous Forest,543,1989
NH,5658,220,Great_Gulf,41,Deciduous Forest,905,2024
MI,132018,268,Isle_Royale,41,Deciduous Forest,61076,2024
OK,10372,623,Upper_Kiamichi_River,41,Deciduous Forest,28227,1989
AR,16652,315,Leatherwood,41,Deciduous Forest,59141,1989
MI,11740,707,Beaver_Basin,41,Deciduous Forest,25634,1989
CO,68025,133,Comanche_Peak,41,Deciduous Forest,434,1989
WV,6037,750,Spice_Run,41,Deciduous Forest,22701,2024
OR,5792,164,Drift_Creek,41,Deciduous Forest,113,1989
OR,170202,576,Steens_Mountain,41,Deciduous Forest,9993,1989
WI,5912,61,Blackjack_Springs,41,Deciduous Forest,2853,1989
KY,12371,127,Clifty,41,Deciduous Forest,7155,1989
VA/WV,16525,392,Mountain_Lake,41,Deciduous Forest,61948,2024
NM,41305,525,San_Pedro_Parks,41,Deciduous Forest,7337,1989
UT,124406,755,Zion,41,Deciduous Forest,27087,2024
CA,112723,177,Emigrant,41,Deciduous Forest,309,2024
AZ,70905,511,Saguaro,41,Deciduous Forest,28,1989
AZ,68231,288,Kanab_Creek,41,Deciduous Forest,15,1989
UT,10648,719,Cougar_Canyon,41,Deciduous Forest,312,2024
UT,1535,741,Red_Butte,41,Deciduous Forest,6,1989
TN,2559,202,Gee_Creek,41,Deciduous Forest,1991,2024
TN,10895,519,Sampson_Mountain,41,Deciduous Forest,22115,2024
MI,11951,152,Delirium,41,Deciduous Forest,815,1989
NM,44678,14,Apache_Kid,41,Deciduous Forest,52,1989
IL,3955,198,Garden_of_the_Gods,41,Deciduous Forest,14694,1989
TX,5536,612,Turkey_Hill,41,Deciduous Forest,79,1989
NM,36764,339,Manzano_Mountain,41,Deciduous Forest,20652,1989
ID,2358886,194,Frank_Church_River_of_No_Return,41,Deciduous Forest,203,2024
MI,3879,250,Horseshoe_Bay,41,Deciduous Forest,219,2024
CA,70206,570,South_Warner,41,Deciduous Forest,1767,2024
CA,236726,625,Ventana,41,Deciduous Forest,121,2024
UT,40,705,Beartrap_Canyon,41,Deciduous Forest,9,2024
VA,4520,452,Peters_Mountain,41,Deciduous Forest,17958,2024
OK,8570,650,Wichita_Mountains,41,Deciduous Forest,3129,1989
IN,12472,112,Charles_C_Deam,41,Deciduous Forest,48494,1989
GA,12853,73,Brasstown,41,Deciduous Forest,30364,1989
WA,876447,428,Daniel_J_Evans,41,Deciduous Forest,1503,1989
CA,537357,611,Trinity_Alps,41,Deciduous Forest,7173,1989
ID/OR,217747,239,Hells_Canyon_IDOR,41,Deciduous Forest,95,1989
GA/TN,8502,38,Big_Frog,41,Deciduous Forest,14279,1989
VA,4607,601,Three_Ridges,41,Deciduous Forest,20427,1989
CO,122453,248,Holy_Cross,41,Deciduous Forest,8402,2024
AR,14262,95,Caney_Creek,41,Deciduous Forest,36648,1989
NV,24249,671,White_Rock_Range,41,Deciduous Forest,13,2024
NM,20420,310,Latir_Peak,41,Deciduous Forest,4768,2024
AZ,41143,509,Saddle_Mountain,41,Deciduous Forest,5014,2024
LA,8701,297,Kisatchie_Hills,41,Deciduous Forest,182,1989
OR,355553,167,Eagle_Cap,41,Deciduous Forest,39,2024
TN,5634,322,Little_Frog_Mountain,41,Deciduous Forest,14554,2024
NM,35091,97,Capitan_Mountains,41,Deciduous Forest,34,2024
CO,32643,221,Great_Sand_Dunes,41,Deciduous Forest,4,2024
NV,56819,394,Mt_Charleston,41,Deciduous Forest,208,1989
CA,60280,569,South_Sierra,41,Deciduous Forest,22,2024
NV,23439,420,North_Jackson_Mountains,41,Deciduous Forest,357,2024
CO,44345,534,Sarvis_Creek,41,Deciduous Forest,16452,2024
NM,19916,778,Organ_Mountains,41,Deciduous Forest,35,1989
UT,50216,459,Pine_Valley_Mountain,41,Deciduous Forest,17563,2024
GA,7742,62,Blood_Mountain,41,Deciduous Forest,27057,1989
ID/MT,1347644,540,Selway_Bitterroot,41,Deciduous Forest,1496,2024
UT,3291,721,Deep_Creek,41,Deciduous Forest,628,2024
CO,15599,53,Black_Canyon_of_the_Gunnison,41,Deciduous Forest,2637,1989
VA,6577,482,Ramseys_Draft,41,Deciduous Forest,15581,1989
NM,19154,645,Wheeler_Peak,41,Deciduous Forest,617,1989
WY,10208,178,Encampment_River,41,Deciduous Forest,1650,2024
CO,122453,248,Holy_Cross,41,Deciduous Forest,6971,1989
VT,3750,81,Bristol_Cliffs,41,Deciduous Forest,13831,2024
UT,44447,714,Canaan_Mountain,41,Deciduous Forest,57,2024
OR,283818,602,Three_Sisters,41,Deciduous Forest,2,2024
AZ,5887,658,Woodchute,41,Deciduous Forest,529,1989
OR,22614,201,Gearhart_Mountain,41,Deciduous Forest,1,1989
CA,219209,544,Sespe,41,Deciduous Forest,1801,1989
NH,5658,220,Great_Gulf,41,Deciduous Forest,979,1989
CA,60222,559,Snow_Mountain,41,Deciduous Forest,60,2024
AZ,9808,215,Granite_Mountain_AZ,41,Deciduous Forest,1,1989
MI,16861,348,McCormick,41,Deciduous Forest,19727,1989
NV,78754,698,Mount_Grafton,41,Deciduous Forest,1302,2024
NV,26310,478,Quinn_Canyon,41,Deciduous Forest,815,2024
WA,152980,306,Lake_Chelan_Sawtooth,41,Deciduous Forest,15,2024
CA,133720,162,Domeland,41,Deciduous Forest,17,2024
PA,8633,243,Hickory_Creek,41,Deciduous Forest,17740,2024
UT,25078,154,Deseret_Peak,41,Deciduous Forest,2199,1989
CA,104048,363,Mokelumne,41,Deciduous Forest,538,1989
MO,16427,265,Irish,41,Deciduous Forest,67574,1989
ND,5577,332,Lostwood,41,Deciduous Forest,37,1989
ID,2358886,194,Frank_Church_River_of_No_Return,41,Deciduous Forest,188,1989
VA,5613,31,Beartown,41,Deciduous Forest,19511,2024
OR,65435,342,Mark_O_Hatfield,41,Deciduous Forest,21,1989
TN,6937,468,Pond_Mountain,41,Deciduous Forest,15385,2024
CO,19237,572,Spanish_Peaks,41,Deciduous Forest,3151,2024
OR,170202,576,Steens_Mountain,41,Deciduous Forest,14967,2024
OR,24707,748,Soda_Mountain,41,Deciduous Forest,1291,1989
NV,85668,666,Clover_Mountains,41,Deciduous Forest,357,2024
TN,3791,26,Bald_River_Gorge,41,Deciduous Forest,6348,2024
NH,35301,528,Sandwich_Range,41,Deciduous Forest,40502,1989
TN,16213,123,Citico_Creek,41,Deciduous Forest,35054,2024
ID/MT,1347644,540,Selway_Bitterroot,41,Deciduous Forest,333,1989
NV,31223,396,Mt_Rose,41,Deciduous Forest,2965,2024
CO,160997,568,South_San_Juan,41,Deciduous Forest,45907,2024
IL,2760,29,Bay_Creek,41,Deciduous Forest,9140,1989
UT,15291,381,Mount_Olympus,41,Deciduous Forest,10392,1989
CA,44223,365,Monarch,41,Deciduous Forest,3153,1989
VA,5507,28,Barbours_Creek,41,Deciduous Forest,24342,2024
TN,16213,123,Citico_Creek,41,Deciduous Forest,30193,1989
VA,6071,317,Lewis_Fork,41,Deciduous Forest,20316,1989
AZ,87182,118,Chiricahua,41,Deciduous Forest,1,1989
CO,249126,745,Rocky_Mountain,41,Deciduous Forest,1463,1989
NC,7482,355,Middle_Prong,41,Deciduous Forest,12086,2024
VA,4520,452,Peters_Mountain,41,Deciduous Forest,17953,1989
GA,16618,343,Mark_Trail,41,Deciduous Forest,51753,2024
WY,285619,224,Gros_Ventre,41,Deciduous Forest,3079,2024
UT,50216,459,Pine_Valley_Mountain,41,Deciduous Forest,23892,1989
WY,31057,255,Huston_Park,41,Deciduous Forest,4244,1989
GA/NC,23364,571,Southern_Nantahala,41,Deciduous Forest,81209,1989
NC,11653,319,Linville_Gorge,41,Deciduous Forest,23001,2024
SC,21700,134,Congaree,41,Deciduous Forest,15,2024
NV,18119,692,Becky_Peak,41,Deciduous Forest,3,2024
WA,531325,445,Pasayten,41,Deciduous Forest,135,1989
CA,10510,276,Jennie_Lakes,41,Deciduous Forest,1,2024
ME,2712,368,Moosehorn,41,Deciduous Forest,24,1989
AZ,6178,644,Wet_Beaver,41,Deciduous Forest,7,1989
OR,36879,87,Bull_of_the_Woods,41,Deciduous Forest,1,1989
AR,11978,621,Upper_Buffalo,41,Deciduous Forest,53399,2024
ID,116843,765,Jim_McClure_Jerry_Peak,41,Deciduous Forest,406,1989
IL,4050,140,Crab_Orchard,41,Deciduous Forest,18197,1989
MO,6691,156,Devils_Backbone,41,Deciduous Forest,25528,1989
NC/TN,19246,280,Joyce_Kilmer_Slickrock,41,Deciduous Forest,48306,2024
MI,15237,588,Sylvania,41,Deciduous Forest,12010,2024
VA,5773,545,Shawvers_Run,41,Deciduous Forest,24034,1989
VA,5928,295,Kimberling_Creek,41,Deciduous Forest,10656,2024
AR,10585,171,East_Fork,41,Deciduous Forest,35394,2024
CO,8500,352,Mesa_Verde,41,Deciduous Forest,8639,1989
NV,46943,304,La_Madre_Mountain,41,Deciduous Forest,5,2024
VA,5613,31,Beartown,41,Deciduous Forest,19534,1989
UT,29029,803,Turtle_Canyon,41,Deciduous Forest,367,1989
CA,23578,84,Bucks_Lake,41,Deciduous Forest,299,1989
KY,12371,127,Clifty,41,Deciduous Forest,5978,2024
VA,3329,724,Garden_Mountain,41,Deciduous Forest,10627,2024
NV,22374,691,Bald_Mountain,41,Deciduous Forest,1,2024
CO,82496,252,Hunter_Fryingpan,41,Deciduous Forest,1892,1989
NV,67214,701,South_Egan_Range,41,Deciduous Forest,26,1989
WV,17777,160,Dolly_Sods,41,Deciduous Forest,34902,2024
NC/TN,19246,280,Joyce_Kilmer_Slickrock,41,Deciduous Forest,42483,1989
AR,16652,315,Leatherwood,41,Deciduous Forest,59616,2024
UT,22843,636,Wellsville_Mountain,41,Deciduous Forest,24741,2024
CA,236726,625,Ventana,41,Deciduous Forest,467,1989
NM,23267,27,Bandelier,41,Deciduous Forest,216,1989
OR,62139,514,Salmon_Huckleberry,41,Deciduous Forest,16,1989
OR,64742,374,Mount_Hood,41,Deciduous Forest,84,1989
VA,5994,475,Priest,41,Deciduous Forest,26763,1989
CA,27315,455,Phillip_Burton,41,Deciduous Forest,722,2024
MT,93272,91,Cabinet_Mountains,41,Deciduous Forest,123,1989
NC,5065,49,Birkhead_Mountains,41,Deciduous Forest,21293,1989
OR,36865,627,Waldo_Lake,41,Deciduous Forest,2,2024
OR,30787,786,Devils_Staircase,41,Deciduous Forest,496,2024
VA,9327,503,Rough_Mountain,41,Deciduous Forest,29308,1989
OR,64742,374,Mount_Hood,41,Deciduous Forest,87,2024
CO,41281,86,Buffalo_Peaks,41,Deciduous Forest,7150,2024
AZ,7880,388,Mount_Trumbull,41,Deciduous Forest,413,1989
NM,46963,649,White_Mountain,41,Deciduous Forest,3229,1989
UT,25635,71,Box_Death_Hollow,41,Deciduous Forest,33,1989
CO,165874,131,Collegiate_Peaks,41,Deciduous Forest,3995,2024
AZ,20253,551,Sierra_Ancha,41,Deciduous Forest,186,1989
CA,231619,12,Ansel_Adams,41,Deciduous Forest,2028,1989
VA,79579,549,Shenandoah,41,Deciduous Forest,336125,1989
PA,8633,243,Hickory_Creek,41,Deciduous Forest,17603,1989
NM,203548,4,Aldo_Leopold,41,Deciduous Forest,1442,2024
WV,6794,743,Roaring_Plains_West,41,Deciduous Forest,16599,1989
NM,18827,655,Withington,41,Deciduous Forest,3,1989
WA,451,633,Washington_Islands,41,Deciduous Forest,4,2024
AZ,11235,30,Bear_Wallow,41,Deciduous Forest,791,1989
ID,217511,536,Sawtooth,41,Deciduous Forest,75,2024
CO,160309,391,Mount_Zirkel,41,Deciduous Forest,11399,1989
CA,20158,749,South_Fork_San_Jacinto,41,Deciduous Forest,6,1989
NV,32364,173,East_Humboldts,41,Deciduous Forest,25340,2024
CA,128044,249,Hoover,41,Deciduous Forest,9251,2024
UT,46360,148,Dark_Canyon,41,Deciduous Forest,838,2024
MT,93272,91,Cabinet_Mountains,41,Deciduous Forest,125,2024
MS,993,314,Leaf,41,Deciduous Forest,3,1989
NM,18881,143,Cruces_Basin,41,Deciduous Forest,21346,2024
AZ,70905,511,Saguaro,41,Deciduous Forest,17,2024
MN,816244,70,Boundary_Waters_Canoe_Area,41,Deciduous Forest,140822,1989
UT,44572,378,Mount_Naomi,41,Deciduous Forest,2565,1989
CA,8022,111,Chanchelulla,41,Deciduous Forest,90,2024
NV,24249,671,White_Rock_Range,41,Deciduous Forest,20,1989
MO,6691,156,Devils_Backbone,41,Deciduous Forest,25534,2024
NV,64968,94,Calico_Mountains,41,Deciduous Forest,29,2024
WA,108020,209,Goat_Rocks,41,Deciduous Forest,5,2024
MT/WY,937102,1,Absaroka_Beartooth,41,Deciduous Forest,359,1989
CO,64307,479,Raggeds,41,Deciduous Forest,67334,1989
OR,35203,651,Wild_Rogue,41,Deciduous Forest,18,2024
OR,109098,375,Mount_Jefferson,41,Deciduous Forest,1,1989
AZ,18109,402,Munds_Mountain,41,Deciduous Forest,78,2024
VT,22330,688,Glastenbury,41,Deciduous Forest,81754,1989
NV,47311,147,Currant_Mountain,41,Deciduous Forest,15,2024
CO,12615,476,Ptarmigan_Peak,41,Deciduous Forest,1731,2024
UT,453863,246,High_Uintas,41,Deciduous Forest,1210,1989
MT,28460,200,Gates_of_the_Mountains,41,Deciduous Forest,2,1989
CA,79061,309,Lassen_Volcanic,41,Deciduous Forest,5,2024
CA,70206,570,South_Warner,41,Deciduous Forest,772,1989
MT,286659,219,Great_Bear,41,Deciduous Forest,952,1989
NM,221796,447,Pecos,41,Deciduous Forest,42549,2024
NV,46943,304,La_Madre_Mountain,41,Deciduous Forest,86,1989
GA,7742,62,Blood_Mountain,41,Deciduous Forest,27402,2024
CA,73868,435,Owens_Peak,41,Deciduous Forest,16,2024
OR,36865,627,Waldo_Lake,41,Deciduous Forest,5,1989
CA,10666,681,Sanhedrin,41,Deciduous Forest,1650,1989
AZ,11235,30,Bear_Wallow,41,Deciduous Forest,26,2024
CA,37793,122,Chumash,41,Deciduous Forest,5,1989
NE,4635,190,Fort_Niobrara,41,Deciduous Forest,1931,1989
OR,7273,498,Rock_Creek,41,Deciduous Forest,360,2024
VA,6577,482,Ramseys_Draft,41,Deciduous Forest,15902,2024
WA,49344,68,Boulder_River,41,Deciduous Forest,68,2024
AZ,15465,640,West_Clear_Creek,41,Deciduous Forest,4,1989
NH,24032,690,Wild_River,41,Deciduous Forest,42913,1989
CO,19237,572,Spanish_Peaks,41,Deciduous Forest,2709,1989
CA,10999,103,Castle_Crags,41,Deciduous Forest,11,2024
OR,62139,514,Salmon_Huckleberry,41,Deciduous Forest,19,2024
AZ,20053,458,Pine_Mountain,41,Deciduous Forest,14,1989
GA,10791,494,Rich_Mountain,41,Deciduous Forest,40708,2024
NV,54536,563,South_Jackson_Mountains,41,Deciduous Forest,44,2024
WY,10208,178,Encampment_River,41,Deciduous Forest,1517,1989
MI,5268,41,Big_Island_Lake,41,Deciduous Forest,10310,2024
CA,14698,735,Owens_River_Headwaters,41,Deciduous Forest,852,2024
AL,25809,556,Sipsey,41,Deciduous Forest,84362,1989
WI,22047,236,Headwaters,41,Deciduous Forest,21093,1989
GA,10343,607,Tray_Mountain,41,Deciduous Forest,29611,2024
MO,9183,35,Bell_Mountain,41,Deciduous Forest,40704,2024
NH,24032,690,Wild_River,41,Deciduous Forest,42621,2024
CA,21986,286,Kaiser,41,Deciduous Forest,4,1989
UT,1535,741,Red_Butte,41,Deciduous Forest,8,2024
UT,44572,378,Mount_Naomi,41,Deciduous Forest,6228,2024
WV,47742,141,Cranberry,41,Deciduous Forest,77846,2024
CA,28374,214,Granite_Chief,41,Deciduous Forest,139,2024
NV,30648,416,North_Black_Rock_Range,41,Deciduous Forest,579,1989
CA,768222,543,Sequoia_Kings_Canyon,41,Deciduous Forest,16923,2024
UT,453863,246,High_Uintas,41,Deciduous Forest,959,2024
MT,28460,200,Gates_of_the_Mountains,41,Deciduous Forest,2,2024
UT,30632,330,Lone_Peak,41,Deciduous Forest,16165,2024
UT,25635,71,Box_Death_Hollow,41,Deciduous Forest,58,2024
UT,93,725,Goose_Creek,41,Deciduous Forest,43,2024
VA,2845,321,Little_Dry_Run,41,Deciduous Forest,4626,1989
WA,41307,515,Salmo_Priest,41,Deciduous Forest,7,1989
CA,31415,554,Silver_Peak,41,Deciduous Forest,6,2024
IL,821,443,Panther_Den,41,Deciduous Forest,3181,1989
WY,285619,224,Gros_Ventre,41,Deciduous Forest,2381,1989
NV,14095,693,Bristlecone,41,Deciduous Forest,23,2024
NV,35581,9,AltaToquima,41,Deciduous Forest,7371,1989
AZ,6819,372,Mount_Baldy,41,Deciduous Forest,292,1989
OR,36548,744,Roaring_River,41,Deciduous Forest,18,2024
NM,20420,310,Latir_Peak,41,Deciduous Forest,3525,1989
CO,82496,252,Hunter_Fryingpan,41,Deciduous Forest,2023,2024
CO,8500,352,Mesa_Verde,41,Deciduous Forest,2437,2024
OR/WA,176737,638,Wenaha_Tucannon,41,Deciduous Forest,77,2024
UT,15291,381,Mount_Olympus,41,Deciduous Forest,13210,2024
VA,79579,549,Shenandoah,41,Deciduous Forest,341030,2024
MI,3271,412,Nordhouse_Dunes,41,Deciduous Forest,5110,2024
CA,30863,159,Dinkey_Lakes,41,Deciduous Forest,2,2024
SC,21700,134,Congaree,41,Deciduous Forest,16,1989
AZ,87900,439,Paiute,41,Deciduous Forest,1366,1989
NV,64968,94,Calico_Mountains,41,Deciduous Forest,55,1989
AR,15214,254,Hurricane_Creek,41,Deciduous Forest,63946,1989
ME,11236,99,Caribou_Speckled_Mountain,41,Deciduous Forest,25802,2024
NM,41305,525,San_Pedro_Parks,41,Deciduous Forest,6727,2024
WY,123896,275,Jedediah_Smith,41,Deciduous Forest,1075,2024
UT,11436,615,Twin_Peaks,41,Deciduous Forest,5101,1989
UT,453,729,LaVerkin_Creek,41,Deciduous Forest,238,2024
MT,32350,488,Red_Rock_Lakes,41,Deciduous Forest,6,2024
MI,16861,348,McCormick,41,Deciduous Forest,19660,2024
NV,92652,505,Ruby_Mountains,41,Deciduous Forest,66315,2024
NV,23439,420,North_Jackson_Mountains,41,Deciduous Forest,269,1989
MI,15237,588,Sylvania,41,Deciduous Forest,12156,1989
VT,7824,451,Peru_Peak,41,Deciduous Forest,25672,2024
VA,4795,713,Brush_Mountain,41,Deciduous Forest,12810,2024
CA,11001,757,Elkhorn_Ridge,41,Deciduous Forest,12,1989
WI,7270,647,Whisker_Lake,41,Deciduous Forest,16088,2024
CA,101574,521,San_Gorgonio,41,Deciduous Forest,27,2024
MI,32557,758,Sleeping_Bear_Dunes,41,Deciduous Forest,77588,1989
WA,14266,410,Noisy_Diobsud,41,Deciduous Forest,5,2024
WY,693934,632,Washakie,41,Deciduous Forest,61,2024
VA,3329,724,Garden_Mountain,41,Deciduous Forest,10628,1989
AR,11141,472,Poteau_Mountain,41,Deciduous Forest,18614,1989
WI,33500,677,Gaylord_Nelson,41,Deciduous Forest,14991,2024
WY,15284,535,Savage_Run,41,Deciduous Forest,7,2024
WA,119966,371,Mount_Baker,41,Deciduous Forest,273,2024
AR,6301,165,Dry_Creek,41,Deciduous Forest,10272,1989
NM,35091,97,Capitan_Mountains,41,Deciduous Forest,509,1989
IL,5800,25,Bald_Knob,41,Deciduous Forest,26132,2024
TN,10804,43,Big_Laurel_Branch,41,Deciduous Forest,35245,2024
OR/WA,176737,638,Wenaha_Tucannon,41,Deciduous Forest,68,1989
MI,16704,582,Sturgeon_River_Gorge,41,Deciduous Forest,25656,2024
NV,68623,697,Highland_Ridge,41,Deciduous Forest,566,1989
MI,132018,268,Isle_Royale,41,Deciduous Forest,78257,1989
AZ,160164,583,Superstition,41,Deciduous Forest,1,2024
AR,10585,171,East_Fork,41,Deciduous Forest,35278,1989
ID,205395,212,Gospel_Hump,41,Deciduous Forest,84,2024
CO,249126,745,Rocky_Mountain,41,Deciduous Forest,1524,2024
CO,135104,168,Eagles_Nest,41,Deciduous Forest,24379,2024
OR,35203,651,Wild_Rogue,41,Deciduous Forest,9,1989
CA,5575,756,Cahuilla_Mountain,41,Deciduous Forest,31,1989
MI,375,504,Round_Island,41,Deciduous Forest,523,2024
CA,10666,681,Sanhedrin,41,Deciduous Forest,1526,2024
CA,42695,687,King_Range,41,Deciduous Forest,97,1989
AZ,6664,293,Kendrick_Mountain,41,Deciduous Forest,442,1989
CA,43182,546,Sheep_Mountain,41,Deciduous Forest,1315,2024
AZ,5158,180,Escudilla,41,Deciduous Forest,4925,1989
WA,228480,382,Mount_Rainier,41,Deciduous Forest,3,2024
CA,12868,686,South_Fork_Eel_River,41,Deciduous Forest,231,2024
CA,39740,728,John_Krebs,41,Deciduous Forest,5666,1989
WA,531325,445,Pasayten,41,Deciduous Forest,111,2024
NM,23267,27,Bandelier,41,Deciduous Forest,19,2024
IL,3955,198,Garden_of_the_Gods,41,Deciduous Forest,14682,2024
VT,3750,81,Bristol_Cliffs,41,Deciduous Forest,13822,1989
MI,11951,152,Delirium,41,Deciduous Forest,613,2024
NC,11653,319,Linville_Gorge,41,Deciduous Forest,16318,1989
MO,12423,242,Hercules_Glades,41,Deciduous Forest,19371,2024
CA,18002,3,Agua_Tibia,41,Deciduous Forest,3,1989
CA,21986,286,Kaiser,41,Deciduous Forest,4,2024
NV,43512,670,Parsnip_Peak,41,Deciduous Forest,820,2024
CA,191104,526,San_Rafael,41,Deciduous Forest,4,2024
CA,182298,661,Yolla_Bolly_Middle_Eel,41,Deciduous Forest,4090,1989
AZ,58448,587,Sycamore_Canyon,41,Deciduous Forest,414,2024
MT,11366,350,Medicine_Lake,41,Deciduous Forest,9,2024
MI,3271,412,Nordhouse_Dunes,41,Deciduous Forest,5238,1989
AZ,56973,477,Pusch_Ridge,41,Deciduous Forest,33,1989
AR/OK,13347,56,Black_Fork_Mountain,41,Deciduous Forest,28734,1989
NV,121449,696,High_Schells,41,Deciduous Forest,9936,1989
CA,158147,102,Carson_Iceberg,41,Deciduous Forest,2603,1989
VA,8907,273,James_River_Face,41,Deciduous Forest,28723,2024
OR,20213,419,North_Fork_Umatilla,41,Deciduous Forest,5,2024
MT/WY,937102,1,Absaroka_Beartooth,41,Deciduous Forest,345,2024
GA/TN,8502,38,Big_Frog,41,Deciduous Forest,14922,2024
IL,821,443,Panther_Den,41,Deciduous Forest,3177,2024
MI,4724,499,Rock_River_Canyon,41,Deciduous Forest,15934,1989
UT,142996,789,Desolation_Canyon,41,Deciduous Forest,1223,2024
NM,44372,759,Columbine_Hondo,41,Deciduous Forest,18742,1989
AZ,58448,587,Sycamore_Canyon,41,Deciduous Forest,3498,1989
NV,26310,478,Quinn_Canyon,41,Deciduous Forest,946,1989
WV,5840,312,Laurel_Fork_South,41,Deciduous Forest,18735,1989
WA,15776,594,Tatoosh,41,Deciduous Forest,3,2024
VT,18122,334,Lye_Brook,41,Deciduous Forest,48379,1989
VT,7824,451,Peru_Peak,41,Deciduous Forest,25558,1989
NV,78754,698,Mount_Grafton,41,Deciduous Forest,1281,1989
MT,32350,488,Red_Rock_Lakes,41,Deciduous Forest,30,1989
TX,12214,259,Indian_Mounds,41,Deciduous Forest,90,2024
UT,453,729,LaVerkin_Creek,41,Deciduous Forest,337,1989
WA,102919,241,Henry_M_Jackson,41,Deciduous Forest,2,1989
WV,5840,312,Laurel_Fork_South,41,Deciduous Forest,18733,2024
CA,20241,530,Santa_Lucia,41,Deciduous Forest,4,1989
NM,18881,143,Cruces_Basin,41,Deciduous Forest,19143,1989
GA,9240,484,Raven_Cliffs,41,Deciduous Forest,31403,2024
CA,60280,569,South_Sierra,41,Deciduous Forest,49,1989
PA,372,7,Allegheny_Islands,41,Deciduous Forest,179,1989
VA,6071,317,Lewis_Fork,41,Deciduous Forest,20432,2024
AZ,6664,293,Kendrick_Mountain,41,Deciduous Forest,77,2024
UT,35,753,Taylor_Creek,41,Deciduous Forest,41,1989
CO,74408,485,Rawah,41,Deciduous Forest,1018,2024
UT,10518,386,Mount_Timpanogos,41,Deciduous Forest,6387,2024
AZ,87182,118,Chiricahua,41,Deciduous Forest,2,2024
VT,6725,37,Big_Branch,41,Deciduous Forest,21148,2024
CA,13007,144,Cucamonga,41,Deciduous Forest,235,1989
TN,9037,766,Upper_Bald_River,41,Deciduous Forest,23327,1989
VA,9826,513,Saint_Marys,41,Deciduous Forest,21059,2024
VA,5461,328,Little_Wilson_Creek,41,Deciduous Forest,21914,1989
NM,44678,14,Apache_Kid,41,Deciduous Forest,51,2024
CO,62742,473,Powderhorn,41,Deciduous Forest,35351,2024
CA,182298,661,Yolla_Bolly_Middle_Eel,41,Deciduous Forest,1398,2024
NV,32072,532,Santa_Rosa_Paradise_Peak,41,Deciduous Forest,44101,1989
WY,426751,78,Bridger,41,Deciduous Forest,7038,1989
WY,198906,185,Fitzpatrick,41,Deciduous Forest,287,2024
UT,25078,154,Deseret_Peak,41,Deciduous Forest,2581,2024
NM,44372,759,Columbine_Hondo,41,Deciduous Forest,19481,2024
ID,67993,763,Hemingway_Boulders,41,Deciduous Forest,42,1989
NM,46963,649,White_Mountain,41,Deciduous Forest,1087,2024
MN,2180,593,Tamarac,41,Deciduous Forest,4010,1989
UT,44447,714,Canaan_Mountain,41,Deciduous Forest,42,1989
TN,4472,617,Unaka_Mountain,41,Deciduous Forest,2874,2024
AZ,18109,402,Munds_Mountain,41,Deciduous Forest,220,1989
ID,90776,764,White_Clouds,41,Deciduous Forest,134,2024
OK,8570,650,Wichita_Mountains,41,Deciduous Forest,304,2024
PA,372,7,Allegheny_Islands,41,Deciduous Forest,183,2024
WA,105543,704,Wild_Sky,41,Deciduous Forest,373,1989
VA,5773,545,Shawvers_Run,41,Deciduous Forest,24013,2024
CO,15599,53,Black_Canyon_of_the_Gunnison,41,Deciduous Forest,2526,2024
CO,29027,377,Mount_Massive,41,Deciduous Forest,533,2024
AZ,77585,196,Galiuro,41,Deciduous Forest,5,1989
IL,6352,333,Lusk_Creek,41,Deciduous Forest,20481,2024
CA,32186,522,San_Jacinto,41,Deciduous Forest,394,1989
MT,1062694,64,Bob_Marshall,41,Deciduous Forest,204,1989
NV,43512,670,Parsnip_Peak,41,Deciduous Forest,402,1989
ID,205395,212,Gospel_Hump,41,Deciduous Forest,16,1989
NV,18119,692,Becky_Peak,41,Deciduous Forest,1,1989
AR,10180,187,Flatside,41,Deciduous Forest,8676,2024
NJ,3660,222,Great_Swamp,41,Deciduous Forest,359,1989
VA,4225,740,Raccoon_Branch,41,Deciduous Forest,15425,1989
SD,64144,24,Badlands,41,Deciduous Forest,1,2024
WY,15284,535,Savage_Run,41,Deciduous Forest,1037,1989
CA,16526,599,Thousand_Lakes,41,Deciduous Forest,1,1989
AZ,48314,489,Red_Rock_Secret_Mountain,41,Deciduous Forest,477,1989
UT,4047,747,Slaughter_Creek,41,Deciduous Forest,791,2024
WY,584733,596,Teton,41,Deciduous Forest,12,2024
AR,11978,621,Upper_Buffalo,41,Deciduous Forest,53412,1989
AZ,5887,658,Woodchute,41,Deciduous Forest,232,2024
WV,5147,708,Big_Draft,41,Deciduous Forest,19377,1989
MO,8184,460,Piney_Creek,41,Deciduous Forest,25897,1989
CA,7272,683,Mount_Lassic,41,Deciduous Forest,153,2024
MO,8184,460,Piney_Creek,41,Deciduous Forest,25896,2024
WY,426751,78,Bridger,41,Deciduous Forest,8318,2024
CA,32186,522,San_Jacinto,41,Deciduous Forest,60,2024
MI,11358,336,Mackinac,41,Deciduous Forest,4557,2024
UT,27075,379,Mount_Nebo,41,Deciduous Forest,12039,2024
UT,10648,719,Cougar_Canyon,41,Deciduous Forest,385,1989
AZ,20251,358,Miller_Peak,41,Deciduous Forest,19,1989
NM,37278,527,Sandia_Mountain,41,Deciduous Forest,8795,2024
OR,36548,744,Roaring_River,41,Deciduous Forest,20,1989
NV,36151,700,Shellback,41,Deciduous Forest,11,2024
CO,16486,384,Mount_Sneffels,41,Deciduous Forest,1956,2024
ME,4680,369,Moosehorn_Baring_Unit,41,Deciduous Forest,44,2024
CA,10999,103,Castle_Crags,41,Deciduous Forest,10,1989
CO,160997,568,South_San_Juan,41,Deciduous Forest,43854,1989
AZ,14650,376,Mount_Logan,41,Deciduous Forest,491,1989
VA,8471,727,Hunting_Camp_Creek,41,Deciduous Forest,27332,1989
NV,67214,701,South_Egan_Range,41,Deciduous Forest,23,2024
TX,46850,225,Guadalupe_Mountains,41,Deciduous Forest,3,1989
NV,5341,674,Tunnel_Spring,41,Deciduous Forest,3,2024
CA,60222,559,Snow_Mountain,41,Deciduous Forest,982,1989
VA,3273,752,Stone_Mountain,41,Deciduous Forest,8269,2024
AR,15214,254,Hurricane_Creek,41,Deciduous Forest,64088,2024
CA,191104,526,San_Rafael,41,Deciduous Forest,83,1989
CO,102209,618,Uncompahgre,41,Deciduous Forest,22220,2024
MT,1062694,64,Bob_Marshall,41,Deciduous Forest,232,2024
CA,7272,683,Mount_Lassic,41,Deciduous Forest,178,1989
MN,816244,70,Boundary_Waters_Canoe_Area,41,Deciduous Forest,202954,2024
NM,559310,205,Gila,41,Deciduous Forest,2798,2024
NE,7833,560,Soldier_Creek,41,Deciduous Forest,3,1989
NV,128362,805,Clan_Alpine_Mountains,41,Deciduous Forest,3476,1989
NV,49151,761,Wovoka,41,Deciduous Forest,7,1989
NV,92627,590,Table_Mountain,41,Deciduous Forest,37736,1989
OR,5784,591,Table_Rock,41,Deciduous Forest,1,1989
GA/NC,23364,571,Southern_Nantahala,41,Deciduous Forest,86877,2024
OH,77,643,West_Sister_Island,41,Deciduous Forest,258,1989
VT,22330,688,Glastenbury,41,Deciduous Forest,82042,2024
AR,10180,187,Flatside,41,Deciduous Forest,8688,1989
NM,37278,527,Sandia_Mountain,41,Deciduous Forest,10579,1989
CA,303713,210,Golden_Trout,41,Deciduous Forest,173,2024
OR,30787,786,Devils_Staircase,41,Deciduous Forest,438,1989
WA,105543,704,Wild_Sky,41,Deciduous Forest,425,2024
VT,6725,37,Big_Branch,41,Deciduous Forest,21126,1989
AZ,7566,283,Juniper_Mesa,41,Deciduous Forest,1,1989
CA,8158,417,North_Fork,41,Deciduous Forest,1286,1989
CA,230966,754,White_Mountains,41,Deciduous Forest,4470,1989
CA,35738,520,San_Gabriel,41,Deciduous Forest,327,1989
MO,7040,436,Paddy_Creek,41,Deciduous Forest,25279,1989
WA,451,633,Washington_Islands,41,Deciduous Forest,4,1989
TN,6937,468,Pond_Mountain,41,Deciduous Forest,16147,1989
TN,5634,322,Little_Frog_Mountain,41,Deciduous Forest,13785,1989
VA,2845,321,Little_Dry_Run,41,Deciduous Forest,4601,2024
VA,2427,603,Thunder_Ridge,41,Deciduous Forest,10450,1989
UT,3291,721,Deep_Creek,41,Deciduous Forest,795,1989
NV,110471,274,Jarbidge,41,Deciduous Forest,5585,1989
WV,6048,311,Laurel_Fork_North,41,Deciduous Forest,27236,2024
CA,71275,158,Dick_Smith,41,Deciduous Forest,104,1989
MI,4724,499,Rock_River_Canyon,41,Deciduous Forest,15971,2024
CO,32643,221,Great_Sand_Dunes,41,Deciduous Forest,3,1989
MT,158712,10,Anaconda_Pintler,41,Deciduous Forest,1,1989
CA,8022,111,Chanchelulla,41,Deciduous Forest,96,1989
NV,92627,590,Table_Mountain,41,Deciduous Forest,39214,2024
VA,4225,740,Raccoon_Branch,41,Deciduous Forest,15138,2024
MI,5268,41,Big_Island_Lake,41,Deciduous Forest,10356,1989
NV,32364,173,East_Humboldts,41,Deciduous Forest,12397,1989
AR,6301,165,Dry_Creek,41,Deciduous Forest,10235,2024
UT,46360,148,Dark_Canyon,41,Deciduous Forest,1051,1989
WA,414322,8,Alpine_Lakes,41,Deciduous Forest,295,2024
MI,25150,542,Seney,41,Deciduous Forest,2230,2024
CO,497111,637,Weminuche,41,Deciduous Forest,86401,1989
AZ,129800,18,Arrastra_Mountain,41,Deciduous Forest,13,2024
AL,8947,166,Dugger_Mountain,41,Deciduous Forest,22279,2024
CO,181973,344,Maroon_Bells_Snowmass,41,Deciduous Forest,76219,2024
OR,5784,591,Table_Rock,41,Deciduous Forest,4,2024
MO,12423,242,Hercules_Glades,41,Deciduous Forest,19243,1989
CO,74408,485,Rawah,41,Deciduous Forest,674,1989
WI,4074,471,Porcupine_Lake,41,Deciduous Forest,8582,1989
CA,27296,684,Cache_Creek,41,Deciduous Forest,59,1989
WI,4074,471,Porcupine_Lake,41,Deciduous Forest,8552,2024
CO,23116,223,Greenhorn_Mountain,41,Deciduous Forest,9397,1989
NV,54536,563,South_Jackson_Mountains,41,Deciduous Forest,91,1989
MN,2180,593,Tamarac,41,Deciduous Forest,4030,2024
UT,7085,20,AshdownGorge,41,Deciduous Forest,794,2024
WV,17777,160,Dolly_Sods,41,Deciduous Forest,34862,1989
WI,5912,61,Blackjack_Springs,41,Deciduous Forest,2829,2024
MI,375,504,Round_Island,41,Deciduous Forest,527,1989
NV,35581,9,AltaToquima,41,Deciduous Forest,7753,2024
CA,537357,611,Trinity_Alps,41,Deciduous Forest,3706,2024
AZ,7880,388,Mount_Trumbull,41,Deciduous Forest,176,2024
CA,13007,144,Cucamonga,41,Deciduous Forest,62,2024
AL,7400,115,Cheaha,41,Deciduous Forest,25354,1989
NV,56819,394,Mt_Charleston,41,Deciduous Forest,47,2024
AL,25809,556,Sipsey,41,Deciduous Forest,97329,2024
NV,5341,674,Tunnel_Spring,41,Deciduous Forest,1,1989
IL,6352,333,Lusk_Creek,41,Deciduous Forest,20608,1989
AZ,250760,347,Mazatzal,41,Deciduous Forest,21,2024
GA/TN,37033,130,Cohutta,41,Deciduous Forest,49742,1989
NM,47035,109,Chama_River_Canyon,41,Deciduous Forest,308,1989
CA,35738,520,San_Gabriel,41,Deciduous Forest,10,2024
WV,6037,750,Spice_Run,41,Deciduous Forest,22827,1989
WV,20705,434,Otter_Creek,41,Deciduous Forest,33187,2024
NV,59107,245,High_Rock_Lake,41,Deciduous Forest,17,1989
UT,40,705,Beartrap_Canyon,41,Deciduous Forest,6,1989
TN,3791,26,Bald_River_Gorge,41,Deciduous Forest,6243,1989
NV,128362,805,Clan_Alpine_Mountains,41,Deciduous Forest,2860,2024
CO,160309,391,Mount_Zirkel,41,Deciduous Forest,8237,2024
NJ,3660,222,Great_Swamp,41,Deciduous Forest,435,2024
NC,18477,550,Shining_Rock,41,Deciduous Forest,46900,2024
MO,16427,265,Irish,41,Deciduous Forest,67527,2024
NV,36151,700,Shellback,41,Deciduous Forest,12,1989
CO,176431,641,West_Elk,41,Deciduous Forest,190338,2024
NV,24015,762,Pine_Forest_Range,41,Deciduous Forest,10027,2024
MI,3879,250,Horseshoe_Bay,41,Deciduous Forest,218,1989
CO,181973,344,Maroon_Bells_Snowmass,41,Deciduous Forest,71713,1989
CA,230966,754,White_Mountains,41,Deciduous Forest,4882,2024
VA,5994,475,Priest,41,Deciduous Forest,26733,2024
VA,5507,28,Barbours_Creek,41,Deciduous Forest,24226,1989
CO,12615,476,Ptarmigan_Peak,41,Deciduous Forest,1530,1989
MT,286659,219,Great_Bear,41,Deciduous Forest,1457,2024
OR,24707,748,Soda_Mountain,41,Deciduous Forest,2330,2024
ME,2712,368,Moosehorn,41,Deciduous Forest,591,2024
CO,126480,303,La_Garita,41,Deciduous Forest,20430,2024
NC,18477,550,Shining_Rock,41,Deciduous Forest,44997,1989
AZ,56973,477,Pusch_Ridge,41,Deciduous Forest,1,2024
WA,16297,597,The_Brothers,41,Deciduous Forest,10,1989
ID,67993,763,Hemingway_Boulders,41,Deciduous Forest,61,2024
TN,4472,617,Unaka_Mountain,41,Deciduous Forest,3316,1989
ID/OR,217747,239,Hells_Canyon_IDOR,41,Deciduous Forest,181,2024
CA,27315,455,Phillip_Burton,41,Deciduous Forest,1148,1989
ME,4680,369,Moosehorn_Baring_Unit,41,Deciduous Forest,16,1989
NV,88650,395,Mt_Moriah,41,Deciduous Forest,2648,1989
WA,49344,68,Boulder_River,41,Deciduous Forest,6,1989
AZ,250760,347,Mazatzal,41,Deciduous Forest,35,1989
UT,29029,803,Turtle_Canyon,41,Deciduous Forest,384,2024
AZ,6819,372,Mount_Baldy,41,Deciduous Forest,183,2024
WA,41307,515,Salmo_Priest,41,Deciduous Forest,14,2024
AZ,5158,180,Escudilla,41,Deciduous Forest,971,2024
NH,45809,450,Pemigewasset,41,Deciduous Forest,29412,2024
VA,6532,493,Rich_Hole,41,Deciduous Forest,27078,1989
CA,704624,662,Yosemite,41,Deciduous Forest,834,2024
NM,19154,645,Wheeler_Peak,41,Deciduous Forest,677,2024
GA,9240,484,Raven_Cliffs,41,Deciduous Forest,31371,1989
GA/TN,37033,130,Cohutta,41,Deciduous Forest,61015,2024
CA,18278,335,Machesna_Mountain,41,Deciduous Forest,2,1989
WA,102919,241,Henry_M_Jackson,41,Deciduous Forest,32,2024
CA,231619,12,Ansel_Adams,41,Deciduous Forest,2634,2024
AR,34933,85,Buffalo_National_River,41,Deciduous Forest,137147,2024
MT,74524,360,Mission_Mountains,41,Deciduous Forest,19,2024
MI,11740,707,Beaver_Basin,41,Deciduous Forest,24937,2024
UT,30632,330,Lone_Peak,41,Deciduous Forest,14588,1989
TX,12214,259,Indian_Mounds,41,Deciduous Forest,29,1989
CO,219891,529,Sangre_de_Cristo,41,Deciduous Forest,57618,2024
WA,119966,371,Mount_Baker,41,Deciduous Forest,20,1989
NV,40303,806,Desatoya Mountains Wilderness,41,Deciduous Forest,5825,1989
VA,3273,752,Stone_Mountain,41,Deciduous Forest,8439,1989
CO/WY,24051,465,Platte_River,41,Deciduous Forest,9,2024
UT,4478,720,Deep_Creek_North,41,Deciduous Forest,6376,2024
OR,7273,498,Rock_Creek,41,Deciduous Forest,349,1989
UT,4047,747,Slaughter_Creek,41,Deciduous Forest,835,1989
AR,11674,495,Richland_Creek,41,Deciduous Forest,49709,2024
MT,259756,538,Scapegoat,41,Deciduous Forest,7,2024
VA,4795,713,Brush_Mountain,41,Deciduous Forest,13326,1989
WY,31057,255,Huston_Park,41,Deciduous Forest,3743,2024
CO,135104,168,Eagles_Nest,41,Deciduous Forest,19615,1989
WA,566161,207,Glacier_Peak,41,Deciduous Forest,340,2024
CA,158147,102,Carson_Iceberg,41,Deciduous Forest,2132,2024
AZ,48314,489,Red_Rock_Secret_Mountain,41,Deciduous Forest,189,2024
CO,16486,384,Mount_Sneffels,41,Deciduous Forest,1930,1989
AZ,41143,509,Saddle_Mountain,41,Deciduous Forest,8003,1989
AR,11141,472,Poteau_Mountain,41,Deciduous Forest,17438,2024
ID,44027,733,North_Fork_Owyhee,41,Deciduous Forest,216,2024
AZ,20251,358,Miller_Peak,41,Deciduous Forest,18,2024
CA,26839,738,Pleasant_View_Ridge,41,Deciduous Forest,1,1989
AL,8947,166,Dugger_Mountain,41,Deciduous Forest,21654,1989
NV,52451,216,Grant_Range,41,Deciduous Forest,1437,2024
CO,37344,760,Hermosa_Creek,41,Deciduous Forest,24489,2024
CA,219209,544,Sespe,41,Deciduous Forest,288,2024
NV,32072,532,Santa_Rosa_Paradise_Peak,41,Deciduous Forest,51815,2024
NM,9621,517,Salt_Creek,41,Deciduous Forest,8,1989
OR,5792,164,Drift_Creek,41,Deciduous Forest,136,2024
NV,10467,69,Boundary_Peak,41,Deciduous Forest,342,2024
UT,10518,386,Mount_Timpanogos,41,Deciduous Forest,6394,1989
WY,102620,470,Popo_Agie,41,Deciduous Forest,137,1989
CO,32062,191,Fossil_Ridge,41,Deciduous Forest,5210,1989
CA,179847,557,Siskiyou,41,Deciduous Forest,75,2024
WV,20705,434,Otter_Creek,41,Deciduous Forest,32920,1989
NV,121449,696,High_Schells,41,Deciduous Forest,12757,2024
AZ,87900,439,Paiute,41,Deciduous Forest,1341,2024
NH,27605,474,Presidential_Range_Dry_River,41,Deciduous Forest,28526,1989
CA,225114,340,Marble_Mountain,41,Deciduous Forest,1393,1989
WI,7270,647,Whisker_Lake,41,Deciduous Forest,16357,1989
CO,66280,723,Dominguez_Canyon,41,Deciduous Forest,284,2024
MO,4236,500,Rockpile_Mountain,41,Deciduous Forest,18576,2024
CO,17109,272,James_Peak,41,Deciduous Forest,13,1989
OR,9026,146,Cummins_Creek,41,Deciduous Forest,30,2024
WY,584733,596,Teton,41,Deciduous Forest,8,1989
IL,2760,29,Bay_Creek,41,Deciduous Forest,9122,2024
CA,73868,435,Owens_Peak,41,Deciduous Forest,13,1989
WY,693934,632,Washakie,41,Deciduous Forest,37,1989
CA,42079,266,Ishi,41,Deciduous Forest,1355,2024
CO,17784,227,Gunnison_Gorge,41,Deciduous Forest,4,2024
MO,7040,436,Paddy_Creek,41,Deciduous Forest,25030,2024
CA,20241,530,Santa_Lucia,41,Deciduous Forest,5,2024
CO,77932,261,Indian_Peaks,41,Deciduous Forest,773,2024
VA,3745,712,Brush_Mountain_East,41,Deciduous Forest,7675,1989
UT,93,725,Goose_Creek,41,Deciduous Forest,41,1989
WA,414322,8,Alpine_Lakes,41,Deciduous Forest,122,1989
VT,12336,689,Joseph_Battell,41,Deciduous Forest,42705,1989
AR/OK,13347,56,Black_Fork_Mountain,41,Deciduous Forest,28636,2024
VA,8907,273,James_River_Face,41,Deciduous Forest,34780,1989
MI,25150,542,Seney,41,Deciduous Forest,2239,1989
GA/NC/SC,8300,176,Ellicott_Rock,41,Deciduous Forest,8077,1989
WA,876447,428,Daniel_J_Evans,41,Deciduous Forest,1790,2024
AR,34933,85,Buffalo_National_River,41,Deciduous Forest,137742,1989
CO,32062,191,Fossil_Ridge,41,Deciduous Forest,5483,2024
CA,33772,537,Sawtooth_Mountains,41,Deciduous Forest,2,1989
WV,47742,141,Cranberry,41,Deciduous Forest,76808,1989
AZ,18720,285,Kachina_Peaks,41,Deciduous Forest,8476,1989
CO,73416,373,Mount_Evans,41,Deciduous Forest,4051,1989
VT,4800,203,George_D_Aiken,41,Deciduous Forest,18078,2024
MT,242068,316,Lee_Metcalf,41,Deciduous Forest,279,2024
CO,219891,529,Sangre_de_Cristo,41,Deciduous Forest,44608,1989
NV,49151,761,Wovoka,41,Deciduous Forest,57,2024
NV,56890,438,Pahute_Peak,41,Deciduous Forest,94,1989
UT,22843,636,Wellsville_Mountain,41,Deciduous Forest,15042,1989
IL,4050,140,Crab_Orchard,41,Deciduous Forest,18262,2024
NM,559310,205,Gila,41,Deciduous Forest,7685,1989
ME,11236,99,Caribou_Speckled_Mountain,41,Deciduous Forest,25852,1989
NM,36764,339,Manzano_Mountain,41,Deciduous Forest,18186,2024
LA,8701,297,Kisatchie_Hills,41,Deciduous Forest,66,2024
VA,3745,712,Brush_Mountain_East,41,Deciduous Forest,7470,2024
VT,18122,334,Lye_Brook,41,Deciduous Forest,48438,2024
CO,165874,131,Collegiate_Peaks,41,Deciduous Forest,3185,1989
AR,11674,495,Richland_Creek,41,Deciduous Forest,49076,1989
WA,108020,209,Goat_Rocks,41,Deciduous Forest,3,1989
WI,7135,480,Rainbow_Lake,41,Deciduous Forest,21531,2024
MI,32557,758,Sleeping_Bear_Dunes,41,Deciduous Forest,78610,2024
CA,10510,276,Jennie_Lakes,41,Deciduous Forest,2,1989
CA,64041,155,Desolation,41,Deciduous Forest,12,1989
MT,242068,316,Lee_Metcalf,41,Deciduous Forest,236,1989
CA,18278,335,Machesna_Mountain,41,Deciduous Forest,1,2024
CA,28374,214,Granite_Chief,41,Deciduous Forest,155,1989
CO,17784,227,Gunnison_Gorge,41,Deciduous Forest,2,1989
WA,16297,597,The_Brothers,41,Deciduous Forest,11,2024
ID,217511,536,Sawtooth,41,Deciduous Forest,95,1989
OR,35749,502,Rogue_Umpqua_Divide,41,Deciduous Forest,1,2024
CO,20847,406,Never_Summer,41,Deciduous Forest,10,1989
IL,3694,88,Burden_Falls,41,Deciduous Forest,13272,1989
ND,4155,113,Chase_Lake,41,Deciduous Forest,9,1989
OH,77,643,West_Sister_Island,41,Deciduous Forest,259,2024
CO,114864,331,Lost_Creek,41,Deciduous Forest,14895,2024
WA,47123,370,Mount_Adams,41,Deciduous Forest,1,2024
VA,6532,493,Rich_Hole,41,Deciduous Forest,27303,2024
CA,11001,757,Elkhorn_Ridge,41,Deciduous Forest,2,2024
CO,102209,618,Uncompahgre,41,Deciduous Forest,22766,1989
CO,9482,92,Cache_La_Poudre,41,Deciduous Forest,2,1989
CO,62742,473,Powderhorn,41,Deciduous Forest,35309,1989
ND,5577,332,Lostwood,41,Deciduous Forest,2,2024
ID,44027,733,North_Fork_Owyhee,41,Deciduous Forest,215,1989
CA,652903,278,John_Muir,41,Deciduous Forest,7353,1989
CA,36981,397,Mt_Shasta,41,Deciduous Forest,1,1989
NV,47311,147,Currant_Mountain,41,Deciduous Forest,7,1989
OR,65435,342,Mark_O_Hatfield,41,Deciduous Forest,56,2024
AZ,20253,551,Sierra_Ancha,41,Deciduous Forest,686,2024
UT,27075,379,Mount_Nebo,41,Deciduous Forest,13894,1989
FL,1296500,341,Marjory_Stoneman_Douglas,41,Deciduous Forest,1,1989
CA,14698,735,Owens_River_Headwaters,41,Deciduous Forest,619,1989
CO,41531,329,Lizard_Head,41,Deciduous Forest,12752,2024
CO,68025,133,Comanche_Peak,41,Deciduous Forest,60,2024
UT,142996,789,Desolation_Canyon,41,Deciduous Forest,2489,1989
CA,768222,543,Sequoia_Kings_Canyon,41,Deciduous Forest,34568,1989
AZ,20053,458,Pine_Mountain,41,Deciduous Forest,21,2024
CA,44223,365,Monarch,41,Deciduous Forest,400,2024
NV,31223,396,Mt_Rose,41,Deciduous Forest,1826,1989
NE,7833,560,Soldier_Creek,41,Deciduous Forest,3,2024
CA,79061,309,Lassen_Volcanic,41,Deciduous Forest,5,1989
MT,11366,350,Medicine_Lake,41,Deciduous Forest,10,1989
TN,10804,43,Big_Laurel_Branch,41,Deciduous Forest,35639,1989
NH,35301,528,Sandwich_Range,41,Deciduous Forest,40593,2024
ND,4155,113,Chase_Lake,41,Deciduous Forest,7,2024
CA,179847,557,Siskiyou,41,Deciduous Forest,193,1989
CO,114864,331,Lost_Creek,41,Deciduous Forest,13761,1989
CO,497111,637,Weminuche,41,Deciduous Forest,80977,2024
CA,42695,687,King_Range,41,Deciduous Forest,175,2024
IN,12472,112,Charles_C_Deam,41,Deciduous Forest,48948,2024
NE,4635,190,Fort_Niobrara,41,Deciduous Forest,2096,2024
ID,116843,765,Jim_McClure_Jerry_Peak,41,Deciduous Forest,439,2024
CA,652903,278,John_Muir,41,Deciduous Forest,8942,2024
AL,7400,115,Cheaha,41,Deciduous Forest,25548,2024
NV,85668,666,Clover_Mountains,41,Deciduous Forest,326,1989
MT,34304,483,Rattlesnake,41,Deciduous Forest,9,1989
AR,14262,95,Caney_Creek,41,Deciduous Forest,37224,2024
CA,8158,417,North_Fork,41,Deciduous Forest,49,2024
CO,64307,479,Raggeds,41,Deciduous Forest,69559,2024
NV,88650,395,Mt_Moriah,41,Deciduous Forest,2436,2024
IL,4739,124,Clear_Springs,41,Deciduous Forest,21428,2024
CO,20847,406,Never_Summer,41,Deciduous Forest,22,2024
UT,124406,755,Zion,41,Deciduous Forest,22684,1989
VT,24985,74,Breadloaf,41,Deciduous Forest,80461,2024
CA,42079,266,Ishi,41,Deciduous Forest,1618,1989
OR,355553,167,Eagle_Cap,41,Deciduous Forest,26,1989
NV,30648,416,North_Black_Rock_Range,41,Deciduous Forest,580,2024
CA,133720,162,Domeland,41,Deciduous Forest,25,1989
MT,34304,483,Rattlesnake,41,Deciduous Forest,9,2024
TX,5536,612,Turkey_Hill,41,Deciduous Forest,423,2024
NC,5065,49,Birkhead_Mountains,41,Deciduous Forest,21258,2024
VA,4607,601,Three_Ridges,41,Deciduous Forest,20427,2024
NV,40303,806,Desatoya Mountains Wilderness,41,Deciduous Forest,8213,2024
AZ,129800,18,Arrastra_Mountain,41,Deciduous Forest,1,1989
MT,74524,360,Mission_Mountains,41,Deciduous Forest,5,1989
WA,228480,382,Mount_Rainier,41,Deciduous Forest,1,1989
CA,39740,728,John_Krebs,41,Deciduous Forest,2876,2024
MO,7730,359,Mingo,41,Deciduous Forest,682,2024
NM,29106,63,Blue_Range,41,Deciduous Forest,14,1989
WA,638173,577,Stephen_Mather,41,Deciduous Forest,292,1989
TN,10895,519,Sampson_Mountain,41,Deciduous Forest,20626,1989
OR,52496,157,Diamond_Peak,41,Deciduous Forest,1,1989
UT,7179,804,Nelson_Mountain,41,Deciduous Forest,3,2024
IL,3694,88,Burden_Falls,41,Deciduous Forest,13267,2024
CA,6287,685,Cedar_Roughs,41,Deciduous Forest,37,1989
GA,10343,607,Tray_Mountain,41,Deciduous Forest,29475,1989
AZ,18720,285,Kachina_Peaks,41,Deciduous Forest,4712,2024
WV,6794,743,Roaring_Plains_West,41,Deciduous Forest,16599,2024
OR,180103,287,Kalmiopsis,41,Deciduous Forest,1,1989
CO,41531,329,Lizard_Head,41,Deciduous Forest,12367,1989
NM,47035,109,Chama_River_Canyon,41,Deciduous Forest,50,2024
UT,7179,804,Nelson_Mountain,41,Deciduous Forest,3,1989
CA,112723,177,Emigrant,41,Deciduous Forest,290,1989
GA,16618,343,Mark_Trail,41,Deciduous Forest,51799,1989
AZ,68231,288,Kanab_Creek,41,Deciduous Forest,58,2024
NV,92652,505,Ruby_Mountains,41,Deciduous Forest,45128,1989
CA,225114,340,Marble_Mountain,41,Deciduous Forest,481,2024
CO,44345,534,Sarvis_Creek,41,Deciduous Forest,16346,1989
MI,11358,336,Mackinac,41,Deciduous Forest,4842,1989
NV,24015,762,Pine_Forest_Range,41,Deciduous Forest,7744,1989
UT,13107,710,Blackridge,41,Deciduous Forest,18,1989
CA,31415,554,Silver_Peak,41,Deciduous Forest,3,1989
WY,123896,275,Jedediah_Smith,41,Deciduous Forest,757,1989
CA,128044,249,Hoover,41,Deciduous Forest,8405,1989
WY,102620,470,Popo_Agie,41,Deciduous Forest,136,2024
CO,176431,641,West_Elk,41,Deciduous Forest,189344,1989
CA,64041,155,Desolation,41,Deciduous Forest,33,2024
VA,5461,328,Little_Wilson_Creek,41,Deciduous Forest,21969,2024
CA,12868,686,South_Fork_Eel_River,41,Deciduous Forest,277,1989
WY,191914,129,Cloud_Peak,41,Deciduous Forest,3,2024
CO,17109,272,James_Peak,41,Deciduous Forest,19,2024
VT,4800,203,George_D_Aiken,41,Deciduous Forest,18034,1989
CO,29027,377,Mount_Massive,41,Deciduous Forest,225,1989
CO,66280,723,Dominguez_Canyon,41,Deciduous Forest,296,1989
VA,5928,295,Kimberling_Creek,41,Deciduous Forest,10712,1989
CO,77932,261,Indian_Peaks,41,Deciduous Forest,634,1989
CO/WY,24051,465,Platte_River,41,Deciduous Forest,1487,1989
WV,5147,708,Big_Draft,41,Deciduous Forest,19406,2024
CO,23116,223,Greenhorn_Mountain,41,Deciduous Forest,9855,2024
ND,29920,598,Theodore_Roosevelt,41,Deciduous Forest,7916,1989
NV,52451,216,Grant_Range,41,Deciduous Forest,1059,1989
GA,12853,73,Brasstown,41,Deciduous Forest,30022,2024
NC,7482,355,Middle_Prong,41,Deciduous Forest,11666,1989
UT,35,753,Taylor_Creek,41,Deciduous Forest,35,2024
MO,4236,500,Rockpile_Mountain,41,Deciduous Forest,18487,1989
CO,126480,303,La_Garita,41,Deciduous Forest,20555,1989
GA,10791,494,Rich_Mountain,41,Deciduous Forest,40077,1989
KY,4816,32,Beaver_Creek,41,Deciduous Forest,5911,1989
CO,73416,373,Mount_Evans,41,Deciduous Forest,5286,2024
NH,27605,474,Presidential_Range_Dry_River,41,Deciduous Forest,28232,2024
WI,33500,677,Gaylord_Nelson,41,Deciduous Forest,25698,1989
VA/WV,16525,392,Mountain_Lake,41,Deciduous Forest,62025,1989
CA,104048,363,Mokelumne,41,Deciduous Forest,482,2024
AZ,160164,583,Superstition,41,Deciduous Forest,13,1989
VT,24985,74,Breadloaf,41,Deciduous Forest,81170,1989
NH,45809,450,Pemigewasset,41,Deciduous Forest,30001,1989
NV,120551,16,ArcDome,41,Deciduous Forest,18123,2024
NV,68623,697,Highland_Ridge,41,Deciduous Forest,581,2024
MO,9183,35,Bell_Mountain,41,Deciduous Forest,40977,1989
AZ,60773,193,Four_Peaks,41,Deciduous Forest,205,1989
AZ,38944,626,Wabayuma_Peak,41,Deciduous Forest,11,1989
CO,37344,760,Hermosa_Creek,41,Deciduous Forest,53166,1989
WA,638173,577,Stephen_Mather,41,Deciduous Forest,1263,2024
CO,41281,86,Buffalo_Peaks,41,Deciduous Forest,4352,1989
AZ,15465,640,West_Clear_Creek,41,Deciduous Forest,1,2024
KY,4816,32,Beaver_Creek,41,Deciduous Forest,5827,2024
NV,120551,16,ArcDome,41,Deciduous Forest,17212,1989
CA,101574,521,San_Gorgonio,41,Deciduous Forest,132,1989
WV,6048,311,Laurel_Fork_North,41,Deciduous Forest,27237,1989
NM,221796,447,Pecos,41,Deciduous Forest,52157,1989
NV,14095,693,Bristlecone,41,Deciduous Forest,23,1989
VA,9826,513,Saint_Marys,41,Deciduous Forest,20891,1989
CA,5575,756,Cahuilla_Mountain,41,Deciduous Forest,9,2024
IL,5800,25,Bald_Knob,41,Deciduous Forest,26125,1989
VA,9327,503,Rough_Mountain,41,Deciduous Forest,29171,2024
NV,110471,274,Jarbidge,41,Deciduous Forest,6627,2024
MT,259756,538,Scapegoat,41,Deciduous Forest,4,1989
AZ,14650,376,Mount_Logan,41,Deciduous Forest,323,2024
WI,22047,236,Headwaters,41,Deciduous Forest,21063,2024
GA/NC/SC,8300,176,Ellicott_Rock,41,Deciduous Forest,8129,2024
ID,90776,764,White_Clouds,41,Deciduous Forest,149,1989
IL,4739,124,Clear_Springs,41,Deciduous Forest,21463,1989
WY,198906,185,Fitzpatrick,41,Deciduous Forest,126,1989
CO,230829,186,Flat_Tops,41,Deciduous Forest,53942,1989
TN,9037,766,Upper_Bald_River,41,Deciduous Forest,23950,2024
NV,42544,694,Goshute_Canyon,41,Deciduous Forest,160,1989
CA,43182,546,Sheep_Mountain,41,Deciduous Forest,1912,1989
VA,2427,603,Thunder_Ridge,41,Deciduous Forest,10410,2024
WI,7135,480,Rainbow_Lake,41,Deciduous Forest,21879,1989
NV,10467,69,Boundary_Peak,41,Deciduous Forest,253,1989
CA,56239,682,Yuki,41,Deciduous Forest,2403,1989
CO,230829,186,Flat_Tops,41,Deciduous Forest,54702,2024
WA,152980,306,Lake_Chelan_Sawtooth,41,Deciduous Forest,25,1989
SC,4755,629,Wambaw_Swamp,41,Deciduous Forest,1,1989
UT,7085,20,AshdownGorge,41,Deciduous Forest,845,1989
CA,23578,84,Bucks_Lake,41,Deciduous Forest,4,2024
NV,56890,438,Pahute_Peak,41,Deciduous Forest,84,2024
CA,37793,122,Chumash,41,Deciduous Forest,5,2024
WA,11851,132,Colonel_Bob,41,Deciduous Forest,7,2024
UT,4478,720,Deep_Creek_North,41,Deciduous Forest,8331,1989
NM,5185,161,Dome,41,Deciduous Forest,51,1989
NV,42544,694,Goshute_Canyon,41,Deciduous Forest,87,2024
MI,15237,588,Sylvania,42,Evergreen Forest,11639,2024
WV,6037,750,Spice_Run,42,Evergreen Forest,459,2024
OR,9026,146,Cummins_Creek,42,Evergreen Forest,36762,1989
UT,18216,722,Docs_Pass,42,Evergreen Forest,9645,2024
MO,12423,242,Hercules_Glades,42,Evergreen Forest,14628,1989
VA,8471,727,Hunting_Camp_Creek,42,Evergreen Forest,24,2024
OR,109098,375,Mount_Jefferson,42,Evergreen Forest,219767,2024
NM,16776,780,Robledo_Mountains,42,Evergreen Forest,1,2024
MI,3879,250,Horseshoe_Bay,42,Evergreen Forest,193,2024
CO,160309,391,Mount_Zirkel,42,Evergreen Forest,459880,1989
VA,79579,549,Shenandoah,42,Evergreen Forest,6928,1989
CA,29207,345,Matilija,42,Evergreen Forest,12218,1989
TX,5536,612,Turkey_Hill,42,Evergreen Forest,18431,1989
NV,23439,420,North_Jackson_Mountains,42,Evergreen Forest,15622,2024
CA,12897,338,Manly_Peak,42,Evergreen Forest,348,2024
UT,44447,714,Canaan_Mountain,42,Evergreen Forest,57861,2024
GA,7742,62,Blood_Mountain,42,Evergreen Forest,404,1989
OR,36879,87,Bull_of_the_Woods,42,Evergreen Forest,98083,2024
AR,14262,95,Caney_Creek,42,Evergreen Forest,7914,1989
CO,68025,133,Comanche_Peak,42,Evergreen Forest,252059,1989
TN,10895,519,Sampson_Mountain,42,Evergreen Forest,289,2024
SD,64144,24,Badlands,42,Evergreen Forest,82,2024
OR,36548,744,Roaring_River,42,Evergreen Forest,142317,2024
MI,4724,499,Rock_River_Canyon,42,Evergreen Forest,31,1989
MN,816244,70,Boundary_Waters_Canoe_Area,42,Evergreen Forest,1350206,1989
CO,44345,534,Sarvis_Creek,42,Evergreen Forest,144170,2024
CA,695200,362,Mojave,42,Evergreen Forest,22141,1989
CA,31059,726,Granite_Mountain_CA,42,Evergreen Forest,13770,1989
ID/MT,1347644,540,Selway_Bitterroot,42,Evergreen Forest,3545283,2024
CA,15985,461,Hain,42,Evergreen Forest,16,1989
OK,8570,650,Wichita_Mountains,42,Evergreen Forest,2180,1989
AZ,38944,626,Wabayuma_Peak,42,Evergreen Forest,27850,2024
AZ,70905,511,Saguaro,42,Evergreen Forest,90417,2024
OR,283818,602,Three_Sisters,42,Evergreen Forest,901777,2024
AZ,7566,283,Juniper_Mesa,42,Evergreen Forest,34171,2024
TN,6937,468,Pond_Mountain,42,Evergreen Forest,250,2024
NV,35581,9,AltaToquima,42,Evergreen Forest,66678,1989
AZ,27440,622,Upper_Burro_Creek,42,Evergreen Forest,5,1989
NE,4635,190,Fort_Niobrara,42,Evergreen Forest,63,1989
AZ,48314,489,Red_Rock_Secret_Mountain,42,Evergreen Forest,155642,1989
VA/WV,16525,392,Mountain_Lake,42,Evergreen Forest,687,2024
UT,60442,801,San_Rafael_Reef,42,Evergreen Forest,40,1989
OK,10372,623,Upper_Kiamichi_River,42,Evergreen Forest,7653,2024
UT,124406,755,Zion,42,Evergreen Forest,220986,2024
OR,9465,715,Clackamas,42,Evergreen Forest,23250,2024
CO,17109,272,James_Peak,42,Evergreen Forest,25805,1989
MO,9183,35,Bell_Mountain,42,Evergreen Forest,137,2024
CO,176431,641,West_Elk,42,Evergreen Forest,383242,2024
CO,16486,384,Mount_Sneffels,42,Evergreen Forest,25019,2024
CO,19237,572,Spanish_Peaks,42,Evergreen Forest,59013,1989
IL,2760,29,Bay_Creek,42,Evergreen Forest,2096,1989
AZ,5100,138,Coyote_Mountains_AZ,42,Evergreen Forest,2154,2024
WY,10208,178,Encampment_River,42,Evergreen Forest,34430,2024
GA,7742,62,Blood_Mountain,42,Evergreen Forest,311,2024
WV,47742,141,Cranberry,42,Evergreen Forest,16574,2024
AZ,68231,288,Kanab_Creek,42,Evergreen Forest,35033,1989
KY,12371,127,Clifty,42,Evergreen Forest,3283,2024
CA,65726,17,Argus_Range,42,Evergreen Forest,8,1989
OR,36879,87,Bull_of_the_Woods,42,Evergreen Forest,163609,1989
CA,12178,732,Magic_Mountain,42,Evergreen Forest,2922,1989
NV,46465,244,High_Rock_Canyon,42,Evergreen Forest,74,2024
AZ,160164,583,Superstition,42,Evergreen Forest,25153,2024
VA,6071,317,Lewis_Fork,42,Evergreen Forest,2071,1989
NM,61600,106,Cebolla,42,Evergreen Forest,165146,2024
AZ,26912,533,Santa_Teresa,42,Evergreen Forest,48226,1989
CA,60280,569,South_Sierra,42,Evergreen Forest,126092,2024
VT,3750,81,Bristol_Cliffs,42,Evergreen Forest,1227,2024
SC,4967,327,Little_Wambaw_Swamp,42,Evergreen Forest,165,2024
OR,20210,367,Monument_Rock,42,Evergreen Forest,77001,1989
MS,4630,226,Gulf_Islands,42,Evergreen Forest,1,1989
TN,2559,202,Gee_Creek,42,Evergreen Forest,1516,2024
AZ,37030,213,Grand_Wash_Cliffs,42,Evergreen Forest,5134,1989
NH,5658,220,Great_Gulf,42,Evergreen Forest,19201,2024
UT,11436,615,Twin_Peaks,42,Evergreen Forest,29036,2024
VT,12336,689,Joseph_Battell,42,Evergreen Forest,4726,2024
TN,16213,123,Citico_Creek,42,Evergreen Forest,2798,1989
VA,5613,31,Beartown,42,Evergreen Forest,182,2024
OR,22614,201,Gearhart_Mountain,42,Evergreen Forest,98198,1989
NV,48355,323,Little_High_Rock_Canyon,42,Evergreen Forest,121,1989
AR/OK,13347,56,Black_Fork_Mountain,42,Evergreen Forest,16693,1989
VT,3750,81,Bristol_Cliffs,42,Evergreen Forest,1230,1989
VT,22330,688,Glastenbury,42,Evergreen Forest,7863,2024
WA,44270,83,Buckhorn,42,Evergreen Forest,160087,1989
NM,29242,746,Sabinoso,42,Evergreen Forest,72453,2024
AZ,56973,477,Pusch_Ridge,42,Evergreen Forest,18973,2024
WI,7270,647,Whisker_Lake,42,Evergreen Forest,762,2024
GA/TN,8502,38,Big_Frog,42,Evergreen Forest,3941,1989
NM,46963,649,White_Mountain,42,Evergreen Forest,205727,1989
UT,35,753,Taylor_Creek,42,Evergreen Forest,94,2024
AZ/UT,110816,444,Paria_Canyon_Vermilion_Cliffs,42,Evergreen Forest,13,1989
NV,12930,675,Big_Rocks,42,Evergreen Forest,11156,1989
CA,199208,263,Inyo_Mountains,42,Evergreen Forest,159937,1989
ID,52753,709,Big_Jacks_Creek,42,Evergreen Forest,149,1989
NV,24783,481,Rainbow_Mountain,42,Evergreen Forest,22088,2024
CO,122453,248,Holy_Cross,42,Evergreen Forest,269687,1989
WA,168955,652,William_O_Douglas,42,Evergreen Forest,665920,1989
OR,24707,748,Soda_Mountain,42,Evergreen Forest,41852,1989
AZ,5887,658,Woodchute,42,Evergreen Forest,23746,1989
CA,182298,661,Yolla_Bolly_Middle_Eel,42,Evergreen Forest,177661,2024
AZ,25141,398,Mt_Wrightson,42,Evergreen Forest,86214,1989
AZ,38470,486,Rawhide_Mountains,42,Evergreen Forest,1,2024
UT,13107,710,Blackridge,42,Evergreen Forest,33971,2024
NH,5658,220,Great_Gulf,42,Evergreen Forest,18722,1989
ID,217511,536,Sawtooth,42,Evergreen Forest,318552,2024
CA,8022,111,Chanchelulla,42,Evergreen Forest,17957,2024
NV,26310,478,Quinn_Canyon,42,Evergreen Forest,104252,2024
MI,25150,542,Seney,42,Evergreen Forest,1815,1989
OR,62139,514,Salmon_Huckleberry,42,Evergreen Forest,276061,1989
NC,11801,467,Pocosin,42,Evergreen Forest,1152,1989
NM,33125,100,Carlsbad_Caverns,42,Evergreen Forest,38176,1989
IL,821,443,Panther_Den,42,Evergreen Forest,260,1989
WA,152980,306,Lake_Chelan_Sawtooth,42,Evergreen Forest,248634,2024
ID/OR,217747,239,Hells_Canyon_IDOR,42,Evergreen Forest,417841,1989
CA,219209,544,Sespe,42,Evergreen Forest,253783,1989
AZ,7880,388,Mount_Trumbull,42,Evergreen Forest,35109,1989
CA,303713,210,Golden_Trout,42,Evergreen Forest,719141,1989
CO,62742,473,Powderhorn,42,Evergreen Forest,139487,2024
WA,41307,515,Salmo_Priest,42,Evergreen Forest,170779,1989
VA,4795,713,Brush_Mountain,42,Evergreen Forest,967,1989
OR,24707,748,Soda_Mountain,42,Evergreen Forest,47595,2024
AZ,10290,119,Chiricahua_National_Monument,42,Evergreen Forest,7700,2024
OR,36548,744,Roaring_River,42,Evergreen Forest,157853,1989
NV,121449,696,High_Schells,42,Evergreen Forest,336075,1989
VT,18122,334,Lye_Brook,42,Evergreen Forest,8777,1989
MO,6691,156,Devils_Backbone,42,Evergreen Forest,3185,1989
NC,7482,355,Middle_Prong,42,Evergreen Forest,2441,2024
MT,93272,91,Cabinet_Mountains,42,Evergreen Forest,292297,1989
ID,2358886,194,Frank_Church_River_of_No_Return,42,Evergreen Forest,7281265,1989
CO,230829,186,Flat_Tops,42,Evergreen Forest,575956,1989
UT,142996,789,Desolation_Canyon,42,Evergreen Forest,139692,2024
CA,16893,433,Otay_Mountain,42,Evergreen Forest,70,2024
VA,6577,482,Ramseys_Draft,42,Evergreen Forest,226,1989
UT,3291,721,Deep_Creek,42,Evergreen Forest,10968,2024
TX,3521,45,Big_Slough,42,Evergreen Forest,5610,2024
NV,48355,323,Little_High_Rock_Canyon,42,Evergreen Forest,153,2024
WA,47123,370,Mount_Adams,42,Evergreen Forest,100070,2024
NV,12930,675,Big_Rocks,42,Evergreen Forest,12080,2024
CA,73868,435,Owens_Peak,42,Evergreen Forest,54209,2024
AZ,56973,477,Pusch_Ridge,42,Evergreen Forest,78881,1989
CA,231619,12,Ansel_Adams,42,Evergreen Forest,421743,1989
ID,43243,142,Craters_of_the_Moon,42,Evergreen Forest,383,2024
NM,19916,778,Organ_Mountains,42,Evergreen Forest,22873,1989
UT,453,729,LaVerkin_Creek,42,Evergreen Forest,1482,1989
UT,44572,378,Mount_Naomi,42,Evergreen Forest,87977,1989
UT,12201,792,Horse_Valley,42,Evergreen Forest,3,2024
WY,31057,255,Huston_Park,42,Evergreen Forest,105654,1989
OR,4965,351,Menagerie,42,Evergreen Forest,22645,1989
TN,9037,766,Upper_Bald_River,42,Evergreen Forest,506,1989
WI,5912,61,Blackjack_Springs,42,Evergreen Forest,3947,1989
NV,46943,304,La_Madre_Mountain,42,Evergreen Forest,116587,1989
AZ,58448,587,Sycamore_Canyon,42,Evergreen Forest,77956,2024
NM,8382,777,Mount_Riley,42,Evergreen Forest,10,2024
CO,122453,248,Holy_Cross,42,Evergreen Forest,282250,2024
CO,160997,568,South_San_Juan,42,Evergreen Forest,373482,2024
OR,64742,374,Mount_Hood,42,Evergreen Forest,213334,2024
NM,20420,310,Latir_Peak,42,Evergreen Forest,68607,2024
SC,21700,134,Congaree,42,Evergreen Forest,829,2024
CA,10510,276,Jennie_Lakes,42,Evergreen Forest,34222,2024
OR,65435,342,Mark_O_Hatfield,42,Evergreen Forest,280405,1989
CA,29207,345,Matilija,42,Evergreen Forest,17116,2024
CA,704624,662,Yosemite,42,Evergreen Forest,1559198,1989
CO,9482,92,Cache_La_Poudre,42,Evergreen Forest,1536,2024
CA,8191,80,Bright_Star,42,Evergreen Forest,763,2024
CO,32643,221,Great_Sand_Dunes,42,Evergreen Forest,2456,2024
OR,23036,393,Mountain_Lakes,42,Evergreen Forest,96788,2024
AL,8947,166,Dugger_Mountain,42,Evergreen Forest,9645,2024
WA,119966,371,Mount_Baker,42,Evergreen Forest,300234,1989
OR/WA,176737,638,Wenaha_Tucannon,42,Evergreen Forest,665299,1989
NC,8490,105,Catfish_Lake_South,42,Evergreen Forest,1981,2024
WA,16297,597,The_Brothers,42,Evergreen Forest,64522,1989
UT,25078,154,Deseret_Peak,42,Evergreen Forest,25087,2024
OR,20777,429,Opal_Creek,42,Evergreen Forest,90372,1989
TX,3817,324,Little_Lake_Creek,42,Evergreen Forest,9352,2024
AZ,7499,440,Pajarita,42,Evergreen Forest,211,1989
CO,8801,89,Byers_Peak,42,Evergreen Forest,26423,1989
CA,236726,625,Ventana,42,Evergreen Forest,162672,2024
CA,60280,569,South_Sierra,42,Evergreen Forest,161468,1989
AZ,10414,580,Strawberry_Crater,42,Evergreen Forest,471,2024
CA,10666,681,Sanhedrin,42,Evergreen Forest,30680,1989
MT,93272,91,Cabinet_Mountains,42,Evergreen Forest,284795,2024
NV,40041,702,White_Pine_Range,42,Evergreen Forest,99165,1989
CA,112723,177,Emigrant,42,Evergreen Forest,91809,2024
ID,89820,711,Bruneau_Jarbidge_Rivers,42,Evergreen Forest,326,1989
CA,38599,47,Bighorn_Mountain,42,Evergreen Forest,5659,1989
AZ,16009,107,Cedar_Bench,42,Evergreen Forest,42415,1989
CA,36981,397,Mt_Shasta,42,Evergreen Forest,49200,2024
MT,20819,616,UL_Bend,42,Evergreen Forest,279,1989
NV,14050,807,Cain_Mountain,42,Evergreen Forest,13800,2024
AZ,5800,424,North_Santa_Teresa,42,Evergreen Forest,61,1989
ME,2712,368,Moosehorn,42,Evergreen Forest,8210,1989
VA,8907,273,James_River_Face,42,Evergreen Forest,1431,2024
CA,24433,584,Surprise_Canyon,42,Evergreen Forest,45,1989
NV,157716,663,Mormon_Mountains,42,Evergreen Forest,22823,2024
WA,44270,83,Buckhorn,42,Evergreen Forest,166021,2024
OR,5792,164,Drift_Creek,42,Evergreen Forest,23036,1989
UT,35,753,Taylor_Creek,42,Evergreen Forest,87,1989
AR,16652,315,Leatherwood,42,Evergreen Forest,4862,1989
CA,71275,158,Dick_Smith,42,Evergreen Forest,17426,2024
CA,20158,749,South_Fork_San_Jacinto,42,Evergreen Forest,2688,2024
CO,8500,352,Mesa_Verde,42,Evergreen Forest,10832,2024
AZ,19410,15,Aravaipa_Canyon,42,Evergreen Forest,4,1989
CA,10999,103,Castle_Crags,42,Evergreen Forest,29669,1989
AZ,9808,215,Granite_Mountain_AZ,42,Evergreen Forest,27527,1989
NH,24032,690,Wild_River,42,Evergreen Forest,40439,1989
FL,14293,284,Juniper_Prairie,42,Evergreen Forest,51819,1989
OR,109098,375,Mount_Jefferson,42,Evergreen Forest,431468,1989
VT,22330,688,Glastenbury,42,Evergreen Forest,8054,1989
UT,7085,20,AshdownGorge,42,Evergreen Forest,27660,2024
MI,375,504,Round_Island,42,Evergreen Forest,451,1989
NM,18827,655,Withington,42,Evergreen Forest,73794,1989
LA,5000,75,Breton,42,Evergreen Forest,1,1989
NM,41305,525,San_Pedro_Parks,42,Evergreen Forest,141659,2024
AZ,20253,551,Sierra_Ancha,42,Evergreen Forest,33081,2024
TX,13248,620,Upland_Island,42,Evergreen Forest,45215,2024
AL,25809,556,Sipsey,42,Evergreen Forest,15710,1989
NV,64968,94,Calico_Mountains,42,Evergreen Forest,573,2024
CA,12868,686,South_Fork_Eel_River,42,Evergreen Forest,45843,2024
WV,17777,160,Dolly_Sods,42,Evergreen Forest,21071,2024
NV,40041,702,White_Pine_Range,42,Evergreen Forest,117141,2024
AR,11978,621,Upper_Buffalo,42,Evergreen Forest,656,2024
CA,43182,546,Sheep_Mountain,42,Evergreen Forest,112376,1989
CA,14698,735,Owens_River_Headwaters,42,Evergreen Forest,40838,2024
NV,54536,563,South_Jackson_Mountains,42,Evergreen Forest,26774,2024
CO,74408,485,Rawah,42,Evergreen Forest,235655,2024
CA,14698,735,Owens_River_Headwaters,42,Evergreen Forest,38406,1989
NV,18119,692,Becky_Peak,42,Evergreen Forest,57908,2024
CA,70206,570,South_Warner,42,Evergreen Forest,163727,1989
UT,4047,747,Slaughter_Creek,42,Evergreen Forest,16666,1989
ID,266390,736,Owyhee_River,42,Evergreen Forest,6006,2024
FL,24222,72,Bradwell_Bay,42,Evergreen Forest,18509,1989
OR,7273,498,Rock_Creek,42,Evergreen Forest,28048,1989
OR,283818,602,Three_Sisters,42,Evergreen Forest,1092203,1989
NC/TN,19246,280,Joyce_Kilmer_Slickrock,42,Evergreen Forest,2303,1989
NV,51305,669,Weepah_Spring,42,Evergreen Forest,73694,2024
CA,28374,214,Granite_Chief,42,Evergreen Forest,85778,1989
CA,56239,682,Yuki,42,Evergreen Forest,40721,2024
WY,10662,653,Winegar_Hole,42,Evergreen Forest,41123,2024
UT,15291,381,Mount_Olympus,42,Evergreen Forest,35834,1989
OR,113571,558,Sky_Lakes,42,Evergreen Forest,496161,1989
AZ,19440,449,Peloncillo_Mountains,42,Evergreen Forest,497,1989
OR,7273,498,Rock_Creek,42,Evergreen Forest,28407,2024
GA,5125,656,Wolf_Island,42,Evergreen Forest,80,1989
AL,7400,115,Cheaha,42,Evergreen Forest,2653,1989
OR,13724,716,Copper_Salmon,42,Evergreen Forest,60802,2024
MI,3271,412,Nordhouse_Dunes,42,Evergreen Forest,679,2024
NV,56819,394,Mt_Charleston,42,Evergreen Forest,197237,1989
MI,16704,582,Sturgeon_River_Gorge,42,Evergreen Forest,8168,1989
CO,15599,53,Black_Canyon_of_the_Gunnison,42,Evergreen Forest,39719,1989
WY,15284,535,Savage_Run,42,Evergreen Forest,1261,2024
MI,146,253,Huron_Islands,42,Evergreen Forest,119,1989
ID,12556,739,Pole_Creek,42,Evergreen Forest,1538,1989
MN,816244,70,Boundary_Waters_Canoe_Area,42,Evergreen Forest,1298052,2024
WA,52294,413,Norse_Peak,42,Evergreen Forest,77832,2024
AZ,60773,193,Four_Peaks,42,Evergreen Forest,3262,2024
GA,10343,607,Tray_Mountain,42,Evergreen Forest,578,2024
NM,61600,106,Cebolla,42,Evergreen Forest,164289,1989
AZ,18534,516,Salome,42,Evergreen Forest,29693,2024
NV,32364,173,East_Humboldts,42,Evergreen Forest,12229,1989
TX,12214,259,Indian_Mounds,42,Evergreen Forest,24524,2024
NM,41305,525,San_Pedro_Parks,42,Evergreen Forest,144091,1989
NM,33125,100,Carlsbad_Caverns,42,Evergreen Forest,36519,2024
MI,11951,152,Delirium,42,Evergreen Forest,1909,2024
WY,584733,596,Teton,42,Evergreen Forest,1098794,1989
GA,353981,426,Okefenokee,42,Evergreen Forest,14288,2024
NC,5065,49,Birkhead_Mountains,42,Evergreen Forest,502,1989
NC,11653,319,Linville_Gorge,42,Evergreen Forest,5120,2024
CA,18002,3,Agua_Tibia,42,Evergreen Forest,17290,1989
AZ,10500,184,Fishhooks,42,Evergreen Forest,8669,2024
UT,453863,246,High_Uintas,42,Evergreen Forest,958524,2024
WV,6794,743,Roaring_Plains_West,42,Evergreen Forest,8683,2024
VA,5461,328,Little_Wilson_Creek,42,Evergreen Forest,2,1989
UT,46360,148,Dark_Canyon,42,Evergreen Forest,155912,2024
NV,92627,590,Table_Mountain,42,Evergreen Forest,230096,2024
OR,54406,389,Mount_Washington,42,Evergreen Forest,171074,1989
CA,133720,162,Domeland,42,Evergreen Forest,122829,2024
PA,8633,243,Hickory_Creek,42,Evergreen Forest,1604,2024
OR,355553,167,Eagle_Cap,42,Evergreen Forest,926738,2024
AR,16652,315,Leatherwood,42,Evergreen Forest,4444,2024
NV,25671,667,South_Pahroc_Range,42,Evergreen Forest,37543,1989
CA,60222,559,Snow_Mountain,42,Evergreen Forest,39071,2024
AZ,6860,137,Cottonwood_Point,42,Evergreen Forest,1761,2024
NM,19154,645,Wheeler_Peak,42,Evergreen Forest,64096,1989
AR,10585,171,East_Fork,42,Evergreen Forest,7831,1989
NV,30539,672,Fortification_Range,42,Evergreen Forest,117419,2024
AZ,41143,509,Saddle_Mountain,42,Evergreen Forest,98050,2024
WA,16297,597,The_Brothers,42,Evergreen Forest,62923,2024
AZ,250760,347,Mazatzal,42,Evergreen Forest,233309,2024
CA,10999,103,Castle_Crags,42,Evergreen Forest,33545,2024
ND,29920,598,Theodore_Roosevelt,42,Evergreen Forest,414,1989
NV,64968,94,Calico_Mountains,42,Evergreen Forest,196,1989
NC,7482,355,Middle_Prong,42,Evergreen Forest,3065,1989
AZ,26912,533,Santa_Teresa,42,Evergreen Forest,20286,2024
AZ,5633,13,Apache_Creek,42,Evergreen Forest,20988,2024
FL,3064,48,Billies_Bay,42,Evergreen Forest,3023,2024
AZ,77585,196,Galiuro,42,Evergreen Forest,192486,1989
NM,23267,27,Bandelier,42,Evergreen Forest,45129,1989
CO,160309,391,Mount_Zirkel,42,Evergreen Forest,339597,2024
MO,6691,156,Devils_Backbone,42,Evergreen Forest,3114,2024
CO,165874,131,Collegiate_Peaks,42,Evergreen Forest,259998,1989
NV,314835,59,Black_Rock_Desert,42,Evergreen Forest,3,2024
ID,50930,730,Little_Jacks_Creek,42,Evergreen Forest,156,2024
CO,9927,405,Neota,42,Evergreen Forest,29426,1989
NV,24249,671,White_Rock_Range,42,Evergreen Forest,90981,1989
KY,12371,127,Clifty,42,Evergreen Forest,6248,1989
CA,79061,309,Lassen_Volcanic,42,Evergreen Forest,185656,1989
CA,13007,144,Cucamonga,42,Evergreen Forest,23882,1989
CO,41281,86,Buffalo_Peaks,42,Evergreen Forest,110227,2024
MT,286659,219,Great_Bear,42,Evergreen Forest,1037469,2024
WA,353,523,San_Juan,42,Evergreen Forest,842,1989
CO,114864,331,Lost_Creek,42,Evergreen Forest,392390,1989
NV,78754,698,Mount_Grafton,42,Evergreen Forest,225950,2024
NM,44678,14,Apache_Kid,42,Evergreen Forest,152837,2024
NV,24783,481,Rainbow_Mountain,42,Evergreen Forest,21779,1989
CA,537357,611,Trinity_Alps,42,Evergreen Forest,1844316,1989
WY,198906,185,Fitzpatrick,42,Evergreen Forest,238411,2024
GA,9907,145,Cumberland_Island,42,Evergreen Forest,25031,1989
NV,111066,665,Delamar_Mountains,42,Evergreen Forest,161,2024
CA,50451,508,Sacatar_Trail,42,Evergreen Forest,100403,2024
AZ,10500,184,Fishhooks,42,Evergreen Forest,8980,1989
GA/NC,23364,571,Southern_Nantahala,42,Evergreen Forest,61,1989
NV,56819,394,Mt_Charleston,42,Evergreen Forest,165851,2024
NV,46943,304,La_Madre_Mountain,42,Evergreen Forest,79994,2024
WA,3060,208,Glacier_View,42,Evergreen Forest,13527,2024
VA,79579,549,Shenandoah,42,Evergreen Forest,987,2024
TN,5634,322,Little_Frog_Mountain,42,Evergreen Forest,1720,2024
CO/UT,75479,58,Black_Ridge_Canyons,42,Evergreen Forest,75721,2024
CA,44223,365,Monarch,42,Evergreen Forest,130712,1989
NV,26310,478,Quinn_Canyon,42,Evergreen Forest,98596,1989
CA,23578,84,Bucks_Lake,42,Evergreen Forest,87727,1989
NV,5341,674,Tunnel_Spring,42,Evergreen Forest,18121,2024
AZ,20053,458,Pine_Mountain,42,Evergreen Forest,56302,1989
NM,13902,774,Broad_Canyon,42,Evergreen Forest,3,2024
WY,346320,414,North_Absaroka,42,Evergreen Forest,669544,1989
MI,16861,348,McCormick,42,Evergreen Forest,1146,2024
WA,228480,382,Mount_Rainier,42,Evergreen Forest,703876,2024
NM,11114,781,Sierra_de_las_Uvas,42,Evergreen Forest,723,1989
MT/WY,937102,1,Absaroka_Beartooth,42,Evergreen Forest,1959121,1989
CA,72192,463,Piper_Mountain,42,Evergreen Forest,12733,2024
CA,18682,589,Sylvania_Mountains,42,Evergreen Forest,3220,1989
WA,531325,445,Pasayten,42,Evergreen Forest,1772282,1989
UT,13832,791,Eagle_Canyon,42,Evergreen Forest,54,2024
OR,17176,218,Grassy_Knob,42,Evergreen Forest,76171,1989
CA,70206,570,South_Warner,42,Evergreen Forest,156751,2024
UT,1535,741,Red_Butte,42,Evergreen Forest,4053,1989
IN,12472,112,Charles_C_Deam,42,Evergreen Forest,2487,1989
UT,44572,378,Mount_Naomi,42,Evergreen Forest,103821,2024
NC/TN,19246,280,Joyce_Kilmer_Slickrock,42,Evergreen Forest,1010,2024
NV,43512,670,Parsnip_Peak,42,Evergreen Forest,145241,2024
OR,593,430,Oregon_Islands,42,Evergreen Forest,11,1989
VA,2845,321,Little_Dry_Run,42,Evergreen Forest,309,1989
UT,25635,71,Box_Death_Hollow,42,Evergreen Forest,41616,1989
NM,221796,447,Pecos,42,Evergreen Forest,570921,2024
AZ,16009,107,Cedar_Bench,42,Evergreen Forest,42965,2024
NM,35091,97,Capitan_Mountains,42,Evergreen Forest,158648,1989
CA,7272,683,Mount_Lassic,42,Evergreen Forest,20909,2024
IL,5800,25,Bald_Knob,42,Evergreen Forest,79,2024
NC,11801,467,Pocosin,42,Evergreen Forest,1179,2024
NH,35301,528,Sandwich_Range,42,Evergreen Forest,75717,1989
OR,170202,576,Steens_Mountain,42,Evergreen Forest,35891,1989
MT/WY,937102,1,Absaroka_Beartooth,42,Evergreen Forest,1823565,2024
WA,52294,413,Norse_Peak,42,Evergreen Forest,207793,1989
CO,19237,572,Spanish_Peaks,42,Evergreen Forest,55053,2024
GA,12853,73,Brasstown,42,Evergreen Forest,1277,1989
MN,2180,593,Tamarac,42,Evergreen Forest,394,1989
AZ/UT,110816,444,Paria_Canyon_Vermilion_Cliffs,42,Evergreen Forest,31,2024
MI,16861,348,McCormick,42,Evergreen Forest,1203,1989
CA/OR,20130,487,Red_Buttes,42,Evergreen Forest,64823,2024
CA,65726,17,Argus_Range,42,Evergreen Forest,10,2024
OR,5792,164,Drift_Creek,42,Evergreen Forest,23088,2024
MT,32350,488,Red_Rock_Lakes,42,Evergreen Forest,12344,1989
CA,13987,197,Garcia,42,Evergreen Forest,6071,2024
MT,158712,10,Anaconda_Pintler,42,Evergreen Forest,593868,1989
UT,7179,804,Nelson_Mountain,42,Evergreen Forest,13592,2024
CA,236726,625,Ventana,42,Evergreen Forest,430211,1989
NM,18881,143,Cruces_Basin,42,Evergreen Forest,25149,1989
AZ,10431,192,Fossil_Springs,42,Evergreen Forest,39163,1989
CA,13140,117,Chimney_Peak,42,Evergreen Forest,32114,2024
AZ,2040,22,Baboquivari_Peak,42,Evergreen Forest,3425,1989
WA,102919,241,Henry_M_Jackson,42,Evergreen Forest,367410,1989
GA,16618,343,Mark_Trail,42,Evergreen Forest,1604,2024
CA,7272,683,Mount_Lassic,42,Evergreen Forest,30580,1989
UT,1535,741,Red_Butte,42,Evergreen Forest,4402,2024
AZ,18109,402,Munds_Mountain,42,Evergreen Forest,55131,2024
TN,10895,519,Sampson_Mountain,42,Evergreen Forest,3868,1989
WA,108020,209,Goat_Rocks,42,Evergreen Forest,394470,1989
CO,181973,344,Maroon_Bells_Snowmass,42,Evergreen Forest,269748,2024
SC,29000,96,Cape_Romain,42,Evergreen Forest,19,2024
NV,67214,701,South_Egan_Range,42,Evergreen Forest,225483,1989
SD,13534,55,Black_Elk,42,Evergreen Forest,57157,2024
UT,25635,71,Box_Death_Hollow,42,Evergreen Forest,45391,2024
UT,17325,800,Reds_Canyon,42,Evergreen Forest,92,2024
MO,7040,436,Paddy_Creek,42,Evergreen Forest,4675,2024
CA,191104,526,San_Rafael,42,Evergreen Forest,37160,2024
FL,1296500,341,Marjory_Stoneman_Douglas,42,Evergreen Forest,10078,2024
CA,12897,338,Manly_Peak,42,Evergreen Forest,335,1989
OR,62139,514,Salmon_Huckleberry,42,Evergreen Forest,279208,2024
CA,78576,531,Santa_Rosa,42,Evergreen Forest,31059,2024
PA,8633,243,Hickory_Creek,42,Evergreen Forest,1579,1989
NM,44372,759,Columbine_Hondo,42,Evergreen Forest,148294,2024
WA,451,633,Washington_Islands,42,Evergreen Forest,173,1989
WY,191914,129,Cloud_Peak,42,Evergreen Forest,256310,1989
WY,285619,224,Gros_Ventre,42,Evergreen Forest,668877,1989
FL,379,108,Cedar_Keys,42,Evergreen Forest,12,2024
VA,5928,295,Kimberling_Creek,42,Evergreen Forest,709,2024
WA,566161,207,Glacier_Peak,42,Evergreen Forest,1540785,1989
ND,29920,598,Theodore_Roosevelt,42,Evergreen Forest,521,2024
AZ,37457,240,Hellsgate,42,Evergreen Forest,72931,2024
NM,13420,783,Cerro_del_Yuta,42,Evergreen Forest,16366,2024
CA,13260,457,Pine_Creek,42,Evergreen Forest,1258,2024
WA,15776,594,Tatoosh,42,Evergreen Forest,61552,2024
TX,46850,225,Guadalupe_Mountains,42,Evergreen Forest,103494,1989
WV,6048,311,Laurel_Fork_North,42,Evergreen Forest,14,2024
AZ,77585,196,Galiuro,42,Evergreen Forest,169942,2024
UT,76413,797,Mexican_Mountain,42,Evergreen Forest,15,1989
NM,13420,783,Cerro_del_Yuta,42,Evergreen Forest,14045,1989
MT,1062694,64,Bob_Marshall,42,Evergreen Forest,3618369,1989
CA,43182,546,Sheep_Mountain,42,Evergreen Forest,94778,2024
AZ,87900,439,Paiute,42,Evergreen Forest,175000,2024
CA,13987,197,Garcia,42,Evergreen Forest,5413,1989
CO,181973,344,Maroon_Bells_Snowmass,42,Evergreen Forest,259313,1989
NV,23439,420,North_Jackson_Mountains,42,Evergreen Forest,13462,1989
WY,15284,535,Savage_Run,42,Evergreen Forest,54128,1989
NV,92652,505,Ruby_Mountains,42,Evergreen Forest,61014,2024
VA,4795,713,Brush_Mountain,42,Evergreen Forest,917,2024
UT,50216,459,Pine_Valley_Mountain,42,Evergreen Forest,179679,1989
NV,43996,565,South_McCullough,42,Evergreen Forest,23119,2024
NM,203548,4,Aldo_Leopold,42,Evergreen Forest,358258,2024
MI,11740,707,Beaver_Basin,42,Evergreen Forest,4519,1989
MI,32557,758,Sleeping_Bear_Dunes,42,Evergreen Forest,5617,1989
AZ,6600,490,Redfield_Canyon,42,Evergreen Forest,1817,1989
UT,453863,246,High_Uintas,42,Evergreen Forest,1083585,1989
WA,11851,132,Colonel_Bob,42,Evergreen Forest,52455,1989
AZ,6600,490,Redfield_Canyon,42,Evergreen Forest,1664,2024
MO,8184,460,Piney_Creek,42,Evergreen Forest,5509,1989
WV,5147,708,Big_Draft,42,Evergreen Forest,61,1989
MN,2180,593,Tamarac,42,Evergreen Forest,409,2024
MT,20819,616,UL_Bend,42,Evergreen Forest,272,2024
AZ,5633,13,Apache_Creek,42,Evergreen Forest,20879,1989
NM,18881,143,Cruces_Basin,42,Evergreen Forest,27805,2024
TN,10804,43,Big_Laurel_Branch,42,Evergreen Forest,125,2024
MI,16704,582,Sturgeon_River_Gorge,42,Evergreen Forest,8329,2024
NV,20521,699,Red_Mountain_NV,42,Evergreen Forest,84658,2024
TN,6937,468,Pond_Mountain,42,Evergreen Forest,297,1989
VA,2427,603,Thunder_Ridge,42,Evergreen Forest,56,1989
WA,353,523,San_Juan,42,Evergreen Forest,885,2024
LA,8701,297,Kisatchie_Hills,42,Evergreen Forest,25000,1989
WV,5840,312,Laurel_Fork_South,42,Evergreen Forest,830,1989
WA,876447,428,Daniel_J_Evans,42,Evergreen Forest,3293037,1989
SC,21700,134,Congaree,42,Evergreen Forest,839,1989
UT,29029,803,Turtle_Canyon,42,Evergreen Forest,102256,1989
VA,6532,493,Rich_Hole,42,Evergreen Forest,157,1989
CO,249126,745,Rocky_Mountain,42,Evergreen Forest,546240,2024
TN,16213,123,Citico_Creek,42,Evergreen Forest,872,2024
OR,65435,342,Mark_O_Hatfield,42,Evergreen Forest,165938,2024
OR,55127,385,Mount_Thielsen,42,Evergreen Forest,232962,2024
CA,72192,463,Piper_Mountain,42,Evergreen Forest,11672,1989
WI,22047,236,Headwaters,42,Evergreen Forest,1168,1989
AR,15214,254,Hurricane_Creek,42,Evergreen Forest,2204,2024
VA/WV,16525,392,Mountain_Lake,42,Evergreen Forest,758,1989
AZ,87182,118,Chiricahua,42,Evergreen Forest,337053,1989
UT,22843,636,Wellsville_Mountain,42,Evergreen Forest,37294,2024
NV,30594,668,Worthington_Mountains,42,Evergreen Forest,14538,2024
WA,102919,241,Henry_M_Jackson,42,Evergreen Forest,380893,2024
WA,108020,209,Goat_Rocks,42,Evergreen Forest,374130,2024
GA,10791,494,Rich_Mountain,42,Evergreen Forest,613,2024
NV,40303,806,Desatoya Mountains Wilderness,42,Evergreen Forest,90473,1989
AZ,11700,163,Dos_Cabezas_Mountains,42,Evergreen Forest,16953,1989
FL,2827,325,Little_Lake_George,42,Evergreen Forest,2559,2024
WA,13278,383,Mount_Skokomish,42,Evergreen Forest,43392,2024
UT,4478,720,Deep_Creek_North,42,Evergreen Forest,8230,2024
OR,5784,591,Table_Rock,42,Evergreen Forest,25966,1989
CA,182298,661,Yolla_Bolly_Middle_Eel,42,Evergreen Forest,564526,1989
OR,30787,786,Devils_Staircase,42,Evergreen Forest,107962,1989
NM,5185,161,Dome,42,Evergreen Forest,1687,2024
FL,1066,308,Lake_Woodruff,42,Evergreen Forest,3,2024
NV,36299,673,Far_South_Egans,42,Evergreen Forest,105904,1989
CA,158147,102,Carson_Iceberg,42,Evergreen Forest,417757,1989
WA,119966,371,Mount_Baker,42,Evergreen Forest,311749,2024
ID/MT,1347644,540,Selway_Bitterroot,42,Evergreen Forest,4455266,1989
CO,82496,252,Hunter_Fryingpan,42,Evergreen Forest,195026,1989
NV,24249,671,White_Rock_Range,42,Evergreen Forest,89951,2024
VA,6577,482,Ramseys_Draft,42,Evergreen Forest,217,2024
AZ,20251,358,Miller_Peak,42,Evergreen Forest,70526,1989
OR,13090,52,Black_Canyon_OR,42,Evergreen Forest,35024,2024
WA,49344,68,Boulder_River,42,Evergreen Forest,186230,2024
CA,13007,144,Cucamonga,42,Evergreen Forest,23504,2024
NM,29106,63,Blue_Range,42,Evergreen Forest,108056,2024
AL,25809,556,Sipsey,42,Evergreen Forest,3251,2024
NV,157716,663,Mormon_Mountains,42,Evergreen Forest,24148,1989
WV,6037,750,Spice_Run,42,Evergreen Forest,463,1989
CA/NV,3190455,151,Death_Valley,42,Evergreen Forest,236478,2024
WA,15776,594,Tatoosh,42,Evergreen Forest,57981,1989
WV,20705,434,Otter_Creek,42,Evergreen Forest,14978,2024
UT,10518,386,Mount_Timpanogos,42,Evergreen Forest,11750,1989
IL,6352,333,Lusk_Creek,42,Evergreen Forest,5933,2024
UT,11436,615,Twin_Peaks,42,Evergreen Forest,28672,1989
AZ,37030,213,Grand_Wash_Cliffs,42,Evergreen Forest,4631,2024
WA,2201,657,Wonder_Mountain,42,Evergreen Forest,9958,2024
WV,20705,434,Otter_Creek,42,Evergreen Forest,14824,1989
WA,14616,125,Clearwater,42,Evergreen Forest,63256,1989
FL,2827,325,Little_Lake_George,42,Evergreen Forest,2527,1989
GA,9240,484,Raven_Cliffs,42,Evergreen Forest,351,2024
OR,8758,356,Middle_Santiam,42,Evergreen Forest,39421,1989
OR,35749,502,Rogue_Umpqua_Divide,42,Evergreen Forest,155447,1989
UT,11667,717,Cottonwood_Canyon,42,Evergreen Forest,34,1989
UT,98023,799,Muddy_Creek,42,Evergreen Forest,43,2024
NV,111066,665,Delamar_Mountains,42,Evergreen Forest,240,1989
NM,19916,778,Organ_Mountains,42,Evergreen Forest,21673,2024
CA,768222,543,Sequoia_Kings_Canyon,42,Evergreen Forest,924435,2024
SC,4967,327,Little_Wambaw_Swamp,42,Evergreen Forest,158,1989
CA,73868,435,Owens_Peak,42,Evergreen Forest,55876,1989
WI,4074,471,Porcupine_Lake,42,Evergreen Forest,181,1989
CA,28374,214,Granite_Chief,42,Evergreen Forest,95017,2024
OR,170202,576,Steens_Mountain,42,Evergreen Forest,84742,2024
WI,33500,677,Gaylord_Nelson,42,Evergreen Forest,24328,2024
ID,2358886,194,Frank_Church_River_of_No_Return,42,Evergreen Forest,3739237,2024
NV,43996,565,South_McCullough,42,Evergreen Forest,20877,1989
NV,14095,693,Bristlecone,42,Evergreen Forest,55767,2024
CA,230966,754,White_Mountains,42,Evergreen Forest,271764,1989
FL,379,108,Cedar_Keys,42,Evergreen Forest,10,1989
OR,36865,627,Waldo_Lake,42,Evergreen Forest,65838,2024
VA,5773,545,Shawvers_Run,42,Evergreen Forest,8,1989
WA,451,633,Washington_Islands,42,Evergreen Forest,189,2024
CA,27296,684,Cache_Creek,42,Evergreen Forest,898,2024
CO,9927,405,Neota,42,Evergreen Forest,30139,2024
AZ,18534,516,Salome,42,Evergreen Forest,30885,1989
NM,203548,4,Aldo_Leopold,42,Evergreen Forest,832282,1989
NV,51305,669,Weepah_Spring,42,Evergreen Forest,71234,1989
CO,160997,568,South_San_Juan,42,Evergreen Forest,374125,1989
OR,35203,651,Wild_Rogue,42,Evergreen Forest,151241,1989
CA,252149,296,Kingston_Range,42,Evergreen Forest,9215,2024
WA,20784,258,Indian_Heaven,42,Evergreen Forest,91411,1989
CA,5575,756,Cahuilla_Mountain,42,Evergreen Forest,1711,1989
UT,7085,20,AshdownGorge,42,Evergreen Forest,27154,1989
GA,9240,484,Raven_Cliffs,42,Evergreen Forest,401,1989
WI,33500,677,Gaylord_Nelson,42,Evergreen Forest,21020,1989
IL,4050,140,Crab_Orchard,42,Evergreen Forest,971,2024
MI,5268,41,Big_Island_Lake,42,Evergreen Forest,799,2024
NV,128362,805,Clan_Alpine_Mountains,42,Evergreen Forest,182564,2024
WA,414322,8,Alpine_Lakes,42,Evergreen Forest,1272844,2024
MT,32350,488,Red_Rock_Lakes,42,Evergreen Forest,12582,2024
NM,559310,205,Gila,42,Evergreen Forest,1721695,2024
AZ,8760,403,Needles_Eye,42,Evergreen Forest,1,1989
VT,18122,334,Lye_Brook,42,Evergreen Forest,8702,2024
MS,993,314,Leaf,42,Evergreen Forest,74,1989
OR,30787,786,Devils_Staircase,42,Evergreen Forest,113582,2024
GA,3000,60,Blackbeard_Island,42,Evergreen Forest,2311,2024
UT,4047,747,Slaughter_Creek,42,Evergreen Forest,14030,2024
CA,101574,521,San_Gorgonio,42,Evergreen Forest,57159,2024
VA,3329,724,Garden_Mountain,42,Evergreen Forest,7,1989
AR,11978,621,Upper_Buffalo,42,Evergreen Forest,659,1989
CA,42079,266,Ishi,42,Evergreen Forest,35772,2024
MT,28460,200,Gates_of_the_Mountains,42,Evergreen Forest,85535,1989
CO,77932,261,Indian_Peaks,42,Evergreen Forest,158978,1989
NV,52618,172,East_Fork_High_Rock_Canyon,42,Evergreen Forest,15,2024
MO,8184,460,Piney_Creek,42,Evergreen Forest,5509,2024
CA,252149,296,Kingston_Range,42,Evergreen Forest,9417,1989
WI,5912,61,Blackjack_Springs,42,Evergreen Forest,3956,2024
GA,353981,426,Okefenokee,42,Evergreen Forest,13477,1989
WV,6794,743,Roaring_Plains_West,42,Evergreen Forest,8678,1989
ID,67993,763,Hemingway_Boulders,42,Evergreen Forest,132276,2024
CA/NV,3190455,151,Death_Valley,42,Evergreen Forest,237024,1989
NV,68623,697,Highland_Ridge,42,Evergreen Forest,209151,1989
NM,37278,527,Sandia_Mountain,42,Evergreen Forest,130836,2024
NM,44372,759,Columbine_Hondo,42,Evergreen Forest,144506,1989
AZ,70905,511,Saguaro,42,Evergreen Forest,105278,1989
MT,242068,316,Lee_Metcalf,42,Evergreen Forest,691954,1989
NV,85668,666,Clover_Mountains,42,Evergreen Forest,167784,2024
TN,4472,617,Unaka_Mountain,42,Evergreen Forest,386,2024
ID,90776,764,White_Clouds,42,Evergreen Forest,203408,2024
NV,32364,173,East_Humboldts,42,Evergreen Forest,20500,2024
OK,8570,650,Wichita_Mountains,42,Evergreen Forest,8302,2024
NV,67214,701,South_Egan_Range,42,Evergreen Forest,216618,2024
CA,704624,662,Yosemite,42,Evergreen Forest,1279053,2024
CA,128044,249,Hoover,42,Evergreen Forest,139933,2024
MI,4724,499,Rock_River_Canyon,42,Evergreen Forest,37,2024
CA,18278,335,Machesna_Mountain,42,Evergreen Forest,5128,1989
GA,10343,607,Tray_Mountain,42,Evergreen Forest,663,1989
CA,595364,279,Joshua_Tree,42,Evergreen Forest,41,1989
CA,33772,537,Sawtooth_Mountains,42,Evergreen Forest,1382,2024
OR,35203,651,Wild_Rogue,42,Evergreen Forest,143704,2024
AZ,18720,285,Kachina_Peaks,42,Evergreen Forest,42886,2024
MO,16427,265,Irish,42,Evergreen Forest,3857,1989
KY,4816,32,Beaver_Creek,42,Evergreen Forest,165,1989
MO,4236,500,Rockpile_Mountain,42,Evergreen Forest,55,2024
AR,11674,495,Richland_Creek,42,Evergreen Forest,2247,1989
NC,11653,319,Linville_Gorge,42,Evergreen Forest,4396,1989
OR,23036,393,Mountain_Lakes,42,Evergreen Forest,96441,1989
WI,7135,480,Rainbow_Lake,42,Evergreen Forest,957,2024
CO/WY,24051,465,Platte_River,42,Evergreen Forest,1055,2024
WY,346320,414,North_Absaroka,42,Evergreen Forest,567496,2024
CA,21986,286,Kaiser,42,Evergreen Forest,48585,2024
NM,221796,447,Pecos,42,Evergreen Forest,752561,1989
OR,17173,357,Mill_Creek,42,Evergreen Forest,40833,2024
NV,24015,762,Pine_Forest_Range,42,Evergreen Forest,7262,1989
CO,165874,131,Collegiate_Peaks,42,Evergreen Forest,276009,2024
CA,31415,554,Silver_Peak,42,Evergreen Forest,48187,2024
VT,6725,37,Big_Branch,42,Evergreen Forest,2246,1989
UT,99428,680,Cedar_Mountain_Area,42,Evergreen Forest,22758,1989
CA,79061,309,Lassen_Volcanic,42,Evergreen Forest,78332,2024
WY,285619,224,Gros_Ventre,42,Evergreen Forest,629838,2024
OR,2871,731,Lower_White_River,42,Evergreen Forest,10222,1989
AZ,6819,372,Mount_Baldy,42,Evergreen Forest,27955,1989
UT,10648,719,Cougar_Canyon,42,Evergreen Forest,35359,1989
AZ,25141,398,Mt_Wrightson,42,Evergreen Forest,77609,2024
UT,40,705,Beartrap_Canyon,42,Evergreen Forest,167,2024
FL,13835,39,Big_Gum_Swamp,42,Evergreen Forest,17349,1989
CA,26839,738,Pleasant_View_Ridge,42,Evergreen Forest,28590,2024
AZ,6819,372,Mount_Baldy,42,Evergreen Forest,28103,2024
CA,20158,749,South_Fork_San_Jacinto,42,Evergreen Forest,6305,1989
ID,90776,764,White_Clouds,42,Evergreen Forest,236563,1989
NH,45809,450,Pemigewasset,42,Evergreen Forest,127995,2024
CA,18682,589,Sylvania_Mountains,42,Evergreen Forest,5394,2024
ID,12556,739,Pole_Creek,42,Evergreen Forest,1709,2024
GA,5125,656,Wolf_Island,42,Evergreen Forest,85,2024
AZ,25457,104,Castle_Creek,42,Evergreen Forest,22627,2024
NV,78754,698,Mount_Grafton,42,Evergreen Forest,210214,1989
CA,179847,557,Siskiyou,42,Evergreen Forest,438081,2024
CA,60222,559,Snow_Mountain,42,Evergreen Forest,147811,1989
MT,74524,360,Mission_Mountains,42,Evergreen Forest,226033,2024
MI,11740,707,Beaver_Basin,42,Evergreen Forest,4713,2024
AR,34933,85,Buffalo_National_River,42,Evergreen Forest,2963,2024
NV,123508,664,Meadow_Valley_Range,42,Evergreen Forest,111,1989
WV,5840,312,Laurel_Fork_South,42,Evergreen Forest,834,2024
CA,50451,508,Sacatar_Trail,42,Evergreen Forest,102108,1989
GA,3000,60,Blackbeard_Island,42,Evergreen Forest,2264,1989
VA,3329,724,Garden_Mountain,42,Evergreen Forest,6,2024
CA,36981,397,Mt_Shasta,42,Evergreen Forest,77408,1989
AZ,87182,118,Chiricahua,42,Evergreen Forest,153006,2024
VT,6725,37,Big_Branch,42,Evergreen Forest,2240,2024
UT,30632,330,Lone_Peak,42,Evergreen Forest,55399,2024
UT,10518,386,Mount_Timpanogos,42,Evergreen Forest,11834,2024
WY,693934,632,Washakie,42,Evergreen Forest,1391751,1989
UT,2648,718,Cottonwood_Forest,42,Evergreen Forest,4,1989
OR,5784,591,Table_Rock,42,Evergreen Forest,22229,2024
SD,64144,24,Badlands,42,Evergreen Forest,38,1989
FL,13835,39,Big_Gum_Swamp,42,Evergreen Forest,17292,2024
CA,158147,102,Carson_Iceberg,42,Evergreen Forest,358069,2024
NV,32072,532,Santa_Rosa_Paradise_Peak,42,Evergreen Forest,3178,1989
TN,4472,617,Unaka_Mountain,42,Evergreen Forest,1282,1989
WY,426751,78,Bridger,42,Evergreen Forest,731084,1989
CA,27315,455,Phillip_Burton,42,Evergreen Forest,54280,2024
GA/TN,8502,38,Big_Frog,42,Evergreen Forest,3704,2024
AZ,20253,551,Sierra_Ancha,42,Evergreen Forest,63306,1989
NM,46963,649,White_Mountain,42,Evergreen Forest,201809,2024
UT,49130,802,Sids_Mountain,42,Evergreen Forest,192,1989
NC,9315,547,Sheep_Ridge,42,Evergreen Forest,407,1989
AZ,18109,402,Munds_Mountain,42,Evergreen Forest,55637,1989
CO,62742,473,Powderhorn,42,Evergreen Forest,136084,1989
CO,20847,406,Never_Summer,42,Evergreen Forest,57395,2024
VA,9327,503,Rough_Mountain,42,Evergreen Forest,1049,2024
VT,24985,74,Breadloaf,42,Evergreen Forest,16957,2024
GA/TN,37033,130,Cohutta,42,Evergreen Forest,13907,1989
MI,375,504,Round_Island,42,Evergreen Forest,467,2024
NM,19154,645,Wheeler_Peak,42,Evergreen Forest,63459,2024
AZ,25457,104,Castle_Creek,42,Evergreen Forest,46370,1989
NV,49151,761,Wovoka,42,Evergreen Forest,129163,2024
AZ,6664,293,Kendrick_Mountain,42,Evergreen Forest,28351,1989
AZ,5158,180,Escudilla,42,Evergreen Forest,11465,1989
NM,8120,784,Rio_San_Antonio,42,Evergreen Forest,451,2024
MO,16427,265,Irish,42,Evergreen Forest,3833,2024
UT,30632,330,Lone_Peak,42,Evergreen Forest,60803,1989
NM,13902,774,Broad_Canyon,42,Evergreen Forest,3,1989
TX,12214,259,Indian_Mounds,42,Evergreen Forest,38082,1989
CA,39412,524,San_Mateo_Canyon,42,Evergreen Forest,3590,2024
VA,6071,317,Lewis_Fork,42,Evergreen Forest,2068,2024
OR,5337,77,Bridge_Creek,42,Evergreen Forest,14238,2024
OR,64742,374,Mount_Hood,42,Evergreen Forest,235447,1989
FL,3064,48,Billies_Bay,42,Evergreen Forest,2974,1989
CO,497111,637,Weminuche,42,Evergreen Forest,1232268,1989
IL,3955,198,Garden_of_the_Gods,42,Evergreen Forest,1831,1989
CO,12615,476,Ptarmigan_Peak,42,Evergreen Forest,38812,2024
CA,18278,335,Machesna_Mountain,42,Evergreen Forest,381,2024
NV,40303,806,Desatoya Mountains Wilderness,42,Evergreen Forest,78532,2024
NV,30539,672,Fortification_Range,42,Evergreen Forest,114952,1989
UT,11001,788,Cold_Wash,42,Evergreen Forest,118,2024
CO,20847,406,Never_Summer,42,Evergreen Forest,58433,1989
AR,6301,165,Dry_Creek,42,Evergreen Forest,11658,1989
CA,39412,524,San_Mateo_Canyon,42,Evergreen Forest,4349,1989
CA,32186,522,San_Jacinto,42,Evergreen Forest,26050,2024
CA,12521,507,Russian,42,Evergreen Forest,35826,2024
AZ,11235,30,Bear_Wallow,42,Evergreen Forest,26572,2024
AZ,7880,388,Mount_Trumbull,42,Evergreen Forest,34286,2024
TN,5634,322,Little_Frog_Mountain,42,Evergreen Forest,1955,1989
ID,67993,763,Hemingway_Boulders,42,Evergreen Forest,128721,1989
NV,88650,395,Mt_Moriah,42,Evergreen Forest,261322,1989
NV,5341,674,Tunnel_Spring,42,Evergreen Forest,15989,1989
NV,36151,700,Shellback,42,Evergreen Forest,94015,2024
VA,2845,321,Little_Dry_Run,42,Evergreen Forest,297,2024
AZ,15465,640,West_Clear_Creek,42,Evergreen Forest,49815,1989
TN,3791,26,Bald_River_Gorge,42,Evergreen Forest,579,2024
VA,5613,31,Beartown,42,Evergreen Forest,180,1989
CA,15985,461,Hain,42,Evergreen Forest,15,2024
VA,8471,727,Hunting_Camp_Creek,42,Evergreen Forest,30,1989
CO,13000,624,Vasquez_Peak,42,Evergreen Forest,27271,1989
OR,20213,419,North_Fork_Umatilla,42,Evergreen Forest,62722,1989
CA,16526,599,Thousand_Lakes,42,Evergreen Forest,59901,2024
CA,191104,526,San_Rafael,42,Evergreen Forest,127507,1989
AZ,6860,137,Cottonwood_Point,42,Evergreen Forest,977,1989
CO,176431,641,West_Elk,42,Evergreen Forest,378597,1989
AZ,10431,192,Fossil_Springs,42,Evergreen Forest,34693,2024
UT,25078,154,Deseret_Peak,42,Evergreen Forest,64995,1989
NV,25671,667,South_Pahroc_Range,42,Evergreen Forest,25305,2024
CO,249126,745,Rocky_Mountain,42,Evergreen Forest,634700,1989
NC,8490,105,Catfish_Lake_South,42,Evergreen Forest,1979,1989
WY,123896,275,Jedediah_Smith,42,Evergreen Forest,318776,2024
VT,7824,451,Peru_Peak,42,Evergreen Forest,3359,2024
UT,10648,719,Cougar_Canyon,42,Evergreen Forest,36510,2024
AR,14262,95,Caney_Creek,42,Evergreen Forest,6994,2024
CO,126480,303,La_Garita,42,Evergreen Forest,262362,1989
MO,12423,242,Hercules_Glades,42,Evergreen Forest,15091,2024
NC,5065,49,Birkhead_Mountains,42,Evergreen Forest,453,2024
GA/NC/SC,8300,176,Ellicott_Rock,42,Evergreen Forest,3430,2024
MT,286659,219,Great_Bear,42,Evergreen Forest,1019132,1989
MI,3271,412,Nordhouse_Dunes,42,Evergreen Forest,592,1989
CO,497111,637,Weminuche,42,Evergreen Forest,1006459,2024
GA/NC,23364,571,Southern_Nantahala,42,Evergreen Forest,90,2024
NV,14050,807,Cain_Mountain,42,Evergreen Forest,13292,1989
AZ,7566,283,Juniper_Mesa,42,Evergreen Forest,34268,1989
WY,31057,255,Huston_Park,42,Evergreen Forest,109723,2024
IL,4050,140,Crab_Orchard,42,Evergreen Forest,969,1989
AZ,32115,518,Salt_River_Canyon,42,Evergreen Forest,20,2024
NV,123508,664,Meadow_Valley_Range,42,Evergreen Forest,1,2024
NM,20420,310,Latir_Peak,42,Evergreen Forest,64747,1989
CO,114864,331,Lost_Creek,42,Evergreen Forest,388906,2024
WA,876447,428,Daniel_J_Evans,42,Evergreen Forest,3300740,2024
UT,5479,795,Little_Wild_Horse_Canyon,42,Evergreen Forest,1,2024
CO,8500,352,Mesa_Verde,42,Evergreen Forest,19228,1989
NM,36764,339,Manzano_Mountain,42,Evergreen Forest,116601,1989
OR,180103,287,Kalmiopsis,42,Evergreen Forest,198782,2024
FL,8075,399,Mud_Swamp_New_River,42,Evergreen Forest,5315,2024
ID,43243,142,Craters_of_the_Moon,42,Evergreen Forest,341,1989
CO,13000,624,Vasquez_Peak,42,Evergreen Forest,28038,2024
FL,7327,6,Alexander_Springs,42,Evergreen Forest,12005,1989
MT,34304,483,Rattlesnake,42,Evergreen Forest,105549,2024
NV,36299,673,Far_South_Egans,42,Evergreen Forest,111149,2024
NV,10467,69,Boundary_Peak,42,Evergreen Forest,22810,2024
NV,30648,416,North_Black_Rock_Range,42,Evergreen Forest,785,2024
VA,2427,603,Thunder_Ridge,42,Evergreen Forest,2,2024
MI,5268,41,Big_Island_Lake,42,Evergreen Forest,768,1989
CO,68025,133,Comanche_Peak,42,Evergreen Forest,102302,2024
CA,71275,158,Dick_Smith,42,Evergreen Forest,66227,1989
FL,17350,574,St_Marks,42,Evergreen Forest,67,2024
CA,18002,3,Agua_Tibia,42,Evergreen Forest,8216,2024
NV,43512,670,Parsnip_Peak,42,Evergreen Forest,153335,1989
SC,2122,237,Hell_Hole_Bay,42,Evergreen Forest,86,2024
UT,46360,148,Dark_Canyon,42,Evergreen Forest,154547,1989
ID,116843,765,Jim_McClure_Jerry_Peak,42,Evergreen Forest,185090,1989
NE,7833,560,Soldier_Creek,42,Evergreen Forest,4969,1989
OR,17173,357,Mill_Creek,42,Evergreen Forest,71262,1989
NV,28274,676,Mt_Irish,42,Evergreen Forest,34981,2024
MT,28460,200,Gates_of_the_Mountains,42,Evergreen Forest,35221,2024
OR,28915,23,Badger_Creek,42,Evergreen Forest,124443,1989
CA,30863,159,Dinkey_Lakes,42,Evergreen Forest,95451,1989
NV,22374,691,Bald_Mountain,42,Evergreen Forest,74571,2024
AZ,5887,658,Woodchute,42,Evergreen Forest,25164,2024
ID,52753,709,Big_Jacks_Creek,42,Evergreen Forest,232,2024
CA,20241,530,Santa_Lucia,42,Evergreen Forest,31694,2024
OH,77,643,West_Sister_Island,42,Evergreen Forest,1,2024
FL,24222,72,Bradwell_Bay,42,Evergreen Forest,18421,2024
CA,537357,611,Trinity_Alps,42,Evergreen Forest,859017,2024
UT,17325,800,Reds_Canyon,42,Evergreen Forest,4,1989
OR,8758,356,Middle_Santiam,42,Evergreen Forest,39598,2024
FL,7327,6,Alexander_Springs,42,Evergreen Forest,8872,2024
SC,29000,96,Cape_Romain,42,Evergreen Forest,25,1989
AZ,19410,15,Aravaipa_Canyon,42,Evergreen Forest,6,2024
MT,158712,10,Anaconda_Pintler,42,Evergreen Forest,404935,2024
CO,77932,261,Indian_Peaks,42,Evergreen Forest,166145,2024
CO,102209,618,Uncompahgre,42,Evergreen Forest,198946,1989
CO,37344,760,Hermosa_Creek,42,Evergreen Forest,66823,2024
OR,120694,418,North_Fork_John_Day,42,Evergreen Forest,463135,1989
CA/OR,20130,487,Red_Buttes,42,Evergreen Forest,80351,1989
OR,55127,385,Mount_Thielsen,42,Evergreen Forest,232443,1989
WA,105543,704,Wild_Sky,42,Evergreen Forest,398036,1989
MT,242068,316,Lee_Metcalf,42,Evergreen Forest,684757,2024
WI,22047,236,Headwaters,42,Evergreen Forest,1155,2024
AZ,160164,583,Superstition,42,Evergreen Forest,101814,1989
VA,5773,545,Shawvers_Run,42,Evergreen Forest,8,2024
CA,42695,687,King_Range,42,Evergreen Forest,153083,1989
UT,22843,636,Wellsville_Mountain,42,Evergreen Forest,36087,1989
NH,27605,474,Presidential_Range_Dry_River,42,Evergreen Forest,76216,1989
LA,8701,297,Kisatchie_Hills,42,Evergreen Forest,30856,2024
CA,8022,111,Chanchelulla,42,Evergreen Forest,28053,1989
AZ,87900,439,Paiute,42,Evergreen Forest,178884,1989
MT,1062694,64,Bob_Marshall,42,Evergreen Forest,2471630,2024
VA,4225,740,Raccoon_Branch,42,Evergreen Forest,6,2024
MS,5033,54,Black_Creek,42,Evergreen Forest,9914,2024
VA,4225,740,Raccoon_Branch,42,Evergreen Forest,15,1989
AZ,31520,387,Mount_Tipton,42,Evergreen Forest,40646,1989
CA,16526,599,Thousand_Lakes,42,Evergreen Forest,63408,1989
UT,50216,459,Pine_Valley_Mountain,42,Evergreen Forest,99058,2024
CA,230966,754,White_Mountains,42,Evergreen Forest,289806,2024
NC,9315,547,Sheep_Ridge,42,Evergreen Forest,407,2024
WY,584733,596,Teton,42,Evergreen Forest,997980,2024
CO,66280,723,Dominguez_Canyon,42,Evergreen Forest,126404,1989
UT,18689,742,Red_Mountain_UT,42,Evergreen Forest,10094,1989
UT,93,725,Goose_Creek,42,Evergreen Forest,310,1989
CO,17784,227,Gunnison_Gorge,42,Evergreen Forest,25261,1989
ME,2712,368,Moosehorn,42,Evergreen Forest,8160,2024
MI,11358,336,Mackinac,42,Evergreen Forest,4348,2024
WY,426751,78,Bridger,42,Evergreen Forest,698651,2024
OR,36865,627,Waldo_Lake,42,Evergreen Forest,162781,1989
AZ,9808,215,Granite_Mountain_AZ,42,Evergreen Forest,15954,2024
CA,8158,417,North_Fork,42,Evergreen Forest,23023,1989
WA,105543,704,Wild_Sky,42,Evergreen Forest,406684,2024
CA,6287,685,Cedar_Roughs,42,Evergreen Forest,6144,1989
AZ,19440,449,Peloncillo_Mountains,42,Evergreen Forest,474,2024
OR,13090,52,Black_Canyon_OR,42,Evergreen Forest,43199,1989
UT,15291,381,Mount_Olympus,42,Evergreen Forest,39796,2024
FL,14293,284,Juniper_Prairie,42,Evergreen Forest,38671,2024
AZ,11235,30,Bear_Wallow,42,Evergreen Forest,48491,1989
MI,11951,152,Delirium,42,Evergreen Forest,1872,1989
AZ,58448,587,Sycamore_Canyon,42,Evergreen Forest,133573,1989
CA,652903,278,John_Muir,42,Evergreen Forest,776328,1989
ME,4680,369,Moosehorn_Baring_Unit,42,Evergreen Forest,14474,2024
TN,2559,202,Gee_Creek,42,Evergreen Forest,2390,1989
GA/TN,37033,130,Cohutta,42,Evergreen Forest,14055,2024
CO,29027,377,Mount_Massive,42,Evergreen Forest,45030,1989
CO,64307,479,Raggeds,42,Evergreen Forest,89153,2024
UT,2648,718,Cottonwood_Forest,42,Evergreen Forest,19,2024
WA,531325,445,Pasayten,42,Evergreen Forest,950984,2024
VA,6532,493,Rich_Hole,42,Evergreen Forest,185,2024
CA,24433,584,Surprise_Canyon,42,Evergreen Forest,45,2024
CA,231619,12,Ansel_Adams,42,Evergreen Forest,259570,2024
WY,102620,470,Popo_Agie,42,Evergreen Forest,185499,1989
ID,205395,212,Gospel_Hump,42,Evergreen Forest,744362,1989
CA,12521,507,Russian,42,Evergreen Forest,39372,1989
IL,3955,198,Garden_of_the_Gods,42,Evergreen Forest,1836,2024
NV,36151,700,Shellback,42,Evergreen Forest,78951,1989
OR,593,430,Oregon_Islands,42,Evergreen Forest,12,2024
AZ,36949,496,Rincon_Mountain,42,Evergreen Forest,29758,1989
OR,5337,77,Bridge_Creek,42,Evergreen Forest,22371,1989
WI,7135,480,Rainbow_Lake,42,Evergreen Forest,937,1989
NM,559310,205,Gila,42,Evergreen Forest,2159494,1989
VA,9826,513,Saint_Marys,42,Evergreen Forest,1770,2024
AR,11674,495,Richland_Creek,42,Evergreen Forest,1662,2024
IN,12472,112,Charles_C_Deam,42,Evergreen Forest,2497,2024
CA,179847,557,Siskiyou,42,Evergreen Forest,681649,1989
AR,10180,187,Flatside,42,Evergreen Forest,19089,1989
OR,19918,67,Boulder_Creek,42,Evergreen Forest,47758,2024
AZ,10290,119,Chiricahua_National_Monument,42,Evergreen Forest,39524,1989
WV,17777,160,Dolly_Sods,42,Evergreen Forest,21014,1989
OR,2871,731,Lower_White_River,42,Evergreen Forest,1683,2024
CA,42079,266,Ishi,42,Evergreen Forest,33340,1989
UT,60442,801,San_Rafael_Reef,42,Evergreen Forest,149,2024
MO,7040,436,Paddy_Creek,42,Evergreen Forest,4582,1989
IL,821,443,Panther_Den,42,Evergreen Forest,260,2024
AZ,6178,644,Wet_Beaver,42,Evergreen Forest,19524,1989
ME,4680,369,Moosehorn_Baring_Unit,42,Evergreen Forest,14417,1989
MI,132018,268,Isle_Royale,42,Evergreen Forest,51288,1989
OR/WA,176737,638,Wenaha_Tucannon,42,Evergreen Forest,498955,2024
NM,18827,655,Withington,42,Evergreen Forest,48017,2024
CA,15628,706,Beauty_Mountain,42,Evergreen Forest,775,2024
WA,47123,370,Mount_Adams,42,Evergreen Forest,134841,1989
CO,32643,221,Great_Sand_Dunes,42,Evergreen Forest,2216,1989
TX,3817,324,Little_Lake_Creek,42,Evergreen Forest,11694,1989
NV,120551,16,ArcDome,42,Evergreen Forest,225616,2024
CO,219891,529,Sangre_de_Cristo,42,Evergreen Forest,487678,1989
OR,52496,157,Diamond_Peak,42,Evergreen Forest,223576,1989
NH,45809,450,Pemigewasset,42,Evergreen Forest,127254,1989
WY,102620,470,Popo_Agie,42,Evergreen Forest,192251,2024
WA,3060,208,Glacier_View,42,Evergreen Forest,13282,1989
OR,13724,716,Copper_Salmon,42,Evergreen Forest,58754,1989
CA,225114,340,Marble_Mountain,42,Evergreen Forest,831980,1989
CA,28460,313,Lava_Beds,42,Evergreen Forest,7256,1989
NM,23267,27,Bandelier,42,Evergreen Forest,17238,2024
ME,11236,99,Caribou_Speckled_Mountain,42,Evergreen Forest,17566,2024
UT,453,729,LaVerkin_Creek,42,Evergreen Forest,1731,2024
AZ,7499,440,Pajarita,42,Evergreen Forest,451,2024
AZ,6664,293,Kendrick_Mountain,42,Evergreen Forest,9180,2024
CO,219891,529,Sangre_de_Cristo,42,Evergreen Forest,460379,2024
NV,24015,762,Pine_Forest_Range,42,Evergreen Forest,10791,2024
CA,78576,531,Santa_Rosa,42,Evergreen Forest,40293,1989
UT,13832,791,Eagle_Canyon,42,Evergreen Forest,27,1989
CA,27296,684,Cache_Creek,42,Evergreen Forest,9743,1989
CO,17784,227,Gunnison_Gorge,42,Evergreen Forest,29068,2024
AZ,10414,580,Strawberry_Crater,42,Evergreen Forest,1674,1989
VA,9327,503,Rough_Mountain,42,Evergreen Forest,1106,1989
AZ,31520,387,Mount_Tipton,42,Evergreen Forest,40264,2024
TN,10804,43,Big_Laurel_Branch,42,Evergreen Forest,156,1989
AR/OK,13347,56,Black_Fork_Mountain,42,Evergreen Forest,16650,2024
UT,27075,379,Mount_Nebo,42,Evergreen Forest,45700,2024
OR,69411,581,Strawberry_Mountain,42,Evergreen Forest,257845,1989
UT,54643,793,Labyrinth_Canyon,42,Evergreen Forest,7,1989
CA,35738,520,San_Gabriel,42,Evergreen Forest,57635,1989
CO,16486,384,Mount_Sneffels,42,Evergreen Forest,24676,1989
CA,27315,455,Phillip_Burton,42,Evergreen Forest,54550,1989
CA,104048,363,Mokelumne,42,Evergreen Forest,214923,1989
WA,49344,68,Boulder_River,42,Evergreen Forest,181299,1989
NV,6313,695,Government_Peak,42,Evergreen Forest,2180,2024
UT,124406,755,Zion,42,Evergreen Forest,243507,1989
NV,46465,244,High_Rock_Canyon,42,Evergreen Forest,29,1989
SC,1832,628,Wambaw_Creek,42,Evergreen Forest,216,2024
NV,32072,532,Santa_Rosa_Paradise_Peak,42,Evergreen Forest,10557,2024
NV,52451,216,Grant_Range,42,Evergreen Forest,146506,2024
NM,11114,781,Sierra_de_las_Uvas,42,Evergreen Forest,1024,2024
CO,135104,168,Eagles_Nest,42,Evergreen Forest,312611,2024
CA,8191,80,Bright_Star,42,Evergreen Forest,3271,1989
TX,5536,612,Turkey_Hill,42,Evergreen Forest,13908,2024
SC,4755,629,Wambaw_Swamp,42,Evergreen Forest,772,2024
UT,40,705,Beartrap_Canyon,42,Evergreen Forest,166,1989
NH,27605,474,Presidential_Range_Dry_River,42,Evergreen Forest,77203,2024
WY,123896,275,Jedediah_Smith,42,Evergreen Forest,302257,1989
OR,17176,218,Grassy_Knob,42,Evergreen Forest,51148,2024
NV,22374,691,Bald_Mountain,42,Evergreen Forest,68470,1989
FL,1066,308,Lake_Woodruff,42,Evergreen Forest,7,1989
IL,4739,124,Clear_Springs,42,Evergreen Forest,23,2024
AR,6301,165,Dry_Creek,42,Evergreen Forest,11659,2024
CA,20241,530,Santa_Lucia,42,Evergreen Forest,17991,1989
CA,11001,757,Elkhorn_Ridge,42,Evergreen Forest,49634,1989
CA,86245,294,Kiavah,42,Evergreen Forest,98658,1989
NV,31223,396,Mt_Rose,42,Evergreen Forest,93760,2024
NM,29242,746,Sabinoso,42,Evergreen Forest,70436,1989
WA,14266,410,Noisy_Diobsud,42,Evergreen Forest,57874,2024
WA,14616,125,Clearwater,42,Evergreen Forest,63840,2024
OR,20210,367,Monument_Rock,42,Evergreen Forest,11112,2024
NV,68623,697,Highland_Ridge,42,Evergreen Forest,213746,2024
VA,5928,295,Kimberling_Creek,42,Evergreen Forest,739,1989
CO,126480,303,La_Garita,42,Evergreen Forest,259336,2024
NC,18477,550,Shining_Rock,42,Evergreen Forest,1679,1989
AZ,48314,489,Red_Rock_Secret_Mountain,42,Evergreen Forest,124775,2024
GA/NC/SC,8300,176,Ellicott_Rock,42,Evergreen Forest,3738,1989
WY,10662,653,Winegar_Hole,42,Evergreen Forest,35866,1989
VT,12336,689,Joseph_Battell,42,Evergreen Forest,4694,1989
CA,6919,232,Hauser,42,Evergreen Forest,54,2024
FL,8075,399,Mud_Swamp_New_River,42,Evergreen Forest,5286,1989
CA,31059,726,Granite_Mountain_CA,42,Evergreen Forest,15102,2024
NM,35091,97,Capitan_Mountains,42,Evergreen Forest,158303,2024
AZ,20251,358,Miller_Peak,42,Evergreen Forest,66244,2024
ID,44027,733,North_Fork_Owyhee,42,Evergreen Forest,49334,2024
AL,8947,166,Dugger_Mountain,42,Evergreen Forest,9680,1989
CA,20839,98,Caribou,42,Evergreen Forest,55810,1989
IL,6352,333,Lusk_Creek,42,Evergreen Forest,5958,1989
AZ,14650,376,Mount_Logan,42,Evergreen Forest,55165,1989
WA,20784,258,Indian_Heaven,42,Evergreen Forest,90714,2024
AZ,18720,285,Kachina_Peaks,42,Evergreen Forest,53160,1989
AZ,5158,180,Escudilla,42,Evergreen Forest,3736,2024
WY,198906,185,Fitzpatrick,42,Evergreen Forest,228802,1989
WA,2201,657,Wonder_Mountain,42,Evergreen Forest,9612,1989
OR,20777,429,Opal_Creek,42,Evergreen Forest,21827,2024
NV,120551,16,ArcDome,42,Evergreen Forest,160714,1989
AR,34933,85,Buffalo_National_River,42,Evergreen Forest,2868,1989
CA,49296,136,Coso_Range,42,Evergreen Forest,1050,1989
MI,15237,588,Sylvania,42,Evergreen Forest,11532,1989
CA,768222,543,Sequoia_Kings_Canyon,42,Evergreen Forest,1110510,1989
AZ,20053,458,Pine_Mountain,42,Evergreen Forest,47258,2024
CO,102209,618,Uncompahgre,42,Evergreen Forest,199549,2024
TN,3791,26,Bald_River_Gorge,42,Evergreen Forest,986,1989
AR,10180,187,Flatside,42,Evergreen Forest,19033,2024
CO,8801,89,Byers_Peak,42,Evergreen Forest,18786,2024
NV,128362,805,Clan_Alpine_Mountains,42,Evergreen Forest,303880,1989
VA,4520,452,Peters_Mountain,42,Evergreen Forest,5,1989
AZ,60773,193,Four_Peaks,42,Evergreen Forest,41656,1989
NV,6313,695,Government_Peak,42,Evergreen Forest,1046,1989
CO,17109,272,James_Peak,42,Evergreen Forest,29290,2024
SD,13534,55,Black_Elk,42,Evergreen Forest,57069,1989
FL,17350,574,St_Marks,42,Evergreen Forest,69,1989
MT,259756,538,Scapegoat,42,Evergreen Forest,592724,2024
CO/WY,24051,465,Platte_River,42,Evergreen Forest,70292,1989
CA,64041,155,Desolation,42,Evergreen Forest,77826,1989
CO,135104,168,Eagles_Nest,42,Evergreen Forest,305095,1989
ID,217511,536,Sawtooth,42,Evergreen Forest,399567,1989
UT,93,725,Goose_Creek,42,Evergreen Forest,302,2024
CA,695200,362,Mojave,42,Evergreen Forest,21335,2024
AR,11141,472,Poteau_Mountain,42,Evergreen Forest,22749,1989
AR,11141,472,Poteau_Mountain,42,Evergreen Forest,22885,2024
MS,993,314,Leaf,42,Evergreen Forest,221,2024
ID,266390,736,Owyhee_River,42,Evergreen Forest,4015,1989
UT,20660,794,Little_Ocean_Draw,42,Evergreen Forest,4,2024
UT,44447,714,Canaan_Mountain,42,Evergreen Forest,49574,1989
AZ,36949,496,Rincon_Mountain,42,Evergreen Forest,21337,2024
CA,112723,177,Emigrant,42,Evergreen Forest,91911,1989
WA,11851,132,Colonel_Bob,42,Evergreen Forest,53174,2024
WV,47742,141,Cranberry,42,Evergreen Forest,16611,1989
UT,29029,803,Turtle_Canyon,42,Evergreen Forest,102414,2024
TX,3521,45,Big_Slough,42,Evergreen Forest,5812,1989
CO,73416,373,Mount_Evans,42,Evergreen Forest,174856,1989
MT,34304,483,Rattlesnake,42,Evergreen Forest,129719,1989
MO,4236,500,Rockpile_Mountain,42,Evergreen Forest,78,1989
SC,4755,629,Wambaw_Swamp,42,Evergreen Forest,783,1989
ID,205395,212,Gospel_Hump,42,Evergreen Forest,579314,2024
CA,8158,417,North_Fork,42,Evergreen Forest,2820,2024
WA,5963,606,Trapper_Creek,42,Evergreen Forest,23973,2024
CA,11001,757,Elkhorn_Ridge,42,Evergreen Forest,40769,2024
CA,39740,728,John_Krebs,42,Evergreen Forest,106408,2024
NC,18477,550,Shining_Rock,42,Evergreen Forest,1411,2024
UT,142996,789,Desolation_Canyon,42,Evergreen Forest,150816,1989
WI,7270,647,Whisker_Lake,42,Evergreen Forest,772,1989
MI,25150,542,Seney,42,Evergreen Forest,1946,2024
NV,20521,699,Red_Mountain_NV,42,Evergreen Forest,81088,1989
UT,18689,742,Red_Mountain_UT,42,Evergreen Forest,10728,2024
WA,13278,383,Mount_Skokomish,42,Evergreen Forest,41505,1989
AZ,5100,138,Coyote_Mountains_AZ,42,Evergreen Forest,1640,1989
CA,21986,286,Kaiser,42,Evergreen Forest,69603,1989
CO,74408,485,Rawah,42,Evergreen Forest,246165,1989
OR,120694,418,North_Fork_John_Day,42,Evergreen Forest,458176,2024
FL,1296500,341,Marjory_Stoneman_Douglas,42,Evergreen Forest,12135,1989
CA,10510,276,Jennie_Lakes,42,Evergreen Forest,34658,1989
CO,23116,223,Greenhorn_Mountain,42,Evergreen Forest,70024,1989
CA,28460,313,Lava_Beds,42,Evergreen Forest,762,2024
WA,414322,8,Alpine_Lakes,42,Evergreen Forest,1302776,1989
OR,35749,502,Rogue_Umpqua_Divide,42,Evergreen Forest,140312,2024
WA,566161,207,Glacier_Peak,42,Evergreen Forest,1438948,2024
ID/OR,217747,239,Hells_Canyon_IDOR,42,Evergreen Forest,303060,2024
OR,52496,157,Diamond_Peak,42,Evergreen Forest,223857,2024
OR,69411,581,Strawberry_Mountain,42,Evergreen Forest,93333,2024
AZ,2040,22,Baboquivari_Peak,42,Evergreen Forest,1637,2024
VA,8907,273,James_River_Face,42,Evergreen Forest,994,1989
OR,20213,419,North_Fork_Umatilla,42,Evergreen Forest,64253,2024
CO,82496,252,Hunter_Fryingpan,42,Evergreen Forest,204233,2024
AZ,6178,644,Wet_Beaver,42,Evergreen Forest,19812,2024
OR,4965,351,Menagerie,42,Evergreen Forest,22816,2024
CA,104048,363,Mokelumne,42,Evergreen Forest,201941,2024
CA,219209,544,Sespe,42,Evergreen Forest,126756,2024
CA,33772,537,Sawtooth_Mountains,42,Evergreen Forest,4254,1989
ID,44027,733,North_Fork_Owyhee,42,Evergreen Forest,47944,1989
UT,76413,797,Mexican_Mountain,42,Evergreen Forest,137,2024
VT,4800,203,George_D_Aiken,42,Evergreen Forest,148,2024
CO,44345,534,Sarvis_Creek,42,Evergreen Forest,166028,1989
UT,8675,790,Devils_Canyon,42,Evergreen Forest,266,1989
NV,47311,147,Currant_Mountain,42,Evergreen Forest,136802,1989
CO,29027,377,Mount_Massive,42,Evergreen Forest,47583,2024
CA,133720,162,Domeland,42,Evergreen Forest,231911,1989
VT,4800,203,George_D_Aiken,42,Evergreen Forest,152,1989
UT,8675,790,Devils_Canyon,42,Evergreen Forest,350,2024
CO,73416,373,Mount_Evans,42,Evergreen Forest,184898,2024
MT,74524,360,Mission_Mountains,42,Evergreen Forest,242278,1989
CA,44223,365,Monarch,42,Evergreen Forest,68093,2024
NV,121449,696,High_Schells,42,Evergreen Forest,354160,2024
AZ,5800,424,North_Santa_Teresa,42,Evergreen Forest,4,2024
CA,32186,522,San_Jacinto,42,Evergreen Forest,50556,1989
VA,3745,712,Brush_Mountain_East,42,Evergreen Forest,1543,2024
NV,31223,396,Mt_Rose,42,Evergreen Forest,77244,1989
MO,9183,35,Bell_Mountain,42,Evergreen Forest,125,1989
IL,2760,29,Bay_Creek,42,Evergreen Forest,2093,2024
UT,27075,379,Mount_Nebo,42,Evergreen Forest,64778,1989
CO,12615,476,Ptarmigan_Peak,42,Evergreen Forest,38804,1989
CO,23116,223,Greenhorn_Mountain,42,Evergreen Forest,74268,2024
OR,19918,67,Boulder_Creek,42,Evergreen Forest,87658,1989
NV,35581,9,AltaToquima,42,Evergreen Forest,84072,2024
AR,10585,171,East_Fork,42,Evergreen Forest,7726,2024
NE,4635,190,Fort_Niobrara,42,Evergreen Forest,88,2024
VA,3745,712,Brush_Mountain_East,42,Evergreen Forest,1671,1989
NM,39540,642,West_Malpais,42,Evergreen Forest,35517,2024
OR,180103,287,Kalmiopsis,42,Evergreen Forest,560796,1989
AR,15214,254,Hurricane_Creek,42,Evergreen Forest,2335,1989
GA,10791,494,Rich_Mountain,42,Evergreen Forest,716,1989
CA,49296,136,Coso_Range,42,Evergreen Forest,1429,2024
NV,85668,666,Clover_Mountains,42,Evergreen Forest,194466,1989
CA,37793,122,Chumash,42,Evergreen Forest,93251,1989
OK,10372,623,Upper_Kiamichi_River,42,Evergreen Forest,7793,1989
NM,44678,14,Apache_Kid,42,Evergreen Forest,182562,1989
CA,199208,263,Inyo_Mountains,42,Evergreen Forest,188188,2024
CO,32062,191,Fossil_Ridge,42,Evergreen Forest,93985,2024
CA,12868,686,South_Fork_Eel_River,42,Evergreen Forest,47533,1989
CA,13260,457,Pine_Creek,42,Evergreen Forest,1430,1989
CA,64041,155,Desolation,42,Evergreen Forest,77977,2024
NV,52618,172,East_Fork_High_Rock_Canyon,42,Evergreen Forest,9,1989
AZ,41143,509,Saddle_Mountain,42,Evergreen Forest,120451,1989
GA,16618,343,Mark_Trail,42,Evergreen Forest,1725,1989
NV,88650,395,Mt_Moriah,42,Evergreen Forest,245148,2024
MT,259756,538,Scapegoat,42,Evergreen Forest,637850,1989
ID,116843,765,Jim_McClure_Jerry_Peak,42,Evergreen Forest,191154,2024
WA,228480,382,Mount_Rainier,42,Evergreen Forest,681595,1989
CO,32062,191,Fossil_Ridge,42,Evergreen Forest,92186,1989
TX,13248,620,Upland_Island,42,Evergreen Forest,47471,1989
NV,18119,692,Becky_Peak,42,Evergreen Forest,58357,1989
OR,28915,23,Badger_Creek,42,Evergreen Forest,123417,2024
CO,41531,329,Lizard_Head,42,Evergreen Forest,96369,2024
CO,66280,723,Dominguez_Canyon,42,Evergreen Forest,126864,2024
NH,24032,690,Wild_River,42,Evergreen Forest,41244,2024
NV,92652,505,Ruby_Mountains,42,Evergreen Forest,40707,1989
WY,10208,178,Encampment_River,42,Evergreen Forest,33353,1989
VA,3273,752,Stone_Mountain,42,Evergreen Forest,1,1989
CA,225114,340,Marble_Mountain,42,Evergreen Forest,440373,2024
NM,39540,642,West_Malpais,42,Evergreen Forest,34855,1989
CO,41281,86,Buffalo_Peaks,42,Evergreen Forest,97075,1989
WI,4074,471,Porcupine_Lake,42,Evergreen Forest,171,2024
SC,2122,237,Hell_Hole_Bay,42,Evergreen Forest,86,1989
CA,42695,687,King_Range,42,Evergreen Forest,157898,2024
CA,303713,210,Golden_Trout,42,Evergreen Forest,467485,2024
UT,54643,793,Labyrinth_Canyon,42,Evergreen Forest,10,2024
MI,132018,268,Isle_Royale,42,Evergreen Forest,106593,2024
WY,693934,632,Washakie,42,Evergreen Forest,1092992,2024
CA,15628,706,Beauty_Mountain,42,Evergreen Forest,1434,1989
CA,23578,84,Bucks_Lake,42,Evergreen Forest,26903,2024
AZ,15465,640,West_Clear_Creek,42,Evergreen Forest,49486,2024
CO,15599,53,Black_Canyon_of_the_Gunnison,42,Evergreen Forest,40904,2024
VA,5461,328,Little_Wilson_Creek,42,Evergreen Forest,2,2024
OR,22614,201,Gearhart_Mountain,42,Evergreen Forest,5732,2024
NV,54536,563,South_Jackson_Mountains,42,Evergreen Forest,20415,1989
WA,14266,410,Noisy_Diobsud,42,Evergreen Forest,56903,1989
CO,64307,479,Raggeds,42,Evergreen Forest,87119,1989
CO,41531,329,Lizard_Head,42,Evergreen Forest,95430,1989
CA,6919,232,Hauser,42,Evergreen Forest,50,1989
UT,18216,722,Docs_Pass,42,Evergreen Forest,22932,1989
SC,1832,628,Wambaw_Creek,42,Evergreen Forest,216,1989
GA,12853,73,Brasstown,42,Evergreen Forest,1000,2024
VT,7824,451,Peru_Peak,42,Evergreen Forest,3344,1989
WA,638173,577,Stephen_Mather,42,Evergreen Forest,1642328,1989
NV,42544,694,Goshute_Canyon,42,Evergreen Forest,115236,1989
OR,9026,146,Cummins_Creek,42,Evergreen Forest,37055,2024
CA,10666,681,Sanhedrin,42,Evergreen Forest,36441,2024
NV,59107,245,High_Rock_Lake,42,Evergreen Forest,130,1989
NV,47311,147,Currant_Mountain,42,Evergreen Forest,152597,2024
NM,8120,784,Rio_San_Antonio,42,Evergreen Forest,324,1989
NM,36764,339,Manzano_Mountain,42,Evergreen Forest,115718,2024
NV,28274,676,Mt_Irish,42,Evergreen Forest,34115,1989
NV,30648,416,North_Black_Rock_Range,42,Evergreen Forest,144,1989
CA,38599,47,Bighorn_Mountain,42,Evergreen Forest,5731,2024
CA,6287,685,Cedar_Roughs,42,Evergreen Forest,440,2024
CA,31906,337,Malpais_Mesa,42,Evergreen Forest,1,2024
NV,30594,668,Worthington_Mountains,42,Evergreen Forest,12401,1989
UT,3291,721,Deep_Creek,42,Evergreen Forest,10557,1989
CA,35738,520,San_Gabriel,42,Evergreen Forest,11738,2024
MS,5033,54,Black_Creek,42,Evergreen Forest,9894,1989
OR,113571,558,Sky_Lakes,42,Evergreen Forest,383904,2024
NM,47035,109,Chama_River_Canyon,42,Evergreen Forest,128640,2024
CA,26839,738,Pleasant_View_Ridge,42,Evergreen Forest,68068,1989
WV,5147,708,Big_Draft,42,Evergreen Forest,60,2024
CA,86245,294,Kiavah,42,Evergreen Forest,81285,2024
IL,5800,25,Bald_Knob,42,Evergreen Forest,81,1989
OR,54406,389,Mount_Washington,42,Evergreen Forest,115345,2024
AZ,250760,347,Mazatzal,42,Evergreen Forest,383771,1989
NV,14095,693,Bristlecone,42,Evergreen Forest,59461,1989
CA,31415,554,Silver_Peak,42,Evergreen Forest,40103,1989
NV,110471,274,Jarbidge,42,Evergreen Forest,168741,1989
OR,9465,715,Clackamas,42,Evergreen Forest,43684,1989
IL,3694,88,Burden_Falls,42,Evergreen Forest,1936,2024
CO,37344,760,Hermosa_Creek,42,Evergreen Forest,96269,1989
NV,92627,590,Table_Mountain,42,Evergreen Forest,214446,1989
MI,11358,336,Mackinac,42,Evergreen Forest,3738,1989
CA,39740,728,John_Krebs,42,Evergreen Forest,125171,1989
UT,7179,804,Nelson_Mountain,42,Evergreen Forest,12428,1989
MT,28248,635,Welcome_Creek,42,Evergreen Forest,64210,2024
ME,11236,99,Caribou_Speckled_Mountain,42,Evergreen Forest,17360,1989
WY,191914,129,Cloud_Peak,42,Evergreen Forest,278148,2024
IL,4739,124,Clear_Springs,42,Evergreen Forest,23,1989
CA,37793,122,Chumash,42,Evergreen Forest,87774,2024
NM,5185,161,Dome,42,Evergreen Forest,19884,1989
WA,152980,306,Lake_Chelan_Sawtooth,42,Evergreen Forest,428210,1989
NV,10467,69,Boundary_Peak,42,Evergreen Forest,20725,1989
OR,355553,167,Eagle_Cap,42,Evergreen Forest,999621,1989
AZ,14650,376,Mount_Logan,42,Evergreen Forest,57991,2024
CO,230829,186,Flat_Tops,42,Evergreen Forest,529225,2024
MI,32557,758,Sleeping_Bear_Dunes,42,Evergreen Forest,5666,2024
AZ,38944,626,Wabayuma_Peak,42,Evergreen Forest,30412,1989
AZ,129800,18,Arrastra_Mountain,42,Evergreen Forest,1,1989
ID,50930,730,Little_Jacks_Creek,42,Evergreen Forest,102,1989
WA,5963,606,Trapper_Creek,42,Evergreen Forest,26705,1989
CA,56239,682,Yuki,42,Evergreen Forest,103148,1989
KY,4816,32,Beaver_Creek,42,Evergreen Forest,50,2024
AZ,11700,163,Dos_Cabezas_Mountains,42,Evergreen Forest,17358,2024
UT,4478,720,Deep_Creek_North,42,Evergreen Forest,6824,1989
UT,99428,680,Cedar_Mountain_Area,42,Evergreen Forest,14679,2024
IL,3694,88,Burden_Falls,42,Evergreen Forest,1938,1989
NV,52451,216,Grant_Range,42,Evergreen Forest,163507,1989
NV,49151,761,Wovoka,42,Evergreen Forest,123720,1989
CA,128044,249,Hoover,42,Evergreen Forest,125756,1989
CA,13140,117,Chimney_Peak,42,Evergreen Forest,39337,1989
NH,35301,528,Sandwich_Range,42,Evergreen Forest,76399,2024
UT,13107,710,Blackridge,42,Evergreen Forest,30997,1989
AZ,37457,240,Hellsgate,42,Evergreen Forest,79397,1989
NM,29106,63,Blue_Range,42,Evergreen Forest,115792,1989
NM,37278,527,Sandia_Mountain,42,Evergreen Forest,125842,1989
ID,89820,711,Bruneau_Jarbidge_Rivers,42,Evergreen Forest,552,2024
UT,11667,717,Cottonwood_Canyon,42,Evergreen Forest,141,2024
WA,168955,652,William_O_Douglas,42,Evergreen Forest,510333,2024
MI,146,253,Huron_Islands,42,Evergreen Forest,122,2024
CO,9482,92,Cache_La_Poudre,42,Evergreen Forest,34213,1989
MI,3879,250,Horseshoe_Bay,42,Evergreen Forest,173,1989
AZ,68231,288,Kanab_Creek,42,Evergreen Forest,33372,2024
WA,638173,577,Stephen_Mather,42,Evergreen Forest,1612164,2024
NV,42544,694,Goshute_Canyon,42,Evergreen Forest,78108,2024
NM,47035,109,Chama_River_Canyon,42,Evergreen Forest,138915,1989
CA,101574,521,San_Gorgonio,42,Evergreen Forest,193887,1989
TX,46850,225,Guadalupe_Mountains,42,Evergreen Forest,104698,2024
NV,56890,438,Pahute_Peak,42,Evergreen Forest,93,1989
TN,9037,766,Upper_Bald_River,42,Evergreen Forest,122,2024
CA,16893,433,Otay_Mountain,42,Evergreen Forest,3000,1989
VA,9826,513,Saint_Marys,42,Evergreen Forest,1838,1989
NV,110471,274,Jarbidge,42,Evergreen Forest,130288,2024
NE,7833,560,Soldier_Creek,42,Evergreen Forest,2358,2024
GA,9907,145,Cumberland_Island,42,Evergreen Forest,25081,2024
CA,30863,159,Dinkey_Lakes,42,Evergreen Forest,94759,2024
AL,7400,115,Cheaha,42,Evergreen Forest,2666,2024
NV,59107,245,High_Rock_Lake,42,Evergreen Forest,34,2024
CA,652903,278,John_Muir,42,Evergreen Forest,794008,2024
MT,28248,635,Welcome_Creek,42,Evergreen Forest,109126,1989
UT,19339,796,Lower_Last_Chance,42,Evergreen Forest,9,2024
CO/UT,75479,58,Black_Ridge_Canyons,42,Evergreen Forest,70157,1989
UT,11001,788,Cold_Wash,42,Evergreen Forest,57,1989
UT,49130,802,Sids_Mountain,42,Evergreen Forest,762,2024
CA,5575,756,Cahuilla_Mountain,42,Evergreen Forest,1230,2024
CA,20839,98,Caribou,42,Evergreen Forest,13062,2024
NV,56890,438,Pahute_Peak,42,Evergreen Forest,277,2024
WA,41307,515,Salmo_Priest,42,Evergreen Forest,166764,2024
VT,24985,74,Breadloaf,42,Evergreen Forest,16734,1989
WV,6048,311,Laurel_Fork_North,42,Evergreen Forest,14,1989
VA,5928,295,Kimberling_Creek,43,Mixed Forest,15800,2024
UT,25078,154,Deseret_Peak,43,Mixed Forest,14,2024
CA,29207,345,Matilija,43,Mixed Forest,4131,2024
OR,64742,374,Mount_Hood,43,Mixed Forest,171,1989
AR,16652,315,Leatherwood,43,Mixed Forest,11907,2024
UT,15291,381,Mount_Olympus,43,Mixed Forest,71,1989
MI,16704,582,Sturgeon_River_Gorge,43,Mixed Forest,36930,1989
NH,5658,220,Great_Gulf,43,Mixed Forest,2813,2024
OR,36879,87,Bull_of_the_Woods,43,Mixed Forest,20,1989
NC,5065,49,Birkhead_Mountains,43,Mixed Forest,1948,1989
VA,4607,601,Three_Ridges,43,Mixed Forest,863,1989
WA,451,633,Washington_Islands,43,Mixed Forest,2,1989
NM,203548,4,Aldo_Leopold,43,Mixed Forest,14560,1989
ID,2358886,194,Frank_Church_River_of_No_Return,43,Mixed Forest,23,1989
TN,10895,519,Sampson_Mountain,43,Mixed Forest,27352,2024
CA,303713,210,Golden_Trout,43,Mixed Forest,3,1989
VA/WV,16525,392,Mountain_Lake,43,Mixed Forest,13193,2024
MI,11740,707,Beaver_Basin,43,Mixed Forest,6234,1989
VA,79579,549,Shenandoah,43,Mixed Forest,33026,1989
CA,71275,158,Dick_Smith,43,Mixed Forest,2687,2024
AR,16652,315,Leatherwood,43,Mixed Forest,11930,1989
CO,44345,534,Sarvis_Creek,43,Mixed Forest,4242,2024
IL,2760,29,Bay_Creek,43,Mixed Forest,1343,1989
OR,36879,87,Bull_of_the_Woods,43,Mixed Forest,24,2024
AZ,56973,477,Pusch_Ridge,43,Mixed Forest,36,1989
AR,10585,171,East_Fork,43,Mixed Forest,4843,1989
UT,124406,755,Zion,43,Mixed Forest,6,2024
VT,3750,81,Bristol_Cliffs,43,Mixed Forest,1879,2024
UT,50216,459,Pine_Valley_Mountain,43,Mixed Forest,2997,1989
CO,160997,568,South_San_Juan,43,Mixed Forest,38734,2024
VT,12336,689,Joseph_Battell,43,Mixed Forest,9048,2024
LA,8701,297,Kisatchie_Hills,43,Mixed Forest,677,1989
CA,60222,559,Snow_Mountain,43,Mixed Forest,4,2024
OR/WA,176737,638,Wenaha_Tucannon,43,Mixed Forest,21,1989
OR,283818,602,Three_Sisters,43,Mixed Forest,28,2024
OR,17176,218,Grassy_Knob,43,Mixed Forest,1170,1989
OR,283818,602,Three_Sisters,43,Mixed Forest,28,1989
NM,41305,525,San_Pedro_Parks,43,Mixed Forest,19443,2024
AZ,38944,626,Wabayuma_Peak,43,Mixed Forest,2,2024
CA,73868,435,Owens_Peak,43,Mixed Forest,10,1989
ID/MT,1347644,540,Selway_Bitterroot,43,Mixed Forest,1340,2024
NH,35301,528,Sandwich_Range,43,Mixed Forest,42509,1989
CO,68025,133,Comanche_Peak,43,Mixed Forest,204,1989
VT,7824,451,Peru_Peak,43,Mixed Forest,5893,2024
MT,93272,91,Cabinet_Mountains,43,Mixed Forest,469,2024
OR,9026,146,Cummins_Creek,43,Mixed Forest,4258,1989
CA,236726,625,Ventana,43,Mixed Forest,24310,2024
ID/OR,217747,239,Hells_Canyon_IDOR,43,Mixed Forest,2,1989
NM,44372,759,Columbine_Hondo,43,Mixed Forest,10438,2024
WA,152980,306,Lake_Chelan_Sawtooth,43,Mixed Forest,4,2024
AZ,18534,516,Salome,43,Mixed Forest,38,1989
NV,68623,697,Highland_Ridge,43,Mixed Forest,78,1989
CO,62742,473,Powderhorn,43,Mixed Forest,5646,2024
OR,65435,342,Mark_O_Hatfield,43,Mixed Forest,1893,1989
VA,5613,31,Beartown,43,Mixed Forest,6046,2024
NM,41305,525,San_Pedro_Parks,43,Mixed Forest,21524,1989
TN,6937,468,Pond_Mountain,43,Mixed Forest,16184,2024
MI,3271,412,Nordhouse_Dunes,43,Mixed Forest,2486,2024
IL,821,443,Panther_Den,43,Mixed Forest,325,1989
CA,537357,611,Trinity_Alps,43,Mixed Forest,3,1989
TN,10895,519,Sampson_Mountain,43,Mixed Forest,25224,1989
CA,101574,521,San_Gorgonio,43,Mixed Forest,2368,2024
MI,375,504,Round_Island,43,Mixed Forest,348,1989
OR,36865,627,Waldo_Lake,43,Mixed Forest,1,2024
CA,15985,461,Hain,43,Mixed Forest,2286,1989
WA,3060,208,Glacier_View,43,Mixed Forest,1,2024
NM,18881,143,Cruces_Basin,43,Mixed Forest,3294,2024
OR,9465,715,Clackamas,43,Mixed Forest,5,2024
ID,2358886,194,Frank_Church_River_of_No_Return,43,Mixed Forest,10,2024
CO,19237,572,Spanish_Peaks,43,Mixed Forest,3277,1989
AZ,87182,118,Chiricahua,43,Mixed Forest,235,1989
WY,123896,275,Jedediah_Smith,43,Mixed Forest,383,2024
NC,7482,355,Middle_Prong,43,Mixed Forest,19633,2024
KY,12371,127,Clifty,43,Mixed Forest,49345,2024
AZ,38470,486,Rawhide_Mountains,43,Mixed Forest,1,2024
MI,3879,250,Horseshoe_Bay,43,Mixed Forest,103,2024
AZ,250760,347,Mazatzal,43,Mixed Forest,173,1989
OR,7273,498,Rock_Creek,43,Mixed Forest,4653,2024
NC,11653,319,Linville_Gorge,43,Mixed Forest,24528,2024
AZ,41143,509,Saddle_Mountain,43,Mixed Forest,3190,2024
OK,10372,623,Upper_Kiamichi_River,43,Mixed Forest,13337,2024
NM,37278,527,Sandia_Mountain,43,Mixed Forest,4728,2024
TX,3817,324,Little_Lake_Creek,43,Mixed Forest,3936,2024
WA,41307,515,Salmo_Priest,43,Mixed Forest,4,1989
PA,8633,243,Hickory_Creek,43,Mixed Forest,18607,2024
AZ,58448,587,Sycamore_Canyon,43,Mixed Forest,4,2024
VA,4225,740,Raccoon_Branch,43,Mixed Forest,3935,1989
VA,5994,475,Priest,43,Mixed Forest,971,1989
GA/NC,23364,571,Southern_Nantahala,43,Mixed Forest,27034,1989
CA,29207,345,Matilija,43,Mixed Forest,1525,1989
CO,74408,485,Rawah,43,Mixed Forest,172,2024
NM,19154,645,Wheeler_Peak,43,Mixed Forest,1657,1989
MI,25150,542,Seney,43,Mixed Forest,2083,1989
MT,286659,219,Great_Bear,43,Mixed Forest,3569,2024
CO,64307,479,Raggeds,43,Mixed Forest,2303,2024
ME,2712,368,Moosehorn,43,Mixed Forest,1612,1989
MI,15237,588,Sylvania,43,Mixed Forest,27760,2024
VA,6532,493,Rich_Hole,43,Mixed Forest,2800,1989
VA,5613,31,Beartown,43,Mixed Forest,6029,1989
WV,5147,708,Big_Draft,43,Mixed Forest,4072,1989
CA,12178,732,Magic_Mountain,43,Mixed Forest,15205,1989
VA,3273,752,Stone_Mountain,43,Mixed Forest,6741,1989
MI,16704,582,Sturgeon_River_Gorge,43,Mixed Forest,37477,2024
MT/WY,937102,1,Absaroka_Beartooth,43,Mixed Forest,91,2024
CA,27315,455,Phillip_Burton,43,Mixed Forest,7885,2024
NM,221796,447,Pecos,43,Mixed Forest,66516,2024
TN,2559,202,Gee_Creek,43,Mixed Forest,8367,2024
CA,768222,543,Sequoia_Kings_Canyon,43,Mixed Forest,267,2024
WA,49344,68,Boulder_River,43,Mixed Forest,129,1989
MN,816244,70,Boundary_Waters_Canoe_Area,43,Mixed Forest,1315258,1989
MO,16427,265,Irish,43,Mixed Forest,3622,1989
VT,3750,81,Bristol_Cliffs,43,Mixed Forest,1885,1989
NC,8490,105,Catfish_Lake_South,43,Mixed Forest,19,1989
MI,15237,588,Sylvania,43,Mixed Forest,27625,1989
AZ,56973,477,Pusch_Ridge,43,Mixed Forest,3,2024
OR,64742,374,Mount_Hood,43,Mixed Forest,166,2024
AZ,16009,107,Cedar_Bench,43,Mixed Forest,10,1989
CA,18278,335,Machesna_Mountain,43,Mixed Forest,4848,2024
OR,36548,744,Roaring_River,43,Mixed Forest,123,2024
AL,25809,556,Sipsey,43,Mixed Forest,16016,1989
CO,8500,352,Mesa_Verde,43,Mixed Forest,10,2024
WA,531325,445,Pasayten,43,Mixed Forest,122,1989
VA,5928,295,Kimberling_Creek,43,Mixed Forest,15714,1989
AZ,27440,622,Upper_Burro_Creek,43,Mixed Forest,1,2024
AZ,16009,107,Cedar_Bench,43,Mixed Forest,12,2024
MO,8184,460,Piney_Creek,43,Mixed Forest,5529,2024
OR,30787,786,Devils_Staircase,43,Mixed Forest,19772,1989
TX,13248,620,Upland_Island,43,Mixed Forest,4065,2024
WY,10662,653,Winegar_Hole,43,Mixed Forest,4,2024
AZ,20251,358,Miller_Peak,43,Mixed Forest,3,1989
MN,2180,593,Tamarac,43,Mixed Forest,810,2024
TN,9037,766,Upper_Bald_River,43,Mixed Forest,17548,1989
WY,584733,596,Teton,43,Mixed Forest,12,1989
AZ,20253,551,Sierra_Ancha,43,Mixed Forest,184,2024
VA,3329,724,Garden_Mountain,43,Mixed Forest,4899,1989
TN,16213,123,Citico_Creek,43,Mixed Forest,40519,1989
GA,12853,73,Brasstown,43,Mixed Forest,27498,1989
CO,122453,248,Holy_Cross,43,Mixed Forest,2140,1989
WV,6037,750,Spice_Run,43,Mixed Forest,4672,2024
TN,3791,26,Bald_River_Gorge,43,Mixed Forest,10545,2024
IL,5800,25,Bald_Knob,43,Mixed Forest,285,2024
IN,12472,112,Charles_C_Deam,43,Mixed Forest,5733,1989
WI,7270,647,Whisker_Lake,43,Mixed Forest,2428,2024
CO,497111,637,Weminuche,43,Mixed Forest,15054,1989
IL,821,443,Panther_Den,43,Mixed Forest,329,2024
WA,876447,428,Daniel_J_Evans,43,Mixed Forest,8717,2024
VA,5507,28,Barbours_Creek,43,Mixed Forest,692,1989
NH,5658,220,Great_Gulf,43,Mixed Forest,2903,1989
VA/WV,16525,392,Mountain_Lake,43,Mixed Forest,13002,1989
CO,249126,745,Rocky_Mountain,43,Mixed Forest,286,1989
AZ,20053,458,Pine_Mountain,43,Mixed Forest,36,2024
WA,102919,241,Henry_M_Jackson,43,Mixed Forest,14,2024
CA,13987,197,Garcia,43,Mixed Forest,26032,1989
MT,74524,360,Mission_Mountains,43,Mixed Forest,52,2024
CA,10666,681,Sanhedrin,43,Mixed Forest,46,1989
CA,182298,661,Yolla_Bolly_Middle_Eel,43,Mixed Forest,2,2024
VT,12336,689,Joseph_Battell,43,Mixed Forest,8695,1989
SC,21700,134,Congaree,43,Mixed Forest,5,2024
AZ,27440,622,Upper_Burro_Creek,43,Mixed Forest,3,1989
CO,82496,252,Hunter_Fryingpan,43,Mixed Forest,100,1989
OR,20777,429,Opal_Creek,43,Mixed Forest,4,1989
VA,9826,513,Saint_Marys,43,Mixed Forest,21277,2024
NM,44678,14,Apache_Kid,43,Mixed Forest,161,2024
KY,12371,127,Clifty,43,Mixed Forest,45229,1989
FL,1296500,341,Marjory_Stoneman_Douglas,43,Mixed Forest,5375,2024
ID/MT,1347644,540,Selway_Bitterroot,43,Mixed Forest,581,1989
MI,11358,336,Mackinac,43,Mixed Forest,6709,2024
MO,4236,500,Rockpile_Mountain,43,Mixed Forest,1017,2024
WA,119966,371,Mount_Baker,43,Mixed Forest,77,1989
AZ,18109,402,Munds_Mountain,43,Mixed Forest,4,2024
VA,8907,273,James_River_Face,43,Mixed Forest,3592,2024
MO,6691,156,Devils_Backbone,43,Mixed Forest,1741,1989
AZ,48314,489,Red_Rock_Secret_Mountain,43,Mixed Forest,37,1989
OR,5784,591,Table_Rock,43,Mixed Forest,10,1989
CA,35738,520,San_Gabriel,43,Mixed Forest,17539,1989
NM,44372,759,Columbine_Hondo,43,Mixed Forest,11504,1989
NM,44678,14,Apache_Kid,43,Mixed Forest,1671,1989
AL,25809,556,Sipsey,43,Mixed Forest,15475,2024
AZ,58448,587,Sycamore_Canyon,43,Mixed Forest,9,1989
CA,13007,144,Cucamonga,43,Mixed Forest,9,2024
AR,11978,621,Upper_Buffalo,43,Mixed Forest,625,2024
CA,32186,522,San_Jacinto,43,Mixed Forest,503,2024
MO,8184,460,Piney_Creek,43,Mixed Forest,5521,1989
AL,8947,166,Dugger_Mountain,43,Mixed Forest,8948,2024
OR,5792,164,Drift_Creek,43,Mixed Forest,3018,1989
GA/TN,8502,38,Big_Frog,43,Mixed Forest,20077,2024
MS,993,314,Leaf,43,Mixed Forest,158,2024
AZ,18534,516,Salome,43,Mixed Forest,44,2024
GA/TN,37033,130,Cohutta,43,Mixed Forest,92489,2024
OR,62139,514,Salmon_Huckleberry,43,Mixed Forest,620,1989
CO,64307,479,Raggeds,43,Mixed Forest,2365,1989
MT/WY,937102,1,Absaroka_Beartooth,43,Mixed Forest,50,1989
ME,11236,99,Caribou_Speckled_Mountain,43,Mixed Forest,7862,1989
MT,32350,488,Red_Rock_Lakes,43,Mixed Forest,2,2024
AZ,7499,440,Pajarita,43,Mixed Forest,1,2024
AR,10180,187,Flatside,43,Mixed Forest,15122,2024
WY,285619,224,Gros_Ventre,43,Mixed Forest,1,2024
OR,355553,167,Eagle_Cap,43,Mixed Forest,15,2024
NC/TN,19246,280,Joyce_Kilmer_Slickrock,43,Mixed Forest,42715,1989
WV,17777,160,Dolly_Sods,43,Mixed Forest,19504,2024
MO,12423,242,Hercules_Glades,43,Mixed Forest,20622,1989
MT,20819,616,UL_Bend,43,Mixed Forest,5,1989
WI,4074,471,Porcupine_Lake,43,Mixed Forest,4601,1989
CO,114864,331,Lost_Creek,43,Mixed Forest,3059,1989
WA,13278,383,Mount_Skokomish,43,Mixed Forest,6,2024
OR,7273,498,Rock_Creek,43,Mixed Forest,4596,1989
GA/NC,23364,571,Southern_Nantahala,43,Mixed Forest,20611,2024
CO,77932,261,Indian_Peaks,43,Mixed Forest,4,1989
NV,121449,696,High_Schells,43,Mixed Forest,181,1989
NM,23267,27,Bandelier,43,Mixed Forest,119,1989
VA,5994,475,Priest,43,Mixed Forest,1001,2024
VT,6725,37,Big_Branch,43,Mixed Forest,6159,2024
CO,181973,344,Maroon_Bells_Snowmass,43,Mixed Forest,9176,2024
CA,133720,162,Domeland,43,Mixed Forest,5,2024
VA,6577,482,Ramseys_Draft,43,Mixed Forest,13872,2024
CA,16893,433,Otay_Mountain,43,Mixed Forest,551,2024
NM,20420,310,Latir_Peak,43,Mixed Forest,678,2024
AZ,37457,240,Hellsgate,43,Mixed Forest,12,2024
TX,5536,612,Turkey_Hill,43,Mixed Forest,1903,1989
CO,32062,191,Fossil_Ridge,43,Mixed Forest,409,2024
CA,44223,365,Monarch,43,Mixed Forest,190,1989
ND,29920,598,Theodore_Roosevelt,43,Mixed Forest,22085,2024
WA,105543,704,Wild_Sky,43,Mixed Forest,2385,2024
VA,5773,545,Shawvers_Run,43,Mixed Forest,2681,1989
ID/OR,217747,239,Hells_Canyon_IDOR,43,Mixed Forest,3,2024
AZ,11235,30,Bear_Wallow,43,Mixed Forest,1,2024
CO,230829,186,Flat_Tops,43,Mixed Forest,4483,1989
AZ,6664,293,Kendrick_Mountain,43,Mixed Forest,1793,1989
AR,34933,85,Buffalo_National_River,43,Mixed Forest,12776,2024
CA,43182,546,Sheep_Mountain,43,Mixed Forest,3436,2024
MO,9183,35,Bell_Mountain,43,Mixed Forest,953,2024
MI,16861,348,McCormick,43,Mixed Forest,33177,2024
MT,1062694,64,Bob_Marshall,43,Mixed Forest,426,2024
WV,5840,312,Laurel_Fork_South,43,Mixed Forest,7063,2024
CA,20241,530,Santa_Lucia,43,Mixed Forest,6578,1989
AR,15214,254,Hurricane_Creek,43,Mixed Forest,3052,1989
CO,176431,641,West_Elk,43,Mixed Forest,13365,2024
AR,11674,495,Richland_Creek,43,Mixed Forest,1275,1989
MT,32350,488,Red_Rock_Lakes,43,Mixed Forest,7,1989
WV,47742,141,Cranberry,43,Mixed Forest,121725,2024
NC/TN,19246,280,Joyce_Kilmer_Slickrock,43,Mixed Forest,38173,2024
UT,453863,246,High_Uintas,43,Mixed Forest,190,1989
CA,42079,266,Ishi,43,Mixed Forest,12,2024
MT,286659,219,Great_Bear,43,Mixed Forest,1512,1989
VA,2845,321,Little_Dry_Run,43,Mixed Forest,8206,1989
CA,182298,661,Yolla_Bolly_Middle_Eel,43,Mixed Forest,25,1989
CA,39412,524,San_Mateo_Canyon,43,Mixed Forest,43108,1989
CA,31415,554,Silver_Peak,43,Mixed Forest,51022,2024
WV,6794,743,Roaring_Plains_West,43,Mixed Forest,5937,1989
GA,7742,62,Blood_Mountain,43,Mixed Forest,8178,1989
TN,10804,43,Big_Laurel_Branch,43,Mixed Forest,14182,2024
CA,56239,682,Yuki,43,Mixed Forest,2305,2024
CO,114864,331,Lost_Creek,43,Mixed Forest,3435,2024
AZ,6819,372,Mount_Baldy,43,Mixed Forest,1669,1989
AR,11141,472,Poteau_Mountain,43,Mixed Forest,10376,2024
AR/OK,13347,56,Black_Fork_Mountain,43,Mixed Forest,15741,2024
TN,6937,468,Pond_Mountain,43,Mixed Forest,15358,1989
WA,566161,207,Glacier_Peak,43,Mixed Forest,36,1989
ID,90776,764,White_Clouds,43,Mixed Forest,1,2024
TX,3521,45,Big_Slough,43,Mixed Forest,467,2024
SC,21700,134,Congaree,43,Mixed Forest,2,1989
ND,29920,598,Theodore_Roosevelt,43,Mixed Forest,18385,1989
VA,8471,727,Hunting_Camp_Creek,43,Mixed Forest,11582,1989
MI,146,253,Huron_Islands,43,Mixed Forest,118,1989
WA,119966,371,Mount_Baker,43,Mixed Forest,121,2024
WA,41307,515,Salmo_Priest,43,Mixed Forest,28,2024
GA,10343,607,Tray_Mountain,43,Mixed Forest,17111,2024
CA,8158,417,North_Fork,43,Mixed Forest,1,2024
CA,60222,559,Snow_Mountain,43,Mixed Forest,689,1989
AZ,18720,285,Kachina_Peaks,43,Mixed Forest,13908,2024
AZ,5158,180,Escudilla,43,Mixed Forest,1961,1989
WA,228480,382,Mount_Rainier,43,Mixed Forest,34,2024
NM,18881,143,Cruces_Basin,43,Mixed Forest,3657,1989
OR,17176,218,Grassy_Knob,43,Mixed Forest,650,2024
TX,13248,620,Upland_Island,43,Mixed Forest,1495,1989
WY,15284,535,Savage_Run,43,Mixed Forest,58,1989
ID,205395,212,Gospel_Hump,43,Mixed Forest,8,1989
CA,73868,435,Owens_Peak,43,Mixed Forest,20,2024
UT,10518,386,Mount_Timpanogos,43,Mixed Forest,16,2024
WI,7135,480,Rainbow_Lake,43,Mixed Forest,5890,2024
CA,13007,144,Cucamonga,43,Mixed Forest,5,1989
WI,7135,480,Rainbow_Lake,43,Mixed Forest,5699,1989
OH,77,643,West_Sister_Island,43,Mixed Forest,13,1989
WV,5147,708,Big_Draft,43,Mixed Forest,4041,2024
CA,27296,684,Cache_Creek,43,Mixed Forest,6887,1989
FL,1296500,341,Marjory_Stoneman_Douglas,43,Mixed Forest,2588,1989
CO,165874,131,Collegiate_Peaks,43,Mixed Forest,960,2024
CA,20241,530,Santa_Lucia,43,Mixed Forest,20862,2024
AR,10180,187,Flatside,43,Mixed Forest,15122,1989
UT,27075,379,Mount_Nebo,43,Mixed Forest,129,2024
CA,42079,266,Ishi,43,Mixed Forest,12,1989
UT,7085,20,AshdownGorge,43,Mixed Forest,518,2024
OR,62139,514,Salmon_Huckleberry,43,Mixed Forest,924,2024
OR,36865,627,Waldo_Lake,43,Mixed Forest,1,1989
IL,4050,140,Crab_Orchard,43,Mixed Forest,850,1989
VT,22330,688,Glastenbury,43,Mixed Forest,9404,2024
MO,7040,436,Paddy_Creek,43,Mixed Forest,2367,1989
AL,7400,115,Cheaha,43,Mixed Forest,5898,1989
MN,2180,593,Tamarac,43,Mixed Forest,878,1989
AZ,6819,372,Mount_Baldy,43,Mixed Forest,1464,2024
AZ,11235,30,Bear_Wallow,43,Mixed Forest,1967,1989
WA,876447,428,Daniel_J_Evans,43,Mixed Forest,8766,1989
ME,4680,369,Moosehorn_Baring_Unit,43,Mixed Forest,2862,2024
OR,65435,342,Mark_O_Hatfield,43,Mixed Forest,387,2024
MI,5268,41,Big_Island_Lake,43,Mixed Forest,5686,2024
NH,45809,450,Pemigewasset,43,Mixed Forest,47356,1989
AZ,26912,533,Santa_Teresa,43,Mixed Forest,21,2024
MI,375,504,Round_Island,43,Mixed Forest,336,2024
AZ,25457,104,Castle_Creek,43,Mixed Forest,60,2024
CO,68025,133,Comanche_Peak,43,Mixed Forest,2,2024
WI,33500,677,Gaylord_Nelson,43,Mixed Forest,89794,1989
WV,20705,434,Otter_Creek,43,Mixed Forest,45875,1989
CO,165874,131,Collegiate_Peaks,43,Mixed Forest,951,1989
VA,6532,493,Rich_Hole,43,Mixed Forest,2527,2024
VT,7824,451,Peru_Peak,43,Mixed Forest,5900,1989
GA,9240,484,Raven_Cliffs,43,Mixed Forest,10437,2024
AR,6301,165,Dry_Creek,43,Mixed Forest,6588,2024
VT,22330,688,Glastenbury,43,Mixed Forest,9502,1989
CA,32186,522,San_Jacinto,43,Mixed Forest,1810,1989
UT,453863,246,High_Uintas,43,Mixed Forest,156,2024
UT,50216,459,Pine_Valley_Mountain,43,Mixed Forest,1563,2024
NM,203548,4,Aldo_Leopold,43,Mixed Forest,24,2024
AZ,10500,184,Fishhooks,43,Mixed Forest,2,2024
AR,11978,621,Upper_Buffalo,43,Mixed Forest,615,1989
CO,12615,476,Ptarmigan_Peak,43,Mixed Forest,125,2024
WA,11851,132,Colonel_Bob,43,Mixed Forest,36,1989
NM,46963,649,White_Mountain,43,Mixed Forest,2,1989
CO,126480,303,La_Garita,43,Mixed Forest,759,2024
WA,16297,597,The_Brothers,43,Mixed Forest,75,2024
VA,4795,713,Brush_Mountain,43,Mixed Forest,7938,1989
VA,8471,727,Hunting_Camp_Creek,43,Mixed Forest,11644,2024
ID,217511,536,Sawtooth,43,Mixed Forest,5,1989
PA,8633,243,Hickory_Creek,43,Mixed Forest,18764,1989
WA,16297,597,The_Brothers,43,Mixed Forest,79,1989
CA,6287,685,Cedar_Roughs,43,Mixed Forest,1888,1989
CA,27315,455,Phillip_Burton,43,Mixed Forest,6777,1989
CO,16486,384,Mount_Sneffels,43,Mixed Forest,1028,1989
WY,10208,178,Encampment_River,43,Mixed Forest,76,2024
WA,451,633,Washington_Islands,43,Mixed Forest,1,2024
MT,242068,316,Lee_Metcalf,43,Mixed Forest,15,1989
AZ,18109,402,Munds_Mountain,43,Mixed Forest,4,1989
TN,4472,617,Unaka_Mountain,43,Mixed Forest,17372,2024
WA,105543,704,Wild_Sky,43,Mixed Forest,1963,1989
CA,15985,461,Hain,43,Mixed Forest,4014,2024
NV,78754,698,Mount_Grafton,43,Mixed Forest,184,1989
NH,45809,450,Pemigewasset,43,Mixed Forest,47394,2024
WA,152980,306,Lake_Chelan_Sawtooth,43,Mixed Forest,8,1989
SC,4755,629,Wambaw_Swamp,43,Mixed Forest,1,1989
VA,2427,603,Thunder_Ridge,43,Mixed Forest,842,2024
WA,228480,382,Mount_Rainier,43,Mixed Forest,34,1989
MI,5268,41,Big_Island_Lake,43,Mixed Forest,5595,1989
LA,8701,297,Kisatchie_Hills,43,Mixed Forest,825,2024
AR,15214,254,Hurricane_Creek,43,Mixed Forest,3058,2024
CA,71275,158,Dick_Smith,43,Mixed Forest,99462,1989
MO,6691,156,Devils_Backbone,43,Mixed Forest,1704,2024
TX,12214,259,Indian_Mounds,43,Mixed Forest,4206,1989
WA,414322,8,Alpine_Lakes,43,Mixed Forest,2532,2024
OR,8758,356,Middle_Santiam,43,Mixed Forest,11,1989
CA,768222,543,Sequoia_Kings_Canyon,43,Mixed Forest,4281,1989
VT,18122,334,Lye_Brook,43,Mixed Forest,15021,2024
MT,11366,350,Medicine_Lake,43,Mixed Forest,3,1989
OR,30787,786,Devils_Staircase,43,Mixed Forest,24039,2024
IL,3955,198,Garden_of_the_Gods,43,Mixed Forest,1592,1989
VA,4607,601,Three_Ridges,43,Mixed Forest,860,2024
GA/NC/SC,8300,176,Ellicott_Rock,43,Mixed Forest,26115,2024
CA,179847,557,Siskiyou,43,Mixed Forest,111,1989
CA,191104,526,San_Rafael,43,Mixed Forest,31152,2024
CA,18002,3,Agua_Tibia,43,Mixed Forest,24227,1989
NM,221796,447,Pecos,43,Mixed Forest,103024,1989
WI,5912,61,Blackjack_Springs,43,Mixed Forest,6689,2024
NE,4635,190,Fort_Niobrara,43,Mixed Forest,1163,2024
CA,6919,232,Hauser,43,Mixed Forest,48,2024
MT,93272,91,Cabinet_Mountains,43,Mixed Forest,257,1989
WY,426751,78,Bridger,43,Mixed Forest,146,1989
CA,8158,417,North_Fork,43,Mixed Forest,110,1989
FL,7327,6,Alexander_Springs,43,Mixed Forest,2,2024
NM,20420,310,Latir_Peak,43,Mixed Forest,694,1989
AR/OK,13347,56,Black_Fork_Mountain,43,Mixed Forest,15615,1989
OR/WA,176737,638,Wenaha_Tucannon,43,Mixed Forest,19,2024
OR,180103,287,Kalmiopsis,43,Mixed Forest,848,2024
OR,36548,744,Roaring_River,43,Mixed Forest,321,1989
CA,26839,738,Pleasant_View_Ridge,43,Mixed Forest,26,2024
IL,6352,333,Lusk_Creek,43,Mixed Forest,3902,1989
CA,20158,749,South_Fork_San_Jacinto,43,Mixed Forest,10369,2024
AZ,25457,104,Castle_Creek,43,Mixed Forest,36,1989
WA,15776,594,Tatoosh,43,Mixed Forest,13,2024
IL,4050,140,Crab_Orchard,43,Mixed Forest,890,2024
CA,42695,687,King_Range,43,Mixed Forest,659,1989
UT,10518,386,Mount_Timpanogos,43,Mixed Forest,10,1989
VA,5773,545,Shawvers_Run,43,Mixed Forest,2700,2024
MT,158712,10,Anaconda_Pintler,43,Mixed Forest,5,1989
CA,191104,526,San_Rafael,43,Mixed Forest,174067,1989
TX,12214,259,Indian_Mounds,43,Mixed Forest,18469,2024
MO,16427,265,Irish,43,Mixed Forest,3696,2024
KY,4816,32,Beaver_Creek,43,Mixed Forest,18487,1989
AZ,2040,22,Baboquivari_Peak,43,Mixed Forest,2,1989
OR,13724,716,Copper_Salmon,43,Mixed Forest,386,1989
VA,3745,712,Brush_Mountain_East,43,Mixed Forest,8447,2024
CA,60280,569,South_Sierra,43,Mixed Forest,3,1989
MI,11951,152,Delirium,43,Mixed Forest,3699,2024
VA,4520,452,Peters_Mountain,43,Mixed Forest,2926,2024
CA,219209,544,Sespe,43,Mixed Forest,132609,1989
UT,4478,720,Deep_Creek_North,43,Mixed Forest,2,2024
MT,28460,200,Gates_of_the_Mountains,43,Mixed Forest,7,2024
UT,30632,330,Lone_Peak,43,Mixed Forest,37,2024
CO,74408,485,Rawah,43,Mixed Forest,218,1989
MI,32557,758,Sleeping_Bear_Dunes,43,Mixed Forest,13384,2024
WI,5912,61,Blackjack_Springs,43,Mixed Forest,6664,1989
MO,7040,436,Paddy_Creek,43,Mixed Forest,2519,2024
CO,135104,168,Eagles_Nest,43,Mixed Forest,4117,1989
VT,6725,37,Big_Branch,43,Mixed Forest,6181,1989
AZ,48314,489,Red_Rock_Secret_Mountain,43,Mixed Forest,48,2024
WY,10662,653,Winegar_Hole,43,Mixed Forest,4,1989
OH,77,643,West_Sister_Island,43,Mixed Forest,16,2024
AZ,32115,518,Salt_River_Canyon,43,Mixed Forest,1,2024
OR,20213,419,North_Fork_Umatilla,43,Mixed Forest,1,2024
WV,17777,160,Dolly_Sods,43,Mixed Forest,19320,1989
VA,8907,273,James_River_Face,43,Mixed Forest,4589,1989
NV,56819,394,Mt_Charleston,43,Mixed Forest,1,2024
CO,102209,618,Uncompahgre,43,Mixed Forest,6105,1989
CO,19237,572,Spanish_Peaks,43,Mixed Forest,2368,2024
CO,62742,473,Powderhorn,43,Mixed Forest,6002,1989
WV,5840,312,Laurel_Fork_South,43,Mixed Forest,7066,1989
CA,13260,457,Pine_Creek,43,Mixed Forest,14210,2024
MI,11951,152,Delirium,43,Mixed Forest,3528,1989
CA,652903,278,John_Muir,43,Mixed Forest,62,1989
IL,3694,88,Burden_Falls,43,Mixed Forest,1728,1989
NH,35301,528,Sandwich_Range,43,Mixed Forest,42263,2024
IL,4739,124,Clear_Springs,43,Mixed Forest,107,1989
CA,56239,682,Yuki,43,Mixed Forest,712,1989
UT,25078,154,Deseret_Peak,43,Mixed Forest,2,1989
CA,13987,197,Garcia,43,Mixed Forest,26850,2024
NV,121449,696,High_Schells,43,Mixed Forest,215,2024
WA,531325,445,Pasayten,43,Mixed Forest,139,2024
CA,225114,340,Marble_Mountain,43,Mixed Forest,2,1989
IL,4739,124,Clear_Springs,43,Mixed Forest,107,2024
MT,1062694,64,Bob_Marshall,43,Mixed Forest,292,1989
WA,102919,241,Henry_M_Jackson,43,Mixed Forest,4,1989
VA,4225,740,Raccoon_Branch,43,Mixed Forest,4265,2024
CA,86245,294,Kiavah,43,Mixed Forest,13,1989
OR,9026,146,Cummins_Creek,43,Mixed Forest,4139,2024
MS,5033,54,Black_Creek,43,Mixed Forest,28,1989
CO,41281,86,Buffalo_Peaks,43,Mixed Forest,388,2024
CO,12615,476,Ptarmigan_Peak,43,Mixed Forest,140,1989
WA,14266,410,Noisy_Diobsud,43,Mixed Forest,16,2024
WY,584733,596,Teton,43,Mixed Forest,15,2024
NV,68623,697,Highland_Ridge,43,Mixed Forest,79,2024
ME,2712,368,Moosehorn,43,Mixed Forest,2119,2024
AR,10585,171,East_Fork,43,Mixed Forest,4840,2024
MT,11366,350,Medicine_Lake,43,Mixed Forest,4,2024
AR,6301,165,Dry_Creek,43,Mixed Forest,6516,1989
OR,8758,356,Middle_Santiam,43,Mixed Forest,12,2024
AZ,10290,119,Chiricahua_National_Monument,43,Mixed Forest,1,1989
VA,3745,712,Brush_Mountain_East,43,Mixed Forest,8113,1989
WA,414322,8,Alpine_Lakes,43,Mixed Forest,2239,1989
CO,122453,248,Holy_Cross,43,Mixed Forest,1824,2024
AZ,20053,458,Pine_Mountain,43,Mixed Forest,95,1989
GA/NC/SC,8300,176,Ellicott_Rock,43,Mixed Forest,25869,1989
MI,4724,499,Rock_River_Canyon,43,Mixed Forest,5148,1989
VA,2427,603,Thunder_Ridge,43,Mixed Forest,785,1989
CA,27296,684,Cache_Creek,43,Mixed Forest,145,2024
VA,79579,549,Shenandoah,43,Mixed Forest,33809,2024
VA,2845,321,Little_Dry_Run,43,Mixed Forest,8243,2024
OR,13724,716,Copper_Salmon,43,Mixed Forest,428,2024
AZ,250760,347,Mazatzal,43,Mixed Forest,70,2024
CO,249126,745,Rocky_Mountain,43,Mixed Forest,261,2024
WV,20705,434,Otter_Creek,43,Mixed Forest,45463,2024
TN,16213,123,Citico_Creek,43,Mixed Forest,37563,2024
VT,24985,74,Breadloaf,43,Mixed Forest,16461,2024
SD,64144,24,Badlands,43,Mixed Forest,188,2024
GA,9240,484,Raven_Cliffs,43,Mixed Forest,10420,1989
NH,27605,474,Presidential_Range_Dry_River,43,Mixed Forest,18333,2024
CA,33772,537,Sawtooth_Mountains,43,Mixed Forest,20,2024
CO,73416,373,Mount_Evans,43,Mixed Forest,236,2024
MT,74524,360,Mission_Mountains,43,Mixed Forest,34,1989
NM,36764,339,Manzano_Mountain,43,Mixed Forest,7246,2024
ME,11236,99,Caribou_Speckled_Mountain,43,Mixed Forest,7819,2024
CO,160309,391,Mount_Zirkel,43,Mixed Forest,1334,2024
CA,15628,706,Beauty_Mountain,43,Mixed Forest,7428,1989
MN,816244,70,Boundary_Waters_Canoe_Area,43,Mixed Forest,1237798,2024
AZ,129800,18,Arrastra_Mountain,43,Mixed Forest,3,2024
AZ,6664,293,Kendrick_Mountain,43,Mixed Forest,101,2024
AR,11141,472,Poteau_Mountain,43,Mixed Forest,9416,1989
WY,346320,414,North_Absaroka,43,Mixed Forest,1,2024
NC,5065,49,Birkhead_Mountains,43,Mixed Forest,2027,2024
NM,559310,205,Gila,43,Mixed Forest,22943,1989
CO,41281,86,Buffalo_Peaks,43,Mixed Forest,383,1989
MI,3271,412,Nordhouse_Dunes,43,Mixed Forest,2446,1989
AR,11674,495,Richland_Creek,43,Mixed Forest,1237,2024
CO,497111,637,Weminuche,43,Mixed Forest,9057,2024
CA,42695,687,King_Range,43,Mixed Forest,970,2024
WY,426751,78,Bridger,43,Mixed Forest,123,2024
OR,180103,287,Kalmiopsis,43,Mixed Forest,327,1989
VA,9327,503,Rough_Mountain,43,Mixed Forest,11560,1989
CO,23116,223,Greenhorn_Mountain,43,Mixed Forest,4460,1989
AZ,11700,163,Dos_Cabezas_Mountains,43,Mixed Forest,15,2024
WA,638173,577,Stephen_Mather,43,Mixed Forest,1523,1989
TN,4472,617,Unaka_Mountain,43,Mixed Forest,16030,1989
NV,88650,395,Mt_Moriah,43,Mixed Forest,470,1989
AZ,20251,358,Miller_Peak,43,Mixed Forest,8,2024
MI,132018,268,Isle_Royale,43,Mixed Forest,266278,1989
GA/TN,8502,38,Big_Frog,43,Mixed Forest,20484,1989
WA,11851,132,Colonel_Bob,43,Mixed Forest,46,2024
CO,16486,384,Mount_Sneffels,43,Mixed Forest,940,2024
NH,24032,690,Wild_River,43,Mixed Forest,24638,1989
OK,10372,623,Upper_Kiamichi_River,43,Mixed Forest,13135,1989
CA,8191,80,Bright_Star,43,Mixed Forest,2,1989
CA,60280,569,South_Sierra,43,Mixed Forest,3,2024
AZ,60773,193,Four_Peaks,43,Mixed Forest,32,2024
VA,3329,724,Garden_Mountain,43,Mixed Forest,4897,2024
IL,6352,333,Lusk_Creek,43,Mixed Forest,4052,2024
CA,236726,625,Ventana,43,Mixed Forest,76072,1989
MI,4724,499,Rock_River_Canyon,43,Mixed Forest,5110,2024
TX,5536,612,Turkey_Hill,43,Mixed Forest,5755,2024
CO,102209,618,Uncompahgre,43,Mixed Forest,5627,2024
CO,41531,329,Lizard_Head,43,Mixed Forest,6091,2024
UT,30632,330,Lone_Peak,43,Mixed Forest,31,1989
WI,7270,647,Whisker_Lake,43,Mixed Forest,2059,1989
CA,18002,3,Agua_Tibia,43,Mixed Forest,12014,2024
MI,25150,542,Seney,43,Mixed Forest,2218,2024
VA,6071,317,Lewis_Fork,43,Mixed Forest,5193,2024
MI,32557,758,Sleeping_Bear_Dunes,43,Mixed Forest,13362,1989
CO,160997,568,South_San_Juan,43,Mixed Forest,42499,1989
WY,31057,255,Huston_Park,43,Mixed Forest,495,1989
AZ,87182,118,Chiricahua,43,Mixed Forest,125,2024
AZ,7499,440,Pajarita,43,Mixed Forest,1,1989
NM,37278,527,Sandia_Mountain,43,Mixed Forest,6118,1989
AR,14262,95,Caney_Creek,43,Mixed Forest,19872,1989
WI,4074,471,Porcupine_Lake,43,Mixed Forest,4645,2024
OR,5784,591,Table_Rock,43,Mixed Forest,7,2024
WI,33500,677,Gaylord_Nelson,43,Mixed Forest,97677,2024
CO/WY,24051,465,Platte_River,43,Mixed Forest,52,1989
WA,566161,207,Glacier_Peak,43,Mixed Forest,66,2024
MT,28460,200,Gates_of_the_Mountains,43,Mixed Forest,26,1989
ID,205395,212,Gospel_Hump,43,Mixed Forest,31,2024
IL,3955,198,Garden_of_the_Gods,43,Mixed Forest,1603,2024
CA,128044,249,Hoover,43,Mixed Forest,1,2024
AZ,9808,215,Granite_Mountain_AZ,43,Mixed Forest,8,2024
TN,10804,43,Big_Laurel_Branch,43,Mixed Forest,13816,1989
NM,18827,655,Withington,43,Mixed Forest,281,1989
CO,82496,252,Hunter_Fryingpan,43,Mixed Forest,102,2024
CO,37344,760,Hermosa_Creek,43,Mixed Forest,3845,2024
IL,5800,25,Bald_Knob,43,Mixed Forest,284,1989
TX,3521,45,Big_Slough,43,Mixed Forest,271,1989
OR,35203,651,Wild_Rogue,43,Mixed Forest,421,1989
CA,13260,457,Pine_Creek,43,Mixed Forest,15394,1989
CA,43182,546,Sheep_Mountain,43,Mixed Forest,4606,1989
AZ,32115,518,Salt_River_Canyon,43,Mixed Forest,1,1989
MT,242068,316,Lee_Metcalf,43,Mixed Forest,16,2024
VA,4520,452,Peters_Mountain,43,Mixed Forest,2929,1989
VA,5461,328,Little_Wilson_Creek,43,Mixed Forest,3178,2024
KY,4816,32,Beaver_Creek,43,Mixed Forest,18767,2024
SC,4755,629,Wambaw_Swamp,43,Mixed Forest,13,2024
WI,22047,236,Headwaters,43,Mixed Forest,6889,1989
WA,5963,606,Trapper_Creek,43,Mixed Forest,8,2024
CA,39740,728,John_Krebs,43,Mixed Forest,4,2024
CA,39412,524,San_Mateo_Canyon,43,Mixed Forest,36517,2024
NH,27605,474,Presidential_Range_Dry_River,43,Mixed Forest,18967,1989
WY,10208,178,Encampment_River,43,Mixed Forest,182,1989
CO,181973,344,Maroon_Bells_Snowmass,43,Mixed Forest,9609,1989
WA,638173,577,Stephen_Mather,43,Mixed Forest,2212,2024
NM,559310,205,Gila,43,Mixed Forest,778,2024
VA,6071,317,Lewis_Fork,43,Mixed Forest,5187,1989
CO,126480,303,La_Garita,43,Mixed Forest,935,1989
VA,4795,713,Brush_Mountain,43,Mixed Forest,8503,2024
CO/WY,24051,465,Platte_River,43,Mixed Forest,1,2024
MS,993,314,Leaf,43,Mixed Forest,299,1989
MI,11358,336,Mackinac,43,Mixed Forest,7028,1989
NV,78754,698,Mount_Grafton,43,Mixed Forest,188,2024
CA,12178,732,Magic_Mountain,43,Mixed Forest,11,2024
NC,18477,550,Shining_Rock,43,Mixed Forest,37374,1989
CA,86245,294,Kiavah,43,Mixed Forest,11,2024
IN,12472,112,Charles_C_Deam,43,Mixed Forest,5288,2024
NH,24032,690,Wild_River,43,Mixed Forest,24182,2024
NM,18827,655,Withington,43,Mixed Forest,6,2024
NC,7482,355,Middle_Prong,43,Mixed Forest,19303,1989
VT,18122,334,Lye_Brook,43,Mixed Forest,15018,1989
WI,22047,236,Headwaters,43,Mixed Forest,7051,2024
CA,537357,611,Trinity_Alps,43,Mixed Forest,1,2024
ME,4680,369,Moosehorn_Baring_Unit,43,Mixed Forest,2808,1989
TN,5634,322,Little_Frog_Mountain,43,Mixed Forest,10201,1989
AZ,20253,551,Sierra_Ancha,43,Mixed Forest,239,1989
UT,15291,381,Mount_Olympus,43,Mixed Forest,37,2024
CA,33772,537,Sawtooth_Mountains,43,Mixed Forest,33,1989
MI,132018,268,Isle_Royale,43,Mixed Forest,231319,2024
CA,6919,232,Hauser,43,Mixed Forest,155,1989
WV,6794,743,Roaring_Plains_West,43,Mixed Forest,5944,2024
WA,3060,208,Glacier_View,43,Mixed Forest,1,1989
CO,32062,191,Fossil_Ridge,43,Mixed Forest,317,1989
AZ,18720,285,Kachina_Peaks,43,Mixed Forest,17840,1989
CO,219891,529,Sangre_de_Cristo,43,Mixed Forest,19426,2024
CA,5575,756,Cahuilla_Mountain,43,Mixed Forest,7785,1989
GA,10343,607,Tray_Mountain,43,Mixed Forest,17160,1989
CO,219891,529,Sangre_de_Cristo,43,Mixed Forest,17999,1989
CA,133720,162,Domeland,43,Mixed Forest,23,1989
NM,23267,27,Bandelier,43,Mixed Forest,10,2024
WY,102620,470,Popo_Agie,43,Mixed Forest,7,2024
MI,11740,707,Beaver_Basin,43,Mixed Forest,6719,2024
WY,102620,470,Popo_Agie,43,Mixed Forest,7,1989
OR,5792,164,Drift_Creek,43,Mixed Forest,3174,2024
GA,12853,73,Brasstown,43,Mixed Forest,28114,2024
UT,124406,755,Zion,43,Mixed Forest,1,1989
VT,4800,203,George_D_Aiken,43,Mixed Forest,424,2024
AZ,5158,180,Escudilla,43,Mixed Forest,116,2024
MO,12423,242,Hercules_Glades,43,Mixed Forest,20288,2024
AZ,60773,193,Four_Peaks,43,Mixed Forest,1924,1989
MI,3879,250,Horseshoe_Bay,43,Mixed Forest,129,1989
MO,9183,35,Bell_Mountain,43,Mixed Forest,610,1989
AZ,38944,626,Wabayuma_Peak,43,Mixed Forest,9,1989
CA,303713,210,Golden_Trout,43,Mixed Forest,4,2024
WY,31057,255,Huston_Park,43,Mixed Forest,346,2024
AZ,41143,509,Saddle_Mountain,43,Mixed Forest,3436,1989
CA,44223,365,Monarch,43,Mixed Forest,2,2024
CA,31415,554,Silver_Peak,43,Mixed Forest,43611,1989
TN,3791,26,Bald_River_Gorge,43,Mixed Forest,10249,1989
CO,160309,391,Mount_Zirkel,43,Mixed Forest,1920,1989
CO,73416,373,Mount_Evans,43,Mixed Forest,241,1989
OR,9465,715,Clackamas,43,Mixed Forest,9,1989
AZ,10290,119,Chiricahua_National_Monument,43,Mixed Forest,26,2024
SD,64144,24,Badlands,43,Mixed Forest,152,1989
CA,704624,662,Yosemite,43,Mixed Forest,3,2024
CO,8500,352,Mesa_Verde,43,Mixed Forest,376,1989
CO,41531,329,Lizard_Head,43,Mixed Forest,6144,1989
CO,77932,261,Indian_Peaks,43,Mixed Forest,4,2024
WV,47742,141,Cranberry,43,Mixed Forest,122649,1989
CA,219209,544,Sespe,43,Mixed Forest,27901,2024
AL,8947,166,Dugger_Mountain,43,Mixed Forest,8808,1989
OR,4965,351,Menagerie,43,Mixed Forest,5,2024
NV,42544,694,Goshute_Canyon,43,Mixed Forest,3,2024
VA,9327,503,Rough_Mountain,43,Mixed Forest,11754,2024
NM,19154,645,Wheeler_Peak,43,Mixed Forest,1532,2024
CO,44345,534,Sarvis_Creek,43,Mixed Forest,4626,1989
AZ,160164,583,Superstition,43,Mixed Forest,1086,1989
VA,5461,328,Little_Wilson_Creek,43,Mixed Forest,3139,1989
VT,4800,203,George_D_Aiken,43,Mixed Forest,451,1989
CA,35738,520,San_Gabriel,43,Mixed Forest,159,2024
MT,259756,538,Scapegoat,43,Mixed Forest,3,1989
WY,123896,275,Jedediah_Smith,43,Mixed Forest,248,1989
CA,179847,557,Siskiyou,43,Mixed Forest,120,2024
OR,355553,167,Eagle_Cap,43,Mixed Forest,10,1989
VA,9826,513,Saint_Marys,43,Mixed Forest,21936,1989
WA,5963,606,Trapper_Creek,43,Mixed Forest,7,1989
VA,3273,752,Stone_Mountain,43,Mixed Forest,6912,2024
WV,6048,311,Laurel_Fork_North,43,Mixed Forest,383,2024
TN,9037,766,Upper_Bald_River,43,Mixed Forest,17309,2024
NC,8490,105,Catfish_Lake_South,43,Mixed Forest,15,2024
WA,13278,383,Mount_Skokomish,43,Mixed Forest,4,1989
IL,2760,29,Bay_Creek,43,Mixed Forest,1366,2024
AR,14262,95,Caney_Creek,43,Mixed Forest,20252,2024
MT,259756,538,Scapegoat,43,Mixed Forest,14,2024
AR,34933,85,Buffalo_National_River,43,Mixed Forest,12375,1989
AZ,129800,18,Arrastra_Mountain,43,Mixed Forest,14,1989
CO,23116,223,Greenhorn_Mountain,43,Mixed Forest,4224,2024
GA,7742,62,Blood_Mountain,43,Mixed Forest,7926,2024
WA,49344,68,Boulder_River,43,Mixed Forest,312,2024
GA,10791,494,Rich_Mountain,43,Mixed Forest,8176,2024
CA,15628,706,Beauty_Mountain,43,Mixed Forest,1761,2024
IL,3694,88,Burden_Falls,43,Mixed Forest,1736,2024
WA,14266,410,Noisy_Diobsud,43,Mixed Forest,9,1989
MT,158712,10,Anaconda_Pintler,43,Mixed Forest,16,2024
CA,18278,335,Machesna_Mountain,43,Mixed Forest,23780,1989
CA,10666,681,Sanhedrin,43,Mixed Forest,47,2024
WA,15776,594,Tatoosh,43,Mixed Forest,5,1989
GA,16618,343,Mark_Trail,43,Mixed Forest,22449,2024
CO,37344,760,Hermosa_Creek,43,Mixed Forest,7387,1989
GA,10791,494,Rich_Mountain,43,Mixed Forest,8705,1989
CA,26839,738,Pleasant_View_Ridge,43,Mixed Forest,132,1989
NC,18477,550,Shining_Rock,43,Mixed Forest,35793,2024
GA/TN,37033,130,Cohutta,43,Mixed Forest,104449,1989
AZ,2040,22,Baboquivari_Peak,43,Mixed Forest,1,2024
GA,16618,343,Mark_Trail,43,Mixed Forest,22309,1989
AZ,37457,240,Hellsgate,43,Mixed Forest,4,1989
CO,176431,641,West_Elk,43,Mixed Forest,14438,1989
VA,5507,28,Barbours_Creek,43,Mixed Forest,596,2024
AZ,160164,583,Superstition,43,Mixed Forest,107,2024
WV,6048,311,Laurel_Fork_North,43,Mixed Forest,380,1989
MI,16861,348,McCormick,43,Mixed Forest,33075,1989
MO,4236,500,Rockpile_Mountain,43,Mixed Forest,1078,1989
NV,88650,395,Mt_Moriah,43,Mixed Forest,416,2024
TN,5634,322,Little_Frog_Mountain,43,Mixed Forest,9661,2024
NC,11653,319,Linville_Gorge,43,Mixed Forest,32768,1989
UT,27075,379,Mount_Nebo,43,Mixed Forest,478,1989
VT,24985,74,Breadloaf,43,Mixed Forest,15816,1989
CO,135104,168,Eagles_Nest,43,Mixed Forest,3530,2024
AL,7400,115,Cheaha,43,Mixed Forest,5635,2024
NM,5185,161,Dome,43,Mixed Forest,8,1989
CO,230829,186,Flat_Tops,43,Mixed Forest,4628,2024
TN,2559,202,Gee_Creek,43,Mixed Forest,7680,1989
UT,7085,20,AshdownGorge,43,Mixed Forest,598,1989
OR,35203,651,Wild_Rogue,43,Mixed Forest,546,2024
WV,6037,750,Spice_Run,43,Mixed Forest,4536,1989
NM,29106,63,Blue_Range,43,Mixed Forest,1,1989
NE,4635,190,Fort_Niobrara,43,Mixed Forest,468,1989
TX,3817,324,Little_Lake_Creek,43,Mixed Forest,1591,1989
CA,39740,728,John_Krebs,43,Mixed Forest,3,1989
MI,146,253,Huron_Islands,43,Mixed Forest,118,2024
CA,652903,278,John_Muir,43,Mixed Forest,79,2024
VA,6577,482,Ramseys_Draft,43,Mixed Forest,14185,1989
CA,20158,749,South_Fork_San_Jacinto,43,Mixed Forest,11333,1989
CA,101574,521,San_Gorgonio,43,Mixed Forest,3177,1989
CA,16893,433,Otay_Mountain,43,Mixed Forest,19513,1989
CA,5575,756,Cahuilla_Mountain,43,Mixed Forest,6535,2024
NM,36764,339,Manzano_Mountain,43,Mixed Forest,7908,1989
ID,90776,764,White_Clouds,43,Mixed Forest,1,1989
CA,8860,456,Picacho_Peak,52,Shrub/Scrub,39087,1989
AZ,16400,586,Swansea,52,Shrub/Scrub,77380,2024
ID,2358886,194,Frank_Church_River_of_No_Return,52,Shrub/Scrub,1950451,1989
CA,1530,510,Saddle_Peak_Hills,52,Shrub/Scrub,6999,1989
UT,60442,801,San_Rafael_Reef,52,Shrub/Scrub,280459,1989
AZ,38470,486,Rawhide_Mountains,52,Shrub/Scrub,175658,2024
VA/WV,16525,392,Mountain_Lake,52,Shrub/Scrub,1,2024
AZ,11700,163,Dos_Cabezas_Mountains,52,Shrub/Scrub,37554,1989
CO,68025,133,Comanche_Peak,52,Shrub/Scrub,41202,1989
OR,36879,87,Bull_of_the_Woods,52,Shrub/Scrub,3024,1989
CO,9927,405,Neota,52,Shrub/Scrub,9419,1989
AZ,68231,288,Kanab_Creek,52,Shrub/Scrub,258706,1989
CA,41777,492,Rice_Valley,52,Shrub/Scrub,165723,1989
NV,24249,671,White_Rock_Range,52,Shrub/Scrub,19615,1989
CA,45384,44,Big_Maria_Mountains,52,Shrub/Scrub,207419,2024
UT,15291,381,Mount_Olympus,52,Shrub/Scrub,23037,1989
OR,109098,375,Mount_Jefferson,52,Shrub/Scrub,157552,2024
AZ,7566,283,Juniper_Mesa,52,Shrub/Scrub,593,2024
NM,61600,106,Cebolla,52,Shrub/Scrub,117065,2024
FL,14293,284,Juniper_Prairie,52,Shrub/Scrub,248,1989
AZ,31520,387,Mount_Tipton,52,Shrub/Scrub,109248,1989
VT,22330,688,Glastenbury,52,Shrub/Scrub,2,1989
CA,106623,411,Nopah_Range,52,Shrub/Scrub,470387,2024
CA,11001,757,Elkhorn_Ridge,52,Shrub/Scrub,1286,1989
NM,13420,783,Cerro_del_Yuta,52,Shrub/Scrub,47177,1989
AZ,56973,477,Pusch_Ridge,52,Shrub/Scrub,175431,1989
OK,8570,650,Wichita_Mountains,52,Shrub/Scrub,32600,1989
UT,20660,794,Little_Ocean_Draw,52,Shrub/Scrub,102228,1989
CA,60222,559,Snow_Mountain,52,Shrub/Scrub,198943,2024
CA,39412,524,San_Mateo_Canyon,52,Shrub/Scrub,124690,1989
CA,188169,548,Sheephole_Valley,52,Shrub/Scrub,458474,2024
NM,19916,778,Organ_Mountains,52,Shrub/Scrub,67637,1989
FL,1296500,341,Marjory_Stoneman_Douglas,52,Shrub/Scrub,8555,2024
CA,182298,661,Yolla_Bolly_Middle_Eel,52,Shrub/Scrub,265657,2024
UT,13832,791,Eagle_Canyon,52,Shrub/Scrub,65535,2024
CA,65726,17,Argus_Range,52,Shrub/Scrub,300550,1989
AZ,5100,138,Coyote_Mountains_AZ,52,Shrub/Scrub,21269,2024
NV,52618,172,East_Fork_High_Rock_Canyon,52,Shrub/Scrub,237594,2024
OR,30787,786,Devils_Staircase,52,Shrub/Scrub,16,2024
AZ,803418,90,Cabeza_Prieta,52,Shrub/Scrub,3306206,1989
NV,36299,673,Far_South_Egans,52,Shrub/Scrub,59128,1989
AZ,64000,659,Woolsey_Peak,52,Shrub/Scrub,293360,2024
UT,13107,710,Blackridge,52,Shrub/Scrub,24893,2024
CA,31059,726,Granite_Mountain_CA,52,Shrub/Scrub,132619,1989
OR,24707,748,Soda_Mountain,52,Shrub/Scrub,65511,1989
CO,29027,377,Mount_Massive,52,Shrub/Scrub,35094,1989
NM,16776,780,Robledo_Mountains,52,Shrub/Scrub,83194,1989
AZ,28080,380,Mount_Nutt,52,Shrub/Scrub,127671,2024
CA,28052,320,Little_Chuckwalla_Mountains,52,Shrub/Scrub,130198,2024
AZ,5100,138,Coyote_Mountains_AZ,52,Shrub/Scrub,21785,1989
NV,25671,667,South_Pahroc_Range,52,Shrub/Scrub,80260,1989
NM,16776,780,Robledo_Mountains,52,Shrub/Scrub,83543,2024
NV,46943,304,La_Madre_Mountain,52,Shrub/Scrub,96294,1989
CO,160997,568,South_San_Juan,52,Shrub/Scrub,25347,2024
MT,93272,91,Cabinet_Mountains,52,Shrub/Scrub,99819,2024
GA/NC,23364,571,Southern_Nantahala,52,Shrub/Scrub,1,1989
UT,98023,799,Muddy_Creek,52,Shrub/Scrub,432933,2024
UT,1535,741,Red_Butte,52,Shrub/Scrub,2706,2024
CA,112723,177,Emigrant,52,Shrub/Scrub,322856,2024
AZ,20253,551,Sierra_Ancha,52,Shrub/Scrub,57820,2024
AZ,25050,229,Harcuvar_Mountains,52,Shrub/Scrub,114109,2024
CA,219209,544,Sespe,52,Shrub/Scrub,587741,1989
AZ,19410,15,Aravaipa_Canyon,52,Shrub/Scrub,91658,1989
CA,13007,144,Cucamonga,52,Shrub/Scrub,34881,1989
NH,5658,220,Great_Gulf,52,Shrub/Scrub,987,2024
WA,566161,207,Glacier_Peak,52,Shrub/Scrub,470746,1989
NC,11801,467,Pocosin,52,Shrub/Scrub,25,1989
UT,12201,792,Horse_Valley,52,Shrub/Scrub,64681,2024
CA,79061,309,Lassen_Volcanic,52,Shrub/Scrub,47094,2024
NV,121449,696,High_Schells,52,Shrub/Scrub,194980,1989
NV,24783,481,Rainbow_Mountain,52,Shrub/Scrub,84157,2024
AZ,18109,402,Munds_Mountain,52,Shrub/Scrub,27126,2024
CA,165172,427,Old_Woman_Mountains,52,Shrub/Scrub,780131,1989
AZ,12300,231,Hassayampa_River_Canyon,52,Shrub/Scrub,55821,1989
NV,18879,277,Jimbilnan,52,Shrub/Scrub,84084,2024
AZ,60773,193,Four_Peaks,52,Shrub/Scrub,231607,1989
NM,19154,645,Wheeler_Peak,52,Shrub/Scrub,8001,1989
CA,10999,103,Castle_Crags,52,Shrub/Scrub,18703,1989
CA,14698,735,Owens_River_Headwaters,52,Shrub/Scrub,18807,2024
OR,24707,748,Soda_Mountain,52,Shrub/Scrub,56569,2024
AZ,22880,230,Harquahala_Mountains,52,Shrub/Scrub,104492,2024
VT,12336,689,Joseph_Battell,52,Shrub/Scrub,18,2024
UT,29029,803,Turtle_Canyon,52,Shrub/Scrub,44451,1989
CO,32643,221,Great_Sand_Dunes,52,Shrub/Scrub,112014,2024
AZ,6600,490,Redfield_Canyon,52,Shrub/Scrub,45273,2024
AZ,129800,18,Arrastra_Mountain,52,Shrub/Scrub,579977,2024
CO,44345,534,Sarvis_Creek,52,Shrub/Scrub,13967,2024
CA,79061,309,Lassen_Volcanic,52,Shrub/Scrub,129433,1989
NH,35301,528,Sandwich_Range,52,Shrub/Scrub,547,1989
AZ,25141,398,Mt_Wrightson,52,Shrub/Scrub,28499,1989
CA,15985,461,Hain,52,Shrub/Scrub,67227,1989
NV,18119,692,Becky_Peak,52,Shrub/Scrub,20100,2024
CO,37344,760,Hermosa_Creek,52,Shrub/Scrub,68726,2024
CA,25707,195,Funeral_Mountains,52,Shrub/Scrub,124208,2024
CA,72192,463,Piper_Mountain,52,Shrub/Scrub,326519,1989
AZ,7499,440,Pajarita,52,Shrub/Scrub,33499,2024
CO,181973,344,Maroon_Bells_Snowmass,52,Shrub/Scrub,243133,1989
AZ,516200,299,Kofa,52,Shrub/Scrub,2439809,2024
NV,111066,665,Delamar_Mountains,52,Shrub/Scrub,333343,2024
OR,62139,514,Salmon_Huckleberry,52,Shrub/Scrub,1472,2024
NV,23439,420,North_Jackson_Mountains,52,Shrub/Scrub,90942,2024
OR,113571,558,Sky_Lakes,52,Shrub/Scrub,43267,2024
AZ,18534,516,Salome,52,Shrub/Scrub,53364,1989
UT,44447,714,Canaan_Mountain,52,Shrub/Scrub,139338,2024
CA,24348,737,Pinto_Mountains,52,Shrub/Scrub,113324,1989
CA,31358,271,Jacumba,52,Shrub/Scrub,138276,2024
CA,73868,435,Owens_Peak,52,Shrub/Scrub,279279,1989
UT,18689,742,Red_Mountain_UT,52,Shrub/Scrub,73466,1989
NM,8382,777,Mount_Riley,52,Shrub/Scrub,38091,1989
UT,11001,788,Cold_Wash,52,Shrub/Scrub,54696,2024
MT,20819,616,UL_Bend,52,Shrub/Scrub,56273,2024
ID,50930,730,Little_Jacks_Creek,52,Shrub/Scrub,199995,2024
WA,168955,652,William_O_Douglas,52,Shrub/Scrub,61809,1989
MI,16861,348,McCormick,52,Shrub/Scrub,10,2024
WA,7140,282,Juniper_Dunes,52,Shrub/Scrub,24472,2024
CO,12615,476,Ptarmigan_Peak,52,Shrub/Scrub,6457,1989
CA,20548,57,Black_Mountain,52,Shrub/Scrub,94923,2024
MT,286659,219,Great_Bear,52,Shrub/Scrub,231817,1989
CA,39167,126,Cleghorn_Lakes,52,Shrub/Scrub,166415,2024
WA,3060,208,Glacier_View,52,Shrub/Scrub,147,2024
AZ,21000,40,Big_Horn_Mountains,52,Shrub/Scrub,96846,2024
ID,217511,536,Sawtooth,52,Shrub/Scrub,304086,2024
NV,6489,634,Wee_Thump_Joshua_Tree,52,Shrub/Scrub,29644,2024
AZ,41143,509,Saddle_Mountain,52,Shrub/Scrub,80546,2024
FL,24222,72,Bradwell_Bay,52,Shrub/Scrub,147,1989
WY,285619,224,Gros_Ventre,52,Shrub/Scrub,450487,2024
CA,32186,522,San_Jacinto,52,Shrub/Scrub,117261,2024
UT,1535,741,Red_Butte,52,Shrub/Scrub,3057,1989
FL,7327,6,Alexander_Springs,52,Shrub/Scrub,2122,2024
OR,20210,367,Monument_Rock,52,Shrub/Scrub,11182,1989
AZ,23900,390,Mount_Wilson,52,Shrub/Scrub,109376,1989
NV,46943,304,La_Madre_Mountain,52,Shrub/Scrub,132453,2024
AZ/UT,18667,33,Beaver_Dam_Mountains,52,Shrub/Scrub,80331,1989
OR,20777,429,Opal_Creek,52,Shrub/Scrub,3924,1989
CA,191104,526,San_Rafael,52,Shrub/Scrub,545620,1989
CA,18682,589,Sylvania_Mountains,52,Shrub/Scrub,79912,1989
WV,17777,160,Dolly_Sods,52,Shrub/Scrub,25,2024
WA,47123,370,Mount_Adams,52,Shrub/Scrub,45769,2024
CO,64307,479,Raggeds,52,Shrub/Scrub,78268,2024
UT,35,753,Taylor_Creek,52,Shrub/Scrub,53,2024
AZ,56973,477,Pusch_Ridge,52,Shrub/Scrub,193440,2024
CA,231619,12,Ansel_Adams,52,Shrub/Scrub,436804,1989
CA,37308,610,Trilobite,52,Shrub/Scrub,163318,2024
UT,453,729,LaVerkin_Creek,52,Shrub/Scrub,347,1989
CA,106623,411,Nopah_Range,52,Shrub/Scrub,471653,1989
NV,32016,175,Eldorado,52,Shrub/Scrub,144771,1989
UT,453863,246,High_Uintas,52,Shrub/Scrub,305379,1989
CA,182298,661,Yolla_Bolly_Middle_Eel,52,Shrub/Scrub,230609,1989
OR,17173,357,Mill_Creek,52,Shrub/Scrub,35747,2024
ID,2358886,194,Frank_Church_River_of_No_Return,52,Shrub/Scrub,5048384,2024
CA,36981,397,Mt_Shasta,52,Shrub/Scrub,20856,2024
UT,18192,787,Big_Wild_Horse_Mesa,52,Shrub/Scrub,62510,2024
WA,44270,83,Buckhorn,52,Shrub/Scrub,23608,1989
CA,70206,570,South_Warner,52,Shrub/Scrub,150116,2024
OR,283818,602,Three_Sisters,52,Shrub/Scrub,106021,2024
CA,104048,363,Mokelumne,52,Shrub/Scrub,237040,1989
CA,29207,345,Matilija,52,Shrub/Scrub,84215,1989
NV,40041,702,White_Pine_Range,52,Shrub/Scrub,74393,1989
ID/OR,217747,239,Hells_Canyon_IDOR,52,Shrub/Scrub,172820,1989
OR,7273,498,Rock_Creek,52,Shrub/Scrub,4,2024
NV,48355,323,Little_High_Rock_Canyon,52,Shrub/Scrub,214771,1989
TN,6937,468,Pond_Mountain,52,Shrub/Scrub,4,1989
NV,30539,672,Fortification_Range,52,Shrub/Scrub,22100,2024
CA,8191,80,Bright_Star,52,Shrub/Scrub,19797,2024
NV,12930,675,Big_Rocks,52,Shrub/Scrub,48063,1989
CO,13000,624,Vasquez_Peak,52,Shrub/Scrub,14859,1989
UT,46360,148,Dark_Canyon,52,Shrub/Scrub,56930,2024
NV,31223,396,Mt_Rose,52,Shrub/Scrub,41708,2024
WI,7135,480,Rainbow_Lake,52,Shrub/Scrub,4,2024
UT,124406,755,Zion,52,Shrub/Scrub,297233,2024
NV,88650,395,Mt_Moriah,52,Shrub/Scrub,134560,1989
CA,48080,464,Piute_Mountains,52,Shrub/Scrub,227482,2024
CO,64307,479,Raggeds,52,Shrub/Scrub,82699,1989
OR,62139,514,Salmon_Huckleberry,52,Shrub/Scrub,4558,1989
WI,22047,236,Headwaters,52,Shrub/Scrub,16,1989
NM,33125,100,Carlsbad_Caverns,52,Shrub/Scrub,105109,1989
AZ,5633,13,Apache_Creek,52,Shrub/Scrub,4902,2024
CA,20241,530,Santa_Lucia,52,Shrub/Scrub,50487,1989
WA,2201,657,Wonder_Mountain,52,Shrub/Scrub,111,2024
NV,123508,664,Meadow_Valley_Range,52,Shrub/Scrub,560927,1989
AZ,11235,30,Bear_Wallow,52,Shrub/Scrub,24757,2024
AZ/CA,15056,257,Imperial_Refuge,52,Shrub/Scrub,65965,1989
OR,5337,77,Bridge_Creek,52,Shrub/Scrub,2070,1989
WA,14616,125,Clearwater,52,Shrub/Scrub,2492,1989
CA,17059,566,South_Nopah_Range,52,Shrub/Scrub,81447,2024
IN,12472,112,Charles_C_Deam,52,Shrub/Scrub,6,1989
ID,266390,736,Owyhee_River,52,Shrub/Scrub,1179671,2024
CO,181973,344,Maroon_Bells_Snowmass,52,Shrub/Scrub,228792,2024
CO,74408,485,Rawah,52,Shrub/Scrub,47062,2024
CA,10510,276,Jennie_Lakes,52,Shrub/Scrub,11941,2024
WA,16297,597,The_Brothers,52,Shrub/Scrub,8845,2024
NM,43420,50,Bisti_De_Na_Zin,52,Shrub/Scrub,196796,2024
GA/NC,23364,571,Southern_Nantahala,52,Shrub/Scrub,711,2024
ID,116843,765,Jim_McClure_Jerry_Peak,52,Shrub/Scrub,331767,1989
TN,10895,519,Sampson_Mountain,52,Shrub/Scrub,1,1989
OR,283818,602,Three_Sisters,52,Shrub/Scrub,59421,1989
CO,74408,485,Rawah,52,Shrub/Scrub,56284,1989
OR,36548,744,Roaring_River,52,Shrub/Scrub,5117,2024
MN,2180,593,Tamarac,52,Shrub/Scrub,1,2024
CA,29207,345,Matilija,52,Shrub/Scrub,105989,2024
OR,36879,87,Bull_of_the_Woods,52,Shrub/Scrub,4067,2024
OR,65435,342,Mark_O_Hatfield,52,Shrub/Scrub,12349,1989
AZ,26912,533,Santa_Teresa,52,Shrub/Scrub,73609,1989
CA,17250,771,Milpitas_Wash,52,Shrub/Scrub,80257,1989
FL,14293,284,Juniper_Prairie,52,Shrub/Scrub,1925,2024
ND,29920,598,Theodore_Roosevelt,52,Shrub/Scrub,35949,2024
CO,77932,261,Indian_Peaks,52,Shrub/Scrub,91960,1989
MI,16704,582,Sturgeon_River_Gorge,52,Shrub/Scrub,19,1989
AZ,37030,213,Grand_Wash_Cliffs,52,Shrub/Scrub,151259,2024
CA,6919,232,Hauser,52,Shrub/Scrub,30038,2024
WA,47123,370,Mount_Adams,52,Shrub/Scrub,11165,1989
WI,33500,677,Gaylord_Nelson,52,Shrub/Scrub,51,1989
UT,76413,797,Mexican_Mountain,52,Shrub/Scrub,364077,1989
NV,64968,94,Calico_Mountains,52,Shrub/Scrub,280506,2024
AR,34933,85,Buffalo_National_River,52,Shrub/Scrub,130,1989
CA,43182,546,Sheep_Mountain,52,Shrub/Scrub,89322,2024
AZ,18534,516,Salome,52,Shrub/Scrub,54528,2024
CA,695200,362,Mojave,52,Shrub/Scrub,3063017,1989
NV,7761,76,Bridge_Canyon,52,Shrub/Scrub,35833,2024
CA,50451,508,Sacatar_Trail,52,Shrub/Scrub,138014,1989
NV,14779,422,North_McCullough,52,Shrub/Scrub,67224,1989
NV,92652,505,Ruby_Mountains,52,Shrub/Scrub,269821,2024
MT,32350,488,Red_Rock_Lakes,52,Shrub/Scrub,22175,2024
MI,11740,707,Beaver_Basin,52,Shrub/Scrub,83,1989
NM,19916,778,Organ_Mountains,52,Shrub/Scrub,68811,2024
CA,230966,754,White_Mountains,52,Shrub/Scrub,591336,2024
UT,30632,330,Lone_Peak,52,Shrub/Scrub,55325,2024
WA,14616,125,Clearwater,52,Shrub/Scrub,1825,2024
CA,28955,423,North_Mesquite_Mountains,52,Shrub/Scrub,135109,1989
MT,286659,219,Great_Bear,52,Shrub/Scrub,196978,2024
OR,7273,498,Rock_Creek,52,Shrub/Scrub,430,1989
MT,11366,350,Medicine_Lake,52,Shrub/Scrub,39,2024
GA,353981,426,Okefenokee,52,Shrub/Scrub,47,1989
NV,56819,394,Mt_Charleston,52,Shrub/Scrub,60817,1989
AZ,16009,107,Cedar_Bench,52,Shrub/Scrub,29975,2024
CA,17250,771,Milpitas_Wash,52,Shrub/Scrub,80142,2024
MI,11358,336,Mackinac,52,Shrub/Scrub,1,2024
ME,2712,368,Moosehorn,52,Shrub/Scrub,47,2024
NM,46963,649,White_Mountain,52,Shrub/Scrub,6050,2024
NV,20521,699,Red_Mountain_NV,52,Shrub/Scrub,8924,2024
UT,142996,789,Desolation_Canyon,52,Shrub/Scrub,572502,2024
CO,8500,352,Mesa_Verde,52,Shrub/Scrub,25011,2024
LA,8701,297,Kisatchie_Hills,52,Shrub/Scrub,4472,1989
AZ,15465,640,West_Clear_Creek,52,Shrub/Scrub,23537,1989
AZ/UT,110816,444,Paria_Canyon_Vermilion_Cliffs,52,Shrub/Scrub,474726,1989
AZ,23900,390,Mount_Wilson,52,Shrub/Scrub,109373,2024
AZ/CA,17801,233,Havasu,52,Shrub/Scrub,79469,1989
NV,5341,674,Tunnel_Spring,52,Shrub/Scrub,6068,2024
AZ,15400,21,Aubrey_Peak,52,Shrub/Scrub,67474,1989
ID,89820,711,Bruneau_Jarbidge_Rivers,52,Shrub/Scrub,384992,1989
CA,42695,687,King_Range,52,Shrub/Scrub,26818,1989
MI,4724,499,Rock_River_Canyon,52,Shrub/Scrub,108,2024
NM,13902,774,Broad_Canyon,52,Shrub/Scrub,72513,2024
WA,228480,382,Mount_Rainier,52,Shrub/Scrub,84441,2024
NM,18881,143,Cruces_Basin,52,Shrub/Scrub,34820,1989
MT/WY,937102,1,Absaroka_Beartooth,52,Shrub/Scrub,1102668,1989
AZ,5158,180,Escudilla,52,Shrub/Scrub,3834,1989
NV,40041,702,White_Pine_Range,52,Shrub/Scrub,65028,2024
NV,30594,668,Worthington_Mountains,52,Shrub/Scrub,124147,2024
AZ,8300,608,Tres_Alamos,52,Shrub/Scrub,38360,1989
UT,44572,378,Mount_Naomi,52,Shrub/Scrub,97933,1989
OR,17176,218,Grassy_Knob,52,Shrub/Scrub,729,1989
CO,230829,186,Flat_Tops,52,Shrub/Scrub,313109,1989
NM,39540,642,West_Malpais,52,Shrub/Scrub,146600,1989
CA,26356,349,Mecca_Hills,52,Shrub/Scrub,57562,2024
CO,41281,86,Buffalo_Peaks,52,Shrub/Scrub,32531,2024
WA,353,523,San_Juan,52,Shrub/Scrub,157,1989
CA,71389,82,Bristol_Mountains,52,Shrub/Scrub,331804,2024
MI,3271,412,Nordhouse_Dunes,52,Shrub/Scrub,7,1989
NM,221796,447,Pecos,52,Shrub/Scrub,82778,2024
ME,2712,368,Moosehorn,52,Shrub/Scrub,71,1989
NM,44678,14,Apache_Kid,52,Shrub/Scrub,46786,2024
CO,165874,131,Collegiate_Peaks,52,Shrub/Scrub,163203,2024
WV,6794,743,Roaring_Plains_West,52,Shrub/Scrub,27,1989
AZ,58448,587,Sycamore_Canyon,52,Shrub/Scrub,155639,2024
OR,9026,146,Cummins_Creek,52,Shrub/Scrub,169,1989
CA,12178,732,Magic_Mountain,52,Shrub/Scrub,36999,1989
WY,10662,653,Winegar_Hole,52,Shrub/Scrub,648,2024
CA,10666,681,Sanhedrin,52,Shrub/Scrub,7399,1989
CA,11840,772,Buzzards_Peak,52,Shrub/Scrub,55434,2024
CO,82496,252,Hunter_Fryingpan,52,Shrub/Scrub,72221,1989
NH,5658,220,Great_Gulf,52,Shrub/Scrub,1198,1989
WY,10208,178,Encampment_River,52,Shrub/Scrub,10609,2024
CA,704624,662,Yosemite,52,Shrub/Scrub,1249562,1989
CA,44804,353,Mesquite,52,Shrub/Scrub,218700,1989
WA,876447,428,Daniel_J_Evans,52,Shrub/Scrub,224913,1989
CA/OR,20130,487,Red_Buttes,52,Shrub/Scrub,12072,2024
NV,157716,663,Mormon_Mountains,52,Shrub/Scrub,643477,1989
WA,15776,594,Tatoosh,52,Shrub/Scrub,12362,1989
AZ,77585,196,Galiuro,52,Shrub/Scrub,180510,2024
ID,90776,764,White_Clouds,52,Shrub/Scrub,91523,1989
NV,36299,673,Far_South_Egans,52,Shrub/Scrub,53872,2024
CA,38599,47,Bighorn_Mountain,52,Shrub/Scrub,170669,1989
NV,32016,175,Eldorado,52,Shrub/Scrub,144795,2024
LA,8701,297,Kisatchie_Hills,52,Shrub/Scrub,256,2024
AZ,64000,659,Woolsey_Peak,52,Shrub/Scrub,293355,1989
MN,816244,70,Boundary_Waters_Canoe_Area,52,Shrub/Scrub,43440,1989
CO,73416,373,Mount_Evans,52,Shrub/Scrub,40481,2024
NV,12930,675,Big_Rocks,52,Shrub/Scrub,39058,2024
CA,7272,683,Mount_Lassic,52,Shrub/Scrub,1853,1989
WA,102919,241,Henry_M_Jackson,52,Shrub/Scrub,61913,1989
MO,9183,35,Bell_Mountain,52,Shrub/Scrub,4,2024
CO,17109,272,James_Peak,52,Shrub/Scrub,23890,1989
UT,35,753,Taylor_Creek,52,Shrub/Scrub,54,1989
WY,584733,596,Teton,52,Shrub/Scrub,819173,1989
CA,56239,682,Yuki,52,Shrub/Scrub,118304,2024
NV,43512,670,Parsnip_Peak,52,Shrub/Scrub,45865,2024
WA,108020,209,Goat_Rocks,52,Shrub/Scrub,47076,1989
AZ,87182,118,Chiricahua,52,Shrub/Scrub,241593,2024
MT,20819,616,UL_Bend,52,Shrub/Scrub,53002,1989
OR,17173,357,Mill_Creek,52,Shrub/Scrub,4074,1989
OR,64742,374,Mount_Hood,52,Shrub/Scrub,33279,2024
OR,180103,287,Kalmiopsis,52,Shrub/Scrub,168216,1989
AZ,312600,431,Organ_Pipe_Cactus,52,Shrub/Scrub,1372294,2024
IL,5800,25,Bald_Knob,52,Shrub/Scrub,4,2024
WY,426751,78,Bridger,52,Shrub/Scrub,669968,2024
CA,303713,210,Golden_Trout,52,Shrub/Scrub,607274,1989
NM,11656,678,Ojito,52,Shrub/Scrub,53870,2024
CO,16486,384,Mount_Sneffels,52,Shrub/Scrub,9913,1989
AZ,6860,137,Cottonwood_Point,52,Shrub/Scrub,29336,2024
WA,451,633,Washington_Islands,52,Shrub/Scrub,45,1989
NV,48154,400,Muddy_Mountains,52,Shrub/Scrub,200829,1989
NV,35581,9,AltaToquima,52,Shrub/Scrub,81981,1989
CA,73726,437,Pahrump_Valley,52,Shrub/Scrub,345292,1989
NV,46465,244,High_Rock_Canyon,52,Shrub/Scrub,210663,1989
CA,219209,544,Sespe,52,Shrub/Scrub,820492,2024
CO,122453,248,Holy_Cross,52,Shrub/Scrub,111680,1989
WA,20784,258,Indian_Heaven,52,Shrub/Scrub,1307,1989
NV,67214,701,South_Egan_Range,52,Shrub/Scrub,78547,2024
CO,13000,624,Vasquez_Peak,52,Shrub/Scrub,13859,2024
WA,15776,594,Tatoosh,52,Shrub/Scrub,8728,2024
MT,34304,483,Rattlesnake,52,Shrub/Scrub,36690,2024
WA,228480,382,Mount_Rainier,52,Shrub/Scrub,108411,1989
MI,5268,41,Big_Island_Lake,52,Shrub/Scrub,33,2024
NM,9616,782,Whitethorn,52,Shrub/Scrub,47423,1989
CA,8158,417,North_Fork,52,Shrub/Scrub,7332,2024
NM,13902,774,Broad_Canyon,52,Shrub/Scrub,72522,1989
NV,23439,420,North_Jackson_Mountains,52,Shrub/Scrub,93206,1989
VA,6071,317,Lewis_Fork,52,Shrub/Scrub,243,2024
UT,46360,148,Dark_Canyon,52,Shrub/Scrub,58201,1989
AZ,5800,424,North_Santa_Teresa,52,Shrub/Scrub,23482,2024
CA,13987,197,Garcia,52,Shrub/Scrub,28618,1989
VA,4225,740,Raccoon_Branch,52,Shrub/Scrub,34,1989
NV,24015,762,Pine_Forest_Range,52,Shrub/Scrub,93532,2024
UT,44572,378,Mount_Naomi,52,Shrub/Scrub,88250,2024
UT,10518,386,Mount_Timpanogos,52,Shrub/Scrub,22705,2024
NV,28274,676,Mt_Irish,52,Shrub/Scrub,96773,2024
AZ,803418,90,Cabeza_Prieta,52,Shrub/Scrub,3250695,2024
AZ,7880,388,Mount_Trumbull,52,Shrub/Scrub,937,1989
CO,12615,476,Ptarmigan_Peak,52,Shrub/Scrub,6269,2024
AR,16652,315,Leatherwood,52,Shrub/Scrub,28,1989
UT,93,725,Goose_Creek,52,Shrub/Scrub,91,1989
NV,18879,277,Jimbilnan,52,Shrub/Scrub,84372,1989
CA,7272,683,Mount_Lassic,52,Shrub/Scrub,11986,2024
AZ,97880,169,Eagletail_Mountains,52,Shrub/Scrub,457983,1989
AZ,312600,431,Organ_Pipe_Cactus,52,Shrub/Scrub,1365207,1989
CA,39955,442,Palo_Verde_Mountains,52,Shrub/Scrub,186810,1989
WV,5147,708,Big_Draft,52,Shrub/Scrub,15,1989
CA,76312,491,Resting_Spring_Range,52,Shrub/Scrub,356911,1989
OR,54406,389,Mount_Washington,52,Shrub/Scrub,4089,1989
OR,9465,715,Clackamas,52,Shrub/Scrub,1344,2024
UT,49130,802,Sids_Mountain,52,Shrub/Scrub,235665,1989
NM,44372,759,Columbine_Hondo,52,Shrub/Scrub,24656,1989
NV,56819,394,Mt_Charleston,52,Shrub/Scrub,88270,2024
CA,199208,263,Inyo_Mountains,52,Shrub/Scrub,700189,1989
ID,52753,709,Big_Jacks_Creek,52,Shrub/Scrub,233275,1989
OR,35203,651,Wild_Rogue,52,Shrub/Scrub,8763,1989
CO,19237,572,Spanish_Peaks,52,Shrub/Scrub,7403,1989
AZ,250760,347,Mazatzal,52,Shrub/Scrub,892334,2024
NH,45809,450,Pemigewasset,52,Shrub/Scrub,360,2024
NM,41305,525,San_Pedro_Parks,52,Shrub/Scrub,6725,1989
UT,10518,386,Mount_Timpanogos,52,Shrub/Scrub,23154,1989
MT,32350,488,Red_Rock_Lakes,52,Shrub/Scrub,20521,1989
MI,146,253,Huron_Islands,52,Shrub/Scrub,33,1989
CA,60222,559,Snow_Mountain,52,Shrub/Scrub,99204,1989
CA,14645,46,Bigelow_Cholla_Garden,52,Shrub/Scrub,70612,1989
CA,72192,463,Piper_Mountain,52,Shrub/Scrub,325810,2024
CA,23679,174,El_Paso_Mountains,52,Shrub/Scrub,107417,2024
VA/WV,16525,392,Mountain_Lake,52,Shrub/Scrub,37,1989
AZ,87182,118,Chiricahua,52,Shrub/Scrub,57753,1989
WA,52294,413,Norse_Peak,52,Shrub/Scrub,11758,2024
WA,108020,209,Goat_Rocks,52,Shrub/Scrub,42027,2024
NC/TN,19246,280,Joyce_Kilmer_Slickrock,52,Shrub/Scrub,1,1989
NV,128362,805,Clan_Alpine_Mountains,52,Shrub/Scrub,275016,1989
NV,51305,669,Weepah_Spring,52,Shrub/Scrub,159240,2024
AZ,48314,489,Red_Rock_Secret_Mountain,52,Shrub/Scrub,66706,1989
NC,9315,547,Sheep_Ridge,52,Shrub/Scrub,2,2024
WY,346320,414,North_Absaroka,52,Shrub/Scrub,765200,2024
VA,9826,513,Saint_Marys,52,Shrub/Scrub,535,2024
CO,17109,272,James_Peak,52,Shrub/Scrub,21167,2024
OR,593,430,Oregon_Islands,52,Shrub/Scrub,57,1989
UT,25635,71,Box_Death_Hollow,52,Shrub/Scrub,64445,1989
OR,5784,591,Table_Rock,52,Shrub/Scrub,510,1989
OR,4965,351,Menagerie,52,Shrub/Scrub,178,1989
AZ,31200,251,Hummingbird_Springs,52,Shrub/Scrub,143465,2024
ID,217511,536,Sawtooth,52,Shrub/Scrub,224952,1989
AZ,31200,251,Hummingbird_Springs,52,Shrub/Scrub,143470,1989
CA,80090,770,Soda_Mountains,52,Shrub/Scrub,323376,2024
AZ,34400,592,Table_Top,52,Shrub/Scrub,156459,1989
AZ,27440,622,Upper_Burro_Creek,52,Shrub/Scrub,126165,2024
NM,35091,97,Capitan_Mountains,52,Shrub/Scrub,5390,2024
AZ,20251,358,Miller_Peak,52,Shrub/Scrub,26074,2024
CO,19237,572,Spanish_Peaks,52,Shrub/Scrub,10672,2024
CA,47158,150,Dead_Mountains,52,Shrub/Scrub,244415,2024
MT/WY,937102,1,Absaroka_Beartooth,52,Shrub/Scrub,1509462,2024
CA,26839,738,Pleasant_View_Ridge,52,Shrub/Scrub,59723,2024
AZ,37457,240,Hellsgate,52,Shrub/Scrub,97626,2024
AZ,18790,204,Gibraltar_Mountain,52,Shrub/Scrub,85760,2024
MI,3271,412,Nordhouse_Dunes,52,Shrub/Scrub,2,2024
NM,105085,779,Potrillo_Mountains,52,Shrub/Scrub,534085,1989
NM,16935,775,Cinder_Cone,52,Shrub/Scrub,82879,2024
NC,7482,355,Middle_Prong,52,Shrub/Scrub,126,1989
WA,20784,258,Indian_Heaven,52,Shrub/Scrub,873,2024
CA,28955,423,North_Mesquite_Mountains,52,Shrub/Scrub,135056,2024
NV,59107,245,High_Rock_Lake,52,Shrub/Scrub,261164,1989
CA,39740,728,John_Krebs,52,Shrub/Scrub,34202,1989
CA,31358,271,Jacumba,52,Shrub/Scrub,142000,1989
WV,20705,434,Otter_Creek,52,Shrub/Scrub,8,1989
VT,7824,451,Peru_Peak,52,Shrub/Scrub,80,1989
CA,83195,578,Stepladder_Mountains,52,Shrub/Scrub,377518,1989
WI,7270,647,Whisker_Lake,52,Shrub/Scrub,95,1989
CA,71275,158,Dick_Smith,52,Shrub/Scrub,155788,1989
NM,12155,776,East_Potrillo_Mountains,52,Shrub/Scrub,59907,2024
NE,7833,560,Soldier_Creek,52,Shrub/Scrub,1865,1989
NV,92627,590,Table_Mountain,52,Shrub/Scrub,149521,2024
UT,11667,717,Cottonwood_Canyon,52,Shrub/Scrub,52630,1989
NV,111066,665,Delamar_Mountains,52,Shrub/Scrub,498307,1989
AZ,8760,403,Needles_Eye,52,Shrub/Scrub,38780,2024
CA,34264,501,Rodman_Mountains,52,Shrub/Scrub,155482,2024
AZ,10500,184,Fishhooks,52,Shrub/Scrub,40707,2024
NM,203548,4,Aldo_Leopold,52,Shrub/Scrub,316190,2024
CA,43279,260,Indian_Pass,52,Shrub/Scrub,195786,2024
CA,28822,256,Ibex,52,Shrub/Scrub,138260,1989
OR,170202,576,Steens_Mountain,52,Shrub/Scrub,550932,2024
VT,6725,37,Big_Branch,52,Shrub/Scrub,6,1989
CA,25895,415,North_Algodones_Dunes,52,Shrub/Scrub,39266,2024
AZ/CA,17801,233,Havasu,52,Shrub/Scrub,78822,2024
CO,122453,248,Holy_Cross,52,Shrub/Scrub,97579,2024
NV,32072,532,Santa_Rosa_Paradise_Peak,52,Shrub/Scrub,91832,1989
WV,17777,160,Dolly_Sods,52,Shrub/Scrub,238,1989
CA,73726,437,Pahrump_Valley,52,Shrub/Scrub,346042,2024
FL,379,108,Cedar_Keys,52,Shrub/Scrub,2,1989
NV,6489,634,Wee_Thump_Joshua_Tree,52,Shrub/Scrub,29644,1989
OR,36865,627,Waldo_Lake,52,Shrub/Scrub,3249,2024
AZ,15400,21,Aubrey_Peak,52,Shrub/Scrub,67487,2024
CA,45384,44,Big_Maria_Mountains,52,Shrub/Scrub,210906,1989
UT,5479,795,Little_Wild_Horse_Canyon,52,Shrub/Scrub,27568,1989
ID,90776,764,White_Clouds,52,Shrub/Scrub,116733,2024
NM,13420,783,Cerro_del_Yuta,52,Shrub/Scrub,44824,2024
CA,37786,211,Golden_Valley,52,Shrub/Scrub,170645,1989
CA,11840,772,Buzzards_Peak,52,Shrub/Scrub,55438,1989
ND,29920,598,Theodore_Roosevelt,52,Shrub/Scrub,47472,1989
NM,19154,645,Wheeler_Peak,52,Shrub/Scrub,8263,2024
WA,152980,306,Lake_Chelan_Sawtooth,52,Shrub/Scrub,141675,1989
CA,18278,335,Machesna_Mountain,52,Shrub/Scrub,53192,1989
WY,346320,414,North_Absaroka,52,Shrub/Scrub,439885,1989
AZ,25457,104,Castle_Creek,52,Shrub/Scrub,86502,2024
CA,5575,756,Cahuilla_Mountain,52,Shrub/Scrub,15957,1989
AZ,87900,439,Paiute,52,Shrub/Scrub,220020,2024
AZ,97880,169,Eagletail_Mountains,52,Shrub/Scrub,456069,2024
CA,28460,313,Lava_Beds,52,Shrub/Scrub,106424,1989
MT,1062694,64,Bob_Marshall,52,Shrub/Scrub,695936,1989
MO,6691,156,Devils_Backbone,52,Shrub/Scrub,3,2024
UT,453,729,LaVerkin_Creek,52,Shrub/Scrub,197,2024
WA,414322,8,Alpine_Lakes,52,Shrub/Scrub,295791,2024
ID,205395,212,Gospel_Hump,52,Shrub/Scrub,131111,1989
OR,5792,164,Drift_Creek,52,Shrub/Scrub,228,1989
NC,8784,585,Swanquarter,52,Shrub/Scrub,1,1989
CA,43279,260,Indian_Pass,52,Shrub/Scrub,195787,1989
NM,12155,776,East_Potrillo_Mountains,52,Shrub/Scrub,60663,1989
WY,584733,596,Teton,52,Shrub/Scrub,1348258,2024
CO,114864,331,Lost_Creek,52,Shrub/Scrub,75795,1989
NV,30539,672,Fortification_Range,52,Shrub/Scrub,24586,1989
AZ,27440,622,Upper_Burro_Creek,52,Shrub/Scrub,126292,1989
CA,21390,183,Fish_Creek_Mountains,52,Shrub/Scrub,71260,1989
NV,78754,698,Mount_Grafton,52,Shrub/Scrub,129920,2024
AZ,5633,13,Apache_Creek,52,Shrub/Scrub,5016,1989
MI,32557,758,Sleeping_Bear_Dunes,52,Shrub/Scrub,1376,1989
OR,109098,375,Mount_Jefferson,52,Shrub/Scrub,20353,1989
WY,15284,535,Savage_Run,52,Shrub/Scrub,6445,2024
CA,28374,214,Granite_Chief,52,Shrub/Scrub,40528,1989
KY,12371,127,Clifty,52,Shrub/Scrub,2,2024
AZ,10500,184,Fishhooks,52,Shrub/Scrub,40392,1989
AZ/UT,110816,444,Paria_Canyon_Vermilion_Cliffs,52,Shrub/Scrub,475562,2024
NV,26310,478,Quinn_Canyon,52,Shrub/Scrub,14181,2024
WA,353,523,San_Juan,52,Shrub/Scrub,208,2024
NH,24032,690,Wild_River,52,Shrub/Scrub,201,1989
NV,6313,695,Government_Peak,52,Shrub/Scrub,27036,2024
OR,4965,351,Menagerie,52,Shrub/Scrub,26,2024
CA,31906,337,Malpais_Mesa,52,Shrub/Scrub,141290,2024
CA,13007,144,Cucamonga,52,Shrub/Scrub,35408,2024
CA,30863,159,Dinkey_Lakes,52,Shrub/Scrub,36300,2024
TN,5634,322,Little_Frog_Mountain,52,Shrub/Scrub,4,2024
NV,49151,761,Wovoka,52,Shrub/Scrub,90877,2024
WA,41307,515,Salmo_Priest,52,Shrub/Scrub,16360,2024
AZ,20053,458,Pine_Mountain,52,Shrub/Scrub,34408,1989
CO,176431,641,West_Elk,52,Shrub/Scrub,158682,1989
NM,36764,339,Manzano_Mountain,52,Shrub/Scrub,27162,2024
UT,2648,718,Cottonwood_Forest,52,Shrub/Scrub,12178,2024
CA,12868,686,South_Fork_Eel_River,52,Shrub/Scrub,13689,2024
NM,23267,27,Bandelier,52,Shrub/Scrub,92861,2024
MT,1062694,64,Bob_Marshall,52,Shrub/Scrub,1637776,2024
UT,25078,154,Deseret_Peak,52,Shrub/Scrub,44591,1989
CO,249126,745,Rocky_Mountain,52,Shrub/Scrub,214578,1989
AZ,5887,658,Woodchute,52,Shrub/Scrub,3014,1989
CA,8022,111,Chanchelulla,52,Shrub/Scrub,18697,2024
MT,11366,350,Medicine_Lake,52,Shrub/Scrub,60,1989
MO,12423,242,Hercules_Glades,52,Shrub/Scrub,19,2024
OR,23036,393,Mountain_Lakes,52,Shrub/Scrub,3868,1989
SD,13534,55,Black_Elk,52,Shrub/Scrub,4577,1989
UT,4047,747,Slaughter_Creek,52,Shrub/Scrub,1166,1989
CA,64041,155,Desolation,52,Shrub/Scrub,172412,1989
WA,13278,383,Mount_Skokomish,52,Shrub/Scrub,11809,2024
CO,497111,637,Weminuche,52,Shrub/Scrub,414924,2024
NM,5185,161,Dome,52,Shrub/Scrub,21016,2024
CA,191104,526,San_Rafael,52,Shrub/Scrub,780905,2024
ID/MT,1347644,540,Selway_Bitterroot,52,Shrub/Scrub,980890,1989
WA,105543,704,Wild_Sky,52,Shrub/Scrub,47458,2024
CA,28822,256,Ibex,52,Shrub/Scrub,138278,2024
CA,133720,162,Domeland,52,Shrub/Scrub,471299,2024
CA,537357,611,Trinity_Alps,52,Shrub/Scrub,400892,1989
NC,11801,467,Pocosin,52,Shrub/Scrub,4,2024
CA,51289,432,Orocopia_Mountains,52,Shrub/Scrub,264837,2024
OR/WA,176737,638,Wenaha_Tucannon,52,Shrub/Scrub,182774,2024
UT,44447,714,Canaan_Mountain,52,Shrub/Scrub,147739,1989
WA,49344,68,Boulder_River,52,Shrub/Scrub,19359,2024
NV,68623,697,Highland_Ridge,52,Shrub/Scrub,101577,1989
NV,85668,666,Clover_Mountains,52,Shrub/Scrub,194564,2024
FL,8075,399,Mud_Swamp_New_River,52,Shrub/Scrub,1,2024
CA,65726,17,Argus_Range,52,Shrub/Scrub,300624,2024
NV,48154,400,Muddy_Mountains,52,Shrub/Scrub,196183,2024
NM,9621,517,Salt_Creek,52,Shrub/Scrub,40466,1989
NV,52618,172,East_Fork_High_Rock_Canyon,52,Shrub/Scrub,232968,1989
NV,78754,698,Mount_Grafton,52,Shrub/Scrub,145530,1989
ID,12556,739,Pole_Creek,52,Shrub/Scrub,58640,1989
CA,236726,625,Ventana,52,Shrub/Scrub,512761,1989
CO,15599,53,Black_Canyon_of_the_Gunnison,52,Shrub/Scrub,27302,2024
CA,179847,557,Siskiyou,52,Shrub/Scrub,265175,2024
CO,68025,133,Comanche_Peak,52,Shrub/Scrub,34820,2024
CA,13140,117,Chimney_Peak,52,Shrub/Scrub,26892,2024
OR,6404,751,Spring_Basin,52,Shrub/Scrub,18127,1989
TX,12214,259,Indian_Mounds,52,Shrub/Scrub,1,2024
UT,11436,615,Twin_Peaks,52,Shrub/Scrub,14931,1989
MT,74524,360,Mission_Mountains,52,Shrub/Scrub,86583,2024
NJ,3660,222,Great_Swamp,52,Shrub/Scrub,61,1989
GA,3000,60,Blackbeard_Island,52,Shrub/Scrub,3,1989
AZ,5800,648,White_Canyon,52,Shrub/Scrub,26452,1989
AZ,50260,454,PetrifiedForest,52,Shrub/Scrub,133466,1989
OR,120694,418,North_Fork_John_Day,52,Shrub/Scrub,85476,2024
CA,27296,684,Cache_Creek,52,Shrub/Scrub,119932,1989
MT,28460,200,Gates_of_the_Mountains,52,Shrub/Scrub,74223,2024
UT,17325,800,Reds_Canyon,52,Shrub/Scrub,87614,2024
NV,67214,701,South_Egan_Range,52,Shrub/Scrub,81853,1989
NV,16423,404,Nellis_Wash,52,Shrub/Scrub,75907,2024
TN,9037,766,Upper_Bald_River,52,Shrub/Scrub,1,1989
NM,46963,649,White_Mountain,52,Shrub/Scrub,4845,1989
OR,22614,201,Gearhart_Mountain,52,Shrub/Scrub,698,2024
CA,78576,531,Santa_Rosa,52,Shrub/Scrub,486614,2024
FL,13835,39,Big_Gum_Swamp,52,Shrub/Scrub,1,2024
CA,158147,102,Carson_Iceberg,52,Shrub/Scrub,291613,2024
NV,14095,693,Bristlecone,52,Shrub/Scrub,8891,2024
UT,7085,20,AshdownGorge,52,Shrub/Scrub,1828,2024
CA,7810,769,Great_Falls_Basin,52,Shrub/Scrub,36671,1989
UT,25078,154,Deseret_Peak,52,Shrub/Scrub,72611,2024
CA,99548,121,Chuckwalla_Mountains,52,Shrub/Scrub,460536,2024
CA,17059,566,South_Nopah_Range,52,Shrub/Scrub,81224,1989
CA,199208,263,Inyo_Mountains,52,Shrub/Scrub,678983,2024
CO,41531,329,Lizard_Head,52,Shrub/Scrub,19017,1989
TX,3521,45,Big_Slough,52,Shrub/Scrub,16,1989
NV,32072,532,Santa_Rosa_Paradise_Peak,52,Shrub/Scrub,78784,2024
CO,20847,406,Never_Summer,52,Shrub/Scrub,14573,2024
NM,11114,781,Sierra_de_las_Uvas,52,Shrub/Scrub,58338,2024
CA,8191,80,Bright_Star,52,Shrub/Scrub,36881,1989
CO/UT,75479,58,Black_Ridge_Canyons,52,Shrub/Scrub,262699,2024
CO,32643,221,Great_Sand_Dunes,52,Shrub/Scrub,113350,1989
AZ,11700,163,Dos_Cabezas_Mountains,52,Shrub/Scrub,37119,2024
MT,242068,316,Lee_Metcalf,52,Shrub/Scrub,259076,2024
UT,22843,636,Wellsville_Mountain,52,Shrub/Scrub,52883,1989
TX,5536,612,Turkey_Hill,52,Shrub/Scrub,9,2024
NM,8120,784,Rio_San_Antonio,52,Shrub/Scrub,42102,2024
UT,30632,330,Lone_Peak,52,Shrub/Scrub,50586,1989
CA,26102,408,Newberry_Mountains,52,Shrub/Scrub,125867,2024
NV,121449,696,High_Schells,52,Shrub/Scrub,173618,2024
CA,32186,522,San_Jacinto,52,Shrub/Scrub,92454,1989
AZ,63200,421,North_Maricopa_Mountains,52,Shrub/Scrub,290825,1989
NM,29242,746,Sabinoso,52,Shrub/Scrub,72812,2024
OR,5337,77,Bridge_Creek,52,Shrub/Scrub,10219,2024
SD,64144,24,Badlands,52,Shrub/Scrub,2131,2024
UT,50216,459,Pine_Valley_Mountain,52,Shrub/Scrub,20514,1989
WA,14266,410,Noisy_Diobsud,52,Shrub/Scrub,4212,2024
ID,43243,142,Craters_of_the_Moon,52,Shrub/Scrub,111356,2024
NC/TN,19246,280,Joyce_Kilmer_Slickrock,52,Shrub/Scrub,14,2024
UT,98023,799,Muddy_Creek,52,Shrub/Scrub,427831,1989
NV,14050,807,Cain_Mountain,52,Shrub/Scrub,43784,2024
AZ,41143,509,Saddle_Mountain,52,Shrub/Scrub,56190,1989
CO,20847,406,Never_Summer,52,Shrub/Scrub,15866,1989
CA,12178,732,Magic_Mountain,52,Shrub/Scrub,41165,2024
AZ,25050,229,Harcuvar_Mountains,52,Shrub/Scrub,114109,1989
AZ,22880,230,Harquahala_Mountains,52,Shrub/Scrub,104492,1989
NM,43420,50,Bisti_De_Na_Zin,52,Shrub/Scrub,196358,1989
CA,252149,296,Kingston_Range,52,Shrub/Scrub,1027370,1989
CO,126480,303,La_Garita,52,Shrub/Scrub,88782,2024
OR/WA,176737,638,Wenaha_Tucannon,52,Shrub/Scrub,80825,1989
NM,18881,143,Cruces_Basin,52,Shrub/Scrub,30215,2024
AZ,13350,553,Signal_Mountain,52,Shrub/Scrub,61400,1989
AZ,9808,215,Granite_Mountain_AZ,52,Shrub/Scrub,17230,1989
WA,49344,68,Boulder_River,52,Shrub/Scrub,25126,1989
AZ,70905,511,Saguaro,52,Shrub/Scrub,219515,1989
AZ,14400,552,Sierra_Estrella,52,Shrub/Scrub,67375,1989
VA,79579,549,Shenandoah,52,Shrub/Scrub,201,2024
ME,4680,369,Moosehorn_Baring_Unit,52,Shrub/Scrub,1,2024
NV,32364,173,East_Humboldts,52,Shrub/Scrub,116683,2024
NV,26310,478,Quinn_Canyon,52,Shrub/Scrub,19606,1989
CA,23578,84,Bucks_Lake,52,Shrub/Scrub,18769,1989
CO,249126,745,Rocky_Mountain,52,Shrub/Scrub,200537,2024
AZ,26912,533,Santa_Teresa,52,Shrub/Scrub,95171,2024
AZ,6860,137,Cottonwood_Point,52,Shrub/Scrub,30135,1989
NJ,3660,222,Great_Swamp,52,Shrub/Scrub,21,2024
NV,23710,318,Lime_Canyon,52,Shrub/Scrub,89541,1989
NV,120551,16,ArcDome,52,Shrub/Scrub,359045,1989
NV,48355,323,Little_High_Rock_Canyon,52,Shrub/Scrub,182201,2024
AZ,516200,299,Kofa,52,Shrub/Scrub,2478819,1989
CA,39412,524,San_Mateo_Canyon,52,Shrub/Scrub,139216,2024
UT,22843,636,Wellsville_Mountain,52,Shrub/Scrub,41979,2024
CA,24433,584,Surprise_Canyon,52,Shrub/Scrub,84790,2024
VT,3750,81,Bristol_Cliffs,52,Shrub/Scrub,1,2024
CA,16526,599,Thousand_Lakes,52,Shrub/Scrub,10107,2024
NV,42544,694,Goshute_Canyon,52,Shrub/Scrub,77555,1989
OR,593,430,Oregon_Islands,52,Shrub/Scrub,58,2024
CA,89500,768,AvawatzMountains,52,Shrub/Scrub,391234,2024
CO/WY,24051,465,Platte_River,52,Shrub/Scrub,16460,2024
NM,7242,785,Ah_shi_sle_pah,52,Shrub/Scrub,31253,1989
AZ,14400,552,Sierra_Estrella,52,Shrub/Scrub,67361,2024
CA,303713,210,Golden_Trout,52,Shrub/Scrub,709301,2024
CA,31415,554,Silver_Peak,52,Shrub/Scrub,42228,2024
WA,7140,282,Juniper_Dunes,52,Shrub/Scrub,22189,1989
AZ,38944,626,Wabayuma_Peak,52,Shrub/Scrub,153035,1989
NM,221796,447,Pecos,52,Shrub/Scrub,25893,1989
CA,158147,102,Carson_Iceberg,52,Shrub/Scrub,265343,1989
OR,30787,786,Devils_Staircase,52,Shrub/Scrub,9466,1989
WA,44270,83,Buckhorn,52,Shrub/Scrub,18396,2024
AZ,14630,170,East_Cactus_Plain,52,Shrub/Scrub,51549,1989
NV,24249,671,White_Rock_Range,52,Shrub/Scrub,20433,2024
AZ,36949,496,Rincon_Mountain,52,Shrub/Scrub,146295,2024
NV,27502,19,Arrow_Canyon,52,Shrub/Scrub,123526,1989
AZ,19440,449,Peloncillo_Mountains,52,Shrub/Scrub,89505,1989
CA,51289,432,Orocopia_Mountains,52,Shrub/Scrub,262186,1989
OR,113571,558,Sky_Lakes,52,Shrub/Scrub,7436,1989
MI,25150,542,Seney,52,Shrub/Scrub,222,1989
AR,10585,171,East_Fork,52,Shrub/Scrub,16,1989
CA,20158,749,South_Fork_San_Jacinto,52,Shrub/Scrub,62275,1989
TX,3817,324,Little_Lake_Creek,52,Shrub/Scrub,57,1989
CA,18682,589,Sylvania_Mountains,52,Shrub/Scrub,77476,2024
CA,76123,646,Whipple_Mountains,52,Shrub/Scrub,360691,1989
ID,12556,739,Pole_Creek,52,Shrub/Scrub,58676,2024
OR,65435,342,Mark_O_Hatfield,52,Shrub/Scrub,96432,2024
AZ,18720,285,Kachina_Peaks,52,Shrub/Scrub,2568,1989
WA,638173,577,Stephen_Mather,52,Shrub/Scrub,534730,1989
AZ/UT,18667,33,Beaver_Dam_Mountains,52,Shrub/Scrub,79360,2024
MI,11740,707,Beaver_Basin,52,Shrub/Scrub,1,2024
WA,5963,606,Trapper_Creek,52,Shrub/Scrub,242,2024
CA,11001,757,Elkhorn_Ridge,52,Shrub/Scrub,10280,2024
AR,34933,85,Buffalo_National_River,52,Shrub/Scrub,12,2024
MS,5033,54,Black_Creek,52,Shrub/Scrub,4,2024
CA,18002,3,Agua_Tibia,52,Shrub/Scrub,61638,2024
WY,123896,275,Jedediah_Smith,52,Shrub/Scrub,207782,2024
CA,38216,326,Little_Picacho,52,Shrub/Scrub,156788,1989
CO,176431,641,West_Elk,52,Shrub/Scrub,153673,2024
UT,18689,742,Red_Mountain_UT,52,Shrub/Scrub,72697,2024
VA,3329,724,Garden_Mountain,52,Shrub/Scrub,1,2024
SD,13534,55,Black_Elk,52,Shrub/Scrub,4451,2024
WI,4074,471,Porcupine_Lake,52,Shrub/Scrub,27,1989
CA,14698,735,Owens_River_Headwaters,52,Shrub/Scrub,21298,1989
WA,119966,371,Mount_Baker,52,Shrub/Scrub,84194,1989
NV,27502,19,Arrow_Canyon,52,Shrub/Scrub,123193,2024
AZ,38944,626,Wabayuma_Peak,52,Shrub/Scrub,155614,2024
MO,12423,242,Hercules_Glades,52,Shrub/Scrub,7,1989
OR,69411,581,Strawberry_Mountain,52,Shrub/Scrub,40633,1989
NV,43996,565,South_McCullough,52,Shrub/Scrub,178973,1989
WA,16297,597,The_Brothers,52,Shrub/Scrub,7785,1989
TN,4472,617,Unaka_Mountain,52,Shrub/Scrub,4,1989
MT,93272,91,Cabinet_Mountains,52,Shrub/Scrub,95215,1989
CO,114864,331,Lost_Creek,52,Shrub/Scrub,77650,2024
NM,44372,759,Columbine_Hondo,52,Shrub/Scrub,21412,2024
CA,27315,455,Phillip_Burton,52,Shrub/Scrub,42088,2024
CA,31059,726,Granite_Mountain_CA,52,Shrub/Scrub,132160,2024
NV,54536,563,South_Jackson_Mountains,52,Shrub/Scrub,221514,1989
UT,4478,720,Deep_Creek_North,52,Shrub/Scrub,4556,1989
CO,102209,618,Uncompahgre,52,Shrub/Scrub,53321,1989
NV,30594,668,Worthington_Mountains,52,Shrub/Scrub,126221,1989
UT,29029,803,Turtle_Canyon,52,Shrub/Scrub,44280,2024
MT,28248,635,Welcome_Creek,52,Shrub/Scrub,17833,1989
CA,13260,457,Pine_Creek,52,Shrub/Scrub,43023,1989
AZ,7711,401,Muggins_Mountain,52,Shrub/Scrub,34591,1989
CA,30186,217,Grass_Valley,52,Shrub/Scrub,148808,2024
CO,160997,568,South_San_Juan,52,Shrub/Scrub,29842,1989
TX,46850,225,Guadalupe_Mountains,52,Shrub/Scrub,106278,1989
AZ,6664,293,Kendrick_Mountain,52,Shrub/Scrub,165,1989
UT,40,705,Beartrap_Canyon,52,Shrub/Scrub,35,1989
CA,128044,249,Hoover,52,Shrub/Scrub,258142,2024
OR,28915,23,Badger_Creek,52,Shrub/Scrub,8148,2024
MT,158712,10,Anaconda_Pintler,52,Shrub/Scrub,59166,1989
UT,16343,798,Middle_Wild_Horse_Mesa,52,Shrub/Scrub,46948,1989
CA,595364,279,Joshua_Tree,52,Shrub/Scrub,2552720,2024
CO,8801,89,Byers_Peak,52,Shrub/Scrub,6401,2024
CA,177309,613,Turtle_Mountains,52,Shrub/Scrub,822741,2024
CA,8189,149,Darwin_Falls,52,Shrub/Scrub,40180,1989
NV,157716,663,Mormon_Mountains,52,Shrub/Scrub,634757,2024
CA,86245,294,Kiavah,52,Shrub/Scrub,274982,1989
CA,101574,521,San_Gorgonio,52,Shrub/Scrub,421634,2024
NV,43996,565,South_McCullough,52,Shrub/Scrub,176730,2024
NC,8490,105,Catfish_Lake_South,52,Shrub/Scrub,1,2024
CA,71389,82,Bristol_Mountains,52,Shrub/Scrub,334602,1989
CA,42079,266,Ishi,52,Shrub/Scrub,136952,2024
AZ,37030,213,Grand_Wash_Cliffs,52,Shrub/Scrub,135133,1989
CA,70206,570,South_Warner,52,Shrub/Scrub,143716,1989
CO,17784,227,Gunnison_Gorge,52,Shrub/Scrub,55685,1989
WA,11851,132,Colonel_Bob,52,Shrub/Scrub,1153,1989
NM,35091,97,Capitan_Mountains,52,Shrub/Scrub,4577,1989
UT,27075,379,Mount_Nebo,52,Shrub/Scrub,60318,2024
AR,10585,171,East_Fork,52,Shrub/Scrub,4,2024
OR,23036,393,Mountain_Lakes,52,Shrub/Scrub,3138,2024
CA,165172,427,Old_Woman_Mountains,52,Shrub/Scrub,755971,2024
MT,28460,200,Gates_of_the_Mountains,52,Shrub/Scrub,25572,1989
CA,50451,508,Sacatar_Trail,52,Shrub/Scrub,140020,2024
AZ,250760,347,Mazatzal,52,Shrub/Scrub,741361,1989
NM,29106,63,Blue_Range,52,Shrub/Scrub,22474,2024
NM,44678,14,Apache_Kid,52,Shrub/Scrub,18064,1989
CO,32062,191,Fossil_Ridge,52,Shrub/Scrub,12420,2024
MI,11951,152,Delirium,52,Shrub/Scrub,2,1989
OR,13724,716,Copper_Salmon,52,Shrub/Scrub,46,2024
AZ,58448,587,Sycamore_Canyon,52,Shrub/Scrub,129198,1989
OK,8570,650,Wichita_Mountains,52,Shrub/Scrub,25993,2024
AZ,14650,376,Mount_Logan,52,Shrub/Scrub,11722,1989
CA,652903,278,John_Muir,52,Shrub/Scrub,1247272,1989
WY,198906,185,Fitzpatrick,52,Shrub/Scrub,266590,1989
NV,39173,462,Pinto_Valley,52,Shrub/Scrub,174902,2024
OR,355553,167,Eagle_Cap,52,Shrub/Scrub,348360,1989
OR,20777,429,Opal_Creek,52,Shrub/Scrub,918,2024
NV,33466,573,Spirit_Mountain,52,Shrub/Scrub,149645,1989
OR,35203,651,Wild_Rogue,52,Shrub/Scrub,16537,2024
GA,10791,494,Rich_Mountain,52,Shrub/Scrub,2,1989
CA,33772,537,Sawtooth_Mountains,52,Shrub/Scrub,150721,2024
WA,14266,410,Noisy_Diobsud,52,Shrub/Scrub,5233,1989
NM,11114,781,Sierra_de_las_Uvas,52,Shrub/Scrub,58642,1989
WA,102919,241,Henry_M_Jackson,52,Shrub/Scrub,47705,2024
NM,41305,525,San_Pedro_Parks,52,Shrub/Scrub,6206,2024
AZ,60773,193,Four_Peaks,52,Shrub/Scrub,204704,2024
UT,10648,719,Cougar_Canyon,52,Shrub/Scrub,11335,2024
NV,49151,761,Wovoka,52,Shrub/Scrub,100309,1989
TN,9037,766,Upper_Bald_River,52,Shrub/Scrub,1,2024
CO,126480,303,La_Garita,52,Shrub/Scrub,88778,1989
NC,5065,49,Birkhead_Mountains,52,Shrub/Scrub,2,2024
NM,559310,205,Gila,52,Shrub/Scrub,318219,1989
MI,11358,336,Mackinac,52,Shrub/Scrub,10,1989
CA,18002,3,Agua_Tibia,52,Shrub/Scrub,32425,1989
UT,4478,720,Deep_Creek_North,52,Shrub/Scrub,5079,2024
CO,135104,168,Eagles_Nest,52,Shrub/Scrub,142198,1989
UT,99428,680,Cedar_Mountain_Area,52,Shrub/Scrub,387712,1989
CA,12897,338,Manly_Peak,52,Shrub/Scrub,57208,1989
CA,7810,769,Great_Falls_Basin,52,Shrub/Scrub,36677,2024
NV,17220,51,Black_Canyon_NV,52,Shrub/Scrub,78411,2024
OR,170202,576,Steens_Mountain,52,Shrub/Scrub,654259,1989
CA,24348,737,Pinto_Mountains,52,Shrub/Scrub,113325,2024
WA,119966,371,Mount_Baker,52,Shrub/Scrub,69925,2024
PA,8633,243,Hickory_Creek,52,Shrub/Scrub,5,2024
WA,52294,413,Norse_Peak,52,Shrub/Scrub,22641,1989
CA,16893,433,Otay_Mountain,52,Shrub/Scrub,78052,2024
NM,37278,527,Sandia_Mountain,52,Shrub/Scrub,26585,2024
AZ/CA,15056,257,Imperial_Refuge,52,Shrub/Scrub,64534,2024
NM,27673,773,Aden_Lava_Flow,52,Shrub/Scrub,136396,2024
ID/MT,1347644,540,Selway_Bitterroot,52,Shrub/Scrub,1768035,2024
AL,7400,115,Cheaha,52,Shrub/Scrub,17,2024
NV,31223,396,Mt_Rose,52,Shrub/Scrub,60969,1989
UT,7085,20,AshdownGorge,52,Shrub/Scrub,2317,1989
ID,43243,142,Craters_of_the_Moon,52,Shrub/Scrub,122546,1989
NV,120551,16,ArcDome,52,Shrub/Scrub,290885,2024
NV,59107,245,High_Rock_Lake,52,Shrub/Scrub,265553,2024
NV,110471,274,Jarbidge,52,Shrub/Scrub,342614,2024
AZ,5158,180,Escudilla,52,Shrub/Scrub,18362,2024
CO,219891,529,Sangre_de_Cristo,52,Shrub/Scrub,260919,1989
CA,13987,197,Garcia,52,Shrub/Scrub,31633,2024
CA,144915,291,Kelso_Dunes,52,Shrub/Scrub,633823,2024
CO,66280,723,Dominguez_Canyon,52,Shrub/Scrub,173356,2024
FL,2827,325,Little_Lake_George,52,Shrub/Scrub,1,1989
CA,25895,415,North_Algodones_Dunes,52,Shrub/Scrub,40300,1989
NV,7761,76,Bridge_Canyon,52,Shrub/Scrub,35848,1989
CA,73868,435,Owens_Peak,52,Shrub/Scrub,282453,2024
CA,6964,575,Stateline,52,Shrub/Scrub,31739,2024
NM,61600,106,Cebolla,52,Shrub/Scrub,118008,1989
MI,11951,152,Delirium,52,Shrub/Scrub,3,2024
CA,78576,531,Santa_Rosa,52,Shrub/Scrub,477613,1989
NM,9621,517,Salt_Creek,52,Shrub/Scrub,41458,2024
UT,453863,246,High_Uintas,52,Shrub/Scrub,351561,2024
MI,32557,758,Sleeping_Bear_Dunes,52,Shrub/Scrub,766,2024
WY,31057,255,Huston_Park,52,Shrub/Scrub,24376,1989
CA,768222,543,Sequoia_Kings_Canyon,52,Shrub/Scrub,1327786,2024
AZ,16009,107,Cedar_Bench,52,Shrub/Scrub,30524,1989
WA,414322,8,Alpine_Lakes,52,Shrub/Scrub,298815,1989
AZ,7880,388,Mount_Trumbull,52,Shrub/Scrub,1988,2024
GA/NC/SC,8300,176,Ellicott_Rock,52,Shrub/Scrub,11,1989
WY,198906,185,Fitzpatrick,52,Shrub/Scrub,256625,2024
CA,230966,754,White_Mountains,52,Shrub/Scrub,603572,1989
AZ,20251,358,Miller_Peak,52,Shrub/Scrub,20564,1989
OR,355553,167,Eagle_Cap,52,Shrub/Scrub,353232,2024
AZ,6819,372,Mount_Baldy,52,Shrub/Scrub,1077,1989
CA,35738,520,San_Gabriel,52,Shrub/Scrub,81138,1989
FL,379,108,Cedar_Keys,52,Shrub/Scrub,2,2024
WY,191914,129,Cloud_Peak,52,Shrub/Scrub,331355,1989
CO,77932,261,Indian_Peaks,52,Shrub/Scrub,84207,2024
CA,12868,686,South_Fork_Eel_River,52,Shrub/Scrub,11228,1989
CA,64041,155,Desolation,52,Shrub/Scrub,164995,2024
CA,252149,296,Kingston_Range,52,Shrub/Scrub,1054494,2024
CA,10999,103,Castle_Crags,52,Shrub/Scrub,14664,2024
WA,105543,704,Wild_Sky,52,Shrub/Scrub,69172,1989
CO,135104,168,Eagles_Nest,52,Shrub/Scrub,127301,2024
NM,9616,782,Whitethorn,52,Shrub/Scrub,47417,2024
CA,101574,521,San_Gorgonio,52,Shrub/Scrub,328985,1989
CA,10666,681,Sanhedrin,52,Shrub/Scrub,10419,2024
UT,7179,804,Nelson_Mountain,52,Shrub/Scrub,19418,2024
CA,704624,662,Yosemite,52,Shrub/Scrub,1497927,2024
CA,19935,93,Cadiz_Dunes,52,Shrub/Scrub,18070,1989
WY,123896,275,Jedediah_Smith,52,Shrub/Scrub,224480,1989
CA,12521,507,Russian,52,Shrub/Scrub,14313,1989
NV,314835,59,Black_Rock_Desert,52,Shrub/Scrub,491646,2024
NM,559310,205,Gila,52,Shrub/Scrub,761383,2024
AZ,10414,580,Strawberry_Crater,52,Shrub/Scrub,46758,2024
CO,160309,391,Mount_Zirkel,52,Shrub/Scrub,203255,2024
CA,15628,706,Beauty_Mountain,52,Shrub/Scrub,63210,1989
CA,60280,569,South_Sierra,52,Shrub/Scrub,105504,1989
OR,64742,374,Mount_Hood,52,Shrub/Scrub,12437,1989
CA,16526,599,Thousand_Lakes,52,Shrub/Scrub,5221,1989
UT,4047,747,Slaughter_Creek,52,Shrub/Scrub,3811,2024
OR,20210,367,Monument_Rock,52,Shrub/Scrub,71320,2024
GA,353981,426,Okefenokee,52,Shrub/Scrub,27,2024
NV,68623,697,Highland_Ridge,52,Shrub/Scrub,96658,2024
UT,11436,615,Twin_Peaks,52,Shrub/Scrub,13790,2024
CA,39955,442,Palo_Verde_Mountains,52,Shrub/Scrub,186810,2024
CA/NV,3190455,151,Death_Valley,52,Shrub/Scrub,11278074,1989
AR,6301,165,Dry_Creek,52,Shrub/Scrub,69,1989
AZ,48314,489,Red_Rock_Secret_Mountain,52,Shrub/Scrub,96561,2024
VT,12336,689,Joseph_Battell,52,Shrub/Scrub,136,1989
NC,11653,319,Linville_Gorge,52,Shrub/Scrub,762,2024
NV,123508,664,Meadow_Valley_Range,52,Shrub/Scrub,439680,2024
AR,10180,187,Flatside,52,Shrub/Scrub,81,1989
NV,17220,51,Black_Canyon_NV,52,Shrub/Scrub,78409,1989
AZ,34400,592,Table_Top,52,Shrub/Scrub,156459,2024
AZ,19410,15,Aravaipa_Canyon,52,Shrub/Scrub,91407,2024
UT,15291,381,Mount_Olympus,52,Shrub/Scrub,16766,2024
CA,76312,491,Resting_Spring_Range,52,Shrub/Scrub,356358,2024
AL,8947,166,Dugger_Mountain,52,Shrub/Scrub,497,1989
MT,158712,10,Anaconda_Pintler,52,Shrub/Scrub,193223,2024
CA,33843,128,Clipper_Mountain,52,Shrub/Scrub,161912,2024
CA,15985,461,Hain,52,Shrub/Scrub,68505,2024
AZ,11235,30,Bear_Wallow,52,Shrub/Scrub,146,1989
CA,20158,749,South_Fork_San_Jacinto,52,Shrub/Scrub,58192,2024
UT,11667,717,Cottonwood_Canyon,52,Shrub/Scrub,51860,2024
NV,52451,216,Grant_Range,52,Shrub/Scrub,71927,1989
NV,10467,69,Boundary_Peak,52,Shrub/Scrub,17826,1989
CO,37344,760,Hermosa_Creek,52,Shrub/Scrub,7706,1989
ID,116843,765,Jim_McClure_Jerry_Peak,52,Shrub/Scrub,323810,2024
CA,26356,349,Mecca_Hills,52,Shrub/Scrub,51117,1989
CA,231619,12,Ansel_Adams,52,Shrub/Scrub,485214,2024
CA,595364,279,Joshua_Tree,52,Shrub/Scrub,2621312,1989
CA,49296,136,Coso_Range,52,Shrub/Scrub,223910,1989
MT,28248,635,Welcome_Creek,52,Shrub/Scrub,50413,2024
NC,7482,355,Middle_Prong,52,Shrub/Scrub,6,2024
MT,259756,538,Scapegoat,52,Shrub/Scrub,156281,1989
CA,14740,101,Carrizo_Gorge,52,Shrub/Scrub,61451,1989
WA,152980,306,Lake_Chelan_Sawtooth,52,Shrub/Scrub,172062,2024
TX,13248,620,Upland_Island,52,Shrub/Scrub,4,2024
NM,30427,66,Bosque_del_Apache,52,Shrub/Scrub,139098,2024
AZ,36949,496,Rincon_Mountain,52,Shrub/Scrub,137895,1989
UT,27075,379,Mount_Nebo,52,Shrub/Scrub,42410,1989
VA,4607,601,Three_Ridges,52,Shrub/Scrub,1,2024
CA,21986,286,Kaiser,52,Shrub/Scrub,27452,2024
CA,99548,121,Chuckwalla_Mountains,52,Shrub/Scrub,460536,1989
WY,31057,255,Huston_Park,52,Shrub/Scrub,22449,2024
NV,24015,762,Pine_Forest_Range,52,Shrub/Scrub,105126,1989
NV,14050,807,Cain_Mountain,52,Shrub/Scrub,49297,1989
CA,42079,266,Ishi,52,Shrub/Scrub,132479,1989
AZ,28080,380,Mount_Nutt,52,Shrub/Scrub,127459,1989
WA,41307,515,Salmo_Priest,52,Shrub/Scrub,14468,1989
OR,2871,731,Lower_White_River,52,Shrub/Scrub,2102,1989
WY,426751,78,Bridger,52,Shrub/Scrub,618442,1989
CA,6287,685,Cedar_Roughs,52,Shrub/Scrub,20823,1989
NM,105085,779,Potrillo_Mountains,52,Shrub/Scrub,530588,2024
UT,60442,801,San_Rafael_Reef,52,Shrub/Scrub,281135,2024
ID,67993,763,Hemingway_Boulders,52,Shrub/Scrub,79750,1989
CA,24004,497,Riverside_Mountains,52,Shrub/Scrub,114813,2024
NV,46465,244,High_Rock_Canyon,52,Shrub/Scrub,181845,2024
AL,25809,556,Sipsey,52,Shrub/Scrub,6,2024
UT,18216,722,Docs_Pass,52,Shrub/Scrub,52567,2024
CO,16486,384,Mount_Sneffels,52,Shrub/Scrub,9282,2024
CA,20839,98,Caribou,52,Shrub/Scrub,1482,2024
CO/UT,75479,58,Black_Ridge_Canyons,52,Shrub/Scrub,268212,1989
NH,35301,528,Sandwich_Range,52,Shrub/Scrub,96,2024
MT,34304,483,Rattlesnake,52,Shrub/Scrub,20079,1989
NV,10467,69,Boundary_Peak,52,Shrub/Scrub,15954,2024
NV,33466,573,Spirit_Mountain,52,Shrub/Scrub,149990,2024
OR,52496,157,Diamond_Peak,52,Shrub/Scrub,3064,1989
CA,133720,162,Domeland,52,Shrub/Scrub,368309,1989
MI,5268,41,Big_Island_Lake,52,Shrub/Scrub,111,1989
UT,16343,798,Middle_Wild_Horse_Mesa,52,Shrub/Scrub,52757,2024
NV,32364,173,East_Humboldts,52,Shrub/Scrub,135573,1989
OR,29182,734,Oregon_Badlands,52,Shrub/Scrub,132850,1989
ME,11236,99,Caribou_Speckled_Mountain,52,Shrub/Scrub,212,2024
CA,768222,543,Sequoia_Kings_Canyon,52,Shrub/Scrub,1289460,1989
MN,816244,70,Boundary_Waters_Canoe_Area,52,Shrub/Scrub,142791,2024
CA,39167,126,Cleghorn_Lakes,52,Shrub/Scrub,169294,1989
CA,21986,286,Kaiser,52,Shrub/Scrub,27755,1989
OR,8758,356,Middle_Santiam,52,Shrub/Scrub,364,1989
CA,30863,159,Dinkey_Lakes,52,Shrub/Scrub,36294,1989
CA,14740,101,Carrizo_Gorge,52,Shrub/Scrub,67525,2024
SC,4967,327,Little_Wambaw_Swamp,52,Shrub/Scrub,8,1989
AZ,30300,609,Trigo_Mountain,52,Shrub/Scrub,132377,2024
UT,2648,718,Cottonwood_Forest,52,Shrub/Scrub,12193,1989
CA,28374,214,Granite_Chief,52,Shrub/Scrub,30865,2024
CO,23116,223,Greenhorn_Mountain,52,Shrub/Scrub,17256,1989
WV,6794,743,Roaring_Plains_West,52,Shrub/Scrub,17,2024
CA,86245,294,Kiavah,52,Shrub/Scrub,278476,2024
CA,20241,530,Santa_Lucia,52,Shrub/Scrub,43384,2024
CA,8158,417,North_Fork,52,Shrub/Scrub,12587,1989
AZ,9808,215,Granite_Mountain_AZ,52,Shrub/Scrub,28505,2024
OR,69411,581,Strawberry_Mountain,52,Shrub/Scrub,193071,2024
GA,9907,145,Cumberland_Island,52,Shrub/Scrub,6,1989
AR/OK,13347,56,Black_Fork_Mountain,52,Shrub/Scrub,6,2024
FL,8075,399,Mud_Swamp_New_River,52,Shrub/Scrub,3,1989
CA,71275,158,Dick_Smith,52,Shrub/Scrub,297395,2024
AL,7400,115,Cheaha,52,Shrub/Scrub,18,1989
CA,26102,408,Newberry_Mountains,52,Shrub/Scrub,125893,1989
CA,37793,122,Chumash,52,Shrub/Scrub,84018,2024
CO,62742,473,Powderhorn,52,Shrub/Scrub,37006,1989
CA,104048,363,Mokelumne,52,Shrub/Scrub,231224,2024
CA,112723,177,Emigrant,52,Shrub/Scrub,327586,1989
CA,8860,456,Picacho_Peak,52,Shrub/Scrub,39087,2024
CA,25707,195,Funeral_Mountains,52,Shrub/Scrub,124167,1989
CA,13260,457,Pine_Creek,52,Shrub/Scrub,35306,2024
NV,14779,422,North_McCullough,52,Shrub/Scrub,67222,2024
OR,20213,419,North_Fork_Umatilla,52,Shrub/Scrub,6870,1989
NH,27605,474,Presidential_Range_Dry_River,52,Shrub/Scrub,605,2024
VA,9826,513,Saint_Marys,52,Shrub/Scrub,2,1989
NC,9315,547,Sheep_Ridge,52,Shrub/Scrub,1,1989
CA,39740,728,John_Krebs,52,Shrub/Scrub,38080,2024
UT,18216,722,Docs_Pass,52,Shrub/Scrub,55387,1989
NV,128362,805,Clan_Alpine_Mountains,52,Shrub/Scrub,326123,2024
OR,17176,218,Grassy_Knob,52,Shrub/Scrub,1408,2024
CA,76123,646,Whipple_Mountains,52,Shrub/Scrub,360683,2024
NV,43512,670,Parsnip_Peak,52,Shrub/Scrub,42710,1989
CO,165874,131,Collegiate_Peaks,52,Shrub/Scrub,179068,1989
FL,3064,48,Billies_Bay,52,Shrub/Scrub,50,1989
AR,10180,187,Flatside,52,Shrub/Scrub,89,2024
NV,23710,318,Lime_Canyon,52,Shrub/Scrub,91261,2024
AZ,7499,440,Pajarita,52,Shrub/Scrub,34110,1989
VT,18122,334,Lye_Brook,52,Shrub/Scrub,1,2024
CA,10510,276,Jennie_Lakes,52,Shrub/Scrub,11591,1989
AR,14262,95,Caney_Creek,52,Shrub/Scrub,25,1989
NV,40303,806,Desatoya Mountains Wilderness,52,Shrub/Scrub,83047,2024
AZ,5800,424,North_Santa_Teresa,52,Shrub/Scrub,26510,1989
WY,10662,653,Winegar_Hole,52,Shrub/Scrub,5904,1989
AZ,6600,490,Redfield_Canyon,52,Shrub/Scrub,45120,1989
CA,12521,507,Russian,52,Shrub/Scrub,16769,2024
UT,17325,800,Reds_Canyon,52,Shrub/Scrub,87693,1989
TN,10804,43,Big_Laurel_Branch,52,Shrub/Scrub,1,2024
CA,38216,326,Little_Picacho,52,Shrub/Scrub,154512,2024
CA,27315,455,Phillip_Burton,52,Shrub/Scrub,42792,1989
AR,11141,472,Poteau_Mountain,52,Shrub/Scrub,2,1989
AZ,60100,564,South_Maricopa_Mountains,52,Shrub/Scrub,273573,1989
AZ,6178,644,Wet_Beaver,52,Shrub/Scrub,9968,1989
OR,13090,52,Black_Canyon_OR,52,Shrub/Scrub,12567,2024
UT,40,705,Beartrap_Canyon,52,Shrub/Scrub,31,2024
NV,36151,700,Shellback,52,Shrub/Scrub,70157,2024
NV,5341,674,Tunnel_Spring,52,Shrub/Scrub,8202,1989
CA,33772,537,Sawtooth_Mountains,52,Shrub/Scrub,144358,1989
MI,132018,268,Isle_Royale,52,Shrub/Scrub,7410,2024
CA,6919,232,Hauser,52,Shrub/Scrub,32817,1989
CA,177309,613,Turtle_Mountains,52,Shrub/Scrub,823259,1989
VT,24985,74,Breadloaf,52,Shrub/Scrub,168,1989
CA,60280,569,South_Sierra,52,Shrub/Scrub,139918,2024
MI,16861,348,McCormick,52,Shrub/Scrub,1,1989
NV,88650,395,Mt_Moriah,52,Shrub/Scrub,148026,2024
AZ,37457,240,Hellsgate,52,Shrub/Scrub,91160,1989
CA,30186,217,Grass_Valley,52,Shrub/Scrub,148752,1989
NC,18477,550,Shining_Rock,52,Shrub/Scrub,7,2024
NV,18119,692,Becky_Peak,52,Shrub/Scrub,24870,1989
AZ,10431,192,Fossil_Springs,52,Shrub/Scrub,13981,2024
VT,18122,334,Lye_Brook,52,Shrub/Scrub,1,1989
CA,44804,353,Mesquite,52,Shrub/Scrub,218700,2024
VA,6532,493,Rich_Hole,52,Shrub/Scrub,4,2024
CO,8801,89,Byers_Peak,52,Shrub/Scrub,7306,1989
AZ,70905,511,Saguaro,52,Shrub/Scrub,234343,2024
AZ,18720,285,Kachina_Peaks,52,Shrub/Scrub,6327,2024
GA/TN,37033,130,Cohutta,52,Shrub/Scrub,487,2024
CA,18631,139,Coyote_Mountains_CA,52,Shrub/Scrub,30373,1989
NV,40303,806,Desatoya Mountains Wilderness,52,Shrub/Scrub,87126,1989
NV,92627,590,Table_Mountain,52,Shrub/Scrub,166666,1989
NM,37278,527,Sandia_Mountain,52,Shrub/Scrub,28426,1989
NV,47311,147,Currant_Mountain,52,Shrub/Scrub,61073,2024
CA,179847,557,Siskiyou,52,Shrub/Scrub,109086,1989
CA,28052,320,Little_Chuckwalla_Mountains,52,Shrub/Scrub,130199,1989
OR,8758,356,Middle_Santiam,52,Shrub/Scrub,171,2024
OR,19918,67,Boulder_Creek,52,Shrub/Scrub,42590,2024
OR,36865,627,Waldo_Lake,52,Shrub/Scrub,604,1989
NV,24783,481,Rainbow_Mountain,52,Shrub/Scrub,80023,1989
PA,8633,243,Hickory_Creek,52,Shrub/Scrub,8,1989
ID/OR,217747,239,Hells_Canyon_IDOR,52,Shrub/Scrub,258991,2024
WY,693934,632,Washakie,52,Shrub/Scrub,1257675,2024
CA,89500,768,AvawatzMountains,52,Shrub/Scrub,392457,1989
CA,33843,128,Clipper_Mountain,52,Shrub/Scrub,161964,1989
ID,266390,736,Owyhee_River,52,Shrub/Scrub,1198648,1989
OR,13090,52,Black_Canyon_OR,52,Shrub/Scrub,6221,1989
AZ,25141,398,Mt_Wrightson,52,Shrub/Scrub,37104,2024
CA,20548,57,Black_Mountain,52,Shrub/Scrub,94090,1989
UT,3291,721,Deep_Creek,52,Shrub/Scrub,3630,2024
UT,19339,796,Lower_Last_Chance,52,Shrub/Scrub,88006,2024
ID,44027,733,North_Fork_Owyhee,52,Shrub/Scrub,147037,1989
UT,19339,796,Lower_Last_Chance,52,Shrub/Scrub,85182,1989
CA,43182,546,Sheep_Mountain,52,Shrub/Scrub,73614,1989
AZ,25457,104,Castle_Creek,52,Shrub/Scrub,69390,1989
CA,56239,682,Yuki,52,Shrub/Scrub,118162,1989
NV,30648,416,North_Black_Rock_Range,52,Shrub/Scrub,137545,2024
VT,24985,74,Breadloaf,52,Shrub/Scrub,6,2024
AZ,160164,583,Superstition,52,Shrub/Scrub,614323,1989
CO,230829,186,Flat_Tops,52,Shrub/Scrub,358910,2024
CO,41531,329,Lizard_Head,52,Shrub/Scrub,17091,2024
CA,225114,340,Marble_Mountain,52,Shrub/Scrub,119011,1989
OR,55127,385,Mount_Thielsen,52,Shrub/Scrub,9399,2024
WY,102620,470,Popo_Agie,52,Shrub/Scrub,118022,1989
MI,25150,542,Seney,52,Shrub/Scrub,67,2024
NM,7242,785,Ah_shi_sle_pah,52,Shrub/Scrub,31266,2024
AZ,10431,192,Fossil_Springs,52,Shrub/Scrub,9735,1989
NV,36151,700,Shellback,52,Shrub/Scrub,85319,1989
UT,8675,790,Devils_Canyon,52,Shrub/Scrub,37898,1989
CA,36981,397,Mt_Shasta,52,Shrub/Scrub,21937,1989
FL,1296500,341,Marjory_Stoneman_Douglas,52,Shrub/Scrub,9878,1989
UT,13832,791,Eagle_Canyon,52,Shrub/Scrub,65055,1989
WI,4074,471,Porcupine_Lake,52,Shrub/Scrub,2,2024
CA,21390,183,Fish_Creek_Mountains,52,Shrub/Scrub,70541,2024
OR,28915,23,Badger_Creek,52,Shrub/Scrub,7142,1989
CA,23679,174,El_Paso_Mountains,52,Shrub/Scrub,109805,1989
NM,39540,642,West_Malpais,52,Shrub/Scrub,145801,2024
ID,52753,709,Big_Jacks_Creek,52,Shrub/Scrub,162276,2024
CA,49296,136,Coso_Range,52,Shrub/Scrub,228158,2024
CA,537357,611,Trinity_Alps,52,Shrub/Scrub,798350,2024
ID,67993,763,Hemingway_Boulders,52,Shrub/Scrub,75251,2024
CA,31906,337,Malpais_Mesa,52,Shrub/Scrub,145572,1989
AZ,10290,119,Chiricahua_National_Monument,52,Shrub/Scrub,8650,1989
AZ,38470,486,Rawhide_Mountains,52,Shrub/Scrub,175961,1989
VA,5461,328,Little_Wilson_Creek,52,Shrub/Scrub,51,1989
NM,20420,310,Latir_Peak,52,Shrub/Scrub,16670,1989
ME,4680,369,Moosehorn_Baring_Unit,52,Shrub/Scrub,100,1989
OR,22614,201,Gearhart_Mountain,52,Shrub/Scrub,2669,1989
IL,5800,25,Bald_Knob,52,Shrub/Scrub,4,1989
CO,62742,473,Powderhorn,52,Shrub/Scrub,34281,2024
UT,124406,755,Zion,52,Shrub/Scrub,280045,1989
NM,29106,63,Blue_Range,52,Shrub/Scrub,15833,1989
CA,20839,98,Caribou,52,Shrub/Scrub,35498,1989
NM,203548,4,Aldo_Leopold,52,Shrub/Scrub,52542,1989
CA,652903,278,John_Muir,52,Shrub/Scrub,1207824,2024
AZ,2040,22,Baboquivari_Peak,52,Shrub/Scrub,7013,2024
CO,29027,377,Mount_Massive,52,Shrub/Scrub,32584,2024
WA,5963,606,Trapper_Creek,52,Shrub/Scrub,532,1989
NV,28274,676,Mt_Irish,52,Shrub/Scrub,97639,1989
WY,191914,129,Cloud_Peak,52,Shrub/Scrub,325744,2024
AZ,24600,407,New_Water_Mountains,52,Shrub/Scrub,111672,2024
MT,74524,360,Mission_Mountains,52,Shrub/Scrub,73575,1989
CA,83195,578,Stepladder_Mountains,52,Shrub/Scrub,377142,2024
NV,64968,94,Calico_Mountains,52,Shrub/Scrub,267316,1989
NV,54536,563,South_Jackson_Mountains,52,Shrub/Scrub,215218,2024
WA,531325,445,Pasayten,52,Shrub/Scrub,792305,2024
AZ,9951,238,Hells_Canyon_AZ,52,Shrub/Scrub,48627,2024
AZ,20053,458,Pine_Mountain,52,Shrub/Scrub,43588,2024
CA,24433,584,Surprise_Canyon,52,Shrub/Scrub,84760,1989
CA,47158,150,Dead_Mountains,52,Shrub/Scrub,244636,1989
AZ,60100,564,South_Maricopa_Mountains,52,Shrub/Scrub,273572,2024
FL,2827,325,Little_Lake_George,52,Shrub/Scrub,2,2024
UT,50216,459,Pine_Valley_Mountain,52,Shrub/Scrub,108622,2024
WI,7270,647,Whisker_Lake,52,Shrub/Scrub,42,2024
CO,497111,637,Weminuche,52,Shrub/Scrub,203403,1989
NM,30427,66,Bosque_del_Apache,52,Shrub/Scrub,139133,1989
AZ,5800,648,White_Canyon,52,Shrub/Scrub,24073,2024
WA,566161,207,Glacier_Peak,52,Shrub/Scrub,458693,2024
CA,22366,247,Hollow_Hills,52,Shrub/Scrub,101946,1989
NV,35581,9,AltaToquima,52,Shrub/Scrub,63597,2024
AZ,7566,283,Juniper_Mesa,52,Shrub/Scrub,495,1989
OR,35749,502,Rogue_Umpqua_Divide,52,Shrub/Scrub,12082,2024
AZ,12300,231,Hassayampa_River_Canyon,52,Shrub/Scrub,55818,2024
CA,236488,441,Palen_McCoy,52,Shrub/Scrub,958621,2024
OR,20213,419,North_Fork_Umatilla,52,Shrub/Scrub,5565,2024
WI,33500,677,Gaylord_Nelson,52,Shrub/Scrub,29,2024
UT,10648,719,Cougar_Canyon,52,Shrub/Scrub,12457,1989
CA,8189,149,Darwin_Falls,52,Shrub/Scrub,40169,2024
CO,82496,252,Hunter_Fryingpan,52,Shrub/Scrub,61936,2024
OR,36548,744,Roaring_River,52,Shrub/Scrub,7441,1989
WA,451,633,Washington_Islands,52,Shrub/Scrub,51,2024
WA,876447,428,Daniel_J_Evans,52,Shrub/Scrub,207598,2024
WV,47742,141,Cranberry,52,Shrub/Scrub,92,1989
NV,56890,438,Pahute_Peak,52,Shrub/Scrub,253440,2024
AZ,68231,288,Kanab_Creek,52,Shrub/Scrub,260199,2024
OR,29182,734,Oregon_Badlands,52,Shrub/Scrub,132838,2024
CA,44223,365,Monarch,52,Shrub/Scrub,58150,1989
NM,18827,655,Withington,52,Shrub/Scrub,36000,2024
ID,89820,711,Bruneau_Jarbidge_Rivers,52,Shrub/Scrub,266571,2024
NV,51305,669,Weepah_Spring,52,Shrub/Scrub,162163,1989
CA,38599,47,Bighorn_Mountain,52,Shrub/Scrub,170602,2024
NM,47035,109,Chama_River_Canyon,52,Shrub/Scrub,78974,2024
WA,2201,657,Wonder_Mountain,52,Shrub/Scrub,454,1989
NV,25671,667,South_Pahroc_Range,52,Shrub/Scrub,73669,2024
NV,314835,59,Black_Rock_Desert,52,Shrub/Scrub,470499,1989
WA,3060,208,Glacier_View,52,Shrub/Scrub,392,1989
NH,24032,690,Wild_River,52,Shrub/Scrub,98,2024
MS,5033,54,Black_Creek,52,Shrub/Scrub,10,1989
OR,13724,716,Copper_Salmon,52,Shrub/Scrub,1296,1989
OR,9026,146,Cummins_Creek,52,Shrub/Scrub,20,2024
NC,11653,319,Linville_Gorge,52,Shrub/Scrub,21,1989
AZ,6664,293,Kendrick_Mountain,52,Shrub/Scrub,21205,2024
MO,9183,35,Bell_Mountain,52,Shrub/Scrub,43,1989
CA,24004,497,Riverside_Mountains,52,Shrub/Scrub,114823,1989
NM,11656,678,Ojito,52,Shrub/Scrub,53853,1989
ID,50930,730,Little_Jacks_Creek,52,Shrub/Scrub,225252,1989
AZ,9951,238,Hells_Canyon_AZ,52,Shrub/Scrub,48625,1989
CO/WY,24051,465,Platte_River,52,Shrub/Scrub,32424,1989
UT,93,725,Goose_Creek,52,Shrub/Scrub,99,2024
CA,42695,687,King_Range,52,Shrub/Scrub,26333,2024
AZ,31520,387,Mount_Tipton,52,Shrub/Scrub,109631,2024
OR,2871,731,Lower_White_River,52,Shrub/Scrub,2113,2024
CA,18278,335,Machesna_Mountain,52,Shrub/Scrub,77069,2024
CA,695200,362,Mojave,52,Shrub/Scrub,3015936,2024
AZ,32115,518,Salt_River_Canyon,52,Shrub/Scrub,142151,2024
CO,15599,53,Black_Canyon_of_the_Gunnison,52,Shrub/Scrub,28353,1989
FL,24222,72,Bradwell_Bay,52,Shrub/Scrub,38,2024
CA,37793,122,Chumash,52,Shrub/Scrub,78548,1989
CO,8500,352,Mesa_Verde,52,Shrub/Scrub,11250,1989
UT,5479,795,Little_Wild_Horse_Canyon,52,Shrub/Scrub,27739,2024
WA,11851,132,Colonel_Bob,52,Shrub/Scrub,654,2024
CA,15628,706,Beauty_Mountain,52,Shrub/Scrub,62583,2024
CA,80090,770,Soda_Mountains,52,Shrub/Scrub,335293,1989
AZ,24600,407,New_Water_Mountains,52,Shrub/Scrub,111672,1989
OR,120694,418,North_Fork_John_Day,52,Shrub/Scrub,33447,1989
UT,76413,797,Mexican_Mountain,52,Shrub/Scrub,364999,2024
NH,45809,450,Pemigewasset,52,Shrub/Scrub,646,1989
AZ,14650,376,Mount_Logan,52,Shrub/Scrub,9123,2024
AZ,18790,204,Gibraltar_Mountain,52,Shrub/Scrub,85762,1989
NV,39631,264,Ireteba_Peaks,52,Shrub/Scrub,146721,1989
AZ,18109,402,Munds_Mountain,52,Shrub/Scrub,26649,1989
CA/NV,3190455,151,Death_Valley,52,Shrub/Scrub,11603682,2024
CA,34264,501,Rodman_Mountains,52,Shrub/Scrub,155174,1989
AZ,2040,22,Baboquivari_Peak,52,Shrub/Scrub,6324,1989
AZ,8760,403,Needles_Eye,52,Shrub/Scrub,38755,1989
TX,12214,259,Indian_Mounds,52,Shrub/Scrub,1188,1989
CA,8022,111,Chanchelulla,52,Shrub/Scrub,8536,1989
OR,35749,502,Rogue_Umpqua_Divide,52,Shrub/Scrub,5509,1989
CA,188169,548,Sheephole_Valley,52,Shrub/Scrub,563835,1989
CA,85864,116,Chemehuevi_Mountains,52,Shrub/Scrub,377291,2024
NM,23267,27,Bandelier,52,Shrub/Scrub,66103,1989
AZ,10290,119,Chiricahua_National_Monument,52,Shrub/Scrub,40388,2024
NM,33125,100,Carlsbad_Caverns,52,Shrub/Scrub,106997,2024
CO,219891,529,Sangre_de_Cristo,52,Shrub/Scrub,229723,2024
AZ,5887,658,Woodchute,52,Shrub/Scrub,1884,2024
CO,17784,227,Gunnison_Gorge,52,Shrub/Scrub,52171,2024
KY,12371,127,Clifty,52,Shrub/Scrub,3,1989
AZ,50260,454,PetrifiedForest,52,Shrub/Scrub,132771,2024
NV,4760,281,Jumbo_Springs,52,Shrub/Scrub,21938,2024
CA,22366,247,Hollow_Hills,52,Shrub/Scrub,101850,2024
CA,236488,441,Palen_McCoy,52,Shrub/Scrub,1046567,1989
UT,25635,71,Box_Death_Hollow,52,Shrub/Scrub,60919,2024
CO,73416,373,Mount_Evans,52,Shrub/Scrub,50579,1989
NE,7833,560,Soldier_Creek,52,Shrub/Scrub,1762,2024
AZ,15465,640,West_Clear_Creek,52,Shrub/Scrub,23862,2024
CA,144915,291,Kelso_Dunes,52,Shrub/Scrub,643798,1989
SD,64144,24,Badlands,52,Shrub/Scrub,2593,1989
UT,54643,793,Labyrinth_Canyon,52,Shrub/Scrub,262432,1989
CA,27296,684,Cache_Creek,52,Shrub/Scrub,132167,2024
UT,49130,802,Sids_Mountain,52,Shrub/Scrub,235452,2024
NV,42544,694,Goshute_Canyon,52,Shrub/Scrub,108541,2024
AZ,6178,644,Wet_Beaver,52,Shrub/Scrub,9687,2024
MT,242068,316,Lee_Metcalf,52,Shrub/Scrub,269732,1989
UT,18192,787,Big_Wild_Horse_Mesa,52,Shrub/Scrub,59279,1989
TX,5536,612,Turkey_Hill,52,Shrub/Scrub,4,1989
WA,531325,445,Pasayten,52,Shrub/Scrub,358813,1989
OR,9465,715,Clackamas,52,Shrub/Scrub,462,1989
AZ,21000,40,Big_Horn_Mountains,52,Shrub/Scrub,96877,1989
WY,15284,535,Savage_Run,52,Shrub/Scrub,13361,1989
CA,26839,738,Pleasant_View_Ridge,52,Shrub/Scrub,54057,1989
CA,128044,249,Hoover,52,Shrub/Scrub,276349,1989
NV,47311,147,Currant_Mountain,52,Shrub/Scrub,75011,1989
CA,44223,365,Monarch,52,Shrub/Scrub,126993,2024
NM,27673,773,Aden_Lava_Flow,52,Shrub/Scrub,137065,1989
UT,8675,790,Devils_Canyon,52,Shrub/Scrub,38043,2024
TX,13248,620,Upland_Island,52,Shrub/Scrub,352,1989
NH,27605,474,Presidential_Range_Dry_River,52,Shrub/Scrub,781,1989
AZ,112400,630,Warm_Springs,52,Shrub/Scrub,511077,2024
OR,19918,67,Boulder_Creek,52,Shrub/Scrub,2535,1989
AZ,32115,518,Salt_River_Canyon,52,Shrub/Scrub,145006,1989
CA,18631,139,Coyote_Mountains_CA,52,Shrub/Scrub,31727,2024
OR,55127,385,Mount_Thielsen,52,Shrub/Scrub,11006,1989
CA,225114,340,Marble_Mountain,52,Shrub/Scrub,411245,2024
NM,29242,746,Sabinoso,52,Shrub/Scrub,74889,1989
AZ,14630,170,East_Cactus_Plain,52,Shrub/Scrub,17770,2024
CO,66280,723,Dominguez_Canyon,52,Shrub/Scrub,173835,1989
NM,16935,775,Cinder_Cone,52,Shrub/Scrub,82984,1989
OR,52496,157,Diamond_Peak,52,Shrub/Scrub,2431,2024
UT,54643,793,Labyrinth_Canyon,52,Shrub/Scrub,262670,2024
NC,18477,550,Shining_Rock,52,Shrub/Scrub,67,1989
OR,5784,591,Table_Rock,52,Shrub/Scrub,1159,2024
NV,52451,216,Grant_Range,52,Shrub/Scrub,76971,2024
AZ,77585,196,Galiuro,52,Shrub/Scrub,157881,1989
NV,16423,404,Nellis_Wash,52,Shrub/Scrub,75921,1989
AZ,63200,421,North_Maricopa_Mountains,52,Shrub/Scrub,290816,2024
TX,46850,225,Guadalupe_Mountains,52,Shrub/Scrub,104952,2024
NM,20420,310,Latir_Peak,52,Shrub/Scrub,11043,2024
NV,56890,438,Pahute_Peak,52,Shrub/Scrub,252952,1989
AZ,19440,449,Peloncillo_Mountains,52,Shrub/Scrub,89442,2024
ID,44027,733,North_Fork_Owyhee,52,Shrub/Scrub,145600,2024
NM,18827,655,Withington,52,Shrub/Scrub,11586,1989
OK,10372,623,Upper_Kiamichi_River,52,Shrub/Scrub,68,1989
CO,9482,92,Cache_La_Poudre,52,Shrub/Scrub,26240,2024
OR,54406,389,Mount_Washington,52,Shrub/Scrub,56225,2024
NV,20521,699,Red_Mountain_NV,52,Shrub/Scrub,12496,1989
NV,30648,416,North_Black_Rock_Range,52,Shrub/Scrub,137972,1989
AZ,87900,439,Paiute,52,Shrub/Scrub,217134,1989
CA,16893,433,Otay_Mountain,52,Shrub/Scrub,55061,1989
ID,205395,212,Gospel_Hump,52,Shrub/Scrub,239849,2024
NM,8382,777,Mount_Riley,52,Shrub/Scrub,35498,2024
WY,693934,632,Washakie,52,Shrub/Scrub,1029033,1989
CA,13140,117,Chimney_Peak,52,Shrub/Scrub,21234,1989
CA,1530,510,Saddle_Peak_Hills,52,Shrub/Scrub,7000,2024
NV,22374,691,Bald_Mountain,52,Shrub/Scrub,33664,1989
CO,32062,191,Fossil_Ridge,52,Shrub/Scrub,14591,1989
CA,14645,46,Bigelow_Cholla_Garden,52,Shrub/Scrub,70607,2024
CA,19935,93,Cadiz_Dunes,52,Shrub/Scrub,5853,2024
AZ,16400,586,Swansea,52,Shrub/Scrub,77425,1989
NV,14095,693,Bristlecone,52,Shrub/Scrub,6129,1989
NV,39173,462,Pinto_Valley,52,Shrub/Scrub,173774,1989
AZ,7711,401,Muggins_Mountain,52,Shrub/Scrub,34581,2024
CA,23578,84,Bucks_Lake,52,Shrub/Scrub,25690,2024
WA,638173,577,Stephen_Mather,52,Shrub/Scrub,489120,2024
AZ,6819,372,Mount_Baldy,52,Shrub/Scrub,1166,2024
AZ,13350,553,Signal_Mountain,52,Shrub/Scrub,61400,2024
CO,41281,86,Buffalo_Peaks,52,Shrub/Scrub,43177,1989
MT,259756,538,Scapegoat,52,Shrub/Scrub,466374,2024
CA,37308,610,Trilobite,52,Shrub/Scrub,176232,1989
NV,22374,691,Bald_Mountain,52,Shrub/Scrub,25693,2024
CA,28460,313,Lava_Beds,52,Shrub/Scrub,40931,2024
AZ,20253,551,Sierra_Ancha,52,Shrub/Scrub,28108,1989
CO,44345,534,Sarvis_Creek,52,Shrub/Scrub,7373,1989
UT,11001,788,Cold_Wash,52,Shrub/Scrub,54562,1989
CA,31415,554,Silver_Peak,52,Shrub/Scrub,55875,1989
UT,99428,680,Cedar_Mountain_Area,52,Shrub/Scrub,336033,2024
CA/OR,20130,487,Red_Buttes,52,Shrub/Scrub,8945,1989
VA,8907,273,James_River_Face,52,Shrub/Scrub,7,2024
GA,9907,145,Cumberland_Island,52,Shrub/Scrub,4,2024
NV,85668,666,Clover_Mountains,52,Shrub/Scrub,192173,1989
MI,132018,268,Isle_Royale,52,Shrub/Scrub,9614,1989
TN,2559,202,Gee_Creek,52,Shrub/Scrub,7,1989
OR,180103,287,Kalmiopsis,52,Shrub/Scrub,601924,2024
CO,9927,405,Neota,52,Shrub/Scrub,8663,2024
CA,41777,492,Rice_Valley,52,Shrub/Scrub,92894,2024
NM,47035,109,Chama_River_Canyon,52,Shrub/Scrub,75694,1989
CA,5575,756,Cahuilla_Mountain,52,Shrub/Scrub,17710,2024
MI,146,253,Huron_Islands,52,Shrub/Scrub,36,2024
WY,10208,178,Encampment_River,52,Shrub/Scrub,11661,1989
WY,102620,470,Popo_Agie,52,Shrub/Scrub,111627,2024
AZ,112400,630,Warm_Springs,52,Shrub/Scrub,508512,1989
NM,8120,784,Rio_San_Antonio,52,Shrub/Scrub,42226,1989
CA,35738,520,San_Gabriel,52,Shrub/Scrub,101358,2024
CA,37786,211,Golden_Valley,52,Shrub/Scrub,170729,2024
UT,7179,804,Nelson_Mountain,52,Shrub/Scrub,20440,1989
NV,39631,264,Ireteba_Peaks,52,Shrub/Scrub,146755,2024
CA,12897,338,Manly_Peak,52,Shrub/Scrub,57197,2024
CO,160309,391,Mount_Zirkel,52,Shrub/Scrub,162050,1989
NV,6313,695,Government_Peak,52,Shrub/Scrub,28171,1989
NE,4635,190,Fort_Niobrara,52,Shrub/Scrub,6,1989
NM,5185,161,Dome,52,Shrub/Scrub,3951,1989
UT,12201,792,Horse_Valley,52,Shrub/Scrub,64556,1989
KY,4816,32,Beaver_Creek,52,Shrub/Scrub,1,1989
WA,13278,383,Mount_Skokomish,52,Shrub/Scrub,13680,1989
AZ,8300,608,Tres_Alamos,52,Shrub/Scrub,38360,2024
AZ,10414,580,Strawberry_Crater,52,Shrub/Scrub,45799,1989
AZ,160164,583,Superstition,52,Shrub/Scrub,604424,2024
UT,13107,710,Blackridge,52,Shrub/Scrub,29018,1989
MI,16704,582,Sturgeon_River_Gorge,52,Shrub/Scrub,28,2024
NV,110471,274,Jarbidge,52,Shrub/Scrub,316886,1989
CO,9482,92,Cache_La_Poudre,52,Shrub/Scrub,9182,1989
MI,4724,499,Rock_River_Canyon,52,Shrub/Scrub,43,1989
CA,6964,575,Stateline,52,Shrub/Scrub,31739,1989
VA,5773,545,Shawvers_Run,52,Shrub/Scrub,2,2024
WY,285619,224,Gros_Ventre,52,Shrub/Scrub,413307,1989
NM,36764,339,Manzano_Mountain,52,Shrub/Scrub,23242,1989
UT,142996,789,Desolation_Canyon,52,Shrub/Scrub,564269,1989
OR,6404,751,Spring_Basin,52,Shrub/Scrub,17763,2024
NV,4760,281,Jumbo_Springs,52,Shrub/Scrub,21939,1989
CA,85864,116,Chemehuevi_Mountains,52,Shrub/Scrub,377373,1989
AZ,129800,18,Arrastra_Mountain,52,Shrub/Scrub,580145,1989
VA,5461,328,Little_Wilson_Creek,52,Shrub/Scrub,36,2024
AZ,30300,609,Trigo_Mountain,52,Shrub/Scrub,132526,1989
UT,20660,794,Little_Ocean_Draw,52,Shrub/Scrub,102436,2024
UT,3291,721,Deep_Creek,52,Shrub/Scrub,3872,1989
CO,23116,223,Greenhorn_Mountain,52,Shrub/Scrub,13606,2024
NV,92652,505,Ruby_Mountains,52,Shrub/Scrub,309649,1989
VA,6071,317,Lewis_Fork,52,Shrub/Scrub,329,1989
CA,236726,625,Ventana,52,Shrub/Scrub,837338,2024
CO,102209,618,Uncompahgre,52,Shrub/Scrub,53519,2024
ME,11236,99,Caribou_Speckled_Mountain,52,Shrub/Scrub,325,1989
CA,6287,685,Cedar_Roughs,52,Shrub/Scrub,12987,2024
CA,48080,464,Piute_Mountains,52,Shrub/Scrub,227483,1989
WA,168955,652,William_O_Douglas,52,Shrub/Scrub,47168,2024
CA,20548,57,Black_Mountain,71,Grassland/Herbaceous,3,2024
NM,46963,649,White_Mountain,71,Grassland/Herbaceous,5596,2024
MT,32350,488,Red_Rock_Lakes,71,Grassland/Herbaceous,10659,2024
UT,20660,794,Little_Ocean_Draw,71,Grassland/Herbaceous,5,1989
TN,10895,519,Sampson_Mountain,71,Grassland/Herbaceous,42,1989
UT,11667,717,Cottonwood_Canyon,71,Grassland/Herbaceous,50,1989
VA,8471,727,Hunting_Camp_Creek,71,Grassland/Herbaceous,1,2024
CA,24348,737,Pinto_Mountains,71,Grassland/Herbaceous,1,1989
NV,48154,400,Muddy_Mountains,71,Grassland/Herbaceous,12284,1989
MI,16704,582,Sturgeon_River_Gorge,71,Grassland/Herbaceous,22,1989
OR,62139,514,Salmon_Huckleberry,71,Grassland/Herbaceous,8,2024
AZ,56973,477,Pusch_Ridge,71,Grassland/Herbaceous,3551,1989
CA,70206,570,South_Warner,71,Grassland/Herbaceous,810,2024
CA,188169,548,Sheephole_Valley,71,Grassland/Herbaceous,2019,2024
VA,5613,31,Beartown,71,Grassland/Herbaceous,4,2024
OK,8570,650,Wichita_Mountains,71,Grassland/Herbaceous,6871,1989
UT,25078,154,Deseret_Peak,71,Grassland/Herbaceous,13001,2024
AZ,27440,622,Upper_Burro_Creek,71,Grassland/Herbaceous,155,2024
CA,231619,12,Ansel_Adams,71,Grassland/Herbaceous,2309,1989
UT,15291,381,Mount_Olympus,71,Grassland/Herbaceous,851,1989
CO,77932,261,Indian_Peaks,71,Grassland/Herbaceous,38115,1989
FL,7327,6,Alexander_Springs,71,Grassland/Herbaceous,397,2024
KY,12371,127,Clifty,71,Grassland/Herbaceous,3,2024
VA/WV,16525,392,Mountain_Lake,71,Grassland/Herbaceous,1,2024
CO,44345,534,Sarvis_Creek,71,Grassland/Herbaceous,16243,2024
CA,15985,461,Hain,71,Grassland/Herbaceous,3955,1989
OR,20777,429,Opal_Creek,71,Grassland/Herbaceous,108,1989
AZ,56973,477,Pusch_Ridge,71,Grassland/Herbaceous,45444,2024
WA,3060,208,Glacier_View,71,Grassland/Herbaceous,7,2024
OR,109098,375,Mount_Jefferson,71,Grassland/Herbaceous,80336,2024
ID,90776,764,White_Clouds,71,Grassland/Herbaceous,21486,1989
AZ,7880,388,Mount_Trumbull,71,Grassland/Herbaceous,1,1989
NC,11801,467,Pocosin,71,Grassland/Herbaceous,2,2024
CO,19237,572,Spanish_Peaks,71,Grassland/Herbaceous,80,1989
OR,283818,602,Three_Sisters,71,Grassland/Herbaceous,755,1989
CA,10666,681,Sanhedrin,71,Grassland/Herbaceous,9193,1989
AZ,18109,402,Munds_Mountain,71,Grassland/Herbaceous,132,2024
MO,6691,156,Devils_Backbone,71,Grassland/Herbaceous,1,2024
UT,18689,742,Red_Mountain_UT,71,Grassland/Herbaceous,145,2024
CA,11001,757,Elkhorn_Ridge,71,Grassland/Herbaceous,126,1989
CA,45384,44,Big_Maria_Mountains,71,Grassland/Herbaceous,19,2024
OR,36879,87,Bull_of_the_Woods,71,Grassland/Herbaceous,65138,2024
CA,236726,625,Ventana,71,Grassland/Herbaceous,46710,1989
CA,13007,144,Cucamonga,71,Grassland/Herbaceous,32,2024
FL,14293,284,Juniper_Prairie,71,Grassland/Herbaceous,175,1989
WA,16297,597,The_Brothers,71,Grassland/Herbaceous,1008,2024
NV,24249,671,White_Rock_Range,71,Grassland/Herbaceous,274,2024
WY,15284,535,Savage_Run,71,Grassland/Herbaceous,61017,2024
CA,104048,363,Mokelumne,71,Grassland/Herbaceous,1574,1989
IL,821,443,Panther_Den,71,Grassland/Herbaceous,1,2024
MN,2180,593,Tamarac,71,Grassland/Herbaceous,34,2024
CA,73726,437,Pahrump_Valley,71,Grassland/Herbaceous,119,2024
NV,23439,420,North_Jackson_Mountains,71,Grassland/Herbaceous,3,2024
NV,48154,400,Muddy_Mountains,71,Grassland/Herbaceous,15995,2024
NM,44678,14,Apache_Kid,71,Grassland/Herbaceous,2476,2024
OR,24707,748,Soda_Mountain,71,Grassland/Herbaceous,5969,2024
UT,22843,636,Wellsville_Mountain,71,Grassland/Herbaceous,132,2024
CA,8191,80,Bright_Star,71,Grassland/Herbaceous,19681,2024
NE,7833,560,Soldier_Creek,71,Grassland/Herbaceous,28780,1989
AZ,7499,440,Pajarita,71,Grassland/Herbaceous,366,2024
NC,8784,585,Swanquarter,71,Grassland/Herbaceous,8,2024
WA,152980,306,Lake_Chelan_Sawtooth,71,Grassland/Herbaceous,203932,2024
NV,51305,669,Weepah_Spring,71,Grassland/Herbaceous,447,2024
UT,98023,799,Muddy_Creek,71,Grassland/Herbaceous,9,1989
CA,50451,508,Sacatar_Trail,71,Grassland/Herbaceous,9,2024
AZ,60773,193,Four_Peaks,71,Grassland/Herbaceous,221,1989
ID,217511,536,Sawtooth,71,Grassland/Herbaceous,170552,2024
OR,17173,357,Mill_Creek,71,Grassland/Herbaceous,1042,2024
AZ,41143,509,Saddle_Mountain,71,Grassland/Herbaceous,1153,2024
CO,497111,637,Weminuche,71,Grassland/Herbaceous,439450,2024
CA,182298,661,Yolla_Bolly_Middle_Eel,71,Grassland/Herbaceous,29119,1989
ND,5577,332,Lostwood,71,Grassland/Herbaceous,22551,1989
OR,30787,786,Devils_Staircase,71,Grassland/Herbaceous,437,1989
CA,252149,296,Kingston_Range,71,Grassland/Herbaceous,192,1989
AZ,14630,170,East_Cactus_Plain,71,Grassland/Herbaceous,12560,1989
VT,22330,688,Glastenbury,71,Grassland/Herbaceous,15,2024
NH,35301,528,Sandwich_Range,71,Grassland/Herbaceous,128,1989
MT,34304,483,Rattlesnake,71,Grassland/Herbaceous,11587,2024
WA,7140,282,Juniper_Dunes,71,Grassland/Herbaceous,9169,2024
NM,16776,780,Robledo_Mountains,71,Grassland/Herbaceous,254,2024
OR/WA,176737,638,Wenaha_Tucannon,71,Grassland/Herbaceous,115489,2024
CA,42079,266,Ishi,71,Grassland/Herbaceous,19688,2024
CA,10999,103,Castle_Crags,71,Grassland/Herbaceous,966,1989
WA,876447,428,Daniel_J_Evans,71,Grassland/Herbaceous,17900,2024
CA,39412,524,San_Mateo_Canyon,71,Grassland/Herbaceous,9265,1989
NV,32364,173,East_Humboldts,71,Grassland/Herbaceous,1715,2024
OR,17176,218,Grassy_Knob,71,Grassland/Herbaceous,2,1989
GA,10343,607,Tray_Mountain,71,Grassland/Herbaceous,3,2024
CA,38216,326,Little_Picacho,71,Grassland/Herbaceous,40,1989
WA,15776,594,Tatoosh,71,Grassland/Herbaceous,40,1989
VA,4520,452,Peters_Mountain,71,Grassland/Herbaceous,3,2024
WA,47123,370,Mount_Adams,71,Grassland/Herbaceous,956,1989
CA,101574,521,San_Gorgonio,71,Grassland/Herbaceous,46517,2024
NY,1381,182,Otis_Pike_Fire_Island_High_Dune,71,Grassland/Herbaceous,51,1989
UT,15291,381,Mount_Olympus,71,Grassland/Herbaceous,365,2024
MN,816244,70,Boundary_Waters_Canoe_Area,71,Grassland/Herbaceous,32938,1989
OR,6404,751,Spring_Basin,71,Grassland/Herbaceous,11566,1989
NM,19154,645,Wheeler_Peak,71,Grassland/Herbaceous,5220,1989
AZ,312600,431,Organ_Pipe_Cactus,71,Grassland/Herbaceous,41858,1989
MT,93272,91,Cabinet_Mountains,71,Grassland/Herbaceous,7087,2024
AR,11978,621,Upper_Buffalo,71,Grassland/Herbaceous,6,2024
WV,5147,708,Big_Draft,71,Grassland/Herbaceous,4,1989
CO,176431,641,West_Elk,71,Grassland/Herbaceous,21009,2024
PA,8633,243,Hickory_Creek,71,Grassland/Herbaceous,71,1989
OR,24707,748,Soda_Mountain,71,Grassland/Herbaceous,3712,1989
UT,124406,755,Zion,71,Grassland/Herbaceous,2278,2024
CA,27315,455,Phillip_Burton,71,Grassland/Herbaceous,1308,2024
CO,12615,476,Ptarmigan_Peak,71,Grassland/Herbaceous,9805,2024
MT,286659,219,Great_Bear,71,Grassland/Herbaceous,6763,1989
UT,30632,330,Lone_Peak,71,Grassland/Herbaceous,1794,2024
OR,4965,351,Menagerie,71,Grassland/Herbaceous,19,1989
NV,46465,244,High_Rock_Canyon,71,Grassland/Herbaceous,29,1989
WA,876447,428,Daniel_J_Evans,71,Grassland/Herbaceous,8865,1989
NV,67214,701,South_Egan_Range,71,Grassland/Herbaceous,12156,2024
WA,14616,125,Clearwater,71,Grassland/Herbaceous,28,1989
OR,109098,375,Mount_Jefferson,71,Grassland/Herbaceous,7733,1989
NV,39173,462,Pinto_Valley,71,Grassland/Herbaceous,553,2024
NV,78754,698,Mount_Grafton,71,Grassland/Herbaceous,680,1989
WA,20784,258,Indian_Heaven,71,Grassland/Herbaceous,1099,2024
NV,59107,245,High_Rock_Lake,71,Grassland/Herbaceous,3439,1989
CA,31059,726,Granite_Mountain_CA,71,Grassland/Herbaceous,586,2024
CO,122453,248,Holy_Cross,71,Grassland/Herbaceous,65411,2024
CA,12868,686,South_Fork_Eel_River,71,Grassland/Herbaceous,774,1989
AZ/CA,15056,257,Imperial_Refuge,71,Grassland/Herbaceous,7,2024
CA,12868,686,South_Fork_Eel_River,71,Grassland/Herbaceous,51,2024
NM,41305,525,San_Pedro_Parks,71,Grassland/Herbaceous,5951,2024
VT,3750,81,Bristol_Cliffs,71,Grassland/Herbaceous,1,1989
ID,50930,730,Little_Jacks_Creek,71,Grassland/Herbaceous,48800,2024
AZ,97880,169,Eagletail_Mountains,71,Grassland/Herbaceous,1910,2024
AZ,10414,580,Strawberry_Crater,71,Grassland/Herbaceous,34,2024
OR,5337,77,Bridge_Creek,71,Grassland/Herbaceous,14,2024
OR,30787,786,Devils_Staircase,71,Grassland/Herbaceous,14,2024
OR,113571,558,Sky_Lakes,71,Grassland/Herbaceous,76787,2024
NM,203548,4,Aldo_Leopold,71,Grassland/Herbaceous,239824,2024
ID,266390,736,Owyhee_River,71,Grassland/Herbaceous,39896,2024
AZ/UT,18667,33,Beaver_Dam_Mountains,71,Grassland/Herbaceous,1252,1989
WA,52294,413,Norse_Peak,71,Grassland/Herbaceous,143572,2024
WY,584733,596,Teton,71,Grassland/Herbaceous,64065,2024
ID,2358886,194,Frank_Church_River_of_No_Return,71,Grassland/Herbaceous,1743593,2024
NV,24783,481,Rainbow_Mountain,71,Grassland/Herbaceous,1,2024
CA,106623,411,Nopah_Range,71,Grassland/Herbaceous,6,2024
FL,24222,72,Bradwell_Bay,71,Grassland/Herbaceous,1,1989
WY,10662,653,Winegar_Hole,71,Grassland/Herbaceous,1,2024
WY,426751,78,Bridger,71,Grassland/Herbaceous,241605,2024
MO,7730,359,Mingo,71,Grassland/Herbaceous,1,1989
NM,44372,759,Columbine_Hondo,71,Grassland/Herbaceous,1536,2024
CA,28374,214,Granite_Chief,71,Grassland/Herbaceous,8,1989
AZ,10500,184,Fishhooks,71,Grassland/Herbaceous,16,1989
WA,14616,125,Clearwater,71,Grassland/Herbaceous,23,2024
NC,8784,585,Swanquarter,71,Grassland/Herbaceous,32,1989
CO,41531,329,Lizard_Head,71,Grassland/Herbaceous,15489,1989
AZ,9808,215,Granite_Mountain_AZ,71,Grassland/Herbaceous,4,1989
FL,14293,284,Juniper_Prairie,71,Grassland/Herbaceous,9997,2024
CO,122453,248,Holy_Cross,71,Grassland/Herbaceous,65365,1989
CO,13000,624,Vasquez_Peak,71,Grassland/Herbaceous,13397,1989
OR,65435,342,Mark_O_Hatfield,71,Grassland/Herbaceous,33495,2024
WV,6037,750,Spice_Run,71,Grassland/Herbaceous,5,1989
AL,7400,115,Cheaha,71,Grassland/Herbaceous,34,2024
CO,29027,377,Mount_Massive,71,Grassland/Herbaceous,18293,2024
WA,41307,515,Salmo_Priest,71,Grassland/Herbaceous,4123,2024
WY,346320,414,North_Absaroka,71,Grassland/Herbaceous,272810,1989
NV,56819,394,Mt_Charleston,71,Grassland/Herbaceous,3035,2024
CA,704624,662,Yosemite,71,Grassland/Herbaceous,31445,1989
WV,20705,434,Otter_Creek,71,Grassland/Herbaceous,11,1989
CA,191104,526,San_Rafael,71,Grassland/Herbaceous,14948,1989
CA,31358,271,Jacumba,71,Grassland/Herbaceous,117,2024
WA,228480,382,Mount_Rainier,71,Grassland/Herbaceous,1537,2024
WI,33500,677,Gaylord_Nelson,71,Grassland/Herbaceous,111,1989
NC/TN,19246,280,Joyce_Kilmer_Slickrock,71,Grassland/Herbaceous,7,1989
UT,44572,378,Mount_Naomi,71,Grassland/Herbaceous,14628,1989
GA/TN,37033,130,Cohutta,71,Grassland/Herbaceous,38,2024
MI,11740,707,Beaver_Basin,71,Grassland/Herbaceous,4,1989
CA,43279,260,Indian_Pass,71,Grassland/Herbaceous,24,1989
CA,56239,682,Yuki,71,Grassland/Herbaceous,95846,2024
VT,6725,37,Big_Branch,71,Grassland/Herbaceous,1,2024
CA,20241,530,Santa_Lucia,71,Grassland/Herbaceous,21662,1989
CA,179847,557,Siskiyou,71,Grassland/Herbaceous,19107,1989
ME,2712,368,Moosehorn,71,Grassland/Herbaceous,999,1989
CA,303713,210,Golden_Trout,71,Grassland/Herbaceous,149814,2024
NV,52618,172,East_Fork_High_Rock_Canyon,71,Grassland/Herbaceous,95,2024
NV,121449,696,High_Schells,71,Grassland/Herbaceous,2401,1989
UT,18192,787,Big_Wild_Horse_Mesa,71,Grassland/Herbaceous,31,2024
MO,8184,460,Piney_Creek,71,Grassland/Herbaceous,1,2024
WA,44270,83,Buckhorn,71,Grassland/Herbaceous,915,2024
AZ,28080,380,Mount_Nutt,71,Grassland/Herbaceous,4,2024
CA,32186,522,San_Jacinto,71,Grassland/Herbaceous,7050,2024
CA,112723,177,Emigrant,71,Grassland/Herbaceous,4881,2024
CA,12178,732,Magic_Mountain,71,Grassland/Herbaceous,718,1989
MO,9183,35,Bell_Mountain,71,Grassland/Herbaceous,112,1989
CO,8500,352,Mesa_Verde,71,Grassland/Herbaceous,1300,2024
NV,48355,323,Little_High_Rock_Canyon,71,Grassland/Herbaceous,3867,1989
CA,16893,433,Otay_Mountain,71,Grassland/Herbaceous,210,2024
MI,15237,588,Sylvania,71,Grassland/Herbaceous,29,2024
NV,85668,666,Clover_Mountains,71,Grassland/Herbaceous,24216,2024
WV,6037,750,Spice_Run,71,Grassland/Herbaceous,9,2024
WV,6048,311,Laurel_Fork_North,71,Grassland/Herbaceous,5,2024
WA,20784,258,Indian_Heaven,71,Grassland/Herbaceous,18,1989
WY,198906,185,Fitzpatrick,71,Grassland/Herbaceous,193108,1989
NV,31223,396,Mt_Rose,71,Grassland/Herbaceous,670,1989
NH,45809,450,Pemigewasset,71,Grassland/Herbaceous,68,1989
ID,12556,739,Pole_Creek,71,Grassland/Herbaceous,960,1989
WY,285619,224,Gros_Ventre,71,Grassland/Herbaceous,134546,2024
NM,18881,143,Cruces_Basin,71,Grassland/Herbaceous,674,1989
AZ,87900,439,Paiute,71,Grassland/Herbaceous,1045,2024
CA,8158,417,North_Fork,71,Grassland/Herbaceous,27681,2024
AZ,5800,424,North_Santa_Teresa,71,Grassland/Herbaceous,3079,2024
WI,7270,647,Whisker_Lake,71,Grassland/Herbaceous,62,1989
NY,1381,182,Otis_Pike_Fire_Island_High_Dune,71,Grassland/Herbaceous,59,2024
CA,71275,158,Dick_Smith,71,Grassland/Herbaceous,1389,1989
WV,5840,312,Laurel_Fork_South,71,Grassland/Herbaceous,1,2024
CA,73868,435,Owens_Peak,71,Grassland/Herbaceous,10162,2024
NV,92627,590,Table_Mountain,71,Grassland/Herbaceous,3,2024
CO,74408,485,Rawah,71,Grassland/Herbaceous,13254,1989
CA,27296,684,Cache_Creek,71,Grassland/Herbaceous,3177,1989
GA,353981,426,Okefenokee,71,Grassland/Herbaceous,92,2024
AZ,803418,90,Cabeza_Prieta,71,Grassland/Herbaceous,227077,1989
CO,181973,344,Maroon_Bells_Snowmass,71,Grassland/Herbaceous,53238,2024
CA,219209,544,Sespe,71,Grassland/Herbaceous,13105,1989
WA,108020,209,Goat_Rocks,71,Grassland/Herbaceous,1632,1989
NM,5185,161,Dome,71,Grassland/Herbaceous,1121,2024
NV,56819,394,Mt_Charleston,71,Grassland/Herbaceous,6,1989
UT,4478,720,Deep_Creek_North,71,Grassland/Herbaceous,1,2024
CA,25895,415,North_Algodones_Dunes,71,Grassland/Herbaceous,147,2024
MT,20819,616,UL_Bend,71,Grassland/Herbaceous,30045,2024
NV,46943,304,La_Madre_Mountain,71,Grassland/Herbaceous,7,1989
WA,119966,371,Mount_Baker,71,Grassland/Herbaceous,5592,2024
CA,303713,210,Golden_Trout,71,Grassland/Herbaceous,721,1989
AZ,32115,518,Salt_River_Canyon,71,Grassland/Herbaceous,3546,2024
OR,36548,744,Roaring_River,71,Grassland/Herbaceous,18711,2024
CA,29207,345,Matilija,71,Grassland/Herbaceous,6573,2024
CO,37344,760,Hermosa_Creek,71,Grassland/Herbaceous,3700,2024
UT,13107,710,Blackridge,71,Grassland/Herbaceous,1160,2024
ID,2358886,194,Frank_Church_River_of_No_Return,71,Grassland/Herbaceous,1312310,1989
CA,219209,544,Sespe,71,Grassland/Herbaceous,13699,2024
ME,4680,369,Moosehorn_Baring_Unit,71,Grassland/Herbaceous,2,2024
NH,45809,450,Pemigewasset,71,Grassland/Herbaceous,59,2024
OR,13724,716,Copper_Salmon,71,Grassland/Herbaceous,448,2024
CO,32643,221,Great_Sand_Dunes,71,Grassland/Herbaceous,45,1989
CA,42695,687,King_Range,71,Grassland/Herbaceous,9650,1989
MT,32350,488,Red_Rock_Lakes,71,Grassland/Herbaceous,12591,1989
NM,13902,774,Broad_Canyon,71,Grassland/Herbaceous,175,2024
CA,106623,411,Nopah_Range,71,Grassland/Herbaceous,2,1989
UT,22843,636,Wellsville_Mountain,71,Grassland/Herbaceous,154,1989
CA,14698,735,Owens_River_Headwaters,71,Grassland/Herbaceous,60,2024
CA,23679,174,El_Paso_Mountains,71,Grassland/Herbaceous,2562,2024
AR,34933,85,Buffalo_National_River,71,Grassland/Herbaceous,146,1989
NM,13902,774,Broad_Canyon,71,Grassland/Herbaceous,172,1989
NV,54536,563,South_Jackson_Mountains,71,Grassland/Herbaceous,3937,2024
CO,181973,344,Maroon_Bells_Snowmass,71,Grassland/Herbaceous,53649,1989
AZ,516200,299,Kofa,71,Grassland/Herbaceous,25220,2024
NV,24015,762,Pine_Forest_Range,71,Grassland/Herbaceous,10218,2024
NM,559310,205,Gila,71,Grassland/Herbaceous,24886,2024
WV,47742,141,Cranberry,71,Grassland/Herbaceous,15,2024
AZ,7499,440,Pajarita,71,Grassland/Herbaceous,3,1989
CO,41281,86,Buffalo_Peaks,71,Grassland/Herbaceous,25508,2024
CO,9927,405,Neota,71,Grassland/Herbaceous,1899,1989
AR,14262,95,Caney_Creek,71,Grassland/Herbaceous,33,1989
IN,12472,112,Charles_C_Deam,71,Grassland/Herbaceous,55,1989
NM,61600,106,Cebolla,71,Grassland/Herbaceous,23,2024
OR,64742,374,Mount_Hood,71,Grassland/Herbaceous,231,2024
AR,6301,165,Dry_Creek,71,Grassland/Herbaceous,9,1989
WA,44270,83,Buckhorn,71,Grassland/Herbaceous,1527,1989
IL,5800,25,Bald_Knob,71,Grassland/Herbaceous,2,2024
ID/MT,1347644,540,Selway_Bitterroot,71,Grassland/Herbaceous,446018,1989
GA,7742,62,Blood_Mountain,71,Grassland/Herbaceous,2,1989
WA,451,633,Washington_Islands,71,Grassland/Herbaceous,18,1989
MO,8184,460,Piney_Creek,71,Grassland/Herbaceous,7,1989
ME,2712,368,Moosehorn,71,Grassland/Herbaceous,8,2024
CA,41777,492,Rice_Valley,71,Grassland/Herbaceous,14,1989
OR,22614,201,Gearhart_Mountain,71,Grassland/Herbaceous,258,1989
NV,46943,304,La_Madre_Mountain,71,Grassland/Herbaceous,188,2024
AZ/UT,110816,444,Paria_Canyon_Vermilion_Cliffs,71,Grassland/Herbaceous,6,1989
WA,353,523,San_Juan,71,Grassland/Herbaceous,33,2024
UT,142996,789,Desolation_Canyon,71,Grassland/Herbaceous,4249,2024
CA,199208,263,Inyo_Mountains,71,Grassland/Herbaceous,24,1989
CO,32643,221,Great_Sand_Dunes,71,Grassland/Herbaceous,149,2024
CO/UT,75479,58,Black_Ridge_Canyons,71,Grassland/Herbaceous,3,2024
CA,8191,80,Bright_Star,71,Grassland/Herbaceous,85,1989
CA,30863,159,Dinkey_Lakes,71,Grassland/Herbaceous,1824,2024
ND,29920,598,Theodore_Roosevelt,71,Grassland/Herbaceous,62907,2024
CA,38599,47,Bighorn_Mountain,71,Grassland/Herbaceous,25,1989
ID,12556,739,Pole_Creek,71,Grassland/Herbaceous,744,2024
CA,60222,559,Snow_Mountain,71,Grassland/Herbaceous,25865,1989
CA,13987,197,Garcia,71,Grassland/Herbaceous,152,2024
MI,5268,41,Big_Island_Lake,71,Grassland/Herbaceous,79,1989
CO,68025,133,Comanche_Peak,71,Grassland/Herbaceous,164999,2024
NV,64968,94,Calico_Mountains,71,Grassland/Herbaceous,32,2024
OR,62139,514,Salmon_Huckleberry,71,Grassland/Herbaceous,371,1989
WA,108020,209,Goat_Rocks,71,Grassland/Herbaceous,25824,2024
AZ,87182,118,Chiricahua,71,Grassland/Herbaceous,354,1989
WA,531325,445,Pasayten,71,Grassland/Herbaceous,66152,1989
NV,128362,805,Clan_Alpine_Mountains,71,Grassland/Herbaceous,1546,1989
TX,13248,620,Upland_Island,71,Grassland/Herbaceous,20,2024
UT,10648,719,Cougar_Canyon,71,Grassland/Herbaceous,25,2024
NC/TN,19246,280,Joyce_Kilmer_Slickrock,71,Grassland/Herbaceous,5,2024
NM,7242,785,Ah_shi_sle_pah,71,Grassland/Herbaceous,1,1989
NM,559310,205,Gila,71,Grassland/Herbaceous,3808,1989
NM,221796,447,Pecos,71,Grassland/Herbaceous,213681,2024
MI,3271,412,Nordhouse_Dunes,71,Grassland/Herbaceous,12,1989
WA,7140,282,Juniper_Dunes,71,Grassland/Herbaceous,11438,1989
CA,18002,3,Agua_Tibia,71,Grassland/Herbaceous,7923,1989
GA/NC,23364,571,Southern_Nantahala,71,Grassland/Herbaceous,10,2024
WA,13278,383,Mount_Skokomish,71,Grassland/Herbaceous,271,2024
AZ,31200,251,Hummingbird_Springs,71,Grassland/Herbaceous,2,2024
CO,20847,406,Never_Summer,71,Grassland/Herbaceous,9025,1989
OR,23036,393,Mountain_Lakes,71,Grassland/Herbaceous,181,2024
CA,537357,611,Trinity_Alps,71,Grassland/Herbaceous,81896,1989
AR/OK,13347,56,Black_Fork_Mountain,71,Grassland/Herbaceous,16,1989
CO,82496,252,Hunter_Fryingpan,71,Grassland/Herbaceous,46582,1989
VA,6577,482,Ramseys_Draft,71,Grassland/Herbaceous,2,2024
NH,5658,220,Great_Gulf,71,Grassland/Herbaceous,282,1989
TN,6937,468,Pond_Mountain,71,Grassland/Herbaceous,15,1989
ID,67993,763,Hemingway_Boulders,71,Grassland/Herbaceous,23323,1989
NV,68623,697,Highland_Ridge,71,Grassland/Herbaceous,59,1989
MI,25150,542,Seney,71,Grassland/Herbaceous,134,1989
ID,52753,709,Big_Jacks_Creek,71,Grassland/Herbaceous,23001,1989
OK,8570,650,Wichita_Mountains,71,Grassland/Herbaceous,10191,2024
NM,105085,779,Potrillo_Mountains,71,Grassland/Herbaceous,508,1989
WV,20705,434,Otter_Creek,71,Grassland/Herbaceous,5,2024
OR,9465,715,Clackamas,71,Grassland/Herbaceous,27,1989
CA,177309,613,Turtle_Mountains,71,Grassland/Herbaceous,4,1989
AZ,6664,293,Kendrick_Mountain,71,Grassland/Herbaceous,4,1989
IL,4050,140,Crab_Orchard,71,Grassland/Herbaceous,9,2024
CA,128044,249,Hoover,71,Grassland/Herbaceous,2978,2024
OR,28915,23,Badger_Creek,71,Grassland/Herbaceous,400,2024
OR,20777,429,Opal_Creek,71,Grassland/Herbaceous,71676,2024
AZ,2040,22,Baboquivari_Peak,71,Grassland/Herbaceous,1,1989
AR,34933,85,Buffalo_National_River,71,Grassland/Herbaceous,54,2024
GA,9240,484,Raven_Cliffs,71,Grassland/Herbaceous,2,2024
CA,13140,117,Chimney_Peak,71,Grassland/Herbaceous,1535,2024
AZ,18534,516,Salome,71,Grassland/Herbaceous,6,2024
UT,11436,615,Twin_Peaks,71,Grassland/Herbaceous,2271,1989
MO,4236,500,Rockpile_Mountain,71,Grassland/Herbaceous,1,2024
UT,98023,799,Muddy_Creek,71,Grassland/Herbaceous,3,2024
CA,30863,159,Dinkey_Lakes,71,Grassland/Herbaceous,1123,1989
NM,9621,517,Salt_Creek,71,Grassland/Herbaceous,77,2024
NM,19916,778,Organ_Mountains,71,Grassland/Herbaceous,3,2024
CA,73868,435,Owens_Peak,71,Grassland/Herbaceous,11470,1989
OR,17173,357,Mill_Creek,71,Grassland/Herbaceous,2451,1989
MT,20819,616,UL_Bend,71,Grassland/Herbaceous,33422,1989
OR,170202,576,Steens_Mountain,71,Grassland/Herbaceous,128663,2024
NV,40041,702,White_Pine_Range,71,Grassland/Herbaceous,8815,1989
NM,46963,649,White_Mountain,71,Grassland/Herbaceous,740,1989
OR,5784,591,Table_Rock,71,Grassland/Herbaceous,33,1989
NV,24783,481,Rainbow_Mountain,71,Grassland/Herbaceous,4410,1989
CA,79061,309,Lassen_Volcanic,71,Grassland/Herbaceous,195659,2024
CO,16486,384,Mount_Sneffels,71,Grassland/Herbaceous,1778,1989
NV,14095,693,Bristlecone,71,Grassland/Herbaceous,941,2024
WV,17777,160,Dolly_Sods,71,Grassland/Herbaceous,100,1989
AZ,20251,358,Miller_Peak,71,Grassland/Herbaceous,1244,1989
UT,7085,20,AshdownGorge,71,Grassland/Herbaceous,65,2024
CA,60222,559,Snow_Mountain,71,Grassland/Herbaceous,37109,2024
NV,35581,9,AltaToquima,71,Grassland/Herbaceous,191,1989
CA,37793,122,Chumash,71,Grassland/Herbaceous,71,2024
CO,62742,473,Powderhorn,71,Grassland/Herbaceous,46516,2024
AZ,58448,587,Sycamore_Canyon,71,Grassland/Herbaceous,1,1989
CA,37786,211,Golden_Valley,71,Grassland/Herbaceous,175,1989
CA/OR,20130,487,Red_Buttes,71,Grassland/Herbaceous,14244,2024
CA,10999,103,Castle_Crags,71,Grassland/Herbaceous,826,2024
ND,29920,598,Theodore_Roosevelt,71,Grassland/Herbaceous,57006,1989
TX,46850,225,Guadalupe_Mountains,71,Grassland/Herbaceous,89,1989
VT,24985,74,Breadloaf,71,Grassland/Herbaceous,1,1989
AZ,5158,180,Escudilla,71,Grassland/Herbaceous,390,2024
AZ,64000,659,Woolsey_Peak,71,Grassland/Herbaceous,425,1989
WA,47123,370,Mount_Adams,71,Grassland/Herbaceous,959,2024
UT,16343,798,Middle_Wild_Horse_Mesa,71,Grassland/Herbaceous,30,2024
MT,158712,10,Anaconda_Pintler,71,Grassland/Herbaceous,14822,1989
CO,8801,89,Byers_Peak,71,Grassland/Herbaceous,13021,2024
CA,26102,408,Newberry_Mountains,71,Grassland/Herbaceous,47,2024
CA,76123,646,Whipple_Mountains,71,Grassland/Herbaceous,2,2024
MS,4630,226,Gulf_Islands,71,Grassland/Herbaceous,20,1989
MI,16861,348,McCormick,71,Grassland/Herbaceous,36,2024
NV,92652,505,Ruby_Mountains,71,Grassland/Herbaceous,17942,2024
ID,205395,212,Gospel_Hump,71,Grassland/Herbaceous,48328,1989
CA,16526,599,Thousand_Lakes,71,Grassland/Herbaceous,421,1989
OR,5792,164,Drift_Creek,71,Grassland/Herbaceous,4,1989
CA,695200,362,Mojave,71,Grassland/Herbaceous,2592,1989
NC,8490,105,Catfish_Lake_South,71,Grassland/Herbaceous,3,2024
AR,11978,621,Upper_Buffalo,71,Grassland/Herbaceous,3,1989
WA,353,523,San_Juan,71,Grassland/Herbaceous,28,1989
MT,286659,219,Great_Bear,71,Grassland/Herbaceous,20441,2024
AZ,41143,509,Saddle_Mountain,71,Grassland/Herbaceous,40,1989
CA,12178,732,Magic_Mountain,71,Grassland/Herbaceous,14678,2024
NE,4635,190,Fort_Niobrara,71,Grassland/Herbaceous,17213,2024
CA,21390,183,Fish_Creek_Mountains,71,Grassland/Herbaceous,47,1989
CA,537357,611,Trinity_Alps,71,Grassland/Herbaceous,672241,2024
NV,78754,698,Mount_Grafton,71,Grassland/Herbaceous,389,2024
NV,111066,665,Delamar_Mountains,71,Grassland/Herbaceous,167529,2024
OR/WA,176737,638,Wenaha_Tucannon,71,Grassland/Herbaceous,51623,1989
OR,54406,389,Mount_Washington,71,Grassland/Herbaceous,1651,1989
OR,9465,715,Clackamas,71,Grassland/Herbaceous,19598,2024
CO,68025,133,Comanche_Peak,71,Grassland/Herbaceous,8172,1989
NM,44372,759,Columbine_Hondo,71,Grassland/Herbaceous,1881,1989
AZ,70905,511,Saguaro,71,Grassland/Herbaceous,11,1989
AZ,37457,240,Hellsgate,71,Grassland/Herbaceous,5,2024
ID,90776,764,White_Clouds,71,Grassland/Herbaceous,28756,2024
CA,652903,278,John_Muir,71,Grassland/Herbaceous,11475,1989
VA,8471,727,Hunting_Camp_Creek,71,Grassland/Herbaceous,24,1989
CA,15985,461,Hain,71,Grassland/Herbaceous,928,2024
NM,41305,525,San_Pedro_Parks,71,Grassland/Herbaceous,349,1989
MI,3271,412,Nordhouse_Dunes,71,Grassland/Herbaceous,25,2024
NV,49151,761,Wovoka,71,Grassland/Herbaceous,4015,2024
AZ,20053,458,Pine_Mountain,71,Grassland/Herbaceous,101,1989
WA,638173,577,Stephen_Mather,71,Grassland/Herbaceous,75668,1989
MI,4724,499,Rock_River_Canyon,71,Grassland/Herbaceous,18,2024
CO,249126,745,Rocky_Mountain,71,Grassland/Herbaceous,224379,2024
OR,355553,167,Eagle_Cap,71,Grassland/Herbaceous,124008,1989
NM,23267,27,Bandelier,71,Grassland/Herbaceous,1328,2024
CA,39740,728,John_Krebs,71,Grassland/Herbaceous,308,1989
UT,25078,154,Deseret_Peak,71,Grassland/Herbaceous,1616,1989
CO,64307,479,Raggeds,71,Grassland/Herbaceous,9230,1989
MT,1062694,64,Bob_Marshall,71,Grassland/Herbaceous,457558,2024
VT,3750,81,Bristol_Cliffs,71,Grassland/Herbaceous,12,2024
AZ,60773,193,Four_Peaks,71,Grassland/Herbaceous,66986,2024
AZ,20253,551,Sierra_Ancha,71,Grassland/Herbaceous,3,2024
WI,7135,480,Rainbow_Lake,71,Grassland/Herbaceous,85,2024
NC,5065,49,Birkhead_Mountains,71,Grassland/Herbaceous,13,2024
CA,230966,754,White_Mountains,71,Grassland/Herbaceous,566,2024
CA,21986,286,Kaiser,71,Grassland/Herbaceous,21207,2024
OR,593,430,Oregon_Islands,71,Grassland/Herbaceous,13,1989
CA,191104,526,San_Rafael,71,Grassland/Herbaceous,13025,2024
CO,135104,168,Eagles_Nest,71,Grassland/Herbaceous,54207,1989
NM,221796,447,Pecos,71,Grassland/Herbaceous,43805,1989
VA,9826,513,Saint_Marys,71,Grassland/Herbaceous,29,2024
OR,36865,627,Waldo_Lake,71,Grassland/Herbaceous,143,1989
UT,93,725,Goose_Creek,71,Grassland/Herbaceous,4,1989
AZ,28080,380,Mount_Nutt,71,Grassland/Herbaceous,222,1989
AZ,11235,30,Bear_Wallow,71,Grassland/Herbaceous,82,2024
PA,8633,243,Hickory_Creek,71,Grassland/Herbaceous,54,2024
NC,11801,467,Pocosin,71,Grassland/Herbaceous,7,1989
SC,4967,327,Little_Wambaw_Swamp,71,Grassland/Herbaceous,1,2024
ME,4680,369,Moosehorn_Baring_Unit,71,Grassland/Herbaceous,3,1989
OR,36879,87,Bull_of_the_Woods,71,Grassland/Herbaceous,575,1989
VA,8907,273,James_River_Face,71,Grassland/Herbaceous,6614,2024
WA,49344,68,Boulder_River,71,Grassland/Herbaceous,2073,2024
CA,26839,738,Pleasant_View_Ridge,71,Grassland/Herbaceous,33936,2024
CO,16486,384,Mount_Sneffels,71,Grassland/Herbaceous,1820,2024
CA,65726,17,Argus_Range,71,Grassland/Herbaceous,1,2024
NV,157716,663,Mormon_Mountains,71,Grassland/Herbaceous,44921,1989
NM,9621,517,Salt_Creek,71,Grassland/Herbaceous,885,1989
AZ,25457,104,Castle_Creek,71,Grassland/Herbaceous,25,1989
MS,4630,226,Gulf_Islands,71,Grassland/Herbaceous,35,2024
AZ,18720,285,Kachina_Peaks,71,Grassland/Herbaceous,776,1989
MI,5268,41,Big_Island_Lake,71,Grassland/Herbaceous,84,2024
CA,35738,520,San_Gabriel,71,Grassland/Herbaceous,48284,2024
VA/WV,16525,392,Mountain_Lake,71,Grassland/Herbaceous,7,1989
CA,179847,557,Siskiyou,71,Grassland/Herbaceous,107683,2024
CO,73416,373,Mount_Evans,71,Grassland/Herbaceous,67095,2024
WA,5963,606,Trapper_Creek,71,Grassland/Herbaceous,3045,2024
MI,11740,707,Beaver_Basin,71,Grassland/Herbaceous,52,2024
CA,83195,578,Stepladder_Mountains,71,Grassland/Herbaceous,6,1989
CA,18002,3,Agua_Tibia,71,Grassland/Herbaceous,3,2024
MO,9183,35,Bell_Mountain,71,Grassland/Herbaceous,17,2024
CA,21986,286,Kaiser,71,Grassland/Herbaceous,492,1989
GA,3000,60,Blackbeard_Island,71,Grassland/Herbaceous,4,1989
AZ,8760,403,Needles_Eye,71,Grassland/Herbaceous,187,2024
CA,14740,101,Carrizo_Gorge,71,Grassland/Herbaceous,99,2024
OR,120694,418,North_Fork_John_Day,71,Grassland/Herbaceous,1843,2024
WY,31057,255,Huston_Park,71,Grassland/Herbaceous,1939,1989
CA,14698,735,Owens_River_Headwaters,71,Grassland/Herbaceous,105,1989
MT,28460,200,Gates_of_the_Mountains,71,Grassland/Herbaceous,19451,2024
CA,23679,174,El_Paso_Mountains,71,Grassland/Herbaceous,320,1989
CA,768222,543,Sequoia_Kings_Canyon,71,Grassland/Herbaceous,156081,2024
AZ,64000,659,Woolsey_Peak,71,Grassland/Herbaceous,415,2024
OR,69411,581,Strawberry_Mountain,71,Grassland/Herbaceous,13797,1989
AZ,312600,431,Organ_Pipe_Cactus,71,Grassland/Herbaceous,34559,2024
NV,32072,532,Santa_Rosa_Paradise_Peak,71,Grassland/Herbaceous,6338,1989
CA,230966,754,White_Mountains,71,Grassland/Herbaceous,598,1989
CA,6919,232,Hauser,71,Grassland/Herbaceous,2974,2024
WY,426751,78,Bridger,71,Grassland/Herbaceous,263491,1989
OR,355553,167,Eagle_Cap,71,Grassland/Herbaceous,187710,2024
AZ,6819,372,Mount_Baldy,71,Grassland/Herbaceous,83,1989
OR,36865,627,Waldo_Lake,71,Grassland/Herbaceous,90267,2024
CA,73726,437,Pahrump_Valley,71,Grassland/Herbaceous,19,1989
OR,65435,342,Mark_O_Hatfield,71,Grassland/Herbaceous,1179,1989
CA,182298,661,Yolla_Bolly_Middle_Eel,71,Grassland/Herbaceous,384291,2024
AZ,250760,347,Mazatzal,71,Grassland/Herbaceous,335,2024
CA,252149,296,Kingston_Range,71,Grassland/Herbaceous,2949,2024
NV,32072,532,Santa_Rosa_Paradise_Peak,71,Grassland/Herbaceous,4301,2024
UT,99428,680,Cedar_Mountain_Area,71,Grassland/Herbaceous,121919,2024
CA,13260,457,Pine_Creek,71,Grassland/Herbaceous,34,1989
WA,105543,704,Wild_Sky,71,Grassland/Herbaceous,5511,1989
MT,242068,316,Lee_Metcalf,71,Grassland/Herbaceous,74586,2024
OR,52496,157,Diamond_Peak,71,Grassland/Herbaceous,22,1989
NV,32016,175,Eldorado,71,Grassland/Herbaceous,58,2024
UT,142996,789,Desolation_Canyon,71,Grassland/Herbaceous,64,1989
TX,5536,612,Turkey_Hill,71,Grassland/Herbaceous,1,2024
CA,5575,756,Cahuilla_Mountain,71,Grassland/Herbaceous,45,1989
UT,30632,330,Lone_Peak,71,Grassland/Herbaceous,3133,1989
UT,10518,386,Mount_Timpanogos,71,Grassland/Herbaceous,972,1989
NV,64968,94,Calico_Mountains,71,Grassland/Herbaceous,5197,1989
CA,50451,508,Sacatar_Trail,71,Grassland/Herbaceous,333,1989
NV,43512,670,Parsnip_Peak,71,Grassland/Herbaceous,1038,1989
AR,10180,187,Flatside,71,Grassland/Herbaceous,18,2024
NM,23267,27,Bandelier,71,Grassland/Herbaceous,35,1989
CA,86245,294,Kiavah,71,Grassland/Herbaceous,24476,1989
NV,157716,663,Mormon_Mountains,71,Grassland/Herbaceous,54139,2024
WA,14266,410,Noisy_Diobsud,71,Grassland/Herbaceous,555,2024
CO,12615,476,Ptarmigan_Peak,71,Grassland/Herbaceous,9816,1989
NM,12155,776,East_Potrillo_Mountains,71,Grassland/Herbaceous,27,1989
CO,497111,637,Weminuche,71,Grassland/Herbaceous,415641,1989
AZ,37030,213,Grand_Wash_Cliffs,71,Grassland/Herbaceous,29434,1989
NV,18879,277,Jimbilnan,71,Grassland/Herbaceous,1253,1989
GA,353981,426,Okefenokee,71,Grassland/Herbaceous,337,1989
WA,566161,207,Glacier_Peak,71,Grassland/Herbaceous,134388,2024
UT,27075,379,Mount_Nebo,71,Grassland/Herbaceous,3912,2024
CA,39955,442,Palo_Verde_Mountains,71,Grassland/Herbaceous,1,1989
NM,43420,50,Bisti_De_Na_Zin,71,Grassland/Herbaceous,7,1989
MT,11366,350,Medicine_Lake,71,Grassland/Herbaceous,13327,2024
WV,6794,743,Roaring_Plains_West,71,Grassland/Herbaceous,1,1989
MT,28460,200,Gates_of_the_Mountains,71,Grassland/Herbaceous,17870,1989
CA,71275,158,Dick_Smith,71,Grassland/Herbaceous,5615,2024
AZ,250760,347,Mazatzal,71,Grassland/Herbaceous,210,1989
FL,379,108,Cedar_Keys,71,Grassland/Herbaceous,1,2024
OR,36548,744,Roaring_River,71,Grassland/Herbaceous,595,1989
AL,7400,115,Cheaha,71,Grassland/Herbaceous,3,1989
CA,76312,491,Resting_Spring_Range,71,Grassland/Herbaceous,12,2024
CA,20839,98,Caribou,71,Grassland/Herbaceous,1077,1989
CA,31906,337,Malpais_Mesa,71,Grassland/Herbaceous,4246,2024
MI,132018,268,Isle_Royale,71,Grassland/Herbaceous,1671,2024
VA,79579,549,Shenandoah,71,Grassland/Herbaceous,27,2024
VA,6532,493,Rich_Hole,71,Grassland/Herbaceous,1,1989
NM,16776,780,Robledo_Mountains,71,Grassland/Herbaceous,609,1989
NM,19154,645,Wheeler_Peak,71,Grassland/Herbaceous,5191,2024
CO,219891,529,Sangre_de_Cristo,71,Grassland/Herbaceous,70125,1989
CA,133720,162,Domeland,71,Grassland/Herbaceous,5980,1989
GA,10343,607,Tray_Mountain,71,Grassland/Herbaceous,4,1989
NC,18477,550,Shining_Rock,71,Grassland/Herbaceous,2,2024
CO,176431,641,West_Elk,71,Grassland/Herbaceous,21166,1989
NM,33125,100,Carlsbad_Caverns,71,Grassland/Herbaceous,358,1989
WV,17777,160,Dolly_Sods,71,Grassland/Herbaceous,60,2024
CO,249126,745,Rocky_Mountain,71,Grassland/Herbaceous,122606,1989
WI,22047,236,Headwaters,71,Grassland/Herbaceous,92,1989
AZ,516200,299,Kofa,71,Grassland/Herbaceous,1085,1989
CA,14740,101,Carrizo_Gorge,71,Grassland/Herbaceous,6128,1989
AZ,18720,285,Kachina_Peaks,71,Grassland/Herbaceous,14692,2024
NV,42544,694,Goshute_Canyon,71,Grassland/Herbaceous,1306,1989
OR,23036,393,Mountain_Lakes,71,Grassland/Herbaceous,206,1989
NV,92627,590,Table_Mountain,71,Grassland/Herbaceous,14,1989
CO/WY,24051,465,Platte_River,71,Grassland/Herbaceous,87216,2024
MO,12423,242,Hercules_Glades,71,Grassland/Herbaceous,510,2024
WY,31057,255,Huston_Park,71,Grassland/Herbaceous,405,2024
CA,71389,82,Bristol_Mountains,71,Grassland/Herbaceous,143,2024
WI,7135,480,Rainbow_Lake,71,Grassland/Herbaceous,5,1989
NV,47311,147,Currant_Mountain,71,Grassland/Herbaceous,1074,2024
NV,14050,807,Cain_Mountain,71,Grassland/Herbaceous,2529,1989
WA,105543,704,Wild_Sky,71,Grassland/Herbaceous,18086,2024
AR,10180,187,Flatside,71,Grassland/Herbaceous,13,1989
CA,36981,397,Mt_Shasta,71,Grassland/Herbaceous,29582,2024
AZ,58448,587,Sycamore_Canyon,71,Grassland/Herbaceous,31529,2024
FL,1296500,341,Marjory_Stoneman_Douglas,71,Grassland/Herbaceous,586,2024
UT,46360,148,Dark_Canyon,71,Grassland/Herbaceous,59,2024
OR,283818,602,Three_Sisters,71,Grassland/Herbaceous,144328,2024
MI,4724,499,Rock_River_Canyon,71,Grassland/Herbaceous,12,1989
MT/WY,937102,1,Absaroka_Beartooth,71,Grassland/Herbaceous,404779,2024
NV,46465,244,High_Rock_Canyon,71,Grassland/Herbaceous,28842,2024
MN,2180,593,Tamarac,71,Grassland/Herbaceous,4,1989
VT,12336,689,Joseph_Battell,71,Grassland/Herbaceous,7,2024
CA,20158,749,South_Fork_San_Jacinto,71,Grassland/Herbaceous,12715,1989
UT,7085,20,AshdownGorge,71,Grassland/Herbaceous,79,1989
ID,205395,212,Gospel_Hump,71,Grassland/Herbaceous,103777,2024
ID,44027,733,North_Fork_Owyhee,71,Grassland/Herbaceous,7046,1989
NV,59107,245,High_Rock_Lake,71,Grassland/Herbaceous,57,2024
AZ,77585,196,Galiuro,71,Grassland/Herbaceous,1,2024
AZ,25457,104,Castle_Creek,71,Grassland/Herbaceous,6613,2024
MT/WY,937102,1,Absaroka_Beartooth,71,Grassland/Herbaceous,708168,1989
WA,228480,382,Mount_Rainier,71,Grassland/Herbaceous,1848,1989
CO,13000,624,Vasquez_Peak,71,Grassland/Herbaceous,13616,2024
PA,372,7,Allegheny_Islands,71,Grassland/Herbaceous,2,1989
OR,55127,385,Mount_Thielsen,71,Grassland/Herbaceous,1240,2024
NV,12930,675,Big_Rocks,71,Grassland/Herbaceous,8077,2024
ME,11236,99,Caribou_Speckled_Mountain,71,Grassland/Herbaceous,10,2024
NV,123508,664,Meadow_Valley_Range,71,Grassland/Herbaceous,3227,1989
NV,32364,173,East_Humboldts,71,Grassland/Herbaceous,4081,1989
VT,7824,451,Peru_Peak,71,Grassland/Herbaceous,2,2024
OR,13724,716,Copper_Salmon,71,Grassland/Herbaceous,1273,1989
CA,79061,309,Lassen_Volcanic,71,Grassland/Herbaceous,5025,1989
AL,8947,166,Dugger_Mountain,71,Grassland/Herbaceous,6,2024
UT,10518,386,Mount_Timpanogos,71,Grassland/Herbaceous,908,2024
AZ,10500,184,Fishhooks,71,Grassland/Herbaceous,10,2024
CO,219891,529,Sangre_de_Cristo,71,Grassland/Herbaceous,108560,2024
OR,28915,23,Badger_Creek,71,Grassland/Herbaceous,440,1989
SD,13534,55,Black_Elk,71,Grassland/Herbaceous,130,2024
WA,119966,371,Mount_Baker,71,Grassland/Herbaceous,2865,1989
OR,5784,591,Table_Rock,71,Grassland/Herbaceous,3124,2024
CA,28822,256,Ibex,71,Grassland/Herbaceous,19,1989
WA,16297,597,The_Brothers,71,Grassland/Herbaceous,474,1989
CA,158147,102,Carson_Iceberg,71,Grassland/Herbaceous,33065,2024
AZ,9808,215,Granite_Mountain_AZ,71,Grassland/Herbaceous,283,2024
NM,105085,779,Potrillo_Mountains,71,Grassland/Herbaceous,3709,2024
CA,6287,685,Cedar_Roughs,71,Grassland/Herbaceous,859,1989
OR,20213,419,North_Fork_Umatilla,71,Grassland/Herbaceous,22570,2024
CO,114864,331,Lost_Creek,71,Grassland/Herbaceous,18913,2024
AZ/CA,15056,257,Imperial_Refuge,71,Grassland/Herbaceous,7,1989
WY,191914,129,Cloud_Peak,71,Grassland/Herbaceous,163440,1989
CO,102209,618,Uncompahgre,71,Grassland/Herbaceous,107938,1989
CO,77932,261,Indian_Peaks,71,Grassland/Herbaceous,38216,2024
CO,62742,473,Powderhorn,71,Grassland/Herbaceous,46829,1989
NV,6313,695,Government_Peak,71,Grassland/Herbaceous,1,2024
CA,112723,177,Emigrant,71,Grassland/Herbaceous,1295,1989
NJ,6681,79,Brigantine,71,Grassland/Herbaceous,2,1989
CO,20847,406,Never_Summer,71,Grassland/Herbaceous,11323,2024
CA,13260,457,Pine_Creek,71,Grassland/Herbaceous,9117,2024
CA,11840,772,Buzzards_Peak,71,Grassland/Herbaceous,15,1989
NV,52618,172,East_Fork_High_Rock_Canyon,71,Grassland/Herbaceous,4382,1989
AZ,68231,288,Kanab_Creek,71,Grassland/Herbaceous,138,2024
WA,15776,594,Tatoosh,71,Grassland/Herbaceous,20,2024
OR,35203,651,Wild_Rogue,71,Grassland/Herbaceous,510,1989
CA,44223,365,Monarch,71,Grassland/Herbaceous,2939,2024
CA,83195,578,Stepladder_Mountains,71,Grassland/Herbaceous,272,2024
NV,314835,59,Black_Rock_Desert,71,Grassland/Herbaceous,41641,2024
CA,28460,313,Lava_Beds,71,Grassland/Herbaceous,5448,1989
OR,17176,218,Grassy_Knob,71,Grassland/Herbaceous,24847,2024
WA,168955,652,William_O_Douglas,71,Grassland/Herbaceous,8419,1989
WA,414322,8,Alpine_Lakes,71,Grassland/Herbaceous,63908,2024
AZ,63200,421,North_Maricopa_Mountains,71,Grassland/Herbaceous,21,1989
CA,60280,569,South_Sierra,71,Grassland/Herbaceous,86,1989
OR,64742,374,Mount_Hood,71,Grassland/Herbaceous,163,1989
NC,5065,49,Birkhead_Mountains,71,Grassland/Herbaceous,21,1989
AZ,48314,489,Red_Rock_Secret_Mountain,71,Grassland/Herbaceous,18,1989
AZ,803418,90,Cabeza_Prieta,71,Grassland/Herbaceous,221983,2024
UT,4047,747,Slaughter_Creek,71,Grassland/Herbaceous,35,2024
CA,10510,276,Jennie_Lakes,71,Grassland/Herbaceous,31,1989
CO,114864,331,Lost_Creek,71,Grassland/Herbaceous,18769,1989
WY,10662,653,Winegar_Hole,71,Grassland/Herbaceous,2,1989
CA,12521,507,Russian,71,Grassland/Herbaceous,865,2024
MI,32557,758,Sleeping_Bear_Dunes,71,Grassland/Herbaceous,3834,1989
OR,52496,157,Diamond_Peak,71,Grassland/Herbaceous,286,2024
CA,7272,683,Mount_Lassic,71,Grassland/Herbaceous,44,2024
TN,10804,43,Big_Laurel_Branch,71,Grassland/Herbaceous,76,2024
AR,10585,171,East_Fork,71,Grassland/Herbaceous,2,2024
CA,28822,256,Ibex,71,Grassland/Herbaceous,17,2024
NM,18881,143,Cruces_Basin,71,Grassland/Herbaceous,661,2024
MI,16704,582,Sturgeon_River_Gorge,71,Grassland/Herbaceous,36,2024
AZ/UT,110816,444,Paria_Canyon_Vermilion_Cliffs,71,Grassland/Herbaceous,16,2024
AL,8947,166,Dugger_Mountain,71,Grassland/Herbaceous,233,1989
LA,8701,297,Kisatchie_Hills,71,Grassland/Herbaceous,1593,1989
NH,24032,690,Wild_River,71,Grassland/Herbaceous,2,1989
ID,44027,733,North_Fork_Owyhee,71,Grassland/Herbaceous,7020,2024
AZ,11235,30,Bear_Wallow,71,Grassland/Herbaceous,6,1989
MT,242068,316,Lee_Metcalf,71,Grassland/Herbaceous,68045,1989
CA,33843,128,Clipper_Mountain,71,Grassland/Herbaceous,1,2024
CA,23578,84,Bucks_Lake,71,Grassland/Herbaceous,243,1989
NJ,6681,79,Brigantine,71,Grassland/Herbaceous,9,2024
CO,160997,568,South_San_Juan,71,Grassland/Herbaceous,154046,1989
NH,27605,474,Presidential_Range_Dry_River,71,Grassland/Herbaceous,43,2024
NV,48355,323,Little_High_Rock_Canyon,71,Grassland/Herbaceous,36592,2024
OR,35203,651,Wild_Rogue,71,Grassland/Herbaceous,269,2024
GA,10791,494,Rich_Mountain,71,Grassland/Herbaceous,1,1989
CA,231619,12,Ansel_Adams,71,Grassland/Herbaceous,113874,2024
CA,33772,537,Sawtooth_Mountains,71,Grassland/Herbaceous,878,2024
NV,40041,702,White_Pine_Range,71,Grassland/Herbaceous,202,2024
VA,6532,493,Rich_Hole,71,Grassland/Herbaceous,10,2024
MT,259756,538,Scapegoat,71,Grassland/Herbaceous,340978,1989
WA,531325,445,Pasayten,71,Grassland/Herbaceous,446410,2024
WA,102919,241,Henry_M_Jackson,71,Grassland/Herbaceous,1348,1989
ID,89820,711,Bruneau_Jarbidge_Rivers,71,Grassland/Herbaceous,49053,1989
NV,49151,761,Wovoka,71,Grassland/Herbaceous,23,1989
OR,593,430,Oregon_Islands,71,Grassland/Herbaceous,15,2024
AR,14262,95,Caney_Creek,71,Grassland/Herbaceous,3,2024
CO,126480,303,La_Garita,71,Grassland/Herbaceous,109737,1989
AZ,9951,238,Hells_Canyon_AZ,71,Grassland/Herbaceous,6,1989
CO,17109,272,James_Peak,71,Grassland/Herbaceous,18197,2024
CA,64041,155,Desolation,71,Grassland/Herbaceous,700,1989
OH,77,643,West_Sister_Island,71,Grassland/Herbaceous,1,1989
OR,8758,356,Middle_Santiam,71,Grassland/Herbaceous,5,2024
CA,42079,266,Ishi,71,Grassland/Herbaceous,26420,1989
CA,31415,554,Silver_Peak,71,Grassland/Herbaceous,1373,2024
CA,158147,102,Carson_Iceberg,71,Grassland/Herbaceous,1377,1989
OR,2871,731,Lower_White_River,71,Grassland/Herbaceous,1360,1989
OR,170202,576,Steens_Mountain,71,Grassland/Herbaceous,79211,1989
FL,8075,399,Mud_Swamp_New_River,71,Grassland/Herbaceous,22,1989
NV,27502,19,Arrow_Canyon,71,Grassland/Herbaceous,638,1989
OR,13090,52,Black_Canyon_OR,71,Grassland/Herbaceous,12139,2024
AZ,20251,358,Miller_Peak,71,Grassland/Herbaceous,6,2024
UT,44447,714,Canaan_Mountain,71,Grassland/Herbaceous,13,1989
AZ,19440,449,Peloncillo_Mountains,71,Grassland/Herbaceous,85,2024
CA,51289,432,Orocopia_Mountains,71,Grassland/Herbaceous,58,1989
NM,27673,773,Aden_Lava_Flow,71,Grassland/Herbaceous,756,2024
UT,18216,722,Docs_Pass,71,Grassland/Herbaceous,16178,2024
NH,35301,528,Sandwich_Range,71,Grassland/Herbaceous,26,2024
CO/UT,75479,58,Black_Ridge_Canyons,71,Grassland/Herbaceous,88,1989
NV,10467,69,Boundary_Peak,71,Grassland/Herbaceous,20,2024
NV,30648,416,North_Black_Rock_Range,71,Grassland/Herbaceous,45,2024
AZ,11700,163,Dos_Cabezas_Mountains,71,Grassland/Herbaceous,4,2024
GA,5125,656,Wolf_Island,71,Grassland/Herbaceous,3,2024
NV,110471,274,Jarbidge,71,Grassland/Herbaceous,19427,2024
CA,56239,682,Yuki,71,Grassland/Herbaceous,35070,1989
AZ/UT,18667,33,Beaver_Dam_Mountains,71,Grassland/Herbaceous,2219,2024
CA,31358,271,Jacumba,71,Grassland/Herbaceous,23,1989
CO,41531,329,Lizard_Head,71,Grassland/Herbaceous,15554,2024
MI,25150,542,Seney,71,Grassland/Herbaceous,17,2024
TX,12214,259,Indian_Mounds,71,Grassland/Herbaceous,21,2024
FL,17350,574,St_Marks,71,Grassland/Herbaceous,14,2024
CO,8801,89,Byers_Peak,71,Grassland/Herbaceous,4553,1989
CA,595364,279,Joshua_Tree,71,Grassland/Herbaceous,940,2024
MN,816244,70,Boundary_Waters_Canoe_Area,71,Grassland/Herbaceous,19205,2024
ID,116843,765,Jim_McClure_Jerry_Peak,71,Grassland/Herbaceous,15308,1989
AZ,50260,454,PetrifiedForest,71,Grassland/Herbaceous,92169,1989
FL,1296500,341,Marjory_Stoneman_Douglas,71,Grassland/Herbaceous,1161,1989
UT,453863,246,High_Uintas,71,Grassland/Herbaceous,283963,2024
OR,5337,77,Bridge_Creek,71,Grassland/Herbaceous,50,1989
WY,693934,632,Washakie,71,Grassland/Herbaceous,133903,1989
AZ,87182,118,Chiricahua,71,Grassland/Herbaceous,371,2024
CA,28374,214,Granite_Chief,71,Grassland/Herbaceous,11,2024
CO,74408,485,Rawah,71,Grassland/Herbaceous,32577,2024
TN,9037,766,Upper_Bald_River,71,Grassland/Herbaceous,3,1989
CA,86245,294,Kiavah,71,Grassland/Herbaceous,38288,2024
WY,198906,185,Fitzpatrick,71,Grassland/Herbaceous,190096,2024
MT,93272,91,Cabinet_Mountains,71,Grassland/Herbaceous,5486,1989
AZ,10290,119,Chiricahua_National_Monument,71,Grassland/Herbaceous,77,2024
WA,41307,515,Salmo_Priest,71,Grassland/Herbaceous,2079,1989
CA,27315,455,Phillip_Burton,71,Grassland/Herbaceous,1138,1989
OR,22614,201,Gearhart_Mountain,71,Grassland/Herbaceous,94807,2024
CA,35738,520,San_Gabriel,71,Grassland/Herbaceous,4831,1989
GA,7742,62,Blood_Mountain,71,Grassland/Herbaceous,2,2024
CO,9927,405,Neota,71,Grassland/Herbaceous,1919,2024
WA,49344,68,Boulder_River,71,Grassland/Herbaceous,1400,1989
CA,45384,44,Big_Maria_Mountains,71,Grassland/Herbaceous,20,1989
CA,80090,770,Soda_Mountains,71,Grassland/Herbaceous,2,1989
NV,56890,438,Pahute_Peak,71,Grassland/Herbaceous,98,2024
MT,28248,635,Welcome_Creek,71,Grassland/Herbaceous,1005,1989
NM,5185,161,Dome,71,Grassland/Herbaceous,3,1989
AZ,63200,421,North_Maricopa_Mountains,71,Grassland/Herbaceous,7,2024
NV,14779,422,North_McCullough,71,Grassland/Herbaceous,2,2024
CA,652903,278,John_Muir,71,Grassland/Herbaceous,27521,2024
AZ,18790,204,Gibraltar_Mountain,71,Grassland/Herbaceous,1,2024
CA,704624,662,Yosemite,71,Grassland/Herbaceous,57186,2024
OR,20213,419,North_Fork_Umatilla,71,Grassland/Herbaceous,22874,1989
CO,44345,534,Sarvis_Creek,71,Grassland/Herbaceous,666,1989
MA,3244,366,Monomoy,71,Grassland/Herbaceous,61,2024
NV,23439,420,North_Jackson_Mountains,71,Grassland/Herbaceous,6,1989
NV,128362,805,Clan_Alpine_Mountains,71,Grassland/Herbaceous,72499,2024
AZ,87900,439,Paiute,71,Grassland/Herbaceous,138,1989
WY,123896,275,Jedediah_Smith,71,Grassland/Herbaceous,14554,1989
MS,5033,54,Black_Creek,71,Grassland/Herbaceous,7,2024
CA,13987,197,Garcia,71,Grassland/Herbaceous,4643,1989
VT,18122,334,Lye_Brook,71,Grassland/Herbaceous,6,2024
AR,2143,42,Big_Lake,71,Grassland/Herbaceous,7,2024
MI,3879,250,Horseshoe_Bay,71,Grassland/Herbaceous,2,2024
VA,79579,549,Shenandoah,71,Grassland/Herbaceous,25,1989
UT,50216,459,Pine_Valley_Mountain,71,Grassland/Herbaceous,868,1989
CA,71389,82,Bristol_Mountains,71,Grassland/Herbaceous,93,1989
VT,22330,688,Glastenbury,71,Grassland/Herbaceous,6,1989
NV,68623,697,Highland_Ridge,71,Grassland/Herbaceous,277,2024
NV,30539,672,Fortification_Range,71,Grassland/Herbaceous,1,1989
CA/NV,3190455,151,Death_Valley,71,Grassland/Herbaceous,12485,1989
NM,8382,777,Mount_Riley,71,Grassland/Herbaceous,111,1989
AZ,5800,648,White_Canyon,71,Grassland/Herbaceous,2380,2024
NC,11653,319,Linville_Gorge,71,Grassland/Herbaceous,152,2024
AZ,27440,622,Upper_Burro_Creek,71,Grassland/Herbaceous,28,1989
UT,54643,793,Labyrinth_Canyon,71,Grassland/Herbaceous,1,1989
CA,38216,326,Little_Picacho,71,Grassland/Herbaceous,26,2024
ID,67993,763,Hemingway_Boulders,71,Grassland/Herbaceous,22703,2024
MI,11358,336,Mackinac,71,Grassland/Herbaceous,6,2024
NM,35091,97,Capitan_Mountains,71,Grassland/Herbaceous,3,2024
NH,5658,220,Great_Gulf,71,Grassland/Herbaceous,153,2024
CO,19237,572,Spanish_Peaks,71,Grassland/Herbaceous,1260,2024
NM,29106,63,Blue_Range,71,Grassland/Herbaceous,1108,2024
NV,36151,700,Shellback,71,Grassland/Herbaceous,62,2024
WA,451,633,Washington_Islands,71,Grassland/Herbaceous,19,2024
OK,10372,623,Upper_Kiamichi_River,71,Grassland/Herbaceous,57,1989
CA,20158,749,South_Fork_San_Jacinto,71,Grassland/Herbaceous,21422,2024
AZ,14650,376,Mount_Logan,71,Grassland/Herbaceous,48,1989
FL,7327,6,Alexander_Springs,71,Grassland/Herbaceous,3,1989
CA,44223,365,Monarch,71,Grassland/Herbaceous,6127,1989
CA,18278,335,Machesna_Mountain,71,Grassland/Herbaceous,2184,1989
CA,26356,349,Mecca_Hills,71,Grassland/Herbaceous,38,1989
NM,36764,339,Manzano_Mountain,71,Grassland/Herbaceous,72,2024
MA,3244,366,Monomoy,71,Grassland/Herbaceous,54,1989
CA,595364,279,Joshua_Tree,71,Grassland/Herbaceous,647,1989
OR,6404,751,Spring_Basin,71,Grassland/Herbaceous,11925,2024
UT,2648,718,Cottonwood_Forest,71,Grassland/Herbaceous,98,2024
CO,64307,479,Raggeds,71,Grassland/Herbaceous,9051,2024
WA,102919,241,Henry_M_Jackson,71,Grassland/Herbaceous,1713,2024
TX,12214,259,Indian_Mounds,71,Grassland/Herbaceous,85,1989
NJ,3660,222,Great_Swamp,71,Grassland/Herbaceous,35,1989
MS,5033,54,Black_Creek,71,Grassland/Herbaceous,6,1989
VA,5507,28,Barbours_Creek,71,Grassland/Herbaceous,1,2024
CO,230829,186,Flat_Tops,71,Grassland/Herbaceous,23278,1989
CA,18631,139,Coyote_Mountains_CA,71,Grassland/Herbaceous,77,1989
CO,41281,86,Buffalo_Peaks,71,Grassland/Herbaceous,30929,1989
MT,11366,350,Medicine_Lake,71,Grassland/Herbaceous,13200,1989
SD,13534,55,Black_Elk,71,Grassland/Herbaceous,93,1989
OR,19918,67,Boulder_Creek,71,Grassland/Herbaceous,197,2024
CA,42695,687,King_Range,71,Grassland/Herbaceous,4971,2024
AZ,10290,119,Chiricahua_National_Monument,71,Grassland/Herbaceous,15,1989
NV,32016,175,Eldorado,71,Grassland/Herbaceous,63,1989
NV,43512,670,Parsnip_Peak,71,Grassland/Herbaceous,5526,2024
CO,165874,131,Collegiate_Peaks,71,Grassland/Herbaceous,121846,2024
UT,99428,680,Cedar_Mountain_Area,71,Grassland/Herbaceous,62414,1989
WI,5912,61,Blackjack_Springs,71,Grassland/Herbaceous,8,2024
CA,8158,417,North_Fork,71,Grassland/Herbaceous,937,1989
OH,77,643,West_Sister_Island,71,Grassland/Herbaceous,4,2024
ID/OR,217747,239,Hells_Canyon_IDOR,71,Grassland/Herbaceous,384964,1989
VA,8907,273,James_River_Face,71,Grassland/Herbaceous,19,1989
CA,11840,772,Buzzards_Peak,71,Grassland/Herbaceous,17,2024
OR,13090,52,Black_Canyon_OR,71,Grassland/Herbaceous,10316,1989
CA,8189,149,Darwin_Falls,71,Grassland/Herbaceous,10,2024
OR,180103,287,Kalmiopsis,71,Grassland/Herbaceous,9565,2024
AZ,18534,516,Salome,71,Grassland/Herbaceous,15,1989
OK,10372,623,Upper_Kiamichi_River,71,Grassland/Herbaceous,2,2024
FL,8075,399,Mud_Swamp_New_River,71,Grassland/Herbaceous,2,2024
NM,20420,310,Latir_Peak,71,Grassland/Herbaceous,3647,2024
WA,638173,577,Stephen_Mather,71,Grassland/Herbaceous,145456,2024
MT,34304,483,Rattlesnake,71,Grassland/Herbaceous,4052,1989
WA,152980,306,Lake_Chelan_Sawtooth,71,Grassland/Herbaceous,60251,1989
CA,20839,98,Caribou,71,Grassland/Herbaceous,77817,2024
ID,43243,142,Craters_of_the_Moon,71,Grassland/Herbaceous,30,1989
CA,5575,756,Cahuilla_Mountain,71,Grassland/Herbaceous,45,2024
GA,9240,484,Raven_Cliffs,71,Grassland/Herbaceous,2,1989
CA/NV,3190455,151,Death_Valley,71,Grassland/Herbaceous,9765,2024
CA,11001,757,Elkhorn_Ridge,71,Grassland/Herbaceous,6,2024
VT,7824,451,Peru_Peak,71,Grassland/Herbaceous,41,1989
NH,24032,690,Wild_River,71,Grassland/Herbaceous,3,2024
NV,120551,16,ArcDome,71,Grassland/Herbaceous,204,1989
MT,1062694,64,Bob_Marshall,71,Grassland/Herbaceous,259073,1989
CA,7272,683,Mount_Lassic,71,Grassland/Herbaceous,309,1989
OR,8758,356,Middle_Santiam,71,Grassland/Herbaceous,31,1989
WY,584733,596,Teton,71,Grassland/Herbaceous,498641,1989
AZ,6664,293,Kendrick_Mountain,71,Grassland/Herbaceous,117,2024
WI,4074,471,Porcupine_Lake,71,Grassland/Herbaceous,26,1989
CO,17784,227,Gunnison_Gorge,71,Grassland/Herbaceous,7,2024
AR,2143,42,Big_Lake,71,Grassland/Herbaceous,4,1989
NV,111066,665,Delamar_Mountains,71,Grassland/Herbaceous,2843,1989
WV,5147,708,Big_Draft,71,Grassland/Herbaceous,1,2024
CA,43279,260,Indian_Pass,71,Grassland/Herbaceous,24,2024
AZ,48314,489,Red_Rock_Secret_Mountain,71,Grassland/Herbaceous,1264,2024
ID,52753,709,Big_Jacks_Creek,71,Grassland/Herbaceous,93839,2024
AZ,7880,388,Mount_Trumbull,71,Grassland/Herbaceous,2,2024
AR/OK,13347,56,Black_Fork_Mountain,71,Grassland/Herbaceous,15,2024
OR,35749,502,Rogue_Umpqua_Divide,71,Grassland/Herbaceous,8862,2024
NM,20420,310,Latir_Peak,71,Grassland/Herbaceous,3506,1989
CA,49296,136,Coso_Range,71,Grassland/Herbaceous,84,2024
FL,24222,72,Bradwell_Bay,71,Grassland/Herbaceous,129,2024
CO,126480,303,La_Garita,71,Grassland/Herbaceous,112302,2024
TN,5634,322,Little_Frog_Mountain,71,Grassland/Herbaceous,1,1989
CA,133720,162,Domeland,71,Grassland/Herbaceous,11851,2024
CO,32062,191,Fossil_Ridge,71,Grassland/Herbaceous,13336,2024
NV,18879,277,Jimbilnan,71,Grassland/Herbaceous,1640,2024
WY,285619,224,Gros_Ventre,71,Grassland/Herbaceous,140184,1989
CA,199208,263,Inyo_Mountains,71,Grassland/Herbaceous,13,2024
UT,124406,755,Zion,71,Grassland/Herbaceous,995,1989
NM,47035,109,Chama_River_Canyon,71,Grassland/Herbaceous,20,1989
AZ,6819,372,Mount_Baldy,71,Grassland/Herbaceous,160,2024
OR,55127,385,Mount_Thielsen,71,Grassland/Herbaceous,317,1989
CO,73416,373,Mount_Evans,71,Grassland/Herbaceous,68623,1989
CO,135104,168,Eagles_Nest,71,Grassland/Herbaceous,55654,2024
CA,64041,155,Desolation,71,Grassland/Herbaceous,6008,2024
WI,22047,236,Headwaters,71,Grassland/Herbaceous,17,2024
CO,230829,186,Flat_Tops,71,Grassland/Herbaceous,23300,2024
MT,74524,360,Mission_Mountains,71,Grassland/Herbaceous,4020,1989
UT,18216,722,Docs_Pass,71,Grassland/Herbaceous,112,1989
CA,39740,728,John_Krebs,71,Grassland/Herbaceous,16948,2024
CA,12521,507,Russian,71,Grassland/Herbaceous,154,1989
WA,3060,208,Glacier_View,71,Grassland/Herbaceous,6,1989
CA,25895,415,North_Algodones_Dunes,71,Grassland/Herbaceous,20,1989
CO,160309,391,Mount_Zirkel,71,Grassland/Herbaceous,113310,2024
NM,29242,746,Sabinoso,71,Grassland/Herbaceous,5,2024
CA,43182,546,Sheep_Mountain,71,Grassland/Herbaceous,3350,2024
WY,15284,535,Savage_Run,71,Grassland/Herbaceous,88,1989
UT,50216,459,Pine_Valley_Mountain,71,Grassland/Herbaceous,1006,2024
WI,7270,647,Whisker_Lake,71,Grassland/Herbaceous,42,2024
SD,64144,24,Badlands,71,Grassland/Herbaceous,108364,2024
OR,20210,367,Monument_Rock,71,Grassland/Herbaceous,9737,2024
NV,40303,806,Desatoya Mountains Wilderness,71,Grassland/Herbaceous,14165,2024
UT,11436,615,Twin_Peaks,71,Grassland/Herbaceous,1992,2024
IN,12472,112,Charles_C_Deam,71,Grassland/Herbaceous,81,2024
NV,123508,664,Meadow_Valley_Range,71,Grassland/Herbaceous,124106,2024
ID,217511,536,Sawtooth,71,Grassland/Herbaceous,173774,1989
VT,12336,689,Joseph_Battell,71,Grassland/Herbaceous,116,1989
ID/OR,217747,239,Hells_Canyon_IDOR,71,Grassland/Herbaceous,411587,2024
OR,69411,581,Strawberry_Mountain,71,Grassland/Herbaceous,25527,2024
VA,5461,328,Little_Wilson_Creek,71,Grassland/Herbaceous,62,1989
NV,85668,666,Clover_Mountains,71,Grassland/Herbaceous,4,1989
ND,4155,113,Chase_Lake,71,Grassland/Herbaceous,4508,2024
GA/TN,8502,38,Big_Frog,71,Grassland/Herbaceous,1,2024
NV,18119,692,Becky_Peak,71,Grassland/Herbaceous,5210,2024
WA,52294,413,Norse_Peak,71,Grassland/Herbaceous,2907,1989
CO,9482,92,Cache_La_Poudre,71,Grassland/Herbaceous,15913,2024
CA,33772,537,Sawtooth_Mountains,71,Grassland/Herbaceous,4371,1989
CA,6919,232,Hauser,71,Grassland/Herbaceous,93,1989
OR,113571,558,Sky_Lakes,71,Grassland/Herbaceous,347,1989
AZ,20253,551,Sierra_Ancha,71,Grassland/Herbaceous,5,1989
OR,120694,418,North_Fork_John_Day,71,Grassland/Herbaceous,49233,1989
NM,18827,655,Withington,71,Grassland/Herbaceous,1593,2024
NC,7482,355,Middle_Prong,71,Grassland/Herbaceous,1,1989
NV,52451,216,Grant_Range,71,Grassland/Herbaceous,620,1989
NV,88650,395,Mt_Moriah,71,Grassland/Herbaceous,3624,2024
NV,23710,318,Lime_Canyon,71,Grassland/Herbaceous,18063,1989
WY,191914,129,Cloud_Peak,71,Grassland/Herbaceous,142725,2024
ME,11236,99,Caribou_Speckled_Mountain,71,Grassland/Herbaceous,10,1989
UT,7179,804,Nelson_Mountain,71,Grassland/Herbaceous,7,1989
CA,38599,47,Bighorn_Mountain,71,Grassland/Herbaceous,12,2024
OR,20210,367,Monument_Rock,71,Grassland/Herbaceous,4033,1989
NV,121449,696,High_Schells,71,Grassland/Herbaceous,2452,2024
AZ,77585,196,Galiuro,71,Grassland/Herbaceous,85,1989
NM,12155,776,East_Potrillo_Mountains,71,Grassland/Herbaceous,541,2024
MT,74524,360,Mission_Mountains,71,Grassland/Herbaceous,6028,2024
AZ,32115,518,Salt_River_Canyon,71,Grassland/Herbaceous,1,1989
UT,8675,790,Devils_Canyon,71,Grassland/Herbaceous,1,1989
NC,11653,319,Linville_Gorge,71,Grassland/Herbaceous,181,1989
NV,40303,806,Desatoya Mountains Wilderness,71,Grassland/Herbaceous,535,1989
UT,27075,379,Mount_Nebo,71,Grassland/Herbaceous,992,1989
CA,225114,340,Marble_Mountain,71,Grassland/Herbaceous,149587,2024
MI,11358,336,Mackinac,71,Grassland/Herbaceous,1,1989
NM,37278,527,Sandia_Mountain,71,Grassland/Herbaceous,1,1989
NV,30648,416,North_Black_Rock_Range,71,Grassland/Herbaceous,241,1989
AZ,50260,454,PetrifiedForest,71,Grassland/Herbaceous,92811,2024
WI,5912,61,Blackjack_Springs,71,Grassland/Herbaceous,5,1989
WY,346320,414,North_Absaroka,71,Grassland/Herbaceous,40168,2024
WA,414322,8,Alpine_Lakes,71,Grassland/Herbaceous,39520,1989
TN,10804,43,Big_Laurel_Branch,71,Grassland/Herbaceous,46,1989
CA,20241,530,Santa_Lucia,71,Grassland/Herbaceous,701,2024
WI,33500,677,Gaylord_Nelson,71,Grassland/Herbaceous,156,2024
NV,54536,563,South_Jackson_Mountains,71,Grassland/Herbaceous,3993,1989
CA,695200,362,Mojave,71,Grassland/Herbaceous,82912,2024
VT,24985,74,Breadloaf,71,Grassland/Herbaceous,4,2024
CA,27296,684,Cache_Creek,71,Grassland/Herbaceous,6788,2024
MI,132018,268,Isle_Royale,71,Grassland/Herbaceous,793,1989
NV,88650,395,Mt_Moriah,71,Grassland/Herbaceous,1438,1989
AL,25809,556,Sipsey,71,Grassland/Herbaceous,5,2024
ND,5577,332,Lostwood,71,Grassland/Herbaceous,22200,2024
CA,23578,84,Bucks_Lake,71,Grassland/Herbaceous,54184,2024
NM,203548,4,Aldo_Leopold,71,Grassland/Herbaceous,5907,1989
TX,3521,45,Big_Slough,71,Grassland/Herbaceous,1,1989
VT,4800,203,George_D_Aiken,71,Grassland/Herbaceous,9,2024
NV,120551,16,ArcDome,71,Grassland/Herbaceous,1724,2024
CA,101574,521,San_Gorgonio,71,Grassland/Herbaceous,2460,1989
AZ,37457,240,Hellsgate,71,Grassland/Herbaceous,14,1989
NM,33125,100,Carlsbad_Caverns,71,Grassland/Herbaceous,124,2024
UT,3291,721,Deep_Creek,71,Grassland/Herbaceous,1,1989
AZ,15400,21,Aubrey_Peak,71,Grassland/Herbaceous,11,1989
NV,314835,59,Black_Rock_Desert,71,Grassland/Herbaceous,28441,1989
CO,32062,191,Fossil_Ridge,71,Grassland/Herbaceous,13597,1989
NV,39631,264,Ireteba_Peaks,71,Grassland/Herbaceous,6,1989
MT,28248,635,Welcome_Creek,71,Grassland/Herbaceous,13372,2024
CA,768222,543,Sequoia_Kings_Canyon,71,Grassland/Herbaceous,9482,1989
AZ,112400,630,Warm_Springs,71,Grassland/Herbaceous,359,2024
CA,15628,706,Beauty_Mountain,71,Grassland/Herbaceous,137,1989
AZ,9951,238,Hells_Canyon_AZ,71,Grassland/Herbaceous,4,2024
MI,11951,152,Delirium,71,Grassland/Herbaceous,3,2024
WI,4074,471,Porcupine_Lake,71,Grassland/Herbaceous,16,2024
MO,12423,242,Hercules_Glades,71,Grassland/Herbaceous,765,1989
NM,8382,777,Mount_Riley,71,Grassland/Herbaceous,2653,2024
MI,32557,758,Sleeping_Bear_Dunes,71,Grassland/Herbaceous,3671,2024
AZ,36949,496,Rincon_Mountain,71,Grassland/Herbaceous,13,1989
CO/WY,24051,465,Platte_River,71,Grassland/Herbaceous,69,1989
WA,11851,132,Colonel_Bob,71,Grassland/Herbaceous,2,1989
OR,19918,67,Boulder_Creek,71,Grassland/Herbaceous,351,1989
ID,266390,736,Owyhee_River,71,Grassland/Herbaceous,22619,1989
CA,70206,570,South_Warner,71,Grassland/Herbaceous,2698,1989
NV,35581,9,AltaToquima,71,Grassland/Herbaceous,56,2024
CO,17784,227,Gunnison_Gorge,71,Grassland/Herbaceous,350,1989
OR,180103,287,Kalmiopsis,71,Grassland/Herbaceous,81276,1989
SD,64144,24,Badlands,71,Grassland/Herbaceous,104846,1989
CA,30186,217,Grass_Valley,71,Grassland/Herbaceous,1,2024
NV,33466,573,Spirit_Mountain,71,Grassland/Herbaceous,15,1989
AZ,19410,15,Aravaipa_Canyon,71,Grassland/Herbaceous,246,2024
MT,158712,10,Anaconda_Pintler,71,Grassland/Herbaceous,70010,2024
CA,26102,408,Newberry_Mountains,71,Grassland/Herbaceous,51,1989
CO,82496,252,Hunter_Fryingpan,71,Grassland/Herbaceous,47466,2024
NM,18827,655,Withington,71,Grassland/Herbaceous,9,1989
NV,52451,216,Grant_Range,71,Grassland/Herbaceous,12005,2024
NM,29106,63,Blue_Range,71,Grassland/Herbaceous,2,1989
WA,566161,207,Glacier_Peak,71,Grassland/Herbaceous,44895,1989
OR,54406,389,Mount_Washington,71,Grassland/Herbaceous,1696,2024
CA,26839,738,Pleasant_View_Ridge,71,Grassland/Herbaceous,65,1989
CO,15599,53,Black_Canyon_of_the_Gunnison,71,Grassland/Herbaceous,4,1989
UT,44572,378,Mount_Naomi,71,Grassland/Herbaceous,4780,2024
NV,23710,318,Lime_Canyon,71,Grassland/Herbaceous,16375,2024
VT,4800,203,George_D_Aiken,71,Grassland/Herbaceous,5,1989
NM,27673,773,Aden_Lava_Flow,71,Grassland/Herbaceous,93,1989
CA,10666,681,Sanhedrin,71,Grassland/Herbaceous,438,2024
TX,13248,620,Upland_Island,71,Grassland/Herbaceous,40,1989
WY,10208,178,Encampment_River,71,Grassland/Herbaceous,132,1989
LA,5000,75,Breton,71,Grassland/Herbaceous,2,2024
CA,8022,111,Chanchelulla,71,Grassland/Herbaceous,100,1989
WY,102620,470,Popo_Agie,71,Grassland/Herbaceous,80179,1989
AR,15214,254,Hurricane_Creek,71,Grassland/Herbaceous,2,1989
AZ,26912,533,Santa_Teresa,71,Grassland/Herbaceous,6324,2024
AZ,5158,180,Escudilla,71,Grassland/Herbaceous,1226,1989
UT,60442,801,San_Rafael_Reef,71,Grassland/Herbaceous,2,2024
CA,236488,441,Palen_McCoy,71,Grassland/Herbaceous,55,2024
MI,3879,250,Horseshoe_Bay,71,Grassland/Herbaceous,2,1989
AZ,14630,170,East_Cactus_Plain,71,Grassland/Herbaceous,45261,2024
NV,24249,671,White_Rock_Range,71,Grassland/Herbaceous,52,1989
NV,24015,762,Pine_Forest_Range,71,Grassland/Herbaceous,4516,1989
NV,22374,691,Bald_Mountain,71,Grassland/Herbaceous,1836,2024
CO,17109,272,James_Peak,71,Grassland/Herbaceous,19020,1989
ND,4155,113,Chase_Lake,71,Grassland/Herbaceous,7720,1989
NV,27502,19,Arrow_Canyon,71,Grassland/Herbaceous,1113,2024
CA,28460,313,Lava_Beds,71,Grassland/Herbaceous,77023,2024
UT,2648,718,Cottonwood_Forest,71,Grassland/Herbaceous,98,1989
CA,10510,276,Jennie_Lakes,71,Grassland/Herbaceous,52,2024
TX,46850,225,Guadalupe_Mountains,71,Grassland/Herbaceous,216,2024
NJ,3660,222,Great_Swamp,71,Grassland/Herbaceous,6,2024
AZ,160164,583,Superstition,71,Grassland/Herbaceous,4934,1989
ID,89820,711,Bruneau_Jarbidge_Rivers,71,Grassland/Herbaceous,167008,2024
CA,37793,122,Chumash,71,Grassland/Herbaceous,67,1989
CO,8500,352,Mesa_Verde,71,Grassland/Herbaceous,102,1989
CA,37786,211,Golden_Valley,71,Grassland/Herbaceous,127,2024
CA,20548,57,Black_Mountain,71,Grassland/Herbaceous,129,1989
CA,15628,706,Beauty_Mountain,71,Grassland/Herbaceous,7090,2024
WA,11851,132,Colonel_Bob,71,Grassland/Herbaceous,2,2024
AZ,21000,40,Big_Horn_Mountains,71,Grassland/Herbaceous,29,2024
CA,16893,433,Otay_Mountain,71,Grassland/Herbaceous,1260,1989
VA,2427,603,Thunder_Ridge,71,Grassland/Herbaceous,35,2024
AR,6301,165,Dry_Creek,71,Grassland/Herbaceous,3,2024
CA,16526,599,Thousand_Lakes,71,Grassland/Herbaceous,45,2024
CA,8022,111,Chanchelulla,71,Grassland/Herbaceous,56,2024
UT,12201,792,Horse_Valley,71,Grassland/Herbaceous,1,1989
WA,14266,410,Noisy_Diobsud,71,Grassland/Herbaceous,555,1989
NM,47035,109,Chama_River_Canyon,71,Grassland/Herbaceous,7243,2024
MI,146,253,Huron_Islands,71,Grassland/Herbaceous,5,2024
CO,102209,618,Uncompahgre,71,Grassland/Herbaceous,107327,2024
NV,10467,69,Boundary_Peak,71,Grassland/Herbaceous,32,1989
NV,25671,667,South_Pahroc_Range,71,Grassland/Herbaceous,18829,2024
AZ,37030,213,Grand_Wash_Cliffs,71,Grassland/Herbaceous,13872,2024
CA,60280,569,South_Sierra,71,Grassland/Herbaceous,681,2024
OR,2871,731,Lower_White_River,71,Grassland/Herbaceous,9858,2024
CA,236488,441,Palen_McCoy,71,Grassland/Herbaceous,2,1989
WY,693934,632,Washakie,71,Grassland/Herbaceous,187464,2024
NE,7833,560,Soldier_Creek,71,Grassland/Herbaceous,31485,2024
CO,29027,377,Mount_Massive,71,Grassland/Herbaceous,18670,1989
WA,168955,652,William_O_Douglas,71,Grassland/Herbaceous,177103,2024
MT,259756,538,Scapegoat,71,Grassland/Herbaceous,72770,2024
FL,17350,574,St_Marks,71,Grassland/Herbaceous,10,1989
ID,50930,730,Little_Jacks_Creek,71,Grassland/Herbaceous,23607,1989
UT,453863,246,High_Uintas,71,Grassland/Herbaceous,208460,1989
CO,23116,223,Greenhorn_Mountain,71,Grassland/Herbaceous,3450,1989
NV,4760,281,Jumbo_Springs,71,Grassland/Herbaceous,1,2024
CA,29207,345,Matilija,71,Grassland/Herbaceous,36243,1989
PA,372,7,Allegheny_Islands,71,Grassland/Herbaceous,13,2024
CA/OR,20130,487,Red_Buttes,71,Grassland/Herbaceous,1878,1989
WY,10208,178,Encampment_River,71,Grassland/Herbaceous,79,2024
OR,35749,502,Rogue_Umpqua_Divide,71,Grassland/Herbaceous,348,1989
CA,236726,625,Ventana,71,Grassland/Herbaceous,43467,2024
ID,116843,765,Jim_McClure_Jerry_Peak,71,Grassland/Herbaceous,16245,2024
CO,37344,760,Hermosa_Creek,71,Grassland/Herbaceous,3093,1989
NM,19916,778,Organ_Mountains,71,Grassland/Herbaceous,2,1989
MI,11951,152,Delirium,71,Grassland/Herbaceous,2,1989
NM,44678,14,Apache_Kid,71,Grassland/Herbaceous,10,1989
AZ,10431,192,Fossil_Springs,71,Grassland/Herbaceous,139,2024
WA,5963,606,Trapper_Creek,71,Grassland/Herbaceous,24,1989
ID/MT,1347644,540,Selway_Bitterroot,71,Grassland/Herbaceous,547569,2024
MI,15237,588,Sylvania,71,Grassland/Herbaceous,6,1989
NM,36764,339,Manzano_Mountain,71,Grassland/Herbaceous,6,1989
CA,18278,335,Machesna_Mountain,71,Grassland/Herbaceous,1987,2024
CA,39955,442,Palo_Verde_Mountains,71,Grassland/Herbaceous,1,2024
NV,33466,573,Spirit_Mountain,71,Grassland/Herbaceous,1,2024
AZ,5800,648,White_Canyon,71,Grassland/Herbaceous,1,1989
SC,21700,134,Congaree,71,Grassland/Herbaceous,14,2024
WY,102620,470,Popo_Agie,71,Grassland/Herbaceous,78785,2024
CA,225114,340,Marble_Mountain,71,Grassland/Herbaceous,48750,1989
AZ,112400,630,Warm_Springs,71,Grassland/Herbaceous,2931,1989
WA,13278,383,Mount_Skokomish,71,Grassland/Herbaceous,280,1989
NV,14050,807,Cain_Mountain,71,Grassland/Herbaceous,7537,2024
NH,27605,474,Presidential_Range_Dry_River,71,Grassland/Herbaceous,38,1989
NC,18477,550,Shining_Rock,71,Grassland/Herbaceous,2,1989
CO,160309,391,Mount_Zirkel,71,Grassland/Herbaceous,30663,1989
CA,104048,363,Mokelumne,71,Grassland/Herbaceous,18677,2024
NV,92652,505,Ruby_Mountains,71,Grassland/Herbaceous,19890,1989
CA,177309,613,Turtle_Mountains,71,Grassland/Herbaceous,380,2024
CO,9482,92,Cache_La_Poudre,71,Grassland/Herbaceous,239,1989
GA/TN,37033,130,Cohutta,71,Grassland/Herbaceous,1,1989
NM,61600,106,Cebolla,71,Grassland/Herbaceous,1,1989
AZ,36949,496,Rincon_Mountain,71,Grassland/Herbaceous,33,2024
GA,10791,494,Rich_Mountain,71,Grassland/Herbaceous,1,2024
GA,5125,656,Wolf_Island,71,Grassland/Herbaceous,3,1989
TN,5634,322,Little_Frog_Mountain,71,Grassland/Herbaceous,5,2024
CA,19935,93,Cadiz_Dunes,71,Grassland/Herbaceous,1,2024
CA,31415,554,Silver_Peak,71,Grassland/Herbaceous,3292,1989
CA,32186,522,San_Jacinto,71,Grassland/Herbaceous,5741,1989
CA,41777,492,Rice_Valley,71,Grassland/Herbaceous,76,2024
NE,4635,190,Fort_Niobrara,71,Grassland/Herbaceous,18061,1989
NV,42544,694,Goshute_Canyon,71,Grassland/Herbaceous,7521,2024
CO,160997,568,South_San_Juan,71,Grassland/Herbaceous,159341,2024
KY,4816,32,Beaver_Creek,71,Grassland/Herbaceous,3,2024
AZ,2040,22,Baboquivari_Peak,71,Grassland/Herbaceous,1101,2024
NV,47311,147,Currant_Mountain,71,Grassland/Herbaceous,3019,1989
NV,110471,274,Jarbidge,71,Grassland/Herbaceous,8115,1989
NV,39173,462,Pinto_Valley,71,Grassland/Herbaceous,518,1989
VA,9826,513,Saint_Marys,71,Grassland/Herbaceous,9,1989
TN,2559,202,Gee_Creek,71,Grassland/Herbaceous,14,1989
NV,31223,396,Mt_Rose,71,Grassland/Herbaceous,1852,2024
CA,39412,524,San_Mateo_Canyon,71,Grassland/Herbaceous,2044,2024
CO,165874,131,Collegiate_Peaks,71,Grassland/Herbaceous,123621,1989
CO,23116,223,Greenhorn_Mountain,71,Grassland/Herbaceous,2540,2024
UT,11667,717,Cottonwood_Canyon,71,Grassland/Herbaceous,711,2024
MI,16861,348,McCormick,71,Grassland/Herbaceous,14,1989
CA,128044,249,Hoover,71,Grassland/Herbaceous,3314,1989
NV,14095,693,Bristlecone,71,Grassland/Herbaceous,9,1989
CA,6287,685,Cedar_Roughs,71,Grassland/Herbaceous,16324,2024
VT,18122,334,Lye_Brook,71,Grassland/Herbaceous,1,1989
KY,4816,32,Beaver_Creek,71,Grassland/Herbaceous,70,1989
AZ,160164,583,Superstition,71,Grassland/Herbaceous,92561,2024
CA,36981,397,Mt_Shasta,71,Grassland/Herbaceous,505,1989
WY,123896,275,Jedediah_Smith,71,Grassland/Herbaceous,14069,2024
NV,56890,438,Pahute_Peak,71,Grassland/Herbaceous,61,1989
WA,228480,382,Mount_Rainier,81,Pasture/Hay,2,2024
AZ,38470,486,Rawhide_Mountains,81,Pasture/Hay,2,2024
WA,876447,428,Daniel_J_Evans,81,Pasture/Hay,195,1989
CA,303713,210,Golden_Trout,81,Pasture/Hay,5,1989
FL,7327,6,Alexander_Springs,81,Pasture/Hay,442,2024
NV,23439,420,North_Jackson_Mountains,81,Pasture/Hay,1,2024
VA,8471,727,Hunting_Camp_Creek,81,Pasture/Hay,24,2024
MO,6691,156,Devils_Backbone,81,Pasture/Hay,50,1989
MS,5033,54,Black_Creek,81,Pasture/Hay,10,1989
AZ,60773,193,Four_Peaks,81,Pasture/Hay,2,2024
WY,426751,78,Bridger,81,Pasture/Hay,30,2024
AZ,68231,288,Kanab_Creek,81,Pasture/Hay,1,1989
UT,49130,802,Sids_Mountain,81,Pasture/Hay,7,2024
PA,8633,243,Hickory_Creek,81,Pasture/Hay,27,1989
TX,12214,259,Indian_Mounds,81,Pasture/Hay,27,1989
CA,50451,508,Sacatar_Trail,81,Pasture/Hay,2,2024
NV,51305,669,Weepah_Spring,81,Pasture/Hay,15,2024
MT,74524,360,Mission_Mountains,81,Pasture/Hay,1,2024
OR,355553,167,Eagle_Cap,81,Pasture/Hay,1,2024
TN,6937,468,Pond_Mountain,81,Pasture/Hay,2,2024
FL,1296500,341,Marjory_Stoneman_Douglas,81,Pasture/Hay,842,2024
CA,27315,455,Phillip_Burton,81,Pasture/Hay,19,2024
AZ,41143,509,Saddle_Mountain,81,Pasture/Hay,4,2024
TN,3791,26,Bald_River_Gorge,81,Pasture/Hay,1,2024
IL,6352,333,Lusk_Creek,81,Pasture/Hay,11,1989
CA,652903,278,John_Muir,81,Pasture/Hay,22,1989
OR,109098,375,Mount_Jefferson,81,Pasture/Hay,4,1989
NC,11653,319,Linville_Gorge,81,Pasture/Hay,83,2024
OR,24707,748,Soda_Mountain,81,Pasture/Hay,91,2024
IL,821,443,Panther_Den,81,Pasture/Hay,24,2024
VA/WV,16525,392,Mountain_Lake,81,Pasture/Hay,6,2024
OR,24707,748,Soda_Mountain,81,Pasture/Hay,283,1989
ID,266390,736,Owyhee_River,81,Pasture/Hay,5,2024
WV,6048,311,Laurel_Fork_North,81,Pasture/Hay,37,2024
GA/NC,23364,571,Southern_Nantahala,81,Pasture/Hay,1,2024
GA,12853,73,Brasstown,81,Pasture/Hay,1,2024
NM,559310,205,Gila,81,Pasture/Hay,5,1989
MT,259756,538,Scapegoat,81,Pasture/Hay,22,1989
OK,10372,623,Upper_Kiamichi_River,81,Pasture/Hay,2,1989
ND,29920,598,Theodore_Roosevelt,81,Pasture/Hay,16,2024
VA/WV,16525,392,Mountain_Lake,81,Pasture/Hay,6,1989
MO,7730,359,Mingo,81,Pasture/Hay,8,1989
NV,92627,590,Table_Mountain,81,Pasture/Hay,9,2024
AR/OK,13347,56,Black_Fork_Mountain,81,Pasture/Hay,7,1989
IL,3955,198,Garden_of_the_Gods,81,Pasture/Hay,47,1989
OR,283818,602,Three_Sisters,81,Pasture/Hay,3,1989
NC,9315,547,Sheep_Ridge,81,Pasture/Hay,1,2024
WV,6048,311,Laurel_Fork_North,81,Pasture/Hay,36,1989
CO,497111,637,Weminuche,81,Pasture/Hay,140,2024
WA,876447,428,Daniel_J_Evans,81,Pasture/Hay,205,2024
WY,31057,255,Huston_Park,81,Pasture/Hay,5,2024
CA,158147,102,Carson_Iceberg,81,Pasture/Hay,145,1989
MT,1062694,64,Bob_Marshall,81,Pasture/Hay,11,2024
PA,8633,243,Hickory_Creek,81,Pasture/Hay,24,2024
WA,102919,241,Henry_M_Jackson,81,Pasture/Hay,8,2024
AR,11978,621,Upper_Buffalo,81,Pasture/Hay,22,2024
OR,109098,375,Mount_Jefferson,81,Pasture/Hay,1,2024
VA,5928,295,Kimberling_Creek,81,Pasture/Hay,4,2024
CA,27315,455,Phillip_Burton,81,Pasture/Hay,2,1989
AR,16652,315,Leatherwood,81,Pasture/Hay,14,2024
WY,31057,255,Huston_Park,81,Pasture/Hay,5,1989
AL,7400,115,Cheaha,81,Pasture/Hay,8,1989
CA,303713,210,Golden_Trout,81,Pasture/Hay,88,2024
CO,82496,252,Hunter_Fryingpan,81,Pasture/Hay,3,1989
LA,8701,297,Kisatchie_Hills,81,Pasture/Hay,27,1989
MO,8184,460,Piney_Creek,81,Pasture/Hay,6,1989
VA,2845,321,Little_Dry_Run,81,Pasture/Hay,34,2024
AZ,58448,587,Sycamore_Canyon,81,Pasture/Hay,3,2024
WA,15776,594,Tatoosh,81,Pasture/Hay,2,1989
OR,29182,734,Oregon_Badlands,81,Pasture/Hay,1,2024
AL,7400,115,Cheaha,81,Pasture/Hay,15,2024
WA,228480,382,Mount_Rainier,81,Pasture/Hay,7,1989
FL,14293,284,Juniper_Prairie,81,Pasture/Hay,80,1989
OR,36865,627,Waldo_Lake,81,Pasture/Hay,4,2024
VA,4795,713,Brush_Mountain,81,Pasture/Hay,2,1989
OR,65435,342,Mark_O_Hatfield,81,Pasture/Hay,9,1989
NC,7482,355,Middle_Prong,81,Pasture/Hay,36,2024
VA,6071,317,Lewis_Fork,81,Pasture/Hay,10,2024
ID,2358886,194,Frank_Church_River_of_No_Return,81,Pasture/Hay,122,1989
WA,168955,652,William_O_Douglas,81,Pasture/Hay,6,1989
CO,176431,641,West_Elk,81,Pasture/Hay,12,2024
TX,12214,259,Indian_Mounds,81,Pasture/Hay,13,2024
NM,559310,205,Gila,81,Pasture/Hay,143,2024
TX,13248,620,Upland_Island,81,Pasture/Hay,37,2024
TN,9037,766,Upper_Bald_River,81,Pasture/Hay,2,2024
AR,14262,95,Caney_Creek,81,Pasture/Hay,8,1989
CO,181973,344,Maroon_Bells_Snowmass,81,Pasture/Hay,2,2024
MI,132018,268,Isle_Royale,81,Pasture/Hay,2,1989
GA,353981,426,Okefenokee,81,Pasture/Hay,2,2024
NM,5185,161,Dome,81,Pasture/Hay,3,2024
WA,108020,209,Goat_Rocks,81,Pasture/Hay,2,1989
NM,221796,447,Pecos,81,Pasture/Hay,188,1989
OR,30787,786,Devils_Staircase,81,Pasture/Hay,17,1989
IL,2760,29,Bay_Creek,81,Pasture/Hay,25,1989
IL,821,443,Panther_Den,81,Pasture/Hay,14,1989
WA,566161,207,Glacier_Peak,81,Pasture/Hay,28,2024
WA,119966,371,Mount_Baker,81,Pasture/Hay,3,2024
CA,537357,611,Trinity_Alps,81,Pasture/Hay,3,2024
CA,158147,102,Carson_Iceberg,81,Pasture/Hay,17,2024
CA,73726,437,Pahrump_Valley,81,Pasture/Hay,30,2024
CO,497111,637,Weminuche,81,Pasture/Hay,105,1989
UT,124406,755,Zion,81,Pasture/Hay,4,2024
WA,49344,68,Boulder_River,81,Pasture/Hay,2,2024
WY,191914,129,Cloud_Peak,81,Pasture/Hay,8,1989
IL,5800,25,Bald_Knob,81,Pasture/Hay,20,1989
MT,242068,316,Lee_Metcalf,81,Pasture/Hay,19,1989
IL,4739,124,Clear_Springs,81,Pasture/Hay,23,1989
VA,79579,549,Shenandoah,81,Pasture/Hay,18,2024
WV,5840,312,Laurel_Fork_South,81,Pasture/Hay,1,1989
UT,124406,755,Zion,81,Pasture/Hay,1,1989
CO,15599,53,Black_Canyon_of_the_Gunnison,81,Pasture/Hay,1,2024
WA,638173,577,Stephen_Mather,81,Pasture/Hay,56,1989
IL,3694,88,Burden_Falls,81,Pasture/Hay,19,1989
AZ,6819,372,Mount_Baldy,81,Pasture/Hay,2,1989
IL,4050,140,Crab_Orchard,81,Pasture/Hay,30,2024
TX,3817,324,Little_Lake_Creek,81,Pasture/Hay,4,2024
MO,16427,265,Irish,81,Pasture/Hay,16,1989
AR,34933,85,Buffalo_National_River,81,Pasture/Hay,1751,1989
WA,47123,370,Mount_Adams,81,Pasture/Hay,2,2024
CO,176431,641,West_Elk,81,Pasture/Hay,5,1989
IL,4739,124,Clear_Springs,81,Pasture/Hay,34,2024
WA,414322,8,Alpine_Lakes,81,Pasture/Hay,13,2024
MN,816244,70,Boundary_Waters_Canoe_Area,81,Pasture/Hay,1,2024
CA,768222,543,Sequoia_Kings_Canyon,81,Pasture/Hay,1,1989
VA,4795,713,Brush_Mountain,81,Pasture/Hay,1,2024
OR,30787,786,Devils_Staircase,81,Pasture/Hay,7,2024
AR,11978,621,Upper_Buffalo,81,Pasture/Hay,17,1989
AZ,5887,658,Woodchute,81,Pasture/Hay,1,2024
AR,11674,495,Richland_Creek,81,Pasture/Hay,1,2024
SD,64144,24,Badlands,81,Pasture/Hay,60,2024
WI,7270,647,Whisker_Lake,81,Pasture/Hay,23,2024
NM,44678,14,Apache_Kid,81,Pasture/Hay,11,2024
WA,105543,704,Wild_Sky,81,Pasture/Hay,17,2024
ID/MT,1347644,540,Selway_Bitterroot,81,Pasture/Hay,26,1989
IL,4050,140,Crab_Orchard,81,Pasture/Hay,22,1989
AR,10180,187,Flatside,81,Pasture/Hay,14,1989
MO,8184,460,Piney_Creek,81,Pasture/Hay,2,2024
AR,10585,171,East_Fork,81,Pasture/Hay,6,2024
MO,7040,436,Paddy_Creek,81,Pasture/Hay,34,1989
MT,286659,219,Great_Bear,81,Pasture/Hay,3,1989
ID,2358886,194,Frank_Church_River_of_No_Return,81,Pasture/Hay,77,2024
SD,64144,24,Badlands,81,Pasture/Hay,62,1989
WY,285619,224,Gros_Ventre,81,Pasture/Hay,3,2024
UT,15291,381,Mount_Olympus,81,Pasture/Hay,1,2024
AZ,58448,587,Sycamore_Canyon,81,Pasture/Hay,1,1989
WA,566161,207,Glacier_Peak,81,Pasture/Hay,38,1989
AL,8947,166,Dugger_Mountain,81,Pasture/Hay,1,1989
CO,82496,252,Hunter_Fryingpan,81,Pasture/Hay,2,2024
VA,8471,727,Hunting_Camp_Creek,81,Pasture/Hay,5,1989
TX,5536,612,Turkey_Hill,81,Pasture/Hay,38,1989
WA,152980,306,Lake_Chelan_Sawtooth,81,Pasture/Hay,3,1989
AZ,68231,288,Kanab_Creek,81,Pasture/Hay,1,2024
CO,230829,186,Flat_Tops,81,Pasture/Hay,40,2024
CO,160997,568,South_San_Juan,81,Pasture/Hay,15,1989
MI,4724,499,Rock_River_Canyon,81,Pasture/Hay,294,2024
WA,531325,445,Pasayten,81,Pasture/Hay,30,2024
IL,3955,198,Garden_of_the_Gods,81,Pasture/Hay,47,2024
AL,25809,556,Sipsey,81,Pasture/Hay,1,1989
VA,6532,493,Rich_Hole,81,Pasture/Hay,1,2024
GA,16618,343,Mark_Trail,81,Pasture/Hay,16,2024
AR,15214,254,Hurricane_Creek,81,Pasture/Hay,2,1989
WA,102919,241,Henry_M_Jackson,81,Pasture/Hay,17,1989
MO,6691,156,Devils_Backbone,81,Pasture/Hay,49,2024
WI,7270,647,Whisker_Lake,81,Pasture/Hay,27,1989
NJ,3660,222,Great_Swamp,81,Pasture/Hay,20,1989
CO,230829,186,Flat_Tops,81,Pasture/Hay,37,1989
NM,203548,4,Aldo_Leopold,81,Pasture/Hay,1079,2024
WY,584733,596,Teton,81,Pasture/Hay,56,2024
NM,61600,106,Cebolla,81,Pasture/Hay,1,1989
NV,24015,762,Pine_Forest_Range,81,Pasture/Hay,1,1989
NM,221796,447,Pecos,81,Pasture/Hay,81,2024
AZ,129800,18,Arrastra_Mountain,81,Pasture/Hay,11,1989
IN,12472,112,Charles_C_Deam,81,Pasture/Hay,16,2024
WA,44270,83,Buckhorn,81,Pasture/Hay,1,1989
IL,5800,25,Bald_Knob,81,Pasture/Hay,29,2024
TN,10804,43,Big_Laurel_Branch,81,Pasture/Hay,20,2024
WY,346320,414,North_Absaroka,81,Pasture/Hay,16,2024
ID/OR,217747,239,Hells_Canyon_IDOR,81,Pasture/Hay,15,2024
CA/NV,3190455,151,Death_Valley,81,Pasture/Hay,3,1989
OR,22614,201,Gearhart_Mountain,81,Pasture/Hay,5,2024
WY,426751,78,Bridger,81,Pasture/Hay,28,1989
UT,46360,148,Dark_Canyon,81,Pasture/Hay,35,2024
OR,283818,602,Three_Sisters,81,Pasture/Hay,12,2024
OR,13090,52,Black_Canyon_OR,81,Pasture/Hay,1,2024
MI,4724,499,Rock_River_Canyon,81,Pasture/Hay,385,1989
MT,158712,10,Anaconda_Pintler,81,Pasture/Hay,1,2024
CA,27296,684,Cache_Creek,81,Pasture/Hay,2,2024
MO,7730,359,Mingo,81,Pasture/Hay,3,2024
NM,18827,655,Withington,81,Pasture/Hay,2,2024
WA,105543,704,Wild_Sky,81,Pasture/Hay,63,1989
MI,132018,268,Isle_Royale,81,Pasture/Hay,1,2024
TX,3817,324,Little_Lake_Creek,81,Pasture/Hay,3,1989
KY,4816,32,Beaver_Creek,81,Pasture/Hay,2,2024
OK,10372,623,Upper_Kiamichi_River,81,Pasture/Hay,2,2024
CA,704624,662,Yosemite,81,Pasture/Hay,1,2024
WY,102620,470,Popo_Agie,81,Pasture/Hay,7,2024
OR,6404,751,Spring_Basin,81,Pasture/Hay,2,2024
AR,34933,85,Buffalo_National_River,81,Pasture/Hay,1648,2024
TX,13248,620,Upland_Island,81,Pasture/Hay,35,1989
UT,46360,148,Dark_Canyon,81,Pasture/Hay,53,1989
CA,39740,728,John_Krebs,81,Pasture/Hay,1,2024
PA,372,7,Allegheny_Islands,81,Pasture/Hay,2,1989
MS,5033,54,Black_Creek,81,Pasture/Hay,11,2024
MT,1062694,64,Bob_Marshall,81,Pasture/Hay,4,1989
AR,10180,187,Flatside,81,Pasture/Hay,3,2024
OR,113571,558,Sky_Lakes,81,Pasture/Hay,1,2024
UT,50216,459,Pine_Valley_Mountain,81,Pasture/Hay,3,1989
WY,693934,632,Washakie,81,Pasture/Hay,2,1989
VA,5928,295,Kimberling_Creek,81,Pasture/Hay,4,1989
CA,236726,625,Ventana,81,Pasture/Hay,29,2024
MO,7040,436,Paddy_Creek,81,Pasture/Hay,29,2024
CO,17784,227,Gunnison_Gorge,81,Pasture/Hay,1,2024
VA,3745,712,Brush_Mountain_East,81,Pasture/Hay,5,1989
MT,259756,538,Scapegoat,81,Pasture/Hay,22,2024
OR,170202,576,Steens_Mountain,81,Pasture/Hay,6,1989
NV,24783,481,Rainbow_Mountain,81,Pasture/Hay,1,1989
MI,32557,758,Sleeping_Bear_Dunes,81,Pasture/Hay,1,1989
NM,61600,106,Cebolla,81,Pasture/Hay,3,2024
TN,10895,519,Sampson_Mountain,81,Pasture/Hay,1,2024
TN,10804,43,Big_Laurel_Branch,81,Pasture/Hay,17,1989
AR/OK,13347,56,Black_Fork_Mountain,81,Pasture/Hay,6,2024
VA,8907,273,James_River_Face,81,Pasture/Hay,2,1989
MT,93272,91,Cabinet_Mountains,81,Pasture/Hay,1,1989
KY,12371,127,Clifty,81,Pasture/Hay,41,2024
WA,49344,68,Boulder_River,81,Pasture/Hay,6,1989
UT,44447,714,Canaan_Mountain,81,Pasture/Hay,8,1989
OR,180103,287,Kalmiopsis,81,Pasture/Hay,12,2024
GA,12853,73,Brasstown,81,Pasture/Hay,1,1989
AZ,15465,640,West_Clear_Creek,81,Pasture/Hay,1,2024
MT/WY,937102,1,Absaroka_Beartooth,81,Pasture/Hay,49,2024
PA,372,7,Allegheny_Islands,81,Pasture/Hay,4,2024
WA,638173,577,Stephen_Mather,81,Pasture/Hay,44,2024
ID,205395,212,Gospel_Hump,81,Pasture/Hay,1,2024
MI,5268,41,Big_Island_Lake,81,Pasture/Hay,1,2024
AZ,250760,347,Mazatzal,81,Pasture/Hay,2,2024
AZ,87900,439,Paiute,81,Pasture/Hay,2,2024
MI,5268,41,Big_Island_Lake,81,Pasture/Hay,1,1989
VA,3745,712,Brush_Mountain_East,81,Pasture/Hay,5,2024
MT/WY,937102,1,Absaroka_Beartooth,81,Pasture/Hay,45,1989
WA,108020,209,Goat_Rocks,81,Pasture/Hay,1,2024
WA,531325,445,Pasayten,81,Pasture/Hay,28,1989
AR,15214,254,Hurricane_Creek,81,Pasture/Hay,2,2024
KY,4816,32,Beaver_Creek,81,Pasture/Hay,2,1989
WY,102620,470,Popo_Agie,81,Pasture/Hay,7,1989
WV,5840,312,Laurel_Fork_South,81,Pasture/Hay,1,2024
CO,181973,344,Maroon_Bells_Snowmass,81,Pasture/Hay,1,1989
NV,157716,663,Mormon_Mountains,81,Pasture/Hay,1,2024
NC,5065,49,Birkhead_Mountains,81,Pasture/Hay,35,1989
VA,3329,724,Garden_Mountain,81,Pasture/Hay,2,2024
VA,4607,601,Three_Ridges,81,Pasture/Hay,19,1989
NM,23267,27,Bandelier,81,Pasture/Hay,34,1989
MO,12423,242,Hercules_Glades,81,Pasture/Hay,81,2024
KY,12371,127,Clifty,81,Pasture/Hay,36,1989
VA,4607,601,Three_Ridges,81,Pasture/Hay,21,2024
CA,106623,411,Nopah_Range,81,Pasture/Hay,1,2024
UT,54643,793,Labyrinth_Canyon,81,Pasture/Hay,55,1989
VA,9826,513,Saint_Marys,81,Pasture/Hay,1,2024
WA,119966,371,Mount_Baker,81,Pasture/Hay,24,1989
WY,693934,632,Washakie,81,Pasture/Hay,2,2024
NM,11656,678,Ojito,81,Pasture/Hay,6,2024
AR,11141,472,Poteau_Mountain,81,Pasture/Hay,6,1989
AZ,9808,215,Granite_Mountain_AZ,81,Pasture/Hay,1,2024
MO,12423,242,Hercules_Glades,81,Pasture/Hay,96,1989
CA,133720,162,Domeland,81,Pasture/Hay,18,2024
ND,4155,113,Chase_Lake,81,Pasture/Hay,1,2024
CO,160997,568,South_San_Juan,81,Pasture/Hay,9,2024
TX,3521,45,Big_Slough,81,Pasture/Hay,7,2024
WA,52294,413,Norse_Peak,81,Pasture/Hay,12,1989
MT,93272,91,Cabinet_Mountains,81,Pasture/Hay,3,2024
OR,54406,389,Mount_Washington,81,Pasture/Hay,1,2024
AL,25809,556,Sipsey,81,Pasture/Hay,1,2024
OR,65435,342,Mark_O_Hatfield,81,Pasture/Hay,41,2024
FL,14293,284,Juniper_Prairie,81,Pasture/Hay,313,2024
NC,7482,355,Middle_Prong,81,Pasture/Hay,40,1989
IL,6352,333,Lusk_Creek,81,Pasture/Hay,11,2024
OR,35203,651,Wild_Rogue,81,Pasture/Hay,173,1989
MT,158712,10,Anaconda_Pintler,81,Pasture/Hay,1,1989
CA,72192,463,Piper_Mountain,81,Pasture/Hay,1,2024
WA,52294,413,Norse_Peak,81,Pasture/Hay,13,2024
OR,6404,751,Spring_Basin,81,Pasture/Hay,1,1989
CA/NV,3190455,151,Death_Valley,81,Pasture/Hay,24,2024
CA,133720,162,Domeland,81,Pasture/Hay,25,1989
NC,18477,550,Shining_Rock,81,Pasture/Hay,133,1989
CA,60280,569,South_Sierra,81,Pasture/Hay,30,2024
CA,50451,508,Sacatar_Trail,81,Pasture/Hay,7,1989
MT,32350,488,Red_Rock_Lakes,81,Pasture/Hay,2,2024
AZ,20253,551,Sierra_Ancha,81,Pasture/Hay,129,2024
CA,73868,435,Owens_Peak,81,Pasture/Hay,17,1989
IN,12472,112,Charles_C_Deam,81,Pasture/Hay,18,1989
WA,168955,652,William_O_Douglas,81,Pasture/Hay,1,2024
VA,2845,321,Little_Dry_Run,81,Pasture/Hay,34,1989
CA,73868,435,Owens_Peak,81,Pasture/Hay,5,2024
UT,54643,793,Labyrinth_Canyon,81,Pasture/Hay,27,2024
CA,79061,309,Lassen_Volcanic,81,Pasture/Hay,1,2024
OR,22614,201,Gearhart_Mountain,81,Pasture/Hay,1,1989
NJ,3660,222,Great_Swamp,81,Pasture/Hay,14,2024
ID,217511,536,Sawtooth,81,Pasture/Hay,1,1989
ND,4155,113,Chase_Lake,81,Pasture/Hay,226,1989
CO,17784,227,Gunnison_Gorge,81,Pasture/Hay,1,1989
AZ,38470,486,Rawhide_Mountains,81,Pasture/Hay,1,1989
ID,266390,736,Owyhee_River,81,Pasture/Hay,5,1989
OR,180103,287,Kalmiopsis,81,Pasture/Hay,14,1989
AR,11141,472,Poteau_Mountain,81,Pasture/Hay,6,2024
VA,5461,328,Little_Wilson_Creek,81,Pasture/Hay,56,1989
GA/NC,23364,571,Southern_Nantahala,81,Pasture/Hay,1,1989
OR,29182,734,Oregon_Badlands,81,Pasture/Hay,2,1989
MT,32350,488,Red_Rock_Lakes,81,Pasture/Hay,1,1989
MO,16427,265,Irish,81,Pasture/Hay,19,2024
NM,23267,27,Bandelier,81,Pasture/Hay,19,2024
NM,203548,4,Aldo_Leopold,81,Pasture/Hay,8,1989
VA,9327,503,Rough_Mountain,81,Pasture/Hay,1,2024
WY,285619,224,Gros_Ventre,81,Pasture/Hay,19,1989
NV,59107,245,High_Rock_Lake,81,Pasture/Hay,414,2024
NV,59107,245,High_Rock_Lake,81,Pasture/Hay,109,1989
VA,6071,317,Lewis_Fork,81,Pasture/Hay,9,1989
CO,135104,168,Eagles_Nest,81,Pasture/Hay,1,2024
WY,346320,414,North_Absaroka,81,Pasture/Hay,16,1989
CO,66280,723,Dominguez_Canyon,81,Pasture/Hay,1,2024
NM,11656,678,Ojito,81,Pasture/Hay,18,1989
AR,14262,95,Caney_Creek,81,Pasture/Hay,10,2024
WA,152980,306,Lake_Chelan_Sawtooth,81,Pasture/Hay,41,2024
OR,28915,23,Badger_Creek,81,Pasture/Hay,1,2024
VA,9327,503,Rough_Mountain,81,Pasture/Hay,1,1989
AZ,87182,118,Chiricahua,81,Pasture/Hay,7,2024
CO,15599,53,Black_Canyon_of_the_Gunnison,81,Pasture/Hay,2,1989
MT,286659,219,Great_Bear,81,Pasture/Hay,7,2024
OR,52496,157,Diamond_Peak,81,Pasture/Hay,1,2024
FL,3064,48,Billies_Bay,81,Pasture/Hay,5,1989
FL,1296500,341,Marjory_Stoneman_Douglas,81,Pasture/Hay,15,1989
WY,584733,596,Teton,81,Pasture/Hay,60,1989
NC,5065,49,Birkhead_Mountains,81,Pasture/Hay,38,2024
TN,5634,322,Little_Frog_Mountain,81,Pasture/Hay,4,1989
LA,8701,297,Kisatchie_Hills,81,Pasture/Hay,7,2024
NM,36764,339,Manzano_Mountain,81,Pasture/Hay,1,2024
ID,89820,711,Bruneau_Jarbidge_Rivers,81,Pasture/Hay,1,2024
TN,5634,322,Little_Frog_Mountain,81,Pasture/Hay,2,2024
VA,9826,513,Saint_Marys,81,Pasture/Hay,5,1989
ID/MT,1347644,540,Selway_Bitterroot,81,Pasture/Hay,25,2024
CA,704624,662,Yosemite,81,Pasture/Hay,12,1989
CA,768222,543,Sequoia_Kings_Canyon,81,Pasture/Hay,21,2024
AR,16652,315,Leatherwood,81,Pasture/Hay,16,1989
WA,414322,8,Alpine_Lakes,81,Pasture/Hay,20,1989
CA,128044,249,Hoover,81,Pasture/Hay,1,2024
AR,10585,171,East_Fork,81,Pasture/Hay,6,1989
VA,5773,545,Shawvers_Run,81,Pasture/Hay,1,2024
NC,11653,319,Linville_Gorge,81,Pasture/Hay,127,1989
TX,3521,45,Big_Slough,81,Pasture/Hay,7,1989
NM,9621,517,Salt_Creek,81,Pasture/Hay,6,2024
OR,355553,167,Eagle_Cap,81,Pasture/Hay,3,1989
IL,3694,88,Burden_Falls,81,Pasture/Hay,18,2024
OR,35203,651,Wild_Rogue,81,Pasture/Hay,171,2024
ND,29920,598,Theodore_Roosevelt,81,Pasture/Hay,10,1989
MT,242068,316,Lee_Metcalf,81,Pasture/Hay,19,2024
CA,18682,589,Sylvania_Mountains,81,Pasture/Hay,84,2024
VA,5461,328,Little_Wilson_Creek,81,Pasture/Hay,46,2024
NC,18477,550,Shining_Rock,81,Pasture/Hay,102,2024
VA,6532,493,Rich_Hole,81,Pasture/Hay,1,1989
GA/TN,37033,130,Cohutta,81,Pasture/Hay,1,1989
TX,5536,612,Turkey_Hill,81,Pasture/Hay,25,2024
UT,453863,246,High_Uintas,81,Pasture/Hay,69,1989
UT,453863,246,High_Uintas,81,Pasture/Hay,78,2024
WY,191914,129,Cloud_Peak,81,Pasture/Hay,9,2024
UT,44447,714,Canaan_Mountain,81,Pasture/Hay,10,2024
GA,16618,343,Mark_Trail,81,Pasture/Hay,10,1989
VA,79579,549,Shenandoah,81,Pasture/Hay,18,1989
IL,2760,29,Bay_Creek,81,Pasture/Hay,31,2024
CA,652903,278,John_Muir,81,Pasture/Hay,34,2024
ID/MT,1347644,540,Selway_Bitterroot,82,Cultivated Crops,2,2024
NV,32364,173,East_Humboldts,82,Cultivated Crops,2,1989
WA,876447,428,Daniel_J_Evans,82,Cultivated Crops,1,2024
OR,109098,375,Mount_Jefferson,82,Cultivated Crops,3,1989
MT,259756,538,Scapegoat,82,Cultivated Crops,1,1989
MO,7730,359,Mingo,82,Cultivated Crops,7,1989
ME,2712,368,Moosehorn,82,Cultivated Crops,1,1989
WA,531325,445,Pasayten,82,Cultivated Crops,3,1989
NJ,6681,79,Brigantine,82,Cultivated Crops,1,2024
UT,54643,793,Labyrinth_Canyon,82,Cultivated Crops,9,2024
AZ,129800,18,Arrastra_Mountain,82,Cultivated Crops,11,2024
WA,876447,428,Daniel_J_Evans,82,Cultivated Crops,1,1989
MA,3244,366,Monomoy,82,Cultivated Crops,1,2024
ME,2712,368,Moosehorn,82,Cultivated Crops,1,2024
CA,537357,611,Trinity_Alps,82,Cultivated Crops,1,2024
SD,64144,24,Badlands,82,Cultivated Crops,64,1989
ID,217511,536,Sawtooth,82,Cultivated Crops,2,2024
WA,414322,8,Alpine_Lakes,82,Cultivated Crops,1,2024
SD,64144,24,Badlands,82,Cultivated Crops,45,2024
CA,80090,770,Soda_Mountains,82,Cultivated Crops,3,1989
WA,531325,445,Pasayten,82,Cultivated Crops,1,2024
MA,3244,366,Monomoy,82,Cultivated Crops,3,1989
OR,6404,751,Spring_Basin,82,Cultivated Crops,10,1989
MT/WY,937102,1,Absaroka_Beartooth,82,Cultivated Crops,2,1989
CA/NV,3190455,151,Death_Valley,82,Cultivated Crops,28,2024
WA,566161,207,Glacier_Peak,82,Cultivated Crops,4,1989
NE,4635,190,Fort_Niobrara,82,Cultivated Crops,10,2024
NV,59107,245,High_Rock_Lake,82,Cultivated Crops,204,2024
WA,638173,577,Stephen_Mather,82,Cultivated Crops,10,1989
AZ,803418,90,Cabeza_Prieta,82,Cultivated Crops,288,1989
ID/MT,1347644,540,Selway_Bitterroot,82,Cultivated Crops,3,1989
CO,122453,248,Holy_Cross,82,Cultivated Crops,1,1989
MI,32557,758,Sleeping_Bear_Dunes,82,Cultivated Crops,10,2024
WY,285619,224,Gros_Ventre,82,Cultivated Crops,26,1989
WY,426751,78,Bridger,82,Cultivated Crops,4,2024
ID/OR,217747,239,Hells_Canyon_IDOR,82,Cultivated Crops,2,2024
ND,4155,113,Chase_Lake,82,Cultivated Crops,2,1989
OR,36865,627,Waldo_Lake,82,Cultivated Crops,2,1989
IL,5800,25,Bald_Knob,82,Cultivated Crops,5,2024
WA,638173,577,Stephen_Mather,82,Cultivated Crops,3,2024
NV,121449,696,High_Schells,82,Cultivated Crops,2,1989
UT,50216,459,Pine_Valley_Mountain,82,Cultivated Crops,1,1989
CA,27315,455,Phillip_Burton,82,Cultivated Crops,114,2024
MI,132018,268,Isle_Royale,82,Cultivated Crops,7,1989
MT,259756,538,Scapegoat,82,Cultivated Crops,1,2024
IL,5800,25,Bald_Knob,82,Cultivated Crops,11,1989
IL,2760,29,Bay_Creek,82,Cultivated Crops,6,2024
ND,4155,113,Chase_Lake,82,Cultivated Crops,11,2024
FL,14293,284,Juniper_Prairie,82,Cultivated Crops,1341,2024
IL,4739,124,Clear_Springs,82,Cultivated Crops,2,2024
ID,2358886,194,Frank_Church_River_of_No_Return,82,Cultivated Crops,6,1989
MT/WY,937102,1,Absaroka_Beartooth,82,Cultivated Crops,1,2024
CA,73726,437,Pahrump_Valley,82,Cultivated Crops,19,2024
WA,566161,207,Glacier_Peak,82,Cultivated Crops,1,2024
CA,73726,437,Pahrump_Valley,82,Cultivated Crops,25,1989
AZ/CA,17801,233,Havasu,82,Cultivated Crops,1,2024
WA,152980,306,Lake_Chelan_Sawtooth,82,Cultivated Crops,2,2024
OR,283818,602,Three_Sisters,82,Cultivated Crops,4,2024
CO,74408,485,Rawah,82,Cultivated Crops,7,2024
OR,22614,201,Gearhart_Mountain,82,Cultivated Crops,2,1989
CA,25895,415,North_Algodones_Dunes,82,Cultivated Crops,41,2024
AZ,129800,18,Arrastra_Mountain,82,Cultivated Crops,9,1989
IL,2760,29,Bay_Creek,82,Cultivated Crops,16,1989
OR,6404,751,Spring_Basin,82,Cultivated Crops,7,2024
WA,152980,306,Lake_Chelan_Sawtooth,82,Cultivated Crops,1,1989
AZ,803418,90,Cabeza_Prieta,82,Cultivated Crops,4,2024
CA,42079,266,Ishi,82,Cultivated Crops,11,2024
CA,18682,589,Sylvania_Mountains,82,Cultivated Crops,1,2024
MT,11366,350,Medicine_Lake,82,Cultivated Crops,2,1989
FL,14293,284,Juniper_Prairie,82,Cultivated Crops,5,1989
WA,47123,370,Mount_Adams,82,Cultivated Crops,1,2024
CA,78576,531,Santa_Rosa,82,Cultivated Crops,2,2024
MT,1062694,64,Bob_Marshall,82,Cultivated Crops,3,2024
WA,14266,410,Noisy_Diobsud,82,Cultivated Crops,3,1989
FL,1296500,341,Marjory_Stoneman_Douglas,82,Cultivated Crops,37,2024
ND,29920,598,Theodore_Roosevelt,82,Cultivated Crops,3,2024
WY,693934,632,Washakie,82,Cultivated Crops,1,2024
AR,2143,42,Big_Lake,82,Cultivated Crops,143,2024
WY,285619,224,Gros_Ventre,82,Cultivated Crops,32,2024
AZ,38470,486,Rawhide_Mountains,82,Cultivated Crops,5,2024
CA,78576,531,Santa_Rosa,82,Cultivated Crops,3,1989
WA,49344,68,Boulder_River,82,Cultivated Crops,1,1989
OR,52496,157,Diamond_Peak,82,Cultivated Crops,2,2024
CA,695200,362,Mojave,82,Cultivated Crops,39,2024
CO,41281,86,Buffalo_Peaks,82,Cultivated Crops,1,1989
CO,219891,529,Sangre_de_Cristo,82,Cultivated Crops,3,1989
WY,584733,596,Teton,82,Cultivated Crops,4,1989
AZ,38470,486,Rawhide_Mountains,82,Cultivated Crops,3,1989
WY,693934,632,Washakie,82,Cultivated Crops,1,1989
AZ,16400,586,Swansea,82,Cultivated Crops,73,1989
NV,59107,245,High_Rock_Lake,82,Cultivated Crops,117,1989
AR,2143,42,Big_Lake,82,Cultivated Crops,1,1989
CO,135104,168,Eagles_Nest,82,Cultivated Crops,1,2024
ID,2358886,194,Frank_Church_River_of_No_Return,82,Cultivated Crops,71,2024
OR,29182,734,Oregon_Badlands,82,Cultivated Crops,23,1989
CA/NV,3190455,151,Death_Valley,82,Cultivated Crops,32,1989
WA,47123,370,Mount_Adams,82,Cultivated Crops,1,1989
NV,64968,94,Calico_Mountains,82,Cultivated Crops,2,1989
UT,453863,246,High_Uintas,82,Cultivated Crops,1,2024
FL,1296500,341,Marjory_Stoneman_Douglas,82,Cultivated Crops,8,1989
MI,4724,499,Rock_River_Canyon,82,Cultivated Crops,3,2024
FL,7327,6,Alexander_Springs,82,Cultivated Crops,124,2024
NM,61600,106,Cebolla,82,Cultivated Crops,1,2024
GA,353981,426,Okefenokee,82,Cultivated Crops,2,2024
CA,27315,455,Phillip_Burton,82,Cultivated Crops,46,1989
MI,32557,758,Sleeping_Bear_Dunes,82,Cultivated Crops,100,1989
MN,816244,70,Boundary_Waters_Canoe_Area,82,Cultivated Crops,6,2024
ND,29920,598,Theodore_Roosevelt,82,Cultivated Crops,5,1989
WY,198906,185,Fitzpatrick,82,Cultivated Crops,1,2024
CA,768222,543,Sequoia_Kings_Canyon,82,Cultivated Crops,2,2024
OR,113571,558,Sky_Lakes,82,Cultivated Crops,2,2024
IL,4739,124,Clear_Springs,82,Cultivated Crops,14,1989
OR,29182,734,Oregon_Badlands,82,Cultivated Crops,17,2024
MO,7730,359,Mingo,82,Cultivated Crops,6,2024
UT,10648,719,Cougar_Canyon,90,Woody Wetlands,162,2024
MT/WY,937102,1,Absaroka_Beartooth,90,Woody Wetlands,18687,1989
CA,8191,80,Bright_Star,90,Woody Wetlands,66,2024
CA,106623,411,Nopah_Range,90,Woody Wetlands,257,1989
WA,105543,704,Wild_Sky,90,Woody Wetlands,418,1989
TX,12214,259,Indian_Mounds,90,Woody Wetlands,12963,2024
CA,45384,44,Big_Maria_Mountains,90,Woody Wetlands,197,2024
NV,59107,245,High_Rock_Lake,90,Woody Wetlands,272,2024
WA,47123,370,Mount_Adams,90,Woody Wetlands,3182,2024
AL,25809,556,Sipsey,90,Woody Wetlands,395,1989
NM,41305,525,San_Pedro_Parks,90,Woody Wetlands,3091,1989
WY,198906,185,Fitzpatrick,90,Woody Wetlands,3082,1989
NM,41305,525,San_Pedro_Parks,90,Woody Wetlands,3081,2024
NC/TN,19246,280,Joyce_Kilmer_Slickrock,90,Woody Wetlands,28,1989
LA,5000,75,Breton,90,Woody Wetlands,19,1989
CO,13000,624,Vasquez_Peak,90,Woody Wetlands,500,1989
AZ,129800,18,Arrastra_Mountain,90,Woody Wetlands,6225,2024
UT,124406,755,Zion,90,Woody Wetlands,702,1989
NM,46963,649,White_Mountain,90,Woody Wetlands,15,1989
CA,14698,735,Owens_River_Headwaters,90,Woody Wetlands,308,2024
VT,3750,81,Bristol_Cliffs,90,Woody Wetlands,276,1989
WA,119966,371,Mount_Baker,90,Woody Wetlands,165,2024
NE,7833,560,Soldier_Creek,90,Woody Wetlands,66,1989
CA,236726,625,Ventana,90,Woody Wetlands,5853,1989
WA,876447,428,Daniel_J_Evans,90,Woody Wetlands,32958,2024
OR,64742,374,Mount_Hood,90,Woody Wetlands,499,2024
WA,49344,68,Boulder_River,90,Woody Wetlands,3,1989
WA,168955,652,William_O_Douglas,90,Woody Wetlands,5919,1989
IL,5800,25,Bald_Knob,90,Woody Wetlands,4,2024
CO,32643,221,Great_Sand_Dunes,90,Woody Wetlands,238,2024
MI,11951,152,Delirium,90,Woody Wetlands,47054,1989
MI,16704,582,Sturgeon_River_Gorge,90,Woody Wetlands,4263,1989
MI,3271,412,Nordhouse_Dunes,90,Woody Wetlands,3275,1989
NM,8120,784,Rio_San_Antonio,90,Woody Wetlands,485,1989
OR,283818,602,Three_Sisters,90,Woody Wetlands,3239,1989
CO/UT,75479,58,Black_Ridge_Canyons,90,Woody Wetlands,1878,2024
SC,21700,134,Congaree,90,Woody Wetlands,66555,1989
CA,179847,557,Siskiyou,90,Woody Wetlands,44,1989
CA,15985,461,Hain,90,Woody Wetlands,177,1989
WA,353,523,San_Juan,90,Woody Wetlands,1,2024
MN,816244,70,Boundary_Waters_Canoe_Area,90,Woody Wetlands,1160778,1989
NM,44372,759,Columbine_Hondo,90,Woody Wetlands,183,1989
UT,30632,330,Lone_Peak,90,Woody Wetlands,33,1989
NM,18881,143,Cruces_Basin,90,Woody Wetlands,1466,1989
WA,52294,413,Norse_Peak,90,Woody Wetlands,1177,2024
WV,17777,160,Dolly_Sods,90,Woody Wetlands,3231,2024
WA,20784,258,Indian_Heaven,90,Woody Wetlands,954,1989
WA,228480,382,Mount_Rainier,90,Woody Wetlands,4489,2024
FL,3064,48,Billies_Bay,90,Woody Wetlands,10921,1989
CO,62742,473,Powderhorn,90,Woody Wetlands,4879,2024
NV,56819,394,Mt_Charleston,90,Woody Wetlands,4,1989
CA,78576,531,Santa_Rosa,90,Woody Wetlands,83,1989
WA,108020,209,Goat_Rocks,90,Woody Wetlands,5230,1989
WA,13278,383,Mount_Skokomish,90,Woody Wetlands,17,2024
SC,2122,237,Hell_Hole_Bay,90,Woody Wetlands,9683,2024
CA,182298,661,Yolla_Bolly_Middle_Eel,90,Woody Wetlands,163,1989
CA,18002,3,Agua_Tibia,90,Woody Wetlands,160,1989
CA,25895,415,North_Algodones_Dunes,90,Woody Wetlands,17,2024
WA,16297,597,The_Brothers,90,Woody Wetlands,51,2024
WI,33500,677,Gaylord_Nelson,90,Woody Wetlands,7477,1989
OR/WA,176737,638,Wenaha_Tucannon,90,Woody Wetlands,434,1989
WY,426751,78,Bridger,90,Woody Wetlands,19384,2024
OR,36865,627,Waldo_Lake,90,Woody Wetlands,712,2024
AZ/CA,17801,233,Havasu,90,Woody Wetlands,287,2024
VA/WV,16525,392,Mountain_Lake,90,Woody Wetlands,5,2024
LA,8701,297,Kisatchie_Hills,90,Woody Wetlands,7857,1989
CA,10999,103,Castle_Crags,90,Woody Wetlands,17,1989
NV,40041,702,White_Pine_Range,90,Woody Wetlands,1,1989
NM,37278,527,Sandia_Mountain,90,Woody Wetlands,164,2024
AZ/UT,110816,444,Paria_Canyon_Vermilion_Cliffs,90,Woody Wetlands,561,1989
CO,8500,352,Mesa_Verde,90,Woody Wetlands,5,2024
AZ,19410,15,Aravaipa_Canyon,90,Woody Wetlands,1484,1989
ID/MT,1347644,540,Selway_Bitterroot,90,Woody Wetlands,8287,2024
NV,12930,675,Big_Rocks,90,Woody Wetlands,9,1989
NH,45809,450,Pemigewasset,90,Woody Wetlands,910,1989
NH,35301,528,Sandwich_Range,90,Woody Wetlands,661,2024
WY,584733,596,Teton,90,Woody Wetlands,64499,2024
NM,11656,678,Ojito,90,Woody Wetlands,16,2024
NM,37278,527,Sandia_Mountain,90,Woody Wetlands,160,1989
WA,14616,125,Clearwater,90,Woody Wetlands,113,2024
OR,65435,342,Mark_O_Hatfield,90,Woody Wetlands,184,1989
WV,20705,434,Otter_Creek,90,Woody Wetlands,594,1989
AZ/UT,18667,33,Beaver_Dam_Mountains,90,Woody Wetlands,534,1989
CO,8801,89,Byers_Peak,90,Woody Wetlands,323,2024
AR,34933,85,Buffalo_National_River,90,Woody Wetlands,190,2024
AZ,10431,192,Fossil_Springs,90,Woody Wetlands,34,1989
MO,4236,500,Rockpile_Mountain,90,Woody Wetlands,15,2024
CA,38216,326,Little_Picacho,90,Woody Wetlands,33,1989
CA,70206,570,South_Warner,90,Woody Wetlands,1671,2024
WA,14616,125,Clearwater,90,Woody Wetlands,112,1989
FL,20,267,Island_Bay,90,Woody Wetlands,120,2024
CO,122453,248,Holy_Cross,90,Woody Wetlands,6242,2024
OR,109098,375,Mount_Jefferson,90,Woody Wetlands,1243,2024
CA,21986,286,Kaiser,90,Woody Wetlands,453,2024
MT,259756,538,Scapegoat,90,Woody Wetlands,4800,2024
AZ,10500,184,Fishhooks,90,Woody Wetlands,5,2024
ID,52753,709,Big_Jacks_Creek,90,Woody Wetlands,25,2024
NV,24783,481,Rainbow_Mountain,90,Woody Wetlands,136,2024
CA,537357,611,Trinity_Alps,90,Woody Wetlands,10480,1989
NM,46963,649,White_Mountain,90,Woody Wetlands,12,2024
WA,566161,207,Glacier_Peak,90,Woody Wetlands,6924,2024
AZ,312600,431,Organ_Pipe_Cactus,90,Woody Wetlands,63,1989
AZ,10500,184,Fishhooks,90,Woody Wetlands,5,1989
OR,355553,167,Eagle_Cap,90,Woody Wetlands,3906,2024
WA,14266,410,Noisy_Diobsud,90,Woody Wetlands,97,2024
CO,74408,485,Rawah,90,Woody Wetlands,5000,1989
WA,52294,413,Norse_Peak,90,Woody Wetlands,1170,1989
UT,29029,803,Turtle_Canyon,90,Woody Wetlands,4,1989
CA,303713,210,Golden_Trout,90,Woody Wetlands,13556,1989
NV,35581,9,AltaToquima,90,Woody Wetlands,227,1989
CO,102209,618,Uncompahgre,90,Woody Wetlands,3371,1989
FL,2619,270,JN_Ding_Darling,90,Woody Wetlands,7267,1989
CA/OR,20130,487,Red_Buttes,90,Woody Wetlands,262,2024
CA,13260,457,Pine_Creek,90,Woody Wetlands,821,2024
AZ,41143,509,Saddle_Mountain,90,Woody Wetlands,30,2024
WA,20784,258,Indian_Heaven,90,Woody Wetlands,954,2024
OR,5792,164,Drift_Creek,90,Woody Wetlands,294,2024
AZ,250760,347,Mazatzal,90,Woody Wetlands,4723,1989
AZ,38470,486,Rawhide_Mountains,90,Woody Wetlands,1491,2024
CA,65726,17,Argus_Range,90,Woody Wetlands,7,2024
TX,13248,620,Upland_Island,90,Woody Wetlands,10844,1989
MO,16427,265,Irish,90,Woody Wetlands,1,2024
MI,11740,707,Beaver_Basin,90,Woody Wetlands,12317,2024
NV,64968,94,Calico_Mountains,90,Woody Wetlands,94,2024
NV,23439,420,North_Jackson_Mountains,90,Woody Wetlands,185,1989
UT,16343,798,Middle_Wild_Horse_Mesa,90,Woody Wetlands,74,1989
ID,50930,730,Little_Jacks_Creek,90,Woody Wetlands,7,2024
AZ,7499,440,Pajarita,90,Woody Wetlands,39,2024
CA,11001,757,Elkhorn_Ridge,90,Woody Wetlands,27,1989
NM,29242,746,Sabinoso,90,Woody Wetlands,2,1989
AZ,7499,440,Pajarita,90,Woody Wetlands,37,1989
FL,1296500,341,Marjory_Stoneman_Douglas,90,Woody Wetlands,1245790,1989
NC,9315,547,Sheep_Ridge,90,Woody Wetlands,41806,2024
CA,13007,144,Cucamonga,90,Woody Wetlands,138,1989
WY,693934,632,Washakie,90,Woody Wetlands,5326,1989
NY,1381,182,Otis_Pike_Fire_Island_High_Dune,90,Woody Wetlands,22,1989
NM,221796,447,Pecos,90,Woody Wetlands,3747,1989
NV,24015,762,Pine_Forest_Range,90,Woody Wetlands,719,1989
WA,44270,83,Buckhorn,90,Woody Wetlands,201,2024
OR,54406,389,Mount_Washington,90,Woody Wetlands,52,1989
OR,30787,786,Devils_Staircase,90,Woody Wetlands,169,1989
CA,50451,508,Sacatar_Trail,90,Woody Wetlands,149,2024
CA,32186,522,San_Jacinto,90,Woody Wetlands,183,2024
MI,11358,336,Mackinac,90,Woody Wetlands,35910,2024
AZ,38470,486,Rawhide_Mountains,90,Woody Wetlands,1248,1989
WY,198906,185,Fitzpatrick,90,Woody Wetlands,3091,2024
CA,27315,455,Phillip_Burton,90,Woody Wetlands,1878,2024
CA,16893,433,Otay_Mountain,90,Woody Wetlands,11,2024
LA,3345,305,Lacassine,90,Woody Wetlands,1,2024
CO,32062,191,Fossil_Ridge,90,Woody Wetlands,1980,2024
AZ/UT,110816,444,Paria_Canyon_Vermilion_Cliffs,90,Woody Wetlands,562,2024
CA,199208,263,Inyo_Mountains,90,Woody Wetlands,115,2024
AZ,37457,240,Hellsgate,90,Woody Wetlands,96,2024
CA,13007,144,Cucamonga,90,Woody Wetlands,139,2024
OR,54406,389,Mount_Washington,90,Woody Wetlands,67,2024
NV,78754,698,Mount_Grafton,90,Woody Wetlands,80,1989
FL,7327,6,Alexander_Springs,90,Woody Wetlands,22026,1989
CO,13000,624,Vasquez_Peak,90,Woody Wetlands,500,2024
AZ,25457,104,Castle_Creek,90,Woody Wetlands,16,1989
CA,38599,47,Bighorn_Mountain,90,Woody Wetlands,32,1989
MI,5268,41,Big_Island_Lake,90,Woody Wetlands,5504,1989
CA,39740,728,John_Krebs,90,Woody Wetlands,1134,1989
CA,12521,507,Russian,90,Woody Wetlands,972,1989
AZ,87900,439,Paiute,90,Woody Wetlands,218,1989
AR,34933,85,Buffalo_National_River,90,Woody Wetlands,240,1989
CO,249126,745,Rocky_Mountain,90,Woody Wetlands,13706,1989
VT,3750,81,Bristol_Cliffs,90,Woody Wetlands,284,2024
OR,17176,218,Grassy_Knob,90,Woody Wetlands,23,1989
NC,8784,585,Swanquarter,90,Woody Wetlands,9817,2024
WA,414322,8,Alpine_Lakes,90,Woody Wetlands,7699,2024
MS,5033,54,Black_Creek,90,Woody Wetlands,12909,1989
UT,50216,459,Pine_Valley_Mountain,90,Woody Wetlands,5,1989
CA,17059,566,South_Nopah_Range,90,Woody Wetlands,14,2024
AZ,48314,489,Red_Rock_Secret_Mountain,90,Woody Wetlands,48,1989
NC/TN,19246,280,Joyce_Kilmer_Slickrock,90,Woody Wetlands,28,2024
WI,7135,480,Rainbow_Lake,90,Woody Wetlands,2757,1989
AZ,129800,18,Arrastra_Mountain,90,Woody Wetlands,6271,1989
CA,219209,544,Sespe,90,Woody Wetlands,1798,1989
ID,266390,736,Owyhee_River,90,Woody Wetlands,1803,2024
WY,10662,653,Winegar_Hole,90,Woody Wetlands,5540,2024
CA,252149,296,Kingston_Range,90,Woody Wetlands,279,1989
OR,170202,576,Steens_Mountain,90,Woody Wetlands,2293,1989
IL,4050,140,Crab_Orchard,90,Woody Wetlands,6,1989
MT,93272,91,Cabinet_Mountains,90,Woody Wetlands,71,1989
CA,104048,363,Mokelumne,90,Woody Wetlands,3331,1989
CO,77932,261,Indian_Peaks,90,Woody Wetlands,4454,1989
GA/NC,23364,571,Southern_Nantahala,90,Woody Wetlands,31,1989
CA,78576,531,Santa_Rosa,90,Woody Wetlands,83,2024
FL,23578,114,Chassahowitzka,90,Woody Wetlands,8137,2024
WA,49344,68,Boulder_River,90,Woody Wetlands,2,2024
CO,19237,572,Spanish_Peaks,90,Woody Wetlands,3,2024
NV,85668,666,Clover_Mountains,90,Woody Wetlands,214,2024
NM,203548,4,Aldo_Leopold,90,Woody Wetlands,175,1989
MT/WY,937102,1,Absaroka_Beartooth,90,Woody Wetlands,20600,2024
CA,199208,263,Inyo_Mountains,90,Woody Wetlands,115,1989
AZ/CA,17801,233,Havasu,90,Woody Wetlands,294,1989
WA,47123,370,Mount_Adams,90,Woody Wetlands,3147,1989
AZ,68231,288,Kanab_Creek,90,Woody Wetlands,430,2024
WI,22047,236,Headwaters,90,Woody Wetlands,70012,2024
NV,157716,663,Mormon_Mountains,90,Woody Wetlands,4,1989
WA,15776,594,Tatoosh,90,Woody Wetlands,45,1989
CO,68025,133,Comanche_Peak,90,Woody Wetlands,1697,2024
AZ,6860,137,Cottonwood_Point,90,Woody Wetlands,50,1989
CA,31358,271,Jacumba,90,Woody Wetlands,5,2024
CA,18002,3,Agua_Tibia,90,Woody Wetlands,156,2024
PA,372,7,Allegheny_Islands,90,Woody Wetlands,1310,1989
CA,71275,158,Dick_Smith,90,Woody Wetlands,393,1989
AZ,18534,516,Salome,90,Woody Wetlands,96,2024
OR,8758,356,Middle_Santiam,90,Woody Wetlands,19,1989
OR,62139,514,Salmon_Huckleberry,90,Woody Wetlands,981,1989
UT,453863,246,High_Uintas,90,Woody Wetlands,42738,2024
NV,42544,694,Goshute_Canyon,90,Woody Wetlands,79,1989
CO,41281,86,Buffalo_Peaks,90,Woody Wetlands,3957,2024
VT,6725,37,Big_Branch,90,Woody Wetlands,1138,2024
CO,17109,272,James_Peak,90,Woody Wetlands,343,2024
CA,79061,309,Lassen_Volcanic,90,Woody Wetlands,4390,1989
NM,19916,778,Organ_Mountains,90,Woody Wetlands,18,2024
UT,25635,71,Box_Death_Hollow,90,Woody Wetlands,169,1989
UT,4478,720,Deep_Creek_North,90,Woody Wetlands,18,2024
FL,24222,72,Bradwell_Bay,90,Woody Wetlands,90122,1989
ID/MT,1347644,540,Selway_Bitterroot,90,Woody Wetlands,7318,1989
AZ,16009,107,Cedar_Bench,90,Woody Wetlands,221,2024
WV,6794,743,Roaring_Plains_West,90,Woody Wetlands,4,1989
OR,23036,393,Mountain_Lakes,90,Woody Wetlands,6,2024
ID/OR,217747,239,Hells_Canyon_IDOR,90,Woody Wetlands,382,1989
NV,24249,671,White_Rock_Range,90,Woody Wetlands,27,2024
WY,426751,78,Bridger,90,Woody Wetlands,19163,1989
OR,7273,498,Rock_Creek,90,Woody Wetlands,6,2024
AZ,6178,644,Wet_Beaver,90,Woody Wetlands,119,2024
MN,2180,593,Tamarac,90,Woody Wetlands,2396,2024
CA,37793,122,Chumash,90,Woody Wetlands,340,2024
WV,6048,311,Laurel_Fork_North,90,Woody Wetlands,25,1989
NV,52451,216,Grant_Range,90,Woody Wetlands,7,2024
CO,41531,329,Lizard_Head,90,Woody Wetlands,1692,1989
CA,10999,103,Castle_Crags,90,Woody Wetlands,14,2024
IL,5800,25,Bald_Knob,90,Woody Wetlands,4,1989
CA,13260,457,Pine_Creek,90,Woody Wetlands,868,1989
CO,32643,221,Great_Sand_Dunes,90,Woody Wetlands,243,1989
VT,24985,74,Breadloaf,90,Woody Wetlands,26,1989
NV,59107,245,High_Rock_Lake,90,Woody Wetlands,352,1989
MI,5268,41,Big_Island_Lake,90,Woody Wetlands,5532,2024
WY,10208,178,Encampment_River,90,Woody Wetlands,34,1989
CA,60222,559,Snow_Mountain,90,Woody Wetlands,75,1989
WY,102620,470,Popo_Agie,90,Woody Wetlands,6348,1989
CA,128044,249,Hoover,90,Woody Wetlands,7307,2024
NV,54536,563,South_Jackson_Mountains,90,Woody Wetlands,334,2024
IL,4739,124,Clear_Springs,90,Woody Wetlands,4,2024
GA,3000,60,Blackbeard_Island,90,Woody Wetlands,191,2024
AZ,516200,299,Kofa,90,Woody Wetlands,13,2024
MT,1062694,64,Bob_Marshall,90,Woody Wetlands,12256,1989
CA,60280,569,South_Sierra,90,Woody Wetlands,2230,1989
CA,16526,599,Thousand_Lakes,90,Woody Wetlands,20,1989
CA,231619,12,Ansel_Adams,90,Woody Wetlands,5888,1989
MI,11740,707,Beaver_Basin,90,Woody Wetlands,12213,1989
CA,73868,435,Owens_Peak,90,Woody Wetlands,270,1989
OR,30787,786,Devils_Staircase,90,Woody Wetlands,173,2024
WA,353,523,San_Juan,90,Woody Wetlands,1,1989
UT,30632,330,Lone_Peak,90,Woody Wetlands,30,2024
AZ,87182,118,Chiricahua,90,Woody Wetlands,130,2024
OR,7273,498,Rock_Creek,90,Woody Wetlands,7,1989
CA,158147,102,Carson_Iceberg,90,Woody Wetlands,8523,1989
OR,17173,357,Mill_Creek,90,Woody Wetlands,68,2024
WA,41307,515,Salmo_Priest,90,Woody Wetlands,69,1989
AZ,58448,587,Sycamore_Canyon,90,Woody Wetlands,322,2024
NM,44372,759,Columbine_Hondo,90,Woody Wetlands,195,2024
CA,158147,102,Carson_Iceberg,90,Woody Wetlands,8525,2024
ME,2712,368,Moosehorn,90,Woody Wetlands,1309,2024
OR,9026,146,Cummins_Creek,90,Woody Wetlands,21,1989
NV,56819,394,Mt_Charleston,90,Woody Wetlands,4,2024
OR,36548,744,Roaring_River,90,Woody Wetlands,119,1989
AL,8947,166,Dugger_Mountain,90,Woody Wetlands,1,1989
CO,9482,92,Cache_La_Poudre,90,Woody Wetlands,77,2024
UT,142996,789,Desolation_Canyon,90,Woody Wetlands,3833,2024
AZ,9808,215,Granite_Mountain_AZ,90,Woody Wetlands,5,1989
GA,5125,656,Wolf_Island,90,Woody Wetlands,66,1989
CA,23578,84,Bucks_Lake,90,Woody Wetlands,175,1989
NV,26310,478,Quinn_Canyon,90,Woody Wetlands,66,1989
FL,2619,270,JN_Ding_Darling,90,Woody Wetlands,2437,2024
ID,12556,739,Pole_Creek,90,Woody Wetlands,2,1989
NM,9621,517,Salt_Creek,90,Woody Wetlands,2213,1989
NV,31223,396,Mt_Rose,90,Woody Wetlands,121,1989
UT,7179,804,Nelson_Mountain,90,Woody Wetlands,5,1989
AZ,250760,347,Mazatzal,90,Woody Wetlands,4717,2024
CA,44223,365,Monarch,90,Woody Wetlands,296,2024
CO,176431,641,West_Elk,90,Woody Wetlands,7496,1989
NV,48355,323,Little_High_Rock_Canyon,90,Woody Wetlands,162,2024
OR,20210,367,Monument_Rock,90,Woody Wetlands,3,1989
AZ,5633,13,Apache_Creek,90,Woody Wetlands,9,2024
CO,64307,479,Raggeds,90,Woody Wetlands,7504,1989
AZ,70905,511,Saguaro,90,Woody Wetlands,1,2024
NV,128362,805,Clan_Alpine_Mountains,90,Woody Wetlands,158,1989
GA/TN,37033,130,Cohutta,90,Woody Wetlands,1,2024
AZ,20253,551,Sierra_Ancha,90,Woody Wetlands,427,2024
FL,17350,574,St_Marks,90,Woody Wetlands,15440,1989
MI,3879,250,Horseshoe_Bay,90,Woody Wetlands,15833,2024
CO,126480,303,La_Garita,90,Woody Wetlands,23658,1989
NV,47311,147,Currant_Mountain,90,Woody Wetlands,8,2024
CA,191104,526,San_Rafael,90,Woody Wetlands,572,2024
FL,2827,325,Little_Lake_George,90,Woody Wetlands,10339,2024
WI,5912,61,Blackjack_Springs,90,Woody Wetlands,13010,1989
AZ,6600,490,Redfield_Canyon,90,Woody Wetlands,267,2024
NE,4635,190,Fort_Niobrara,90,Woody Wetlands,110,2024
WA,44270,83,Buckhorn,90,Woody Wetlands,200,1989
FL,23578,114,Chassahowitzka,90,Woody Wetlands,8142,1989
MO,8184,460,Piney_Creek,90,Woody Wetlands,1,2024
AZ,12300,231,Hassayampa_River_Canyon,90,Woody Wetlands,14,1989
CA,112723,177,Emigrant,90,Woody Wetlands,9124,2024
NV,52618,172,East_Fork_High_Rock_Canyon,90,Woody Wetlands,356,2024
OR,36879,87,Bull_of_the_Woods,90,Woody Wetlands,49,1989
ID,67993,763,Hemingway_Boulders,90,Woody Wetlands,770,1989
FL,14293,284,Juniper_Prairie,90,Woody Wetlands,9764,1989
UT,44447,714,Canaan_Mountain,90,Woody Wetlands,1574,1989
FL,13835,39,Big_Gum_Swamp,90,Woody Wetlands,44039,1989
AZ,18534,516,Salome,90,Woody Wetlands,88,1989
CA,16893,433,Otay_Mountain,90,Woody Wetlands,12,1989
FL,8075,399,Mud_Swamp_New_River,90,Woody Wetlands,30982,2024
WA,152980,306,Lake_Chelan_Sawtooth,90,Woody Wetlands,857,1989
TX,3817,324,Little_Lake_Creek,90,Woody Wetlands,4631,1989
MT,34304,483,Rattlesnake,90,Woody Wetlands,263,1989
AZ,160164,583,Superstition,90,Woody Wetlands,1224,1989
NH,27605,474,Presidential_Range_Dry_River,90,Woody Wetlands,57,2024
MI,4724,499,Rock_River_Canyon,90,Woody Wetlands,2403,2024
NV,88650,395,Mt_Moriah,90,Woody Wetlands,48,2024
NV,33466,573,Spirit_Mountain,90,Woody Wetlands,7,1989
CA,11001,757,Elkhorn_Ridge,90,Woody Wetlands,28,2024
WY,102620,470,Popo_Agie,90,Woody Wetlands,6356,2024
CO,73416,373,Mount_Evans,90,Woody Wetlands,6985,2024
AZ,32115,518,Salt_River_Canyon,90,Woody Wetlands,634,1989
NY,1381,182,Otis_Pike_Fire_Island_High_Dune,90,Woody Wetlands,69,2024
CA,13140,117,Chimney_Peak,90,Woody Wetlands,1,2024
CO,176431,641,West_Elk,90,Woody Wetlands,7494,2024
AZ,18109,402,Munds_Mountain,90,Woody Wetlands,17,2024
NV,28274,676,Mt_Irish,90,Woody Wetlands,137,2024
CA,30863,159,Dinkey_Lakes,90,Woody Wetlands,2273,1989
AZ,60773,193,Four_Peaks,90,Woody Wetlands,68,1989
SD,13534,55,Black_Elk,90,Woody Wetlands,1,2024
AZ,8760,403,Needles_Eye,90,Woody Wetlands,1027,2024
CA,27296,684,Cache_Creek,90,Woody Wetlands,38,1989
NM,203548,4,Aldo_Leopold,90,Woody Wetlands,236,2024
IN,12472,112,Charles_C_Deam,90,Woody Wetlands,55,2024
NM,221796,447,Pecos,90,Woody Wetlands,3429,2024
ME,2712,368,Moosehorn,90,Woody Wetlands,1261,1989
CA,31415,554,Silver_Peak,90,Woody Wetlands,244,2024
WA,105543,704,Wild_Sky,90,Woody Wetlands,445,2024
GA/NC,23364,571,Southern_Nantahala,90,Woody Wetlands,31,2024
NC,11801,467,Pocosin,90,Woody Wetlands,52626,2024
AZ,6819,372,Mount_Baldy,90,Woody Wetlands,20,1989
WV,17777,160,Dolly_Sods,90,Woody Wetlands,3146,1989
AZ/CA,15056,257,Imperial_Refuge,90,Woody Wetlands,658,1989
AZ,68231,288,Kanab_Creek,90,Woody Wetlands,411,1989
PA,8633,243,Hickory_Creek,90,Woody Wetlands,1492,1989
CA,45384,44,Big_Maria_Mountains,90,Woody Wetlands,195,1989
CA,537357,611,Trinity_Alps,90,Woody Wetlands,9877,2024
VA,8471,727,Hunting_Camp_Creek,90,Woody Wetlands,86,2024
CA/OR,20130,487,Red_Buttes,90,Woody Wetlands,260,1989
NV,110471,274,Jarbidge,90,Woody Wetlands,205,1989
OR,55127,385,Mount_Thielsen,90,Woody Wetlands,76,1989
CA,26839,738,Pleasant_View_Ridge,90,Woody Wetlands,115,1989
AZ,18109,402,Munds_Mountain,90,Woody Wetlands,17,1989
AZ,18720,285,Kachina_Peaks,90,Woody Wetlands,61,1989
MS,4630,226,Gulf_Islands,90,Woody Wetlands,26,2024
AZ,20053,458,Pine_Mountain,90,Woody Wetlands,34,1989
UT,142996,789,Desolation_Canyon,90,Woody Wetlands,3775,1989
CA,225114,340,Marble_Mountain,90,Woody Wetlands,807,1989
AZ,25457,104,Castle_Creek,90,Woody Wetlands,9,2024
NV,49151,761,Wovoka,90,Woody Wetlands,29,2024
OR,17176,218,Grassy_Knob,90,Woody Wetlands,28,2024
UT,10518,386,Mount_Timpanogos,90,Woody Wetlands,39,1989
NV,43512,670,Parsnip_Peak,90,Woody Wetlands,9,1989
CA,595364,279,Joshua_Tree,90,Woody Wetlands,7,2024
NV,92652,505,Ruby_Mountains,90,Woody Wetlands,862,2024
NV,24015,762,Pine_Forest_Range,90,Woody Wetlands,743,2024
CA,86245,294,Kiavah,90,Woody Wetlands,190,1989
CO,181973,344,Maroon_Bells_Snowmass,90,Woody Wetlands,25911,1989
CA,43279,260,Indian_Pass,90,Woody Wetlands,47,1989
GA,353981,426,Okefenokee,90,Woody Wetlands,1534973,2024
CA,10510,276,Jennie_Lakes,90,Woody Wetlands,616,1989
CO,497111,637,Weminuche,90,Woody Wetlands,67916,1989
CO,12615,476,Ptarmigan_Peak,90,Woody Wetlands,63,1989
AZ,16009,107,Cedar_Bench,90,Woody Wetlands,220,1989
AZ,12300,231,Hassayampa_River_Canyon,90,Woody Wetlands,17,2024
WY,10662,653,Winegar_Hole,90,Woody Wetlands,5540,1989
AZ,6860,137,Cottonwood_Point,90,Woody Wetlands,53,2024
CA/NV,3190455,151,Death_Valley,90,Woody Wetlands,937,1989
ND,5577,332,Lostwood,90,Woody Wetlands,8,1989
WA,16297,597,The_Brothers,90,Woody Wetlands,54,1989
NM,18881,143,Cruces_Basin,90,Woody Wetlands,1497,2024
WV,5147,708,Big_Draft,90,Woody Wetlands,12,1989
AZ,56973,477,Pusch_Ridge,90,Woody Wetlands,87,2024
NM,19916,778,Organ_Mountains,90,Woody Wetlands,9,1989
FL,379,108,Cedar_Keys,90,Woody Wetlands,354,2024
CO,82496,252,Hunter_Fryingpan,90,Woody Wetlands,6081,2024
MT,158712,10,Anaconda_Pintler,90,Woody Wetlands,781,2024
NH,24032,690,Wild_River,90,Woody Wetlands,573,1989
ME,4680,369,Moosehorn_Baring_Unit,90,Woody Wetlands,2501,2024
CA,652903,278,John_Muir,90,Woody Wetlands,20992,1989
WA,3060,208,Glacier_View,90,Woody Wetlands,305,2024
OR,13724,716,Copper_Salmon,90,Woody Wetlands,59,2024
MI,3271,412,Nordhouse_Dunes,90,Woody Wetlands,3271,2024
CA,704624,662,Yosemite,90,Woody Wetlands,30169,2024
OR,35203,651,Wild_Rogue,90,Woody Wetlands,101,1989
NH,45809,450,Pemigewasset,90,Woody Wetlands,903,2024
TX,5536,612,Turkey_Hill,90,Woody Wetlands,4896,2024
WA,15776,594,Tatoosh,90,Woody Wetlands,34,2024
CA,38599,47,Bighorn_Mountain,90,Woody Wetlands,33,2024
OR,355553,167,Eagle_Cap,90,Woody Wetlands,3842,1989
ID,116843,765,Jim_McClure_Jerry_Peak,90,Woody Wetlands,368,2024
CA,72192,463,Piper_Mountain,90,Woody Wetlands,3,1989
CA,191104,526,San_Rafael,90,Woody Wetlands,529,1989
UT,25078,154,Deseret_Peak,90,Woody Wetlands,204,1989
OR,9026,146,Cummins_Creek,90,Woody Wetlands,20,2024
VA/WV,16525,392,Mountain_Lake,90,Woody Wetlands,4,1989
AZ,60773,193,Four_Peaks,90,Woody Wetlands,58,2024
CA,14740,101,Carrizo_Gorge,90,Woody Wetlands,7,1989
NV,31223,396,Mt_Rose,90,Woody Wetlands,120,2024
OR,23036,393,Mountain_Lakes,90,Woody Wetlands,7,1989
UT,27075,379,Mount_Nebo,90,Woody Wetlands,8,1989
CO/WY,24051,465,Platte_River,90,Woody Wetlands,1239,2024
CA,303713,210,Golden_Trout,90,Woody Wetlands,15827,2024
SD,13534,55,Black_Elk,90,Woody Wetlands,1,1989
NV,43512,670,Parsnip_Peak,90,Woody Wetlands,6,2024
SC,29000,96,Cape_Romain,90,Woody Wetlands,338,2024
OR,52496,157,Diamond_Peak,90,Woody Wetlands,175,2024
NM,559310,205,Gila,90,Woody Wetlands,7509,1989
NV,17220,51,Black_Canyon_NV,90,Woody Wetlands,89,2024
CA,76312,491,Resting_Spring_Range,90,Woody Wetlands,663,1989
PA,8633,243,Hickory_Creek,90,Woody Wetlands,1500,2024
OR,24707,748,Soda_Mountain,90,Woody Wetlands,2,1989
CA,12178,732,Magic_Mountain,90,Woody Wetlands,72,1989
NH,35301,528,Sandwich_Range,90,Woody Wetlands,626,1989
VA,5613,31,Beartown,90,Woody Wetlands,94,2024
NV,46465,244,High_Rock_Canyon,90,Woody Wetlands,44,2024
MI,4724,499,Rock_River_Canyon,90,Woody Wetlands,2396,1989
NV,88650,395,Mt_Moriah,90,Woody Wetlands,49,1989
CO,82496,252,Hunter_Fryingpan,90,Woody Wetlands,6166,1989
NM,19154,645,Wheeler_Peak,90,Woody Wetlands,393,1989
CO,16486,384,Mount_Sneffels,90,Woody Wetlands,221,2024
UT,18216,722,Docs_Pass,90,Woody Wetlands,312,2024
WA,638173,577,Stephen_Mather,90,Woody Wetlands,7419,1989
WV,20705,434,Otter_Creek,90,Woody Wetlands,589,2024
MN,4000,2,Agassiz,90,Woody Wetlands,16025,2024
AZ,87900,439,Paiute,90,Woody Wetlands,233,2024
ME,11236,99,Caribou_Speckled_Mountain,90,Woody Wetlands,10,1989
NJ,3660,222,Great_Swamp,90,Woody Wetlands,15464,2024
OR,65435,342,Mark_O_Hatfield,90,Woody Wetlands,180,2024
NV,314835,59,Black_Rock_Desert,90,Woody Wetlands,317,1989
WA,5963,606,Trapper_Creek,90,Woody Wetlands,39,2024
VT,7824,451,Peru_Peak,90,Woody Wetlands,924,1989
CA,179847,557,Siskiyou,90,Woody Wetlands,47,2024
FL,17350,574,St_Marks,90,Woody Wetlands,15357,2024
CA,20241,530,Santa_Lucia,90,Woody Wetlands,324,1989
MN,816244,70,Boundary_Waters_Canoe_Area,90,Woody Wetlands,1164034,2024
NV,32364,173,East_Humboldts,90,Woody Wetlands,364,1989
NV,92627,590,Table_Mountain,90,Woody Wetlands,84,2024
CA,236726,625,Ventana,90,Woody Wetlands,4238,2024
NM,9621,517,Salt_Creek,90,Woody Wetlands,2357,2024
WI,4074,471,Porcupine_Lake,90,Woody Wetlands,5625,2024
CA,14698,735,Owens_River_Headwaters,90,Woody Wetlands,305,1989
WY,31057,255,Huston_Park,90,Woody Wetlands,2686,1989
OR,17173,357,Mill_Creek,90,Woody Wetlands,66,1989
UT,25635,71,Box_Death_Hollow,90,Woody Wetlands,172,2024
CO,74408,485,Rawah,90,Woody Wetlands,4998,2024
AZ,312600,431,Organ_Pipe_Cactus,90,Woody Wetlands,117,2024
WA,414322,8,Alpine_Lakes,90,Woody Wetlands,7520,1989
NV,32072,532,Santa_Rosa_Paradise_Peak,90,Woody Wetlands,10,1989
NV,24783,481,Rainbow_Mountain,90,Woody Wetlands,129,1989
CO,114864,331,Lost_Creek,90,Woody Wetlands,8430,2024
GA,9907,145,Cumberland_Island,90,Woody Wetlands,12316,1989
OR,35749,502,Rogue_Umpqua_Divide,90,Woody Wetlands,822,2024
FL,13835,39,Big_Gum_Swamp,90,Woody Wetlands,44038,2024
UT,25078,154,Deseret_Peak,90,Woody Wetlands,180,2024
CA,29207,345,Matilija,90,Woody Wetlands,189,2024
FL,7327,6,Alexander_Springs,90,Woody Wetlands,22026,2024
MO,7730,359,Mingo,90,Woody Wetlands,23951,1989
CA,80090,770,Soda_Mountains,90,Woody Wetlands,80,1989
NJ,6681,79,Brigantine,90,Woody Wetlands,195,1989
CA,12868,686,South_Fork_Eel_River,90,Woody Wetlands,7,1989
CA,252149,296,Kingston_Range,90,Woody Wetlands,362,2024
NV,92652,505,Ruby_Mountains,90,Woody Wetlands,819,1989
CO,73416,373,Mount_Evans,90,Woody Wetlands,6969,1989
ND,29920,598,Theodore_Roosevelt,90,Woody Wetlands,4344,1989
MT,34304,483,Rattlesnake,90,Woody Wetlands,298,2024
AZ,77585,196,Galiuro,90,Woody Wetlands,35,2024
OR,9465,715,Clackamas,90,Woody Wetlands,118,1989
CA,35738,520,San_Gabriel,90,Woody Wetlands,436,2024
MT,242068,316,Lee_Metcalf,90,Woody Wetlands,3141,2024
MT,74524,360,Mission_Mountains,90,Woody Wetlands,238,1989
CA,42695,687,King_Range,90,Woody Wetlands,10,1989
AZ,8760,403,Needles_Eye,90,Woody Wetlands,1238,1989
NV,64968,94,Calico_Mountains,90,Woody Wetlands,91,1989
CO,160309,391,Mount_Zirkel,90,Woody Wetlands,21701,2024
MT,32350,488,Red_Rock_Lakes,90,Woody Wetlands,1338,2024
NM,559310,205,Gila,90,Woody Wetlands,7602,2024
MS,993,314,Leaf,90,Woody Wetlands,4207,1989
TX,12214,259,Indian_Mounds,90,Woody Wetlands,12449,1989
NC,5065,49,Birkhead_Mountains,90,Woody Wetlands,122,1989
OR,5792,164,Drift_Creek,90,Woody Wetlands,293,1989
NC,8784,585,Swanquarter,90,Woody Wetlands,10631,1989
WI,7270,647,Whisker_Lake,90,Woody Wetlands,12892,2024
UT,18689,742,Red_Mountain_UT,90,Woody Wetlands,225,1989
VA,3329,724,Garden_Mountain,90,Woody Wetlands,20,1989
CA,12521,507,Russian,90,Woody Wetlands,1001,2024
MT,286659,219,Great_Bear,90,Woody Wetlands,3324,2024
NV,30539,672,Fortification_Range,90,Woody Wetlands,5,1989
CO,20847,406,Never_Summer,90,Woody Wetlands,625,1989
ID,217511,536,Sawtooth,90,Woody Wetlands,3706,1989
MO,8184,460,Piney_Creek,90,Woody Wetlands,1,1989
CA,28374,214,Granite_Chief,90,Woody Wetlands,1043,1989
CA,39412,524,San_Mateo_Canyon,90,Woody Wetlands,667,1989
CA,106623,411,Nopah_Range,90,Woody Wetlands,296,2024
CA,71275,158,Dick_Smith,90,Woody Wetlands,367,2024
UT,49130,802,Sids_Mountain,90,Woody Wetlands,867,1989
NV,26310,478,Quinn_Canyon,90,Woody Wetlands,67,2024
TX,3521,45,Big_Slough,90,Woody Wetlands,10311,2024
CA,27296,684,Cache_Creek,90,Woody Wetlands,32,2024
AZ,58448,587,Sycamore_Canyon,90,Woody Wetlands,339,1989
VA,8471,727,Hunting_Camp_Creek,90,Woody Wetlands,86,1989
NJ,6681,79,Brigantine,90,Woody Wetlands,189,2024
VA,5613,31,Beartown,90,Woody Wetlands,94,1989
CA,30863,159,Dinkey_Lakes,90,Woody Wetlands,2522,2024
NV,32364,173,East_Humboldts,90,Woody Wetlands,387,2024
NM,19154,645,Wheeler_Peak,90,Woody Wetlands,362,2024
UT,76413,797,Mexican_Mountain,90,Woody Wetlands,2011,1989
SC,4755,629,Wambaw_Swamp,90,Woody Wetlands,21026,2024
CA,39412,524,San_Mateo_Canyon,90,Woody Wetlands,700,2024
CO,37344,760,Hermosa_Creek,90,Woody Wetlands,592,1989
NV,40041,702,White_Pine_Range,90,Woody Wetlands,2,2024
CA,231619,12,Ansel_Adams,90,Woody Wetlands,6376,2024
WY,191914,129,Cloud_Peak,90,Woody Wetlands,8013,2024
FL,3064,48,Billies_Bay,90,Woody Wetlands,10919,2024
MO,16427,265,Irish,90,Woody Wetlands,1,1989
WA,531325,445,Pasayten,90,Woody Wetlands,19841,2024
WA,108020,209,Goat_Rocks,90,Woody Wetlands,5213,2024
ID,89820,711,Bruneau_Jarbidge_Rivers,90,Woody Wetlands,215,1989
CA,65726,17,Argus_Range,90,Woody Wetlands,8,1989
TX,3817,324,Little_Lake_Creek,90,Woody Wetlands,4716,2024
MI,3879,250,Horseshoe_Bay,90,Woody Wetlands,15770,1989
MN,4000,2,Agassiz,90,Woody Wetlands,16071,1989
CA,89500,768,AvawatzMountains,90,Woody Wetlands,1,2024
NC,5065,49,Birkhead_Mountains,90,Woody Wetlands,122,2024
CO/WY,24051,465,Platte_River,90,Woody Wetlands,1602,1989
UT,54643,793,Labyrinth_Canyon,90,Woody Wetlands,4767,2024
NM,44678,14,Apache_Kid,90,Woody Wetlands,51,2024
CO,497111,637,Weminuche,90,Woody Wetlands,68118,2024
OR,36865,627,Waldo_Lake,90,Woody Wetlands,653,1989
FL,6197,188,Florida_Keys,90,Woody Wetlands,16942,1989
CO,165874,131,Collegiate_Peaks,90,Woody Wetlands,13814,2024
NC,11801,467,Pocosin,90,Woody Wetlands,52626,1989
VT,22330,688,Glastenbury,90,Woody Wetlands,2386,2024
ID,2358886,194,Frank_Church_River_of_No_Return,90,Woody Wetlands,23585,2024
NM,35091,97,Capitan_Mountains,90,Woody Wetlands,3,2024
AZ,19440,449,Peloncillo_Mountains,90,Woody Wetlands,4,1989
AZ,19440,449,Peloncillo_Mountains,90,Woody Wetlands,4,2024
CA,133720,162,Domeland,90,Woody Wetlands,1226,2024
AZ/CA,15056,257,Imperial_Refuge,90,Woody Wetlands,665,2024
MI,132018,268,Isle_Royale,90,Woody Wetlands,164040,1989
OR,113571,558,Sky_Lakes,90,Woody Wetlands,314,1989
NC,1692,469,Pond_Pine,90,Woody Wetlands,7766,1989
TX,5536,612,Turkey_Hill,90,Woody Wetlands,4573,1989
NV,120551,16,ArcDome,90,Woody Wetlands,2333,2024
IL,4739,124,Clear_Springs,90,Woody Wetlands,6,1989
AZ,15465,640,West_Clear_Creek,90,Woody Wetlands,697,2024
NV,52618,172,East_Fork_High_Rock_Canyon,90,Woody Wetlands,407,1989
NV,28274,676,Mt_Irish,90,Woody Wetlands,137,1989
AZ/UT,18667,33,Beaver_Dam_Mountains,90,Woody Wetlands,559,2024
CA,18682,589,Sylvania_Mountains,90,Woody Wetlands,84,2024
UT,16343,798,Middle_Wild_Horse_Mesa,90,Woody Wetlands,75,2024
WV,6048,311,Laurel_Fork_North,90,Woody Wetlands,25,2024
MI,25150,542,Seney,90,Woody Wetlands,87591,2024
CO,66280,723,Dominguez_Canyon,90,Woody Wetlands,297,2024
NV,7761,76,Bridge_Canyon,90,Woody Wetlands,7,1989
NV,12930,675,Big_Rocks,90,Woody Wetlands,10,2024
CA,768222,543,Sequoia_Kings_Canyon,90,Woody Wetlands,25919,1989
UT,11436,615,Twin_Peaks,90,Woody Wetlands,26,1989
MT,74524,360,Mission_Mountains,90,Woody Wetlands,237,2024
UT,18689,742,Red_Mountain_UT,90,Woody Wetlands,227,2024
UT,10518,386,Mount_Timpanogos,90,Woody Wetlands,46,2024
MI,11951,152,Delirium,90,Woody Wetlands,47350,2024
CA,14740,101,Carrizo_Gorge,90,Woody Wetlands,8,2024
NV,30648,416,North_Black_Rock_Range,90,Woody Wetlands,317,1989
OR,120694,418,North_Fork_John_Day,90,Woody Wetlands,1570,2024
MT,28460,200,Gates_of_the_Mountains,90,Woody Wetlands,6,2024
CO,23116,223,Greenhorn_Mountain,90,Woody Wetlands,69,1989
CO,181973,344,Maroon_Bells_Snowmass,90,Woody Wetlands,25964,2024
CA,86245,294,Kiavah,90,Woody Wetlands,196,2024
CO,16486,384,Mount_Sneffels,90,Woody Wetlands,220,1989
UT,54643,793,Labyrinth_Canyon,90,Woody Wetlands,4700,1989
NM,20420,310,Latir_Peak,90,Woody Wetlands,46,1989
CA,27315,455,Phillip_Burton,90,Woody Wetlands,1655,1989
CA,230966,754,White_Mountains,90,Woody Wetlands,1409,1989
AZ,9808,215,Granite_Mountain_AZ,90,Woody Wetlands,6,2024
NV,25671,667,South_Pahroc_Range,90,Woody Wetlands,34,1989
CO,77932,261,Indian_Peaks,90,Woody Wetlands,4465,2024
WY,191914,129,Cloud_Peak,90,Woody Wetlands,7994,1989
OR,36548,744,Roaring_River,90,Woody Wetlands,115,2024
CA,60222,559,Snow_Mountain,90,Woody Wetlands,73,2024
NV,46465,244,High_Rock_Canyon,90,Woody Wetlands,45,1989
OR,120694,418,North_Fork_John_Day,90,Woody Wetlands,1577,1989
WY,285619,224,Gros_Ventre,90,Woody Wetlands,11389,1989
CA,112723,177,Emigrant,90,Woody Wetlands,9026,1989
CO,9482,92,Cache_La_Poudre,90,Woody Wetlands,131,1989
NM,47035,109,Chama_River_Canyon,90,Woody Wetlands,859,1989
WV,5840,312,Laurel_Fork_South,90,Woody Wetlands,202,1989
ID,205395,212,Gospel_Hump,90,Woody Wetlands,3391,2024
CO,135104,168,Eagles_Nest,90,Woody Wetlands,8292,2024
MI,375,504,Round_Island,90,Woody Wetlands,155,2024
CO,249126,745,Rocky_Mountain,90,Woody Wetlands,12481,2024
NV,39631,264,Ireteba_Peaks,90,Woody Wetlands,2,2024
CA,39740,728,John_Krebs,90,Woody Wetlands,1167,2024
NV,121449,696,High_Schells,90,Woody Wetlands,102,2024
AZ,20053,458,Pine_Mountain,90,Woody Wetlands,36,2024
MT,32350,488,Red_Rock_Lakes,90,Woody Wetlands,633,1989
NM,29242,746,Sabinoso,90,Woody Wetlands,2,2024
CO,165874,131,Collegiate_Peaks,90,Woody Wetlands,13903,1989
CA,43182,546,Sheep_Mountain,90,Woody Wetlands,1666,2024
CA,24433,584,Surprise_Canyon,90,Woody Wetlands,36,1989
CO,44345,534,Sarvis_Creek,90,Woody Wetlands,3773,2024
CO,66280,723,Dominguez_Canyon,90,Woody Wetlands,295,1989
IN,12472,112,Charles_C_Deam,90,Woody Wetlands,54,1989
VT,22330,688,Glastenbury,90,Woody Wetlands,2379,1989
OR,20210,367,Monument_Rock,90,Woody Wetlands,7,2024
SD,64144,24,Badlands,90,Woody Wetlands,6,2024
AZ,6600,490,Redfield_Canyon,90,Woody Wetlands,267,1989
SC,29000,96,Cape_Romain,90,Woody Wetlands,297,1989
WY,693934,632,Washakie,90,Woody Wetlands,5642,2024
AZ,48314,489,Red_Rock_Secret_Mountain,90,Woody Wetlands,45,2024
AZ,41143,509,Saddle_Mountain,90,Woody Wetlands,30,1989
GA,353981,426,Okefenokee,90,Woody Wetlands,1518956,1989
ID/OR,217747,239,Hells_Canyon_IDOR,90,Woody Wetlands,565,2024
NV,17220,51,Black_Canyon_NV,90,Woody Wetlands,90,1989
WY,15284,535,Savage_Run,90,Woody Wetlands,635,2024
CO,126480,303,La_Garita,90,Woody Wetlands,24395,2024
OR,13090,52,Black_Canyon_OR,90,Woody Wetlands,14,1989
AZ,56973,477,Pusch_Ridge,90,Woody Wetlands,76,1989
NM,29106,63,Blue_Range,90,Woody Wetlands,382,2024
ID,90776,764,White_Clouds,90,Woody Wetlands,476,2024
AZ,70905,511,Saguaro,90,Woody Wetlands,2,1989
OR,22614,201,Gearhart_Mountain,90,Woody Wetlands,1052,1989
MI,132018,268,Isle_Royale,90,Woody Wetlands,165316,2024
ID,52753,709,Big_Jacks_Creek,90,Woody Wetlands,25,1989
CA,15985,461,Hain,90,Woody Wetlands,230,2024
CA,44223,365,Monarch,90,Woody Wetlands,289,1989
CA,6287,685,Cedar_Roughs,90,Woody Wetlands,14,2024
ID,89820,711,Bruneau_Jarbidge_Rivers,90,Woody Wetlands,231,2024
NV,25671,667,South_Pahroc_Range,90,Woody Wetlands,34,2024
NV,10467,69,Boundary_Peak,90,Woody Wetlands,146,1989
VT,18122,334,Lye_Brook,90,Woody Wetlands,9859,1989
CA,595364,279,Joshua_Tree,90,Woody Wetlands,11,1989
CA,72192,463,Piper_Mountain,90,Woody Wetlands,5,2024
AZ,516200,299,Kofa,90,Woody Wetlands,10,1989
WA,152980,306,Lake_Chelan_Sawtooth,90,Woody Wetlands,902,2024
WA,102919,241,Henry_M_Jackson,90,Woody Wetlands,424,2024
WI,22047,236,Headwaters,90,Woody Wetlands,70188,1989
MT,1062694,64,Bob_Marshall,90,Woody Wetlands,13012,2024
WA,531325,445,Pasayten,90,Woody Wetlands,19153,1989
CA,16526,599,Thousand_Lakes,90,Woody Wetlands,33,2024
MT,259756,538,Scapegoat,90,Woody Wetlands,3802,1989
CO,230829,186,Flat_Tops,90,Woody Wetlands,34339,1989
WA,168955,652,William_O_Douglas,90,Woody Wetlands,5986,2024
CO,23116,223,Greenhorn_Mountain,90,Woody Wetlands,64,2024
MI,11358,336,Mackinac,90,Woody Wetlands,35816,1989
NV,40303,806,Desatoya Mountains Wilderness,90,Woody Wetlands,122,1989
WY,31057,255,Huston_Park,90,Woody Wetlands,2689,2024
CO,41281,86,Buffalo_Peaks,90,Woody Wetlands,3989,1989
CA,230966,754,White_Mountains,90,Woody Wetlands,1591,2024
FL,20,267,Island_Bay,90,Woody Wetlands,127,1989
WY,346320,414,North_Absaroka,90,Woody Wetlands,2959,2024
AZ,32115,518,Salt_River_Canyon,90,Woody Wetlands,807,2024
CA,80090,770,Soda_Mountains,90,Woody Wetlands,270,2024
MT,286659,219,Great_Bear,90,Woody Wetlands,3303,1989
LA,3345,305,Lacassine,90,Woody Wetlands,1,1989
AZ,19410,15,Aravaipa_Canyon,90,Woody Wetlands,1491,2024
SC,4967,327,Little_Wambaw_Swamp,90,Woody Wetlands,22749,2024
OR,62139,514,Salmon_Huckleberry,90,Woody Wetlands,975,2024
OR,283818,602,Three_Sisters,90,Woody Wetlands,3548,2024
WY,285619,224,Gros_Ventre,90,Woody Wetlands,11471,2024
SC,1832,628,Wambaw_Creek,90,Woody Wetlands,8643,1989
NC,1692,469,Pond_Pine,90,Woody Wetlands,7765,2024
WV,47742,141,Cranberry,90,Woody Wetlands,213,1989
CA,23578,84,Bucks_Lake,90,Woody Wetlands,164,2024
NV,10467,69,Boundary_Peak,90,Woody Wetlands,151,2024
NV,30648,416,North_Black_Rock_Range,90,Woody Wetlands,301,2024
ID,44027,733,North_Fork_Owyhee,90,Woody Wetlands,202,1989
IL,3694,88,Burden_Falls,90,Woody Wetlands,204,1989
WA,41307,515,Salmo_Priest,90,Woody Wetlands,60,2024
ID,12556,739,Pole_Creek,90,Woody Wetlands,3,2024
CO,219891,529,Sangre_de_Cristo,90,Woody Wetlands,10973,1989
CO,32062,191,Fossil_Ridge,90,Woody Wetlands,1998,1989
WA,228480,382,Mount_Rainier,90,Woody Wetlands,4711,1989
OR,29182,734,Oregon_Badlands,90,Woody Wetlands,9,1989
CO,41531,329,Lizard_Head,90,Woody Wetlands,1683,2024
NC,8490,105,Catfish_Lake_South,90,Woody Wetlands,36645,1989
WA,2201,657,Wonder_Mountain,90,Woody Wetlands,8,2024
VT,7824,451,Peru_Peak,90,Woody Wetlands,937,2024
WA,102919,241,Henry_M_Jackson,90,Woody Wetlands,409,1989
CA,21986,286,Kaiser,90,Woody Wetlands,383,1989
WV,5840,312,Laurel_Fork_South,90,Woody Wetlands,200,2024
CO,219891,529,Sangre_de_Cristo,90,Woody Wetlands,11197,2024
AL,8947,166,Dugger_Mountain,90,Woody Wetlands,1,2024
CO,17784,227,Gunnison_Gorge,90,Woody Wetlands,157,2024
MI,32557,758,Sleeping_Bear_Dunes,90,Woody Wetlands,18329,2024
NV,67214,701,South_Egan_Range,90,Woody Wetlands,30,1989
WI,4074,471,Porcupine_Lake,90,Woody Wetlands,5625,1989
WA,119966,371,Mount_Baker,90,Woody Wetlands,155,1989
WY,584733,596,Teton,90,Woody Wetlands,59758,1989
CA,10510,276,Jennie_Lakes,90,Woody Wetlands,644,2024
CA,6919,232,Hauser,90,Woody Wetlands,73,2024
NV,78754,698,Mount_Grafton,90,Woody Wetlands,83,2024
ID,266390,736,Owyhee_River,90,Woody Wetlands,1664,1989
CA,6287,685,Cedar_Roughs,90,Woody Wetlands,16,1989
OH,77,643,West_Sister_Island,90,Woody Wetlands,49,2024
MI,375,504,Round_Island,90,Woody Wetlands,154,1989
CA,73726,437,Pahrump_Valley,90,Woody Wetlands,1,2024
OR,36879,87,Bull_of_the_Woods,90,Woody Wetlands,56,2024
CA,182298,661,Yolla_Bolly_Middle_Eel,90,Woody Wetlands,152,2024
UT,49130,802,Sids_Mountain,90,Woody Wetlands,898,2024
UT,4478,720,Deep_Creek_North,90,Woody Wetlands,10,1989
CO,62742,473,Powderhorn,90,Woody Wetlands,4927,1989
NV,23439,420,North_Jackson_Mountains,90,Woody Wetlands,187,2024
ID,2358886,194,Frank_Church_River_of_No_Return,90,Woody Wetlands,20854,1989
MT,28248,635,Welcome_Creek,90,Woody Wetlands,72,1989
SC,1832,628,Wambaw_Creek,90,Woody Wetlands,8643,2024
CO,20847,406,Never_Summer,90,Woody Wetlands,622,2024
VT,24985,74,Breadloaf,90,Woody Wetlands,22,2024
NC,9315,547,Sheep_Ridge,90,Woody Wetlands,41786,1989
CO,230829,186,Flat_Tops,90,Woody Wetlands,34334,2024
NV,47311,147,Currant_Mountain,90,Woody Wetlands,8,1989
CO,44345,534,Sarvis_Creek,90,Woody Wetlands,4083,1989
LA,8701,297,Kisatchie_Hills,90,Woody Wetlands,7795,2024
IL,4050,140,Crab_Orchard,90,Woody Wetlands,1,2024
CO,29027,377,Mount_Massive,90,Woody Wetlands,2099,2024
AZ,77585,196,Galiuro,90,Woody Wetlands,35,1989
NV,314835,59,Black_Rock_Desert,90,Woody Wetlands,306,2024
UT,46360,148,Dark_Canyon,90,Woody Wetlands,265,1989
AR,2143,42,Big_Lake,90,Woody Wetlands,10838,2024
VT,18122,334,Lye_Brook,90,Woody Wetlands,9974,2024
AZ,87182,118,Chiricahua,90,Woody Wetlands,137,1989
WY,15284,535,Savage_Run,90,Woody Wetlands,706,1989
NV,157716,663,Mormon_Mountains,90,Woody Wetlands,6,2024
UT,98023,799,Muddy_Creek,90,Woody Wetlands,17,1989
CA,56239,682,Yuki,90,Woody Wetlands,10,2024
NV,68623,697,Highland_Ridge,90,Woody Wetlands,49,2024
CO,12615,476,Ptarmigan_Peak,90,Woody Wetlands,64,2024
CA,42079,266,Ishi,90,Woody Wetlands,103,2024
OR,69411,581,Strawberry_Mountain,90,Woody Wetlands,274,2024
CA,70206,570,South_Warner,90,Woody Wetlands,1641,1989
AZ,16400,586,Swansea,90,Woody Wetlands,601,1989
CA,20241,530,Santa_Lucia,90,Woody Wetlands,349,2024
UT,27075,379,Mount_Nebo,90,Woody Wetlands,6,2024
MT,11366,350,Medicine_Lake,90,Woody Wetlands,2,2024
MI,32557,758,Sleeping_Bear_Dunes,90,Woody Wetlands,18444,1989
OR,109098,375,Mount_Jefferson,90,Woody Wetlands,923,1989
UT,46360,148,Dark_Canyon,90,Woody Wetlands,286,2024
AZ,27440,622,Upper_Burro_Creek,90,Woody Wetlands,304,2024
MT,93272,91,Cabinet_Mountains,90,Woody Wetlands,67,2024
CO,68025,133,Comanche_Peak,90,Woody Wetlands,1860,1989
CA,76312,491,Resting_Spring_Range,90,Woody Wetlands,554,2024
AZ,15465,640,West_Clear_Creek,90,Woody Wetlands,694,1989
CA,20839,98,Caribou,90,Woody Wetlands,247,1989
CO,122453,248,Holy_Cross,90,Woody Wetlands,6301,1989
NV,5341,674,Tunnel_Spring,90,Woody Wetlands,311,1989
CA,704624,662,Yosemite,90,Woody Wetlands,28733,1989
CO/UT,75479,58,Black_Ridge_Canyons,90,Woody Wetlands,1801,1989
NV,33466,573,Spirit_Mountain,90,Woody Wetlands,9,2024
ND,29920,598,Theodore_Roosevelt,90,Woody Wetlands,4261,2024
MI,16861,348,McCormick,90,Woody Wetlands,20790,1989
WA,876447,428,Daniel_J_Evans,90,Woody Wetlands,35318,1989
MI,15237,588,Sylvania,90,Woody Wetlands,15550,1989
GA,9907,145,Cumberland_Island,90,Woody Wetlands,12681,2024
CA,128044,249,Hoover,90,Woody Wetlands,7269,1989
WA,14266,410,Noisy_Diobsud,90,Woody Wetlands,99,1989
NV,120551,16,ArcDome,90,Woody Wetlands,2336,1989
AR,15214,254,Hurricane_Creek,90,Woody Wetlands,10,2024
CO,64307,479,Raggeds,90,Woody Wetlands,7578,2024
CO,8801,89,Byers_Peak,90,Woody Wetlands,325,1989
CA,33772,537,Sawtooth_Mountains,90,Woody Wetlands,67,2024
OR,35749,502,Rogue_Umpqua_Divide,90,Woody Wetlands,778,1989
WY,123896,275,Jedediah_Smith,90,Woody Wetlands,2975,2024
AZ,16400,586,Swansea,90,Woody Wetlands,903,2024
NV,49151,761,Wovoka,90,Woody Wetlands,23,1989
CA,225114,340,Marble_Mountain,90,Woody Wetlands,844,2024
NV,92627,590,Table_Mountain,90,Woody Wetlands,83,1989
CA,42695,687,King_Range,90,Woody Wetlands,3,2024
CA,42079,266,Ishi,90,Woody Wetlands,102,1989
MO,12423,242,Hercules_Glades,90,Woody Wetlands,3,2024
CA,64041,155,Desolation,90,Woody Wetlands,1235,1989
WI,7135,480,Rainbow_Lake,90,Woody Wetlands,2787,2024
AZ,5633,13,Apache_Creek,90,Woody Wetlands,9,1989
OR,69411,581,Strawberry_Mountain,90,Woody Wetlands,212,1989
VT,6725,37,Big_Branch,90,Woody Wetlands,1151,1989
CA,38216,326,Little_Picacho,90,Woody Wetlands,50,2024
CA,36981,397,Mt_Shasta,90,Woody Wetlands,30,2024
GA/NC/SC,8300,176,Ellicott_Rock,90,Woody Wetlands,33,1989
SD,64144,24,Badlands,90,Woody Wetlands,6,1989
FL,1296500,341,Marjory_Stoneman_Douglas,90,Woody Wetlands,1207670,2024
OR,13090,52,Black_Canyon_OR,90,Woody Wetlands,14,2024
CO,8500,352,Mesa_Verde,90,Woody Wetlands,4,1989
MN,2180,593,Tamarac,90,Woody Wetlands,2988,1989
OR,180103,287,Kalmiopsis,90,Woody Wetlands,268,2024
MI,25150,542,Seney,90,Woody Wetlands,85360,1989
WA,566161,207,Glacier_Peak,90,Woody Wetlands,6929,1989
NV,56890,438,Pahute_Peak,90,Woody Wetlands,150,2024
VT,4800,203,George_D_Aiken,90,Woody Wetlands,3173,2024
CO,37344,760,Hermosa_Creek,90,Woody Wetlands,582,2024
MO,4236,500,Rockpile_Mountain,90,Woody Wetlands,16,1989
OR,52496,157,Diamond_Peak,90,Woody Wetlands,171,1989
CA,56239,682,Yuki,90,Woody Wetlands,33,1989
GA,5125,656,Wolf_Island,90,Woody Wetlands,64,2024
ID,90776,764,White_Clouds,90,Woody Wetlands,475,1989
FL,1066,308,Lake_Woodruff,90,Woody Wetlands,4502,1989
CA/NV,3190455,151,Death_Valley,90,Woody Wetlands,1835,2024
OR,55127,385,Mount_Thielsen,90,Woody Wetlands,65,2024
NH,24032,690,Wild_River,90,Woody Wetlands,572,2024
ME,11236,99,Caribou_Speckled_Mountain,90,Woody Wetlands,10,2024
AZ,26912,533,Santa_Teresa,90,Woody Wetlands,2,2024
OR,13724,716,Copper_Salmon,90,Woody Wetlands,62,1989
ID,205395,212,Gospel_Hump,90,Woody Wetlands,3322,1989
AZ,18720,285,Kachina_Peaks,90,Woody Wetlands,30,2024
UT,98023,799,Muddy_Creek,90,Woody Wetlands,24,2024
SC,21700,134,Congaree,90,Woody Wetlands,66476,2024
ID,116843,765,Jim_McClure_Jerry_Peak,90,Woody Wetlands,368,1989
VA,3329,724,Garden_Mountain,90,Woody Wetlands,20,2024
OR,28915,23,Badger_Creek,90,Woody Wetlands,21,1989
CO,17109,272,James_Peak,90,Woody Wetlands,342,1989
CA,29207,345,Matilija,90,Woody Wetlands,279,1989
CA,43279,260,Indian_Pass,90,Woody Wetlands,47,2024
OR,5784,591,Table_Rock,90,Woody Wetlands,2,2024
CA,236488,441,Palen_McCoy,90,Woody Wetlands,3,1989
NM,61600,106,Cebolla,90,Woody Wetlands,4,2024
WI,33500,677,Gaylord_Nelson,90,Woody Wetlands,7579,2024
FL,8075,399,Mud_Swamp_New_River,90,Woody Wetlands,30978,1989
UT,10648,719,Cougar_Canyon,90,Woody Wetlands,162,1989
CA,12178,732,Magic_Mountain,90,Woody Wetlands,63,2024
AZ,6178,644,Wet_Beaver,90,Woody Wetlands,119,1989
FL,379,108,Cedar_Keys,90,Woody Wetlands,372,1989
CA,17059,566,South_Nopah_Range,90,Woody Wetlands,15,1989
CO,9927,405,Neota,90,Woody Wetlands,906,2024
CA,33772,537,Sawtooth_Mountains,90,Woody Wetlands,47,1989
AZ,26912,533,Santa_Teresa,90,Woody Wetlands,26,1989
PA,372,7,Allegheny_Islands,90,Woody Wetlands,1309,2024
NM,29106,63,Blue_Range,90,Woody Wetlands,394,1989
MI,15237,588,Sylvania,90,Woody Wetlands,15637,2024
AZ,6819,372,Mount_Baldy,90,Woody Wetlands,19,2024
VT,12336,689,Joseph_Battell,90,Woody Wetlands,209,2024
CA,101574,521,San_Gorgonio,90,Woody Wetlands,1372,1989
CA,8191,80,Bright_Star,90,Woody Wetlands,67,1989
CA,64041,155,Desolation,90,Woody Wetlands,1209,2024
NE,7833,560,Soldier_Creek,90,Woody Wetlands,71,2024
UT,7179,804,Nelson_Mountain,90,Woody Wetlands,5,2024
CO,160997,568,South_San_Juan,90,Woody Wetlands,21025,1989
CA,133720,162,Domeland,90,Woody Wetlands,1109,1989
NV,128362,805,Clan_Alpine_Mountains,90,Woody Wetlands,163,2024
NH,27605,474,Presidential_Range_Dry_River,90,Woody Wetlands,63,1989
WY,123896,275,Jedediah_Smith,90,Woody Wetlands,2988,1989
CA,12868,686,South_Fork_Eel_River,90,Woody Wetlands,7,2024
MI,16861,348,McCormick,90,Woody Wetlands,20854,2024
MS,4630,226,Gulf_Islands,90,Woody Wetlands,205,1989
NJ,3660,222,Great_Swamp,90,Woody Wetlands,15441,1989
WI,7270,647,Whisker_Lake,90,Woody Wetlands,12940,1989
CA,50451,508,Sacatar_Trail,90,Woody Wetlands,93,1989
CA,695200,362,Mojave,90,Woody Wetlands,183,1989
CA,101574,521,San_Gorgonio,90,Woody Wetlands,1312,2024
CO,9927,405,Neota,90,Woody Wetlands,909,1989
CO,114864,331,Lost_Creek,90,Woody Wetlands,8569,1989
UT,50216,459,Pine_Valley_Mountain,90,Woody Wetlands,9,2024
CO,135104,168,Eagles_Nest,90,Woody Wetlands,8337,1989
UT,44447,714,Canaan_Mountain,90,Woody Wetlands,1595,2024
OH,77,643,West_Sister_Island,90,Woody Wetlands,49,1989
OR,170202,576,Steens_Mountain,90,Woody Wetlands,2374,2024
AZ,27440,622,Upper_Burro_Creek,90,Woody Wetlands,289,1989
OR,24707,748,Soda_Mountain,90,Woody Wetlands,3,2024
ID,67993,763,Hemingway_Boulders,90,Woody Wetlands,768,2024
OR,180103,287,Kalmiopsis,90,Woody Wetlands,250,1989
OR,22614,201,Gearhart_Mountain,90,Woody Wetlands,998,2024
CA,37793,122,Chumash,90,Woody Wetlands,341,1989
MI,16704,582,Sturgeon_River_Gorge,90,Woody Wetlands,4334,2024
CO,160997,568,South_San_Juan,90,Woody Wetlands,21268,2024
OR,9465,715,Clackamas,90,Woody Wetlands,122,2024
NM,44678,14,Apache_Kid,90,Woody Wetlands,43,1989
ID,44027,733,North_Fork_Owyhee,90,Woody Wetlands,201,2024
CA,20158,749,South_Fork_San_Jacinto,90,Woody Wetlands,6,2024
CA,104048,363,Mokelumne,90,Woody Wetlands,3223,2024
ND,5577,332,Lostwood,90,Woody Wetlands,5,2024
NV,68623,697,Highland_Ridge,90,Woody Wetlands,43,1989
NM,20420,310,Latir_Peak,90,Woody Wetlands,47,2024
CO,19237,572,Spanish_Peaks,90,Woody Wetlands,2,1989
OR,29182,734,Oregon_Badlands,90,Woody Wetlands,10,2024
CA,60280,569,South_Sierra,90,Woody Wetlands,3086,2024
CA,31415,554,Silver_Peak,90,Woody Wetlands,229,1989
WA,5963,606,Trapper_Creek,90,Woody Wetlands,39,1989
NM,47035,109,Chama_River_Canyon,90,Woody Wetlands,863,2024
OR,35203,651,Wild_Rogue,90,Woody Wetlands,144,2024
NM,23267,27,Bandelier,90,Woody Wetlands,179,2024
VT,4800,203,George_D_Aiken,90,Woody Wetlands,3189,1989
FL,2827,325,Little_Lake_George,90,Woody Wetlands,10389,1989
MS,5033,54,Black_Creek,90,Woody Wetlands,12929,2024
AR,15214,254,Hurricane_Creek,90,Woody Wetlands,9,1989
CA,32186,522,San_Jacinto,90,Woody Wetlands,176,1989
CA,15628,706,Beauty_Mountain,90,Woody Wetlands,2,1989
CA,73868,435,Owens_Peak,90,Woody Wetlands,312,2024
SC,2122,237,Hell_Hole_Bay,90,Woody Wetlands,9683,1989
FL,1066,308,Lake_Woodruff,90,Woody Wetlands,4489,2024
ID,50930,730,Little_Jacks_Creek,90,Woody Wetlands,6,1989
NM,11656,678,Ojito,90,Woody Wetlands,14,1989
MT,11366,350,Medicine_Lake,90,Woody Wetlands,3,1989
NV,40303,806,Desatoya Mountains Wilderness,90,Woody Wetlands,119,2024
NM,5185,161,Dome,90,Woody Wetlands,10,2024
NV,48355,323,Little_High_Rock_Canyon,90,Woody Wetlands,160,1989
CO,17784,227,Gunnison_Gorge,90,Woody Wetlands,156,1989
NV,54536,563,South_Jackson_Mountains,90,Woody Wetlands,320,1989
CA,768222,543,Sequoia_Kings_Canyon,90,Woody Wetlands,27465,2024
MS,993,314,Leaf,90,Woody Wetlands,4204,2024
CA,695200,362,Mojave,90,Woody Wetlands,228,2024
NV,85668,666,Clover_Mountains,90,Woody Wetlands,212,1989
CA,35738,520,San_Gabriel,90,Woody Wetlands,463,1989
NV,27502,19,Arrow_Canyon,90,Woody Wetlands,18,1989
ME,4680,369,Moosehorn_Baring_Unit,90,Woody Wetlands,2443,1989
MO,6691,156,Devils_Backbone,90,Woody Wetlands,4,1989
OR/WA,176737,638,Wenaha_Tucannon,90,Woody Wetlands,500,2024
CA,6919,232,Hauser,90,Woody Wetlands,79,1989
WA,3060,208,Glacier_View,90,Woody Wetlands,300,1989
WA,451,633,Washington_Islands,90,Woody Wetlands,1,2024
WY,10208,178,Encampment_River,90,Woody Wetlands,34,2024
WA,638173,577,Stephen_Mather,90,Woody Wetlands,7474,2024
CA,43182,546,Sheep_Mountain,90,Woody Wetlands,1617,1989
NV,110471,274,Jarbidge,90,Woody Wetlands,200,2024
UT,76413,797,Mexican_Mountain,90,Woody Wetlands,2021,2024
CO,15599,53,Black_Canyon_of_the_Gunnison,90,Woody Wetlands,21,2024
CO,160309,391,Mount_Zirkel,90,Woody Wetlands,21977,1989
CA,652903,278,John_Muir,90,Woody Wetlands,22293,2024
AZ,10431,192,Fossil_Springs,90,Woody Wetlands,31,2024
WY,346320,414,North_Absaroka,90,Woody Wetlands,2297,1989
NV,5341,674,Tunnel_Spring,90,Woody Wetlands,309,2024
CA,28374,214,Granite_Chief,90,Woody Wetlands,1036,2024
OR,28915,23,Badger_Creek,90,Woody Wetlands,19,2024
NV,7761,76,Bridge_Canyon,90,Woody Wetlands,8,2024
NV,35581,9,AltaToquima,90,Woody Wetlands,238,2024
VT,12336,689,Joseph_Battell,90,Woody Wetlands,203,1989
MT,28460,200,Gates_of_the_Mountains,90,Woody Wetlands,7,1989
CA,25895,415,North_Algodones_Dunes,90,Woody Wetlands,7,1989
GA,3000,60,Blackbeard_Island,90,Woody Wetlands,209,1989
WV,5147,708,Big_Draft,90,Woody Wetlands,12,2024
SC,4967,327,Little_Wambaw_Swamp,90,Woody Wetlands,22749,1989
OR,5337,77,Bridge_Creek,90,Woody Wetlands,42,1989
FL,6197,188,Florida_Keys,90,Woody Wetlands,16501,2024
GA/NC/SC,8300,176,Ellicott_Rock,90,Woody Wetlands,33,2024
UT,124406,755,Zion,90,Woody Wetlands,681,2024
CA,219209,544,Sespe,90,Woody Wetlands,1694,2024
OR,19918,67,Boulder_Creek,90,Woody Wetlands,20,2024
NV,42544,694,Goshute_Canyon,90,Woody Wetlands,72,2024
NV,30539,672,Fortification_Range,90,Woody Wetlands,5,2024
AL,25809,556,Sipsey,90,Woody Wetlands,397,2024
NV,56890,438,Pahute_Peak,90,Woody Wetlands,134,1989
WV,6794,743,Roaring_Plains_West,90,Woody Wetlands,4,2024
CA,89500,768,AvawatzMountains,90,Woody Wetlands,1,1989
NV,121449,696,High_Schells,90,Woody Wetlands,98,1989
NV,67214,701,South_Egan_Range,90,Woody Wetlands,32,2024
FL,14293,284,Juniper_Prairie,90,Woody Wetlands,10416,2024
MT,242068,316,Lee_Metcalf,90,Woody Wetlands,3148,1989
NM,8120,784,Rio_San_Antonio,90,Woody Wetlands,472,2024
UT,18216,722,Docs_Pass,90,Woody Wetlands,292,1989
NE,4635,190,Fort_Niobrara,90,Woody Wetlands,134,1989
OR,64742,374,Mount_Hood,90,Woody Wetlands,521,1989
OR,113571,558,Sky_Lakes,90,Woody Wetlands,357,2024
OR,19918,67,Boulder_Creek,90,Woody Wetlands,25,1989
MO,12423,242,Hercules_Glades,90,Woody Wetlands,2,1989
NV,32072,532,Santa_Rosa_Paradise_Peak,90,Woody Wetlands,10,2024
GA/TN,37033,130,Cohutta,90,Woody Wetlands,1,1989
IL,3694,88,Burden_Falls,90,Woody Wetlands,203,2024
NC,8490,105,Catfish_Lake_South,90,Woody Wetlands,36642,2024
GA,10791,494,Rich_Mountain,90,Woody Wetlands,7,2024
MT,158712,10,Anaconda_Pintler,90,Woody Wetlands,771,1989
CA,79061,309,Lassen_Volcanic,90,Woody Wetlands,3770,2024
OR,8758,356,Middle_Santiam,90,Woody Wetlands,20,2024
CA,24433,584,Surprise_Canyon,90,Woody Wetlands,36,2024
SC,4755,629,Wambaw_Swamp,90,Woody Wetlands,21026,1989
NV,24249,671,White_Rock_Range,90,Woody Wetlands,29,1989
UT,453863,246,High_Uintas,90,Woody Wetlands,42446,1989
CA,26839,738,Pleasant_View_Ridge,90,Woody Wetlands,131,2024
NV,51305,669,Weepah_Spring,90,Woody Wetlands,1,1989
TX,13248,620,Upland_Island,90,Woody Wetlands,10900,2024
NM,23267,27,Bandelier,90,Woody Wetlands,182,1989
FL,24222,72,Bradwell_Bay,90,Woody Wetlands,89320,2024
AZ,20253,551,Sierra_Ancha,90,Woody Wetlands,506,1989
WI,5912,61,Blackjack_Springs,90,Woody Wetlands,12969,2024
WA,2201,657,Wonder_Mountain,90,Woody Wetlands,8,1989
CO,102209,618,Uncompahgre,90,Woody Wetlands,3329,2024
NV,27502,19,Arrow_Canyon,90,Woody Wetlands,19,2024
GA,10791,494,Rich_Mountain,90,Woody Wetlands,7,1989
ID,217511,536,Sawtooth,90,Woody Wetlands,3804,2024
CO,15599,53,Black_Canyon_of_the_Gunnison,90,Woody Wetlands,21,1989
AZ,160164,583,Superstition,90,Woody Wetlands,985,2024
NM,61600,106,Cebolla,90,Woody Wetlands,4,1989
TX,3521,45,Big_Slough,90,Woody Wetlands,10316,1989
WA,13278,383,Mount_Skokomish,90,Woody Wetlands,17,1989
MT,28248,635,Welcome_Creek,90,Woody Wetlands,71,2024
OR,5337,77,Bridge_Creek,90,Woody Wetlands,46,2024
UT,11436,615,Twin_Peaks,90,Woody Wetlands,26,2024
CA,15628,706,Beauty_Mountain,90,Woody Wetlands,2,2024
CA,20839,98,Caribou,90,Woody Wetlands,158,2024
CO,29027,377,Mount_Massive,90,Woody Wetlands,2129,1989
CA,36981,397,Mt_Shasta,90,Woody Wetlands,29,1989
WV,47742,141,Cranberry,90,Woody Wetlands,211,2024
AZ,37457,240,Hellsgate,90,Woody Wetlands,96,1989
AR,2143,42,Big_Lake,90,Woody Wetlands,10501,1989
MO,7730,359,Mingo,90,Woody Wetlands,27497,2024
CA,20158,749,South_Fork_San_Jacinto,90,Woody Wetlands,6,1989
CA,70206,570,South_Warner,95,Emergent Herbaceous Wetlands,34,2024
WA,152980,306,Lake_Chelan_Sawtooth,95,Emergent Herbaceous Wetlands,100,2024
CA,78576,531,Santa_Rosa,95,Emergent Herbaceous Wetlands,5,1989
AZ,70905,511,Saguaro,95,Emergent Herbaceous Wetlands,6,2024
AR,2143,42,Big_Lake,95,Emergent Herbaceous Wetlands,80,2024
ME,2712,368,Moosehorn,95,Emergent Herbaceous Wetlands,261,2024
CA,179847,557,Siskiyou,95,Emergent Herbaceous Wetlands,41,1989
CA,86245,294,Kiavah,95,Emergent Herbaceous Wetlands,30,1989
WA,414322,8,Alpine_Lakes,95,Emergent Herbaceous Wetlands,641,2024
CO,32643,221,Great_Sand_Dunes,95,Emergent Herbaceous Wetlands,38,2024
CO,62742,473,Powderhorn,95,Emergent Herbaceous Wetlands,4001,2024
WY,198906,185,Fitzpatrick,95,Emergent Herbaceous Wetlands,67,1989
CA,31358,271,Jacumba,95,Emergent Herbaceous Wetlands,53,2024
MO,8184,460,Piney_Creek,95,Emergent Herbaceous Wetlands,1,1989
OR,593,430,Oregon_Islands,95,Emergent Herbaceous Wetlands,363,2024
SC,21700,134,Congaree,95,Emergent Herbaceous Wetlands,8,1989
IL,5800,25,Bald_Knob,95,Emergent Herbaceous Wetlands,3,2024
OR,170202,576,Steens_Mountain,95,Emergent Herbaceous Wetlands,302,1989
NM,221796,447,Pecos,95,Emergent Herbaceous Wetlands,2566,2024
NV,51305,669,Weepah_Spring,95,Emergent Herbaceous Wetlands,5,2024
WA,47123,370,Mount_Adams,95,Emergent Herbaceous Wetlands,160,2024
WA,13278,383,Mount_Skokomish,95,Emergent Herbaceous Wetlands,1,2024
MS,5033,54,Black_Creek,95,Emergent Herbaceous Wetlands,3,2024
NH,45809,450,Pemigewasset,95,Emergent Herbaceous Wetlands,7,2024
CA,31415,554,Silver_Peak,95,Emergent Herbaceous Wetlands,13,2024
MT,32350,488,Red_Rock_Lakes,95,Emergent Herbaceous Wetlands,78199,2024
NM,8120,784,Rio_San_Antonio,95,Emergent Herbaceous Wetlands,4,1989
WA,531325,445,Pasayten,95,Emergent Herbaceous Wetlands,4560,2024
WY,426751,78,Bridger,95,Emergent Herbaceous Wetlands,1655,2024
NM,37278,527,Sandia_Mountain,95,Emergent Herbaceous Wetlands,1,1989
NC,9315,547,Sheep_Ridge,95,Emergent Herbaceous Wetlands,1,2024
NV,88650,395,Mt_Moriah,95,Emergent Herbaceous Wetlands,6,1989
AZ,129800,18,Arrastra_Mountain,95,Emergent Herbaceous Wetlands,131,1989
WY,584733,596,Teton,95,Emergent Herbaceous Wetlands,24636,1989
AZ,19410,15,Aravaipa_Canyon,95,Emergent Herbaceous Wetlands,6,1989
CO,9482,92,Cache_La_Poudre,95,Emergent Herbaceous Wetlands,1,2024
NV,56819,394,Mt_Charleston,95,Emergent Herbaceous Wetlands,2,2024
NV,92652,505,Ruby_Mountains,95,Emergent Herbaceous Wetlands,94,2024
AZ,38470,486,Rawhide_Mountains,95,Emergent Herbaceous Wetlands,71,1989
CA,32186,522,San_Jacinto,95,Emergent Herbaceous Wetlands,23,2024
CA,158147,102,Carson_Iceberg,95,Emergent Herbaceous Wetlands,1086,2024
SD,64144,24,Badlands,95,Emergent Herbaceous Wetlands,11,1989
ID,67993,763,Hemingway_Boulders,95,Emergent Herbaceous Wetlands,14,1989
CO,74408,485,Rawah,95,Emergent Herbaceous Wetlands,5358,1989
UT,453863,246,High_Uintas,95,Emergent Herbaceous Wetlands,11226,2024
WA,14266,410,Noisy_Diobsud,95,Emergent Herbaceous Wetlands,2,2024
TX,3521,45,Big_Slough,95,Emergent Herbaceous Wetlands,24,2024
CO,73416,373,Mount_Evans,95,Emergent Herbaceous Wetlands,10486,2024
MI,25150,542,Seney,95,Emergent Herbaceous Wetlands,26430,2024
AZ/UT,18667,33,Beaver_Dam_Mountains,95,Emergent Herbaceous Wetlands,47,1989
CA,15985,461,Hain,95,Emergent Herbaceous Wetlands,60,1989
WA,531325,445,Pasayten,95,Emergent Herbaceous Wetlands,3735,1989
WV,17777,160,Dolly_Sods,95,Emergent Herbaceous Wetlands,713,2024
WY,15284,535,Savage_Run,95,Emergent Herbaceous Wetlands,80,2024
FL,7327,6,Alexander_Springs,95,Emergent Herbaceous Wetlands,173,1989
WI,22047,236,Headwaters,95,Emergent Herbaceous Wetlands,1304,2024
AZ,68231,288,Kanab_Creek,95,Emergent Herbaceous Wetlands,8,1989
CA,78576,531,Santa_Rosa,95,Emergent Herbaceous Wetlands,5,2024
OR,109098,375,Mount_Jefferson,95,Emergent Herbaceous Wetlands,63,2024
CA,60222,559,Snow_Mountain,95,Emergent Herbaceous Wetlands,1,1989
CO,41281,86,Buffalo_Peaks,95,Emergent Herbaceous Wetlands,3818,2024
SC,29000,96,Cape_Romain,95,Emergent Herbaceous Wetlands,125269,2024
CA,18002,3,Agua_Tibia,95,Emergent Herbaceous Wetlands,3,1989
AR,34933,85,Buffalo_National_River,95,Emergent Herbaceous Wetlands,199,2024
WA,119966,371,Mount_Baker,95,Emergent Herbaceous Wetlands,32,2024
CA,252149,296,Kingston_Range,95,Emergent Herbaceous Wetlands,92,1989
NE,7833,560,Soldier_Creek,95,Emergent Herbaceous Wetlands,2,1989
NM,41305,525,San_Pedro_Parks,95,Emergent Herbaceous Wetlands,3424,2024
AZ,312600,431,Organ_Pipe_Cactus,95,Emergent Herbaceous Wetlands,122,1989
AZ/UT,18667,33,Beaver_Dam_Mountains,95,Emergent Herbaceous Wetlands,28,2024
FL,1296500,341,Marjory_Stoneman_Douglas,95,Emergent Herbaceous Wetlands,2222233,1989
CO,126480,303,La_Garita,95,Emergent Herbaceous Wetlands,9578,1989
CA,73868,435,Owens_Peak,95,Emergent Herbaceous Wetlands,194,1989
AZ/CA,15056,257,Imperial_Refuge,95,Emergent Herbaceous Wetlands,42,2024
CA,60222,559,Snow_Mountain,95,Emergent Herbaceous Wetlands,5,2024
CO,32062,191,Fossil_Ridge,95,Emergent Herbaceous Wetlands,326,2024
UT,124406,755,Zion,95,Emergent Herbaceous Wetlands,2,1989
CA,652903,278,John_Muir,95,Emergent Herbaceous Wetlands,8360,1989
ME,4680,369,Moosehorn_Baring_Unit,95,Emergent Herbaceous Wetlands,216,2024
CA,104048,363,Mokelumne,95,Emergent Herbaceous Wetlands,446,1989
WY,10662,653,Winegar_Hole,95,Emergent Herbaceous Wetlands,1065,2024
CA,106623,411,Nopah_Range,95,Emergent Herbaceous Wetlands,2103,2024
WA,451,633,Washington_Islands,95,Emergent Herbaceous Wetlands,64,1989
MT,93272,91,Cabinet_Mountains,95,Emergent Herbaceous Wetlands,1,1989
OR,62139,514,Salmon_Huckleberry,95,Emergent Herbaceous Wetlands,346,2024
CA,182298,661,Yolla_Bolly_Middle_Eel,95,Emergent Herbaceous Wetlands,7,2024
MT,74524,360,Mission_Mountains,95,Emergent Herbaceous Wetlands,7,1989
AZ,87900,439,Paiute,95,Emergent Herbaceous Wetlands,6,2024
NM,13902,774,Broad_Canyon,95,Emergent Herbaceous Wetlands,2,1989
OR,17176,218,Grassy_Knob,95,Emergent Herbaceous Wetlands,1,2024
MT,32350,488,Red_Rock_Lakes,95,Emergent Herbaceous Wetlands,77996,1989
NM,18881,143,Cruces_Basin,95,Emergent Herbaceous Wetlands,575,1989
VT,3750,81,Bristol_Cliffs,95,Emergent Herbaceous Wetlands,2,1989
CA,43182,546,Sheep_Mountain,95,Emergent Herbaceous Wetlands,4,2024
ID,12556,739,Pole_Creek,95,Emergent Herbaceous Wetlands,2,1989
NV,31223,396,Mt_Rose,95,Emergent Herbaceous Wetlands,10,1989
MI,5268,41,Big_Island_Lake,95,Emergent Herbaceous Wetlands,175,2024
WA,638173,577,Stephen_Mather,95,Emergent Herbaceous Wetlands,754,1989
MS,4630,226,Gulf_Islands,95,Emergent Herbaceous Wetlands,6911,2024
WA,353,523,San_Juan,95,Emergent Herbaceous Wetlands,247,1989
CA,17059,566,South_Nopah_Range,95,Emergent Herbaceous Wetlands,1,2024
AZ,60773,193,Four_Peaks,95,Emergent Herbaceous Wetlands,2,1989
MI,3271,412,Nordhouse_Dunes,95,Emergent Herbaceous Wetlands,50,1989
FL,6197,188,Florida_Keys,95,Emergent Herbaceous Wetlands,8231,1989
MT,259756,538,Scapegoat,95,Emergent Herbaceous Wetlands,108,2024
NV,24783,481,Rainbow_Mountain,95,Emergent Herbaceous Wetlands,2,2024
FL,24222,72,Bradwell_Bay,95,Emergent Herbaceous Wetlands,3,1989
CO,181973,344,Maroon_Bells_Snowmass,95,Emergent Herbaceous Wetlands,3179,1989
MO,8184,460,Piney_Creek,95,Emergent Herbaceous Wetlands,1,2024
NM,18881,143,Cruces_Basin,95,Emergent Herbaceous Wetlands,552,2024
UT,98023,799,Muddy_Creek,95,Emergent Herbaceous Wetlands,6,1989
VT,6725,37,Big_Branch,95,Emergent Herbaceous Wetlands,24,2024
NM,19916,778,Organ_Mountains,95,Emergent Herbaceous Wetlands,212,1989
MO,7730,359,Mingo,95,Emergent Herbaceous Wetlands,11013,1989
FL,379,108,Cedar_Keys,95,Emergent Herbaceous Wetlands,785,2024
LA,8701,297,Kisatchie_Hills,95,Emergent Herbaceous Wetlands,4,1989
WA,3060,208,Glacier_View,95,Emergent Herbaceous Wetlands,21,2024
PA,372,7,Allegheny_Islands,95,Emergent Herbaceous Wetlands,164,2024
WA,638173,577,Stephen_Mather,95,Emergent Herbaceous Wetlands,660,2024
WA,20784,258,Indian_Heaven,95,Emergent Herbaceous Wetlands,92,1989
CA/NV,3190455,151,Death_Valley,95,Emergent Herbaceous Wetlands,25026,1989
WA,152980,306,Lake_Chelan_Sawtooth,95,Emergent Herbaceous Wetlands,85,1989
NM,9621,517,Salt_Creek,95,Emergent Herbaceous Wetlands,428,1989
OR/WA,176737,638,Wenaha_Tucannon,95,Emergent Herbaceous Wetlands,1,1989
OR,36865,627,Waldo_Lake,95,Emergent Herbaceous Wetlands,41,2024
WA,15776,594,Tatoosh,95,Emergent Herbaceous Wetlands,7,2024
CA,39740,728,John_Krebs,95,Emergent Herbaceous Wetlands,4,1989
OR,35203,651,Wild_Rogue,95,Emergent Herbaceous Wetlands,124,2024
NJ,3660,222,Great_Swamp,95,Emergent Herbaceous Wetlands,753,2024
VT,4800,203,George_D_Aiken,95,Emergent Herbaceous Wetlands,92,1989
WA,52294,413,Norse_Peak,95,Emergent Herbaceous Wetlands,213,2024
CO,64307,479,Raggeds,95,Emergent Herbaceous Wetlands,456,1989
CA,236726,625,Ventana,95,Emergent Herbaceous Wetlands,112,1989
VT,3750,81,Bristol_Cliffs,95,Emergent Herbaceous Wetlands,6,2024
MT/WY,937102,1,Absaroka_Beartooth,95,Emergent Herbaceous Wetlands,5983,1989
MS,5033,54,Black_Creek,95,Emergent Herbaceous Wetlands,1,1989
MI,16861,348,McCormick,95,Emergent Herbaceous Wetlands,103,1989
CO,135104,168,Eagles_Nest,95,Emergent Herbaceous Wetlands,2485,2024
UT,50216,459,Pine_Valley_Mountain,95,Emergent Herbaceous Wetlands,30,1989
CO,23116,223,Greenhorn_Mountain,95,Emergent Herbaceous Wetlands,3,2024
WA,168955,652,William_O_Douglas,95,Emergent Herbaceous Wetlands,925,2024
CO,12615,476,Ptarmigan_Peak,95,Emergent Herbaceous Wetlands,108,1989
CA,42695,687,King_Range,95,Emergent Herbaceous Wetlands,121,2024
NV,24015,762,Pine_Forest_Range,95,Emergent Herbaceous Wetlands,284,1989
AZ,312600,431,Organ_Pipe_Cactus,95,Emergent Herbaceous Wetlands,68,2024
GA,353981,426,Okefenokee,95,Emergent Herbaceous Wetlands,43443,1989
UT,54643,793,Labyrinth_Canyon,95,Emergent Herbaceous Wetlands,2,1989
CO,165874,131,Collegiate_Peaks,95,Emergent Herbaceous Wetlands,9771,2024
IL,4050,140,Crab_Orchard,95,Emergent Herbaceous Wetlands,6,1989
OR,36865,627,Waldo_Lake,95,Emergent Herbaceous Wetlands,44,1989
CO/WY,24051,465,Platte_River,95,Emergent Herbaceous Wetlands,66,2024
CA,50451,508,Sacatar_Trail,95,Emergent Herbaceous Wetlands,131,2024
MO,6691,156,Devils_Backbone,95,Emergent Herbaceous Wetlands,1,1989
AZ,19440,449,Peloncillo_Mountains,95,Emergent Herbaceous Wetlands,2,1989
WY,285619,224,Gros_Ventre,95,Emergent Herbaceous Wetlands,965,2024
MN,2180,593,Tamarac,95,Emergent Herbaceous Wetlands,906,1989
MI,132018,268,Isle_Royale,95,Emergent Herbaceous Wetlands,1897,2024
AZ/UT,110816,444,Paria_Canyon_Vermilion_Cliffs,95,Emergent Herbaceous Wetlands,99,1989
WA,353,523,San_Juan,95,Emergent Herbaceous Wetlands,313,2024
MI,11951,152,Delirium,95,Emergent Herbaceous Wetlands,765,1989
MI,3271,412,Nordhouse_Dunes,95,Emergent Herbaceous Wetlands,91,2024
ID,44027,733,North_Fork_Owyhee,95,Emergent Herbaceous Wetlands,97,1989
AZ,160164,583,Superstition,95,Emergent Herbaceous Wetlands,93,1989
OR,24707,748,Soda_Mountain,95,Emergent Herbaceous Wetlands,40,1989
AZ,68231,288,Kanab_Creek,95,Emergent Herbaceous Wetlands,9,2024
VT,18122,334,Lye_Brook,95,Emergent Herbaceous Wetlands,97,1989
NV,59107,245,High_Rock_Lake,95,Emergent Herbaceous Wetlands,1053,2024
CA,225114,340,Marble_Mountain,95,Emergent Herbaceous Wetlands,1,1989
CO,68025,133,Comanche_Peak,95,Emergent Herbaceous Wetlands,437,2024
MI,11740,707,Beaver_Basin,95,Emergent Herbaceous Wetlands,50,2024
MI,5268,41,Big_Island_Lake,95,Emergent Herbaceous Wetlands,133,1989
VT,7824,451,Peru_Peak,95,Emergent Herbaceous Wetlands,5,1989
PA,372,7,Allegheny_Islands,95,Emergent Herbaceous Wetlands,177,1989
CA,21986,286,Kaiser,95,Emergent Herbaceous Wetlands,67,1989
WY,123896,275,Jedediah_Smith,95,Emergent Herbaceous Wetlands,173,2024
TX,12214,259,Indian_Mounds,95,Emergent Herbaceous Wetlands,102,2024
OR,52496,157,Diamond_Peak,95,Emergent Herbaceous Wetlands,2,1989
AR,2143,42,Big_Lake,95,Emergent Herbaceous Wetlands,250,1989
WI,4074,471,Porcupine_Lake,95,Emergent Herbaceous Wetlands,171,2024
CA,14698,735,Owens_River_Headwaters,95,Emergent Herbaceous Wetlands,211,1989
CA,79061,309,Lassen_Volcanic,95,Emergent Herbaceous Wetlands,404,1989
NM,9621,517,Salt_Creek,95,Emergent Herbaceous Wetlands,267,2024
WA,108020,209,Goat_Rocks,95,Emergent Herbaceous Wetlands,283,1989
WI,5912,61,Blackjack_Springs,95,Emergent Herbaceous Wetlands,103,1989
AZ,12300,231,Hassayampa_River_Canyon,95,Emergent Herbaceous Wetlands,4,2024
NM,221796,447,Pecos,95,Emergent Herbaceous Wetlands,2272,1989
CO,20847,406,Never_Summer,95,Emergent Herbaceous Wetlands,180,1989
ID,266390,736,Owyhee_River,95,Emergent Herbaceous Wetlands,39,1989
CO,16486,384,Mount_Sneffels,95,Emergent Herbaceous Wetlands,43,1989
CA,6919,232,Hauser,95,Emergent Herbaceous Wetlands,20,2024
CA,27315,455,Phillip_Burton,95,Emergent Herbaceous Wetlands,1763,1989
CA,73726,437,Pahrump_Valley,95,Emergent Herbaceous Wetlands,32,2024
CA,73726,437,Pahrump_Valley,95,Emergent Herbaceous Wetlands,33,1989
NM,11656,678,Ojito,95,Emergent Herbaceous Wetlands,4,2024
FL,7327,6,Alexander_Springs,95,Emergent Herbaceous Wetlands,186,2024
CO,122453,248,Holy_Cross,95,Emergent Herbaceous Wetlands,2728,2024
MI,16704,582,Sturgeon_River_Gorge,95,Emergent Herbaceous Wetlands,5,1989
MT/WY,937102,1,Absaroka_Beartooth,95,Emergent Herbaceous Wetlands,5934,2024
CA,37793,122,Chumash,95,Emergent Herbaceous Wetlands,3,2024
CO,102209,618,Uncompahgre,95,Emergent Herbaceous Wetlands,2685,1989
NV,92652,505,Ruby_Mountains,95,Emergent Herbaceous Wetlands,115,1989
CO,73416,373,Mount_Evans,95,Emergent Herbaceous Wetlands,10520,1989
MN,4000,2,Agassiz,95,Emergent Herbaceous Wetlands,7382,2024
WV,5840,312,Laurel_Fork_South,95,Emergent Herbaceous Wetlands,4,1989
CA,35738,520,San_Gabriel,95,Emergent Herbaceous Wetlands,21,2024
NH,35301,528,Sandwich_Range,95,Emergent Herbaceous Wetlands,23,2024
UT,76413,797,Mexican_Mountain,95,Emergent Herbaceous Wetlands,1,1989
CA,704624,662,Yosemite,95,Emergent Herbaceous Wetlands,13322,2024
IL,4050,140,Crab_Orchard,95,Emergent Herbaceous Wetlands,7,2024
CO,29027,377,Mount_Massive,95,Emergent Herbaceous Wetlands,1072,2024
AZ,87900,439,Paiute,95,Emergent Herbaceous Wetlands,15,1989
CA,12521,507,Russian,95,Emergent Herbaceous Wetlands,55,1989
CO,8801,89,Byers_Peak,95,Emergent Herbaceous Wetlands,29,2024
GA,3000,60,Blackbeard_Island,95,Emergent Herbaceous Wetlands,9217,2024
NM,559310,205,Gila,95,Emergent Herbaceous Wetlands,352,2024
MO,6691,156,Devils_Backbone,95,Emergent Herbaceous Wetlands,1,2024
FL,17350,574,St_Marks,95,Emergent Herbaceous Wetlands,59882,1989
CA,231619,12,Ansel_Adams,95,Emergent Herbaceous Wetlands,1114,1989
CA,56239,682,Yuki,95,Emergent Herbaceous Wetlands,5,2024
NC,8784,585,Swanquarter,95,Emergent Herbaceous Wetlands,27375,1989
GA,353981,426,Okefenokee,95,Emergent Herbaceous Wetlands,27624,2024
MI,3879,250,Horseshoe_Bay,95,Emergent Herbaceous Wetlands,1381,2024
CO,44345,534,Sarvis_Creek,95,Emergent Herbaceous Wetlands,2147,2024
CA,64041,155,Desolation,95,Emergent Herbaceous Wetlands,62,1989
CA,70206,570,South_Warner,95,Emergent Herbaceous Wetlands,33,1989
AZ,5633,13,Apache_Creek,95,Emergent Herbaceous Wetlands,1,1989
VT,6725,37,Big_Branch,95,Emergent Herbaceous Wetlands,10,1989
NV,78754,698,Mount_Grafton,95,Emergent Herbaceous Wetlands,43,2024
ID/OR,217747,239,Hells_Canyon_IDOR,95,Emergent Herbaceous Wetlands,127,2024
CA,76312,491,Resting_Spring_Range,95,Emergent Herbaceous Wetlands,136,1989
CO,126480,303,La_Garita,95,Emergent Herbaceous Wetlands,9412,2024
CA,28374,214,Granite_Chief,95,Emergent Herbaceous Wetlands,18,1989
OR,283818,602,Three_Sisters,95,Emergent Herbaceous Wetlands,1341,1989
UT,49130,802,Sids_Mountain,95,Emergent Herbaceous Wetlands,1,1989
AZ,250760,347,Mazatzal,95,Emergent Herbaceous Wetlands,406,1989
MT,242068,316,Lee_Metcalf,95,Emergent Herbaceous Wetlands,392,1989
CO,122453,248,Holy_Cross,95,Emergent Herbaceous Wetlands,2693,1989
NJ,6681,79,Brigantine,95,Emergent Herbaceous Wetlands,26407,1989
CA,27296,684,Cache_Creek,95,Emergent Herbaceous Wetlands,6,2024
NM,44372,759,Columbine_Hondo,95,Emergent Herbaceous Wetlands,6,1989
GA,5125,656,Wolf_Island,95,Emergent Herbaceous Wetlands,21026,1989
LA,3345,305,Lacassine,95,Emergent Herbaceous Wetlands,15006,2024
AZ,41143,509,Saddle_Mountain,95,Emergent Herbaceous Wetlands,1,2024
FL,2619,270,JN_Ding_Darling,95,Emergent Herbaceous Wetlands,7592,2024
CA,6287,685,Cedar_Roughs,95,Emergent Herbaceous Wetlands,9,2024
ID,89820,711,Bruneau_Jarbidge_Rivers,95,Emergent Herbaceous Wetlands,19,2024
MI,15237,588,Sylvania,95,Emergent Herbaceous Wetlands,356,1989
CO,37344,760,Hermosa_Creek,95,Emergent Herbaceous Wetlands,45,1989
NM,47035,109,Chama_River_Canyon,95,Emergent Herbaceous Wetlands,5,2024
WY,191914,129,Cloud_Peak,95,Emergent Herbaceous Wetlands,2415,2024
OR,355553,167,Eagle_Cap,95,Emergent Herbaceous Wetlands,1267,1989
WA,102919,241,Henry_M_Jackson,95,Emergent Herbaceous Wetlands,2,2024
CO,249126,745,Rocky_Mountain,95,Emergent Herbaceous Wetlands,18358,1989
CA,72192,463,Piper_Mountain,95,Emergent Herbaceous Wetlands,7,1989
AZ,18720,285,Kachina_Peaks,95,Emergent Herbaceous Wetlands,3,2024
OR,17176,218,Grassy_Knob,95,Emergent Herbaceous Wetlands,1,1989
CA,14698,735,Owens_River_Headwaters,95,Emergent Herbaceous Wetlands,187,2024
UT,10648,719,Cougar_Canyon,95,Emergent Herbaceous Wetlands,1,2024
NV,49151,761,Wovoka,95,Emergent Herbaceous Wetlands,11,1989
MI,11358,336,Mackinac,95,Emergent Herbaceous Wetlands,231,1989
MN,4000,2,Agassiz,95,Emergent Herbaceous Wetlands,7340,1989
MT,11366,350,Medicine_Lake,95,Emergent Herbaceous Wetlands,1371,1989
CO,17109,272,James_Peak,95,Emergent Herbaceous Wetlands,177,2024
CO,41281,86,Buffalo_Peaks,95,Emergent Herbaceous Wetlands,3828,1989
NM,5185,161,Dome,95,Emergent Herbaceous Wetlands,2,2024
IN,12472,112,Charles_C_Deam,95,Emergent Herbaceous Wetlands,62,2024
WY,10662,653,Winegar_Hole,95,Emergent Herbaceous Wetlands,1080,1989
CA,158147,102,Carson_Iceberg,95,Emergent Herbaceous Wetlands,1133,1989
FL,5,448,Pelican_Island,95,Emergent Herbaceous Wetlands,16,1989
CA,36981,397,Mt_Shasta,95,Emergent Herbaceous Wetlands,1,2024
CA,537357,611,Trinity_Alps,95,Emergent Herbaceous Wetlands,1217,1989
VT,22330,688,Glastenbury,95,Emergent Herbaceous Wetlands,15,2024
CA,25895,415,North_Algodones_Dunes,95,Emergent Herbaceous Wetlands,1,2024
ND,4155,113,Chase_Lake,95,Emergent Herbaceous Wetlands,61,2024
ME,4680,369,Moosehorn_Baring_Unit,95,Emergent Herbaceous Wetlands,267,1989
FL,23578,114,Chassahowitzka,95,Emergent Herbaceous Wetlands,43662,2024
AZ,19440,449,Peloncillo_Mountains,95,Emergent Herbaceous Wetlands,2,2024
OR,22614,201,Gearhart_Mountain,95,Emergent Herbaceous Wetlands,327,1989
CA,26839,738,Pleasant_View_Ridge,95,Emergent Herbaceous Wetlands,3,2024
CO,16486,384,Mount_Sneffels,95,Emergent Herbaceous Wetlands,43,2024
FL,8075,399,Mud_Swamp_New_River,95,Emergent Herbaceous Wetlands,96,2024
ID/MT,1347644,540,Selway_Bitterroot,95,Emergent Herbaceous Wetlands,184,2024
CO/UT,75479,58,Black_Ridge_Canyons,95,Emergent Herbaceous Wetlands,15,1989
AZ,15465,640,West_Clear_Creek,95,Emergent Herbaceous Wetlands,1,2024
NV,52618,172,East_Fork_High_Rock_Canyon,95,Emergent Herbaceous Wetlands,96,1989
WA,20784,258,Indian_Heaven,95,Emergent Herbaceous Wetlands,93,2024
CO,32643,221,Great_Sand_Dunes,95,Emergent Herbaceous Wetlands,42,1989
ID,90776,764,White_Clouds,95,Emergent Herbaceous Wetlands,26,1989
WY,346320,414,North_Absaroka,95,Emergent Herbaceous Wetlands,587,1989
LA,5000,75,Breton,95,Emergent Herbaceous Wetlands,7378,1989
FL,1066,308,Lake_Woodruff,95,Emergent Herbaceous Wetlands,60,1989
FL,2827,325,Little_Lake_George,95,Emergent Herbaceous Wetlands,11,1989
NH,24032,690,Wild_River,95,Emergent Herbaceous Wetlands,2,2024
WY,102620,470,Popo_Agie,95,Emergent Herbaceous Wetlands,599,1989
CA,38216,326,Little_Picacho,95,Emergent Herbaceous Wetlands,6,1989
MN,816244,70,Boundary_Waters_Canoe_Area,95,Emergent Herbaceous Wetlands,17446,2024
NV,32364,173,East_Humboldts,95,Emergent Herbaceous Wetlands,3,1989
CO,219891,529,Sangre_de_Cristo,95,Emergent Herbaceous Wetlands,1742,2024
GA,3000,60,Blackbeard_Island,95,Emergent Herbaceous Wetlands,9218,1989
UT,10518,386,Mount_Timpanogos,95,Emergent Herbaceous Wetlands,1,2024
CA,14740,101,Carrizo_Gorge,95,Emergent Herbaceous Wetlands,4,2024
AZ,8760,403,Needles_Eye,95,Emergent Herbaceous Wetlands,6,2024
OR,17173,357,Mill_Creek,95,Emergent Herbaceous Wetlands,136,1989
WA,119966,371,Mount_Baker,95,Emergent Herbaceous Wetlands,44,1989
NM,203548,4,Aldo_Leopold,95,Emergent Herbaceous Wetlands,25,2024
CA,219209,544,Sespe,95,Emergent Herbaceous Wetlands,210,1989
ME,2712,368,Moosehorn,95,Emergent Herbaceous Wetlands,285,1989
WA,414322,8,Alpine_Lakes,95,Emergent Herbaceous Wetlands,692,1989
FL,8075,399,Mud_Swamp_New_River,95,Emergent Herbaceous Wetlands,108,1989
AZ,32115,518,Salt_River_Canyon,95,Emergent Herbaceous Wetlands,11,2024
GA,9907,145,Cumberland_Island,95,Emergent Herbaceous Wetlands,1673,1989
CA,35738,520,San_Gabriel,95,Emergent Herbaceous Wetlands,1,1989
AZ,6819,372,Mount_Baldy,95,Emergent Herbaceous Wetlands,106,1989
UT,25078,154,Deseret_Peak,95,Emergent Herbaceous Wetlands,19,2024
CO,9927,405,Neota,95,Emergent Herbaceous Wetlands,495,2024
CA,27315,455,Phillip_Burton,95,Emergent Herbaceous Wetlands,1712,2024
MN,2180,593,Tamarac,95,Emergent Herbaceous Wetlands,1605,2024
NV,35581,9,AltaToquima,95,Emergent Herbaceous Wetlands,2,1989
CA,80090,770,Soda_Mountains,95,Emergent Herbaceous Wetlands,790,1989
ID,2358886,194,Frank_Church_River_of_No_Return,95,Emergent Herbaceous Wetlands,12416,1989
NV,56890,438,Pahute_Peak,95,Emergent Herbaceous Wetlands,1,2024
CO,41531,329,Lizard_Head,95,Emergent Herbaceous Wetlands,517,1989
CA,13260,457,Pine_Creek,95,Emergent Herbaceous Wetlands,21,1989
CO/UT,75479,58,Black_Ridge_Canyons,95,Emergent Herbaceous Wetlands,4,2024
NV,32072,532,Santa_Rosa_Paradise_Peak,95,Emergent Herbaceous Wetlands,4,2024
NC,9315,547,Sheep_Ridge,95,Emergent Herbaceous Wetlands,5,1989
ND,29920,598,Theodore_Roosevelt,95,Emergent Herbaceous Wetlands,1447,1989
LA,5000,75,Breton,95,Emergent Herbaceous Wetlands,6802,2024
MT,242068,316,Lee_Metcalf,95,Emergent Herbaceous Wetlands,383,2024
CA,133720,162,Domeland,95,Emergent Herbaceous Wetlands,492,1989
AZ,25457,104,Castle_Creek,95,Emergent Herbaceous Wetlands,3,2024
CA,128044,249,Hoover,95,Emergent Herbaceous Wetlands,994,2024
NV,121449,696,High_Schells,95,Emergent Herbaceous Wetlands,1,2024
IL,4739,124,Clear_Springs,95,Emergent Herbaceous Wetlands,1,2024
MS,4630,226,Gulf_Islands,95,Emergent Herbaceous Wetlands,7854,1989
CA,32186,522,San_Jacinto,95,Emergent Herbaceous Wetlands,31,1989
NM,29242,746,Sabinoso,95,Emergent Herbaceous Wetlands,12,2024
MT,1062694,64,Bob_Marshall,95,Emergent Herbaceous Wetlands,1327,1989
NM,23267,27,Bandelier,95,Emergent Herbaceous Wetlands,104,1989
CA,101574,521,San_Gorgonio,95,Emergent Herbaceous Wetlands,325,2024
CA,695200,362,Mojave,95,Emergent Herbaceous Wetlands,424,1989
OR,5792,164,Drift_Creek,95,Emergent Herbaceous Wetlands,1,1989
CO,114864,331,Lost_Creek,95,Emergent Herbaceous Wetlands,8097,1989
SD,64144,24,Badlands,95,Emergent Herbaceous Wetlands,14,2024
CA,12521,507,Russian,95,Emergent Herbaceous Wetlands,39,2024
CA,29207,345,Matilija,95,Emergent Herbaceous Wetlands,10,1989
NV,35581,9,AltaToquima,95,Emergent Herbaceous Wetlands,17,2024
MT,286659,219,Great_Bear,95,Emergent Herbaceous Wetlands,62,2024
ID,217511,536,Sawtooth,95,Emergent Herbaceous Wetlands,517,1989
MI,32557,758,Sleeping_Bear_Dunes,95,Emergent Herbaceous Wetlands,300,1989
ND,5577,332,Lostwood,95,Emergent Herbaceous Wetlands,2371,1989
OR,109098,375,Mount_Jefferson,95,Emergent Herbaceous Wetlands,58,1989
CA,39412,524,San_Mateo_Canyon,95,Emergent Herbaceous Wetlands,17,1989
AZ,12300,231,Hassayampa_River_Canyon,95,Emergent Herbaceous Wetlands,6,1989
NV,52618,172,East_Fork_High_Rock_Canyon,95,Emergent Herbaceous Wetlands,165,2024
WA,16297,597,The_Brothers,95,Emergent Herbaceous Wetlands,3,2024
CO,68025,133,Comanche_Peak,95,Emergent Herbaceous Wetlands,426,1989
CO,82496,252,Hunter_Fryingpan,95,Emergent Herbaceous Wetlands,4348,2024
MT,158712,10,Anaconda_Pintler,95,Emergent Herbaceous Wetlands,119,2024
CA,6919,232,Hauser,95,Emergent Herbaceous Wetlands,13,1989
NJ,6681,79,Brigantine,95,Emergent Herbaceous Wetlands,25350,2024
CA,15985,461,Hain,95,Emergent Herbaceous Wetlands,24,2024
CA,23578,84,Bucks_Lake,95,Emergent Herbaceous Wetlands,6,1989
CO,13000,624,Vasquez_Peak,95,Emergent Herbaceous Wetlands,398,1989
ID,217511,536,Sawtooth,95,Emergent Herbaceous Wetlands,601,2024
NV,32364,173,East_Humboldts,95,Emergent Herbaceous Wetlands,1,2024
WA,876447,428,Daniel_J_Evans,95,Emergent Herbaceous Wetlands,5519,1989
CO,29027,377,Mount_Massive,95,Emergent Herbaceous Wetlands,1045,1989
ND,29920,598,Theodore_Roosevelt,95,Emergent Herbaceous Wetlands,1630,2024
CA,595364,279,Joshua_Tree,95,Emergent Herbaceous Wetlands,252,1989
NV,33466,573,Spirit_Mountain,95,Emergent Herbaceous Wetlands,3,1989
NM,23267,27,Bandelier,95,Emergent Herbaceous Wetlands,94,2024
CA,72192,463,Piper_Mountain,95,Emergent Herbaceous Wetlands,35,2024
MT,1062694,64,Bob_Marshall,95,Emergent Herbaceous Wetlands,1579,2024
WI,22047,236,Headwaters,95,Emergent Herbaceous Wetlands,1065,1989
AZ,5633,13,Apache_Creek,95,Emergent Herbaceous Wetlands,1,2024
WI,33500,677,Gaylord_Nelson,95,Emergent Herbaceous Wetlands,104,1989
CA,6,703,Rocks_and_Islands,95,Emergent Herbaceous Wetlands,30,2024
AZ,20253,551,Sierra_Ancha,95,Emergent Herbaceous Wetlands,1,2024
CO,230829,186,Flat_Tops,95,Emergent Herbaceous Wetlands,20824,1989
NV,31223,396,Mt_Rose,95,Emergent Herbaceous Wetlands,10,2024
ID,50930,730,Little_Jacks_Creek,95,Emergent Herbaceous Wetlands,1,1989
NM,11656,678,Ojito,95,Emergent Herbaceous Wetlands,5,1989
WI,7135,480,Rainbow_Lake,95,Emergent Herbaceous Wetlands,4,1989
OH,77,643,West_Sister_Island,95,Emergent Herbaceous Wetlands,7,1989
OR,593,430,Oregon_Islands,95,Emergent Herbaceous Wetlands,355,1989
CA,230966,754,White_Mountains,95,Emergent Herbaceous Wetlands,51,2024
WY,346320,414,North_Absaroka,95,Emergent Herbaceous Wetlands,613,2024
ID,266390,736,Owyhee_River,95,Emergent Herbaceous Wetlands,5,2024
CA,38216,326,Little_Picacho,95,Emergent Herbaceous Wetlands,8,2024
NV,24783,481,Rainbow_Mountain,95,Emergent Herbaceous Wetlands,8,1989
WA,105543,704,Wild_Sky,95,Emergent Herbaceous Wetlands,18,2024
CA,112723,177,Emigrant,95,Emergent Herbaceous Wetlands,3423,2024
OR,30787,786,Devils_Staircase,95,Emergent Herbaceous Wetlands,13,1989
ID/OR,217747,239,Hells_Canyon_IDOR,95,Emergent Herbaceous Wetlands,177,1989
NH,35301,528,Sandwich_Range,95,Emergent Herbaceous Wetlands,23,1989
FL,14293,284,Juniper_Prairie,95,Emergent Herbaceous Wetlands,1932,1989
OR,283818,602,Three_Sisters,95,Emergent Herbaceous Wetlands,1255,2024
FL,13835,39,Big_Gum_Swamp,95,Emergent Herbaceous Wetlands,18,1989
NE,4635,190,Fort_Niobrara,95,Emergent Herbaceous Wetlands,110,1989
MI,15237,588,Sylvania,95,Emergent Herbaceous Wetlands,270,2024
AZ,6819,372,Mount_Baldy,95,Emergent Herbaceous Wetlands,107,2024
CA,23578,84,Bucks_Lake,95,Emergent Herbaceous Wetlands,17,2024
NM,20420,310,Latir_Peak,95,Emergent Herbaceous Wetlands,2,2024
NV,110471,274,Jarbidge,95,Emergent Herbaceous Wetlands,1,2024
MT,34304,483,Rattlesnake,95,Emergent Herbaceous Wetlands,29,1989
AZ,18720,285,Kachina_Peaks,95,Emergent Herbaceous Wetlands,2,1989
GA,5125,656,Wolf_Island,95,Emergent Herbaceous Wetlands,21080,2024
CO,219891,529,Sangre_de_Cristo,95,Emergent Herbaceous Wetlands,1973,1989
CO,32062,191,Fossil_Ridge,95,Emergent Herbaceous Wetlands,316,1989
WA,228480,382,Mount_Rainier,95,Emergent Herbaceous Wetlands,1207,1989
UT,142996,789,Desolation_Canyon,95,Emergent Herbaceous Wetlands,8,1989
CO,41531,329,Lizard_Head,95,Emergent Herbaceous Wetlands,524,2024
WY,102620,470,Popo_Agie,95,Emergent Herbaceous Wetlands,575,2024
CA,179847,557,Siskiyou,95,Emergent Herbaceous Wetlands,41,2024
CO,8801,89,Byers_Peak,95,Emergent Herbaceous Wetlands,30,1989
NY,1381,182,Otis_Pike_Fire_Island_High_Dune,95,Emergent Herbaceous Wetlands,2942,2024
WA,102919,241,Henry_M_Jackson,95,Emergent Herbaceous Wetlands,19,1989
WV,5840,312,Laurel_Fork_South,95,Emergent Herbaceous Wetlands,4,2024
AZ,129800,18,Arrastra_Mountain,95,Emergent Herbaceous Wetlands,95,2024
WA,13278,383,Mount_Skokomish,95,Emergent Herbaceous Wetlands,3,1989
SC,21700,134,Congaree,95,Emergent Herbaceous Wetlands,8,2024
MI,32557,758,Sleeping_Bear_Dunes,95,Emergent Herbaceous Wetlands,432,2024
OR,120694,418,North_Fork_John_Day,95,Emergent Herbaceous Wetlands,924,2024
WY,693934,632,Washakie,95,Emergent Herbaceous Wetlands,1893,1989
CA,27296,684,Cache_Creek,95,Emergent Herbaceous Wetlands,1,1989
OR,64742,374,Mount_Hood,95,Emergent Herbaceous Wetlands,29,2024
OR,170202,576,Steens_Mountain,95,Emergent Herbaceous Wetlands,299,2024
CA,10510,276,Jennie_Lakes,95,Emergent Herbaceous Wetlands,31,2024
CA,49296,136,Coso_Range,95,Emergent Herbaceous Wetlands,37,2024
OR,180103,287,Kalmiopsis,95,Emergent Herbaceous Wetlands,264,1989
CA,230966,754,White_Mountains,95,Emergent Herbaceous Wetlands,43,1989
CO,114864,331,Lost_Creek,95,Emergent Herbaceous Wetlands,8176,2024
NM,44372,759,Columbine_Hondo,95,Emergent Herbaceous Wetlands,9,2024
NV,32072,532,Santa_Rosa_Paradise_Peak,95,Emergent Herbaceous Wetlands,3,1989
FL,13835,39,Big_Gum_Swamp,95,Emergent Herbaceous Wetlands,13,2024
WY,198906,185,Fitzpatrick,95,Emergent Herbaceous Wetlands,75,2024
OR,36879,87,Bull_of_the_Woods,95,Emergent Herbaceous Wetlands,1,2024
AZ,26912,533,Santa_Teresa,95,Emergent Herbaceous Wetlands,8,1989
CA,537357,611,Trinity_Alps,95,Emergent Herbaceous Wetlands,1711,2024
CA,219209,544,Sespe,95,Emergent Herbaceous Wetlands,271,2024
WY,285619,224,Gros_Ventre,95,Emergent Herbaceous Wetlands,999,1989
CA/OR,20130,487,Red_Buttes,95,Emergent Herbaceous Wetlands,15,1989
CO,37344,760,Hermosa_Creek,95,Emergent Herbaceous Wetlands,44,2024
CA,199208,263,Inyo_Mountains,95,Emergent Herbaceous Wetlands,2,2024
CO,20847,406,Never_Summer,95,Emergent Herbaceous Wetlands,185,2024
CA,64041,155,Desolation,95,Emergent Herbaceous Wetlands,69,2024
CA,652903,278,John_Muir,95,Emergent Herbaceous Wetlands,6957,2024
CO,44345,534,Sarvis_Creek,95,Emergent Herbaceous Wetlands,1880,1989
TX,5536,612,Turkey_Hill,95,Emergent Herbaceous Wetlands,5,2024
CO,230829,186,Flat_Tops,95,Emergent Herbaceous Wetlands,21137,2024
NH,27605,474,Presidential_Range_Dry_River,95,Emergent Herbaceous Wetlands,9,2024
NV,49151,761,Wovoka,95,Emergent Herbaceous Wetlands,5,2024
NV,59107,245,High_Rock_Lake,95,Emergent Herbaceous Wetlands,949,1989
CA,42695,687,King_Range,95,Emergent Herbaceous Wetlands,113,1989
UT,16343,798,Middle_Wild_Horse_Mesa,95,Emergent Herbaceous Wetlands,2,1989
CA,595364,279,Joshua_Tree,95,Emergent Herbaceous Wetlands,5,2024
VT,18122,334,Lye_Brook,95,Emergent Herbaceous Wetlands,81,2024
WY,15284,535,Savage_Run,95,Emergent Herbaceous Wetlands,64,1989
NV,24015,762,Pine_Forest_Range,95,Emergent Herbaceous Wetlands,297,2024
NV,24249,671,White_Rock_Range,95,Emergent Herbaceous Wetlands,1,1989
FL,6197,188,Florida_Keys,95,Emergent Herbaceous Wetlands,8800,2024
UT,50216,459,Pine_Valley_Mountain,95,Emergent Herbaceous Wetlands,26,2024
CO,497111,637,Weminuche,95,Emergent Herbaceous Wetlands,24496,1989
CO,12615,476,Ptarmigan_Peak,95,Emergent Herbaceous Wetlands,110,2024
WY,584733,596,Teton,95,Emergent Herbaceous Wetlands,24272,2024
NY,1381,182,Otis_Pike_Fire_Island_High_Dune,95,Emergent Herbaceous Wetlands,3269,1989
FL,20,267,Island_Bay,95,Emergent Herbaceous Wetlands,91,2024
AZ,16400,586,Swansea,95,Emergent Herbaceous Wetlands,183,1989
AZ,27440,622,Upper_Burro_Creek,95,Emergent Herbaceous Wetlands,25,1989
OR,24707,748,Soda_Mountain,95,Emergent Herbaceous Wetlands,56,2024
VT,12336,689,Joseph_Battell,95,Emergent Herbaceous Wetlands,10,1989
NE,4635,190,Fort_Niobrara,95,Emergent Herbaceous Wetlands,119,2024
MT,20819,616,UL_Bend,95,Emergent Herbaceous Wetlands,166,2024
MI,11358,336,Mackinac,95,Emergent Herbaceous Wetlands,141,2024
AZ,56973,477,Pusch_Ridge,95,Emergent Herbaceous Wetlands,4,2024
MT,93272,91,Cabinet_Mountains,95,Emergent Herbaceous Wetlands,1,2024
CO,160997,568,South_San_Juan,95,Emergent Herbaceous Wetlands,31030,2024
ID,44027,733,North_Fork_Owyhee,95,Emergent Herbaceous Wetlands,107,2024
CA,33772,537,Sawtooth_Mountains,95,Emergent Herbaceous Wetlands,24,1989
CA,20839,98,Caribou,95,Emergent Herbaceous Wetlands,52,1989
NH,24032,690,Wild_River,95,Emergent Herbaceous Wetlands,2,1989
ID,90776,764,White_Clouds,95,Emergent Herbaceous Wetlands,25,2024
WA,876447,428,Daniel_J_Evans,95,Emergent Herbaceous Wetlands,8083,2024
NM,41305,525,San_Pedro_Parks,95,Emergent Herbaceous Wetlands,3419,1989
AZ/CA,17801,233,Havasu,95,Emergent Herbaceous Wetlands,2,1989
FL,14293,284,Juniper_Prairie,95,Emergent Herbaceous Wetlands,1269,2024
CO,160309,391,Mount_Zirkel,95,Emergent Herbaceous Wetlands,11211,1989
CA,60280,569,South_Sierra,95,Emergent Herbaceous Wetlands,2224,2024
AZ,10431,192,Fossil_Springs,95,Emergent Herbaceous Wetlands,1,2024
GA,9907,145,Cumberland_Island,95,Emergent Herbaceous Wetlands,1314,2024
CO,102209,618,Uncompahgre,95,Emergent Herbaceous Wetlands,2730,2024
CA,128044,249,Hoover,95,Emergent Herbaceous Wetlands,1024,1989
ID,116843,765,Jim_McClure_Jerry_Peak,95,Emergent Herbaceous Wetlands,3,2024
CA,191104,526,San_Rafael,95,Emergent Herbaceous Wetlands,233,1989
CO,64307,479,Raggeds,95,Emergent Herbaceous Wetlands,457,2024
AR,34933,85,Buffalo_National_River,95,Emergent Herbaceous Wetlands,161,1989
MT,259756,538,Scapegoat,95,Emergent Herbaceous Wetlands,83,1989
WA,228480,382,Mount_Rainier,95,Emergent Herbaceous Wetlands,1412,2024
CA,14740,101,Carrizo_Gorge,95,Emergent Herbaceous Wetlands,4,1989
AZ,60773,193,Four_Peaks,95,Emergent Herbaceous Wetlands,2,2024
NM,29242,746,Sabinoso,95,Emergent Herbaceous Wetlands,12,1989
TX,13248,620,Upland_Island,95,Emergent Herbaceous Wetlands,3,2024
CA,225114,340,Marble_Mountain,95,Emergent Herbaceous Wetlands,19,2024
MI,3879,250,Horseshoe_Bay,95,Emergent Herbaceous Wetlands,1410,1989
FL,2827,325,Little_Lake_George,95,Emergent Herbaceous Wetlands,43,2024
WI,7135,480,Rainbow_Lake,95,Emergent Herbaceous Wetlands,10,2024
CA,21986,286,Kaiser,95,Emergent Herbaceous Wetlands,53,2024
NV,43512,670,Parsnip_Peak,95,Emergent Herbaceous Wetlands,1,2024
NM,559310,205,Gila,95,Emergent Herbaceous Wetlands,423,1989
CA,191104,526,San_Rafael,95,Emergent Herbaceous Wetlands,246,2024
CA,80090,770,Soda_Mountains,95,Emergent Herbaceous Wetlands,712,2024
ID/MT,1347644,540,Selway_Bitterroot,95,Emergent Herbaceous Wetlands,153,1989
LA,3345,305,Lacassine,95,Emergent Herbaceous Wetlands,15097,1989
NV,121449,696,High_Schells,95,Emergent Herbaceous Wetlands,1,1989
ID,2358886,194,Frank_Church_River_of_No_Return,95,Emergent Herbaceous Wetlands,13188,2024
AZ,27440,622,Upper_Burro_Creek,95,Emergent Herbaceous Wetlands,17,2024
FL,1296500,341,Marjory_Stoneman_Douglas,95,Emergent Herbaceous Wetlands,2269011,2024
OR,13090,52,Black_Canyon_OR,95,Emergent Herbaceous Wetlands,2,2024
OR,180103,287,Kalmiopsis,95,Emergent Herbaceous Wetlands,283,2024
CO,82496,252,Hunter_Fryingpan,95,Emergent Herbaceous Wetlands,4292,1989
WA,566161,207,Glacier_Peak,95,Emergent Herbaceous Wetlands,1880,1989
MI,25150,542,Seney,95,Emergent Herbaceous Wetlands,28698,1989
UT,18216,722,Docs_Pass,95,Emergent Herbaceous Wetlands,4,2024
NM,19154,645,Wheeler_Peak,95,Emergent Herbaceous Wetlands,282,1989
CA,20839,98,Caribou,95,Emergent Herbaceous Wetlands,77,2024
MO,4236,500,Rockpile_Mountain,95,Emergent Herbaceous Wetlands,7,1989
NV,33466,573,Spirit_Mountain,95,Emergent Herbaceous Wetlands,1,2024
MT,34304,483,Rattlesnake,95,Emergent Herbaceous Wetlands,18,2024
WV,20705,434,Otter_Creek,95,Emergent Herbaceous Wetlands,12,2024
NV,78754,698,Mount_Grafton,95,Emergent Herbaceous Wetlands,12,1989
CO,13000,624,Vasquez_Peak,95,Emergent Herbaceous Wetlands,398,2024
CA/NV,3190455,151,Death_Valley,95,Emergent Herbaceous Wetlands,27422,2024
WA,3060,208,Glacier_View,95,Emergent Herbaceous Wetlands,21,1989
NV,314835,59,Black_Rock_Desert,95,Emergent Herbaceous Wetlands,498,1989
CO,66280,723,Dominguez_Canyon,95,Emergent Herbaceous Wetlands,2,2024
FL,17350,574,St_Marks,95,Emergent Herbaceous Wetlands,59704,2024
CA,768222,543,Sequoia_Kings_Canyon,95,Emergent Herbaceous Wetlands,9462,1989
WI,7270,647,Whisker_Lake,95,Emergent Herbaceous Wetlands,327,1989
OR,35749,502,Rogue_Umpqua_Divide,95,Emergent Herbaceous Wetlands,101,1989
CA,73868,435,Owens_Peak,95,Emergent Herbaceous Wetlands,163,2024
CA,36981,397,Mt_Shasta,95,Emergent Herbaceous Wetlands,4,1989
CA,236726,625,Ventana,95,Emergent Herbaceous Wetlands,236,2024
MI,11951,152,Delirium,95,Emergent Herbaceous Wetlands,541,2024
CA,30863,159,Dinkey_Lakes,95,Emergent Herbaceous Wetlands,1512,1989
WY,31057,255,Huston_Park,95,Emergent Herbaceous Wetlands,1843,1989
NM,19916,778,Organ_Mountains,95,Emergent Herbaceous Wetlands,210,2024
AZ,16009,107,Cedar_Bench,95,Emergent Herbaceous Wetlands,1,1989
OR,113571,558,Sky_Lakes,95,Emergent Herbaceous Wetlands,135,2024
CO,181973,344,Maroon_Bells_Snowmass,95,Emergent Herbaceous Wetlands,3178,2024
CA,86245,294,Kiavah,95,Emergent Herbaceous Wetlands,24,2024
WI,33500,677,Gaylord_Nelson,95,Emergent Herbaceous Wetlands,91,2024
CA,6287,685,Cedar_Roughs,95,Emergent Herbaceous Wetlands,7,1989
CA,6,703,Rocks_and_Islands,95,Emergent Herbaceous Wetlands,29,1989
NM,20420,310,Latir_Peak,95,Emergent Herbaceous Wetlands,1,1989
WV,17777,160,Dolly_Sods,95,Emergent Herbaceous Wetlands,801,1989
FL,379,108,Cedar_Keys,95,Emergent Herbaceous Wetlands,769,1989
AZ/CA,15056,257,Imperial_Refuge,95,Emergent Herbaceous Wetlands,34,1989
CA,29207,345,Matilija,95,Emergent Herbaceous Wetlands,57,2024
AZ,38470,486,Rawhide_Mountains,95,Emergent Herbaceous Wetlands,9,2024
CA,303713,210,Golden_Trout,95,Emergent Herbaceous Wetlands,9082,1989
AZ/CA,17801,233,Havasu,95,Emergent Herbaceous Wetlands,2,2024
ND,5577,332,Lostwood,95,Emergent Herbaceous Wetlands,2281,2024
CA,43182,546,Sheep_Mountain,95,Emergent Herbaceous Wetlands,1,1989
VT,4800,203,George_D_Aiken,95,Emergent Herbaceous Wetlands,146,2024
CA,252149,296,Kingston_Range,95,Emergent Herbaceous Wetlands,13,2024
NM,47035,109,Chama_River_Canyon,95,Emergent Herbaceous Wetlands,7,1989
WA,105543,704,Wild_Sky,95,Emergent Herbaceous Wetlands,41,1989
CA/OR,20130,487,Red_Buttes,95,Emergent Herbaceous Wetlands,15,2024
OR,35203,651,Wild_Rogue,95,Emergent Herbaceous Wetlands,155,1989
AZ,250760,347,Mazatzal,95,Emergent Herbaceous Wetlands,539,2024
MT,158712,10,Anaconda_Pintler,95,Emergent Herbaceous Wetlands,123,1989
NM,8120,784,Rio_San_Antonio,95,Emergent Herbaceous Wetlands,16,2024
CA,39740,728,John_Krebs,95,Emergent Herbaceous Wetlands,7,2024
LA,8701,297,Kisatchie_Hills,95,Emergent Herbaceous Wetlands,11,2024
NV,314835,59,Black_Rock_Desert,95,Emergent Herbaceous Wetlands,210,2024
AZ,26912,533,Santa_Teresa,95,Emergent Herbaceous Wetlands,32,2024
CO,160309,391,Mount_Zirkel,95,Emergent Herbaceous Wetlands,11453,2024
ID,205395,212,Gospel_Hump,95,Emergent Herbaceous Wetlands,234,1989
TX,12214,259,Indian_Mounds,95,Emergent Herbaceous Wetlands,119,1989
MI,16861,348,McCormick,95,Emergent Herbaceous Wetlands,66,2024
WA,168955,652,William_O_Douglas,95,Emergent Herbaceous Wetlands,977,1989
CA,50451,508,Sacatar_Trail,95,Emergent Herbaceous Wetlands,189,1989
VT,22330,688,Glastenbury,95,Emergent Herbaceous Wetlands,12,1989
IN,12472,112,Charles_C_Deam,95,Emergent Herbaceous Wetlands,53,1989
OR,30787,786,Devils_Staircase,95,Emergent Herbaceous Wetlands,11,2024
MI,11740,707,Beaver_Basin,95,Emergent Herbaceous Wetlands,59,1989
SC,29000,96,Cape_Romain,95,Emergent Herbaceous Wetlands,126298,1989
UT,453863,246,High_Uintas,95,Emergent Herbaceous Wetlands,11227,1989
WI,5912,61,Blackjack_Springs,95,Emergent Herbaceous Wetlands,173,2024
WY,693934,632,Washakie,95,Emergent Herbaceous Wetlands,1703,2024
ID,67993,763,Hemingway_Boulders,95,Emergent Herbaceous Wetlands,15,2024
ND,4155,113,Chase_Lake,95,Emergent Herbaceous Wetlands,1466,1989
MT,11366,350,Medicine_Lake,95,Emergent Herbaceous Wetlands,1294,2024
FL,23578,114,Chassahowitzka,95,Emergent Herbaceous Wetlands,44446,1989
WA,566161,207,Glacier_Peak,95,Emergent Herbaceous Wetlands,1819,2024
CO,77932,261,Indian_Peaks,95,Emergent Herbaceous Wetlands,527,1989
MI,16704,582,Sturgeon_River_Gorge,95,Emergent Herbaceous Wetlands,20,2024
CA,71275,158,Dick_Smith,95,Emergent Herbaceous Wetlands,10,2024
OR,13090,52,Black_Canyon_OR,95,Emergent Herbaceous Wetlands,1,1989
WA,451,633,Washington_Islands,95,Emergent Herbaceous Wetlands,77,2024
CA,76312,491,Resting_Spring_Range,95,Emergent Herbaceous Wetlands,265,2024
AZ,70905,511,Saguaro,95,Emergent Herbaceous Wetlands,5,1989
AZ/UT,110816,444,Paria_Canyon_Vermilion_Cliffs,95,Emergent Herbaceous Wetlands,80,2024
CA,199208,263,Inyo_Mountains,95,Emergent Herbaceous Wetlands,3,1989
UT,142996,789,Desolation_Canyon,95,Emergent Herbaceous Wetlands,8,2024
CA,44223,365,Monarch,95,Emergent Herbaceous Wetlands,1,1989
AZ,160164,583,Superstition,95,Emergent Herbaceous Wetlands,120,2024
CA,30863,159,Dinkey_Lakes,95,Emergent Herbaceous Wetlands,1113,2024
OR,29182,734,Oregon_Badlands,95,Emergent Herbaceous Wetlands,2,2024
NV,39631,264,Ireteba_Peaks,95,Emergent Herbaceous Wetlands,2,1989
CA,31415,554,Silver_Peak,95,Emergent Herbaceous Wetlands,18,1989
MA,3244,366,Monomoy,95,Emergent Herbaceous Wetlands,1438,1989
NV,88650,395,Mt_Moriah,95,Emergent Herbaceous Wetlands,7,2024
CA,231619,12,Ansel_Adams,95,Emergent Herbaceous Wetlands,1040,2024
CO,176431,641,West_Elk,95,Emergent Herbaceous Wetlands,446,1989
CA,33772,537,Sawtooth_Mountains,95,Emergent Herbaceous Wetlands,4,2024
WA,108020,209,Goat_Rocks,95,Emergent Herbaceous Wetlands,299,2024
NC,8784,585,Swanquarter,95,Emergent Herbaceous Wetlands,27075,2024
CA,106623,411,Nopah_Range,95,Emergent Herbaceous Wetlands,1968,1989
ID,89820,711,Bruneau_Jarbidge_Rivers,95,Emergent Herbaceous Wetlands,16,1989
MN,816244,70,Boundary_Waters_Canoe_Area,95,Emergent Herbaceous Wetlands,10751,1989
OR,62139,514,Salmon_Huckleberry,95,Emergent Herbaceous Wetlands,334,1989
AZ,16400,586,Swansea,95,Emergent Herbaceous Wetlands,14,2024
FL,1066,308,Lake_Woodruff,95,Emergent Herbaceous Wetlands,29,2024
WY,31057,255,Huston_Park,95,Emergent Herbaceous Wetlands,1850,2024
CO/WY,24051,465,Platte_River,95,Emergent Herbaceous Wetlands,8,1989
CO,135104,168,Eagles_Nest,95,Emergent Herbaceous Wetlands,2432,1989
FL,20,267,Island_Bay,95,Emergent Herbaceous Wetlands,85,1989
UT,54643,793,Labyrinth_Canyon,95,Emergent Herbaceous Wetlands,2,2024
CO,497111,637,Weminuche,95,Emergent Herbaceous Wetlands,25486,2024
CA,303713,210,Golden_Trout,95,Emergent Herbaceous Wetlands,7302,2024
OR,17173,357,Mill_Creek,95,Emergent Herbaceous Wetlands,141,2024
FL,5,448,Pelican_Island,95,Emergent Herbaceous Wetlands,15,2024
MT,286659,219,Great_Bear,95,Emergent Herbaceous Wetlands,70,1989
AZ,58448,587,Sycamore_Canyon,95,Emergent Herbaceous Wetlands,4,2024
AZ,19410,15,Aravaipa_Canyon,95,Emergent Herbaceous Wetlands,3,2024
CA,79061,309,Lassen_Volcanic,95,Emergent Herbaceous Wetlands,643,2024
NV,27502,19,Arrow_Canyon,95,Emergent Herbaceous Wetlands,1,1989
CA,133720,162,Domeland,95,Emergent Herbaceous Wetlands,544,2024
OR/WA,176737,638,Wenaha_Tucannon,95,Emergent Herbaceous Wetlands,10,2024
WA,52294,413,Norse_Peak,95,Emergent Herbaceous Wetlands,185,1989
MI,132018,268,Isle_Royale,95,Emergent Herbaceous Wetlands,2116,1989
OR,113571,558,Sky_Lakes,95,Emergent Herbaceous Wetlands,92,1989
CA,704624,662,Yosemite,95,Emergent Herbaceous Wetlands,13599,1989
VT,12336,689,Joseph_Battell,95,Emergent Herbaceous Wetlands,4,2024
MO,7730,359,Mingo,95,Emergent Herbaceous Wetlands,7880,2024
NV,120551,16,ArcDome,95,Emergent Herbaceous Wetlands,4,2024
FL,2619,270,JN_Ding_Darling,95,Emergent Herbaceous Wetlands,2662,1989
ID,12556,739,Pole_Creek,95,Emergent Herbaceous Wetlands,1,2024
ID,205395,212,Gospel_Hump,95,Emergent Herbaceous Wetlands,239,2024
WA,47123,370,Mount_Adams,95,Emergent Herbaceous Wetlands,149,1989
CA,18682,589,Sylvania_Mountains,95,Emergent Herbaceous Wetlands,52,2024
CA,31358,271,Jacumba,95,Emergent Herbaceous Wetlands,63,1989
UT,16343,798,Middle_Wild_Horse_Mesa,95,Emergent Herbaceous Wetlands,1,2024
WA,14616,125,Clearwater,95,Emergent Herbaceous Wetlands,1,1989
NV,7761,76,Bridge_Canyon,95,Emergent Herbaceous Wetlands,3,1989
AZ,32115,518,Salt_River_Canyon,95,Emergent Herbaceous Wetlands,38,1989
VT,7824,451,Peru_Peak,95,Emergent Herbaceous Wetlands,11,2024
NJ,3660,222,Great_Swamp,95,Emergent Herbaceous Wetlands,772,1989
MT,74524,360,Mission_Mountains,95,Emergent Herbaceous Wetlands,2,2024
MO,4236,500,Rockpile_Mountain,95,Emergent Herbaceous Wetlands,7,2024
CO,176431,641,West_Elk,95,Emergent Herbaceous Wetlands,488,2024
ID,116843,765,Jim_McClure_Jerry_Peak,95,Emergent Herbaceous Wetlands,2,1989
OR,5337,77,Bridge_Creek,95,Emergent Herbaceous Wetlands,12,1989
CO,17109,272,James_Peak,95,Emergent Herbaceous Wetlands,177,1989
WI,4074,471,Porcupine_Lake,95,Emergent Herbaceous Wetlands,31,1989
CA,28374,214,Granite_Chief,95,Emergent Herbaceous Wetlands,17,2024
MT,20819,616,UL_Bend,95,Emergent Herbaceous Wetlands,211,1989
CO,74408,485,Rawah,95,Emergent Herbaceous Wetlands,5451,2024
CO,23116,223,Greenhorn_Mountain,95,Emergent Herbaceous Wetlands,4,1989
CA,695200,362,Mojave,95,Emergent Herbaceous Wetlands,2387,2024
CA,768222,543,Sequoia_Kings_Canyon,95,Emergent Herbaceous Wetlands,8635,2024
OR,22614,201,Gearhart_Mountain,95,Emergent Herbaceous Wetlands,284,2024
FL,24222,72,Bradwell_Bay,95,Emergent Herbaceous Wetlands,867,2024
OH,77,643,West_Sister_Island,95,Emergent Herbaceous Wetlands,6,2024
OR,35749,502,Rogue_Umpqua_Divide,95,Emergent Herbaceous Wetlands,85,2024
WY,426751,78,Bridger,95,Emergent Herbaceous Wetlands,1661,1989
OR,355553,167,Eagle_Cap,95,Emergent Herbaceous Wetlands,1248,2024
CO,77932,261,Indian_Peaks,95,Emergent Herbaceous Wetlands,514,2024
WY,191914,129,Cloud_Peak,95,Emergent Herbaceous Wetlands,2412,1989
CO,62742,473,Powderhorn,95,Emergent Herbaceous Wetlands,3986,1989
NV,42544,694,Goshute_Canyon,95,Emergent Herbaceous Wetlands,1,2024
CA,104048,363,Mokelumne,95,Emergent Herbaceous Wetlands,443,2024
OR,120694,418,North_Fork_John_Day,95,Emergent Herbaceous Wetlands,861,1989
NV,52451,216,Grant_Range,95,Emergent Herbaceous Wetlands,1,2024
CA,112723,177,Emigrant,95,Emergent Herbaceous Wetlands,3451,1989
NV,51305,669,Weepah_Spring,95,Emergent Herbaceous Wetlands,4,1989
CA,101574,521,San_Gorgonio,95,Emergent Herbaceous Wetlands,93,1989
CA,13260,457,Pine_Creek,95,Emergent Herbaceous Wetlands,59,2024
CA,8191,80,Bright_Star,95,Emergent Herbaceous Wetlands,1,1989
CO,160997,568,South_San_Juan,95,Emergent Herbaceous Wetlands,30782,1989
NM,19154,645,Wheeler_Peak,95,Emergent Herbaceous Wetlands,292,2024
CO,249126,745,Rocky_Mountain,95,Emergent Herbaceous Wetlands,19421,2024
UT,18216,722,Docs_Pass,95,Emergent Herbaceous Wetlands,1,1989
NH,27605,474,Presidential_Range_Dry_River,95,Emergent Herbaceous Wetlands,13,1989
NV,7761,76,Bridge_Canyon,95,Emergent Herbaceous Wetlands,2,2024
WY,123896,275,Jedediah_Smith,95,Emergent Herbaceous Wetlands,179,1989
TX,13248,620,Upland_Island,95,Emergent Herbaceous Wetlands,2,1989
MA,3244,366,Monomoy,95,Emergent Herbaceous Wetlands,1436,2024
CO,165874,131,Collegiate_Peaks,95,Emergent Herbaceous Wetlands,9720,1989
CA,60280,569,South_Sierra,95,Emergent Herbaceous Wetlands,2741,1989
OR,64742,374,Mount_Hood,95,Emergent Herbaceous Wetlands,53,1989
OR,5337,77,Bridge_Creek,95,Emergent Herbaceous Wetlands,11,2024
CO,9927,405,Neota,95,Emergent Herbaceous Wetlands,494,1989
CO,66280,723,Dominguez_Canyon,95,Emergent Herbaceous Wetlands,2,1989
WI,7270,647,Whisker_Lake,95,Emergent Herbaceous Wetlands,377,2024
OR,20210,367,Monument_Rock,95,Emergent Herbaceous Wetlands,1,2024
CA,10510,276,Jennie_Lakes,95,Emergent Herbaceous Wetlands,55,1989