"wilderness_area","from_category","to_category","transition","pixels","percent_of_total"
"Absaroka_Beartooth",11,11,"11_to_11",30859,0.73
"Absaroka_Beartooth",11,22,"11_to_22",4,0
"Absaroka_Beartooth",11,31,"11_to_31",608,0.01
"Absaroka_Beartooth",11,42,"11_to_42",685,0.02
"Absaroka_Beartooth",11,52,"11_to_52",311,0.01
"Absaroka_Beartooth",11,71,"11_to_71",189,0
"Absaroka_Beartooth",11,90,"11_to_90",23,0
"Absaroka_Beartooth",11,95,"11_to_95",2,0
"Absaroka_Beartooth",12,12,"12_to_12",10076,0.24
"Absaroka_Beartooth",21,21,"21_to_21",289,0.01
"Absaroka_Beartooth",21,22,"21_to_22",56,0
"Absaroka_Beartooth",21,23,"21_to_23",14,0
"Absaroka_Beartooth",21,42,"21_to_42",3,0
"Absaroka_Beartooth",21,52,"21_to_52",25,0
"Absaroka_Beartooth",21,71,"21_to_71",18,0
"Absaroka_Beartooth",22,21,"22_to_21",47,0
"Absaroka_Beartooth",22,22,"22_to_22",1005,0.02
"Absaroka_Beartooth",22,23,"22_to_23",36,0
"Absaroka_Beartooth",22,42,"22_to_42",3,0
"Absaroka_Beartooth",22,52,"22_to_52",9,0
"Absaroka_Beartooth",23,21,"23_to_21",6,0
"Absaroka_Beartooth",23,22,"23_to_22",79,0
"Absaroka_Beartooth",23,23,"23_to_23",220,0.01
"Absaroka_Beartooth",23,24,"23_to_24",1,0
"Absaroka_Beartooth",23,42,"23_to_42",3,0
"Absaroka_Beartooth",23,52,"23_to_52",8,0
"Absaroka_Beartooth",24,23,"24_to_23",2,0
"Absaroka_Beartooth",24,24,"24_to_24",1,0
"Absaroka_Beartooth",31,11,"31_to_11",380,0.01
"Absaroka_Beartooth",31,21,"31_to_21",1,0
"Absaroka_Beartooth",31,24,"31_to_24",1,0
"Absaroka_Beartooth",31,31,"31_to_31",399848,9.42
"Absaroka_Beartooth",31,42,"31_to_42",1103,0.03
"Absaroka_Beartooth",31,52,"31_to_52",1422,0.03
"Absaroka_Beartooth",31,71,"31_to_71",1479,0.03
"Absaroka_Beartooth",41,41,"41_to_41",265,0.01
"Absaroka_Beartooth",41,42,"41_to_42",53,0
"Absaroka_Beartooth",41,52,"41_to_52",39,0
"Absaroka_Beartooth",41,71,"41_to_71",1,0
"Absaroka_Beartooth",41,90,"41_to_90",1,0
"Absaroka_Beartooth",42,11,"42_to_11",685,0.02
"Absaroka_Beartooth",42,21,"42_to_21",57,0
"Absaroka_Beartooth",42,22,"42_to_22",304,0.01
"Absaroka_Beartooth",42,23,"42_to_23",81,0
"Absaroka_Beartooth",42,24,"42_to_24",1,0
"Absaroka_Beartooth",42,31,"42_to_31",10405,0.25
"Absaroka_Beartooth",42,41,"42_to_41",21,0
"Absaroka_Beartooth",42,42,"42_to_42",1687899,39.77
"Absaroka_Beartooth",42,43,"42_to_43",5,0
"Absaroka_Beartooth",42,52,"42_to_52",184517,4.35
"Absaroka_Beartooth",42,71,"42_to_71",74767,1.76
"Absaroka_Beartooth",42,90,"42_to_90",362,0.01
"Absaroka_Beartooth",42,95,"42_to_95",15,0
"Absaroka_Beartooth",43,42,"43_to_42",3,0
"Absaroka_Beartooth",43,43,"43_to_43",35,0
"Absaroka_Beartooth",43,52,"43_to_52",12,0
"Absaroka_Beartooth",52,11,"52_to_11",185,0
"Absaroka_Beartooth",52,21,"52_to_21",149,0
"Absaroka_Beartooth",52,22,"52_to_22",190,0
"Absaroka_Beartooth",52,23,"52_to_23",65,0
"Absaroka_Beartooth",52,31,"52_to_31",14208,0.33
"Absaroka_Beartooth",52,41,"52_to_41",23,0
"Absaroka_Beartooth",52,42,"52_to_42",68601,1.62
"Absaroka_Beartooth",52,43,"52_to_43",20,0
"Absaroka_Beartooth",52,52,"52_to_52",1010492,23.81
"Absaroka_Beartooth",52,71,"52_to_71",8685,0.2
"Absaroka_Beartooth",52,81,"52_to_81",1,0
"Absaroka_Beartooth",52,90,"52_to_90",36,0
"Absaroka_Beartooth",52,95,"52_to_95",4,0
"Absaroka_Beartooth",71,11,"71_to_11",93,0
"Absaroka_Beartooth",71,21,"71_to_21",223,0.01
"Absaroka_Beartooth",71,22,"71_to_22",711,0.02
"Absaroka_Beartooth",71,23,"71_to_23",110,0
"Absaroka_Beartooth",71,31,"71_to_31",8041,0.19
"Absaroka_Beartooth",71,41,"71_to_41",36,0
"Absaroka_Beartooth",71,42,"71_to_42",65125,1.53
"Absaroka_Beartooth",71,43,"71_to_43",31,0
"Absaroka_Beartooth",71,52,"71_to_52",312577,7.37
"Absaroka_Beartooth",71,71,"71_to_71",319640,7.53
"Absaroka_Beartooth",71,81,"71_to_81",1,0
"Absaroka_Beartooth",71,90,"71_to_90",1550,0.04
"Absaroka_Beartooth",71,95,"71_to_95",30,0
"Absaroka_Beartooth",81,81,"81_to_81",45,0
"Absaroka_Beartooth",82,42,"82_to_42",1,0
"Absaroka_Beartooth",82,82,"82_to_82",1,0
"Absaroka_Beartooth",90,11,"90_to_11",12,0
"Absaroka_Beartooth",90,22,"90_to_22",8,0
"Absaroka_Beartooth",90,23,"90_to_23",8,0
"Absaroka_Beartooth",90,42,"90_to_42",83,0
"Absaroka_Beartooth",90,52,"90_to_52",39,0
"Absaroka_Beartooth",90,81,"90_to_81",2,0
"Absaroka_Beartooth",90,90,"90_to_90",18389,0.43
"Absaroka_Beartooth",90,95,"90_to_95",146,0
"Absaroka_Beartooth",95,11,"95_to_11",1,0
"Absaroka_Beartooth",95,22,"95_to_22",1,0
"Absaroka_Beartooth",95,23,"95_to_23",2,0
"Absaroka_Beartooth",95,42,"95_to_42",1,0
"Absaroka_Beartooth",95,52,"95_to_52",2,0
"Absaroka_Beartooth",95,90,"95_to_90",239,0.01
"Absaroka_Beartooth",95,95,"95_to_95",5737,0.14
"Aden_Lava_Flow",31,31,"31_to_31",35,0.03
"Aden_Lava_Flow",52,31,"52_to_31",1,0
"Aden_Lava_Flow",52,52,"52_to_52",136374,99.41
"Aden_Lava_Flow",52,71,"52_to_71",684,0.5
"Aden_Lava_Flow",71,31,"71_to_31",5,0
"Aden_Lava_Flow",71,52,"71_to_52",16,0.01
"Aden_Lava_Flow",71,71,"71_to_71",72,0.05
"Agassiz",11,11,"11_to_11",223,0.95
"Agassiz",11,90,"11_to_90",2,0.01
"Agassiz",11,95,"11_to_95",30,0.13
"Agassiz",21,21,"21_to_21",1,0
"Agassiz",90,11,"90_to_11",1,0
"Agassiz",90,21,"90_to_21",9,0.04
"Agassiz",90,22,"90_to_22",13,0.06
"Agassiz",90,90,"90_to_90",15372,65.18
"Agassiz",90,95,"90_to_95",640,2.71
"Agassiz",95,11,"95_to_11",13,0.06
"Agassiz",95,90,"95_to_90",616,2.61
"Agassiz",95,95,"95_to_95",6664,28.26
"Agua_Tibia",21,21,"21_to_21",12,0.01
"Agua_Tibia",21,22,"21_to_22",1,0
"Agua_Tibia",41,52,"41_to_52",3,0
"Agua_Tibia",42,21,"42_to_21",1,0
"Agua_Tibia",42,42,"42_to_42",7422,9.05
"Agua_Tibia",42,43,"42_to_43",2745,3.35
"Agua_Tibia",42,52,"42_to_52",7102,8.66
"Agua_Tibia",42,90,"42_to_90",20,0.02
"Agua_Tibia",43,42,"43_to_42",603,0.74
"Agua_Tibia",43,43,"43_to_43",7251,8.84
"Agua_Tibia",43,52,"43_to_52",16344,19.92
"Agua_Tibia",43,90,"43_to_90",25,0.03
"Agua_Tibia",52,21,"52_to_21",2,0
"Agua_Tibia",52,22,"52_to_22",1,0
"Agua_Tibia",52,42,"52_to_42",89,0.11
"Agua_Tibia",52,43,"52_to_43",1080,1.32
"Agua_Tibia",52,52,"52_to_52",31242,38.08
"Agua_Tibia",52,90,"52_to_90",9,0.01
"Agua_Tibia",71,42,"71_to_42",102,0.12
"Agua_Tibia",71,43,"71_to_43",905,1.1
"Agua_Tibia",71,52,"71_to_52",6905,8.42
"Agua_Tibia",71,71,"71_to_71",3,0
"Agua_Tibia",71,90,"71_to_90",8,0.01
"Agua_Tibia",90,43,"90_to_43",33,0.04
"Agua_Tibia",90,52,"90_to_52",34,0.04
"Agua_Tibia",90,90,"90_to_90",93,0.11
"Agua_Tibia",95,52,"95_to_52",2,0
"Agua_Tibia",95,90,"95_to_90",1,0
"Ah_shi_sle_pah",21,21,"21_to_21",5,0.02
"Ah_shi_sle_pah",31,31,"31_to_31",1791,5.42
"Ah_shi_sle_pah",31,52,"31_to_52",12,0.04
"Ah_shi_sle_pah",52,52,"52_to_52",31248,94.53
"Ah_shi_sle_pah",71,52,"71_to_52",1,0
"Aldo_Leopold",11,42,"11_to_42",2,0
"Aldo_Leopold",21,21,"21_to_21",208,0.02
"Aldo_Leopold",21,22,"21_to_22",20,0
"Aldo_Leopold",21,42,"21_to_42",4,0
"Aldo_Leopold",21,52,"21_to_52",2,0
"Aldo_Leopold",22,21,"22_to_21",20,0
"Aldo_Leopold",22,22,"22_to_22",519,0.06
"Aldo_Leopold",22,42,"22_to_42",1,0
"Aldo_Leopold",22,52,"22_to_52",1,0
"Aldo_Leopold",31,31,"31_to_31",13,0
"Aldo_Leopold",31,52,"31_to_52",6,0
"Aldo_Leopold",31,71,"31_to_71",1,0
"Aldo_Leopold",41,41,"41_to_41",628,0.07
"Aldo_Leopold",41,42,"41_to_42",546,0.06
"Aldo_Leopold",41,43,"41_to_43",2,0
"Aldo_Leopold",41,52,"41_to_52",9763,1.06
"Aldo_Leopold",41,71,"41_to_71",1944,0.21
"Aldo_Leopold",41,81,"41_to_81",12,0
"Aldo_Leopold",42,21,"42_to_21",446,0.05
"Aldo_Leopold",42,22,"42_to_22",663,0.07
"Aldo_Leopold",42,23,"42_to_23",84,0.01
"Aldo_Leopold",42,41,"42_to_41",437,0.05
"Aldo_Leopold",42,42,"42_to_42",345976,37.64
"Aldo_Leopold",42,43,"42_to_43",4,0
"Aldo_Leopold",42,52,"42_to_52",257736,28.04
"Aldo_Leopold",42,71,"42_to_71",225871,24.57
"Aldo_Leopold",42,81,"42_to_81",964,0.1
"Aldo_Leopold",42,90,"42_to_90",83,0.01
"Aldo_Leopold",42,95,"42_to_95",8,0
"Aldo_Leopold",43,41,"43_to_41",149,0.02
"Aldo_Leopold",43,42,"43_to_42",221,0.02
"Aldo_Leopold",43,43,"43_to_43",15,0
"Aldo_Leopold",43,52,"43_to_52",9858,1.07
"Aldo_Leopold",43,71,"43_to_71",4297,0.47
"Aldo_Leopold",43,81,"43_to_81",19,0
"Aldo_Leopold",43,95,"43_to_95",1,0
"Aldo_Leopold",52,21,"52_to_21",74,0.01
"Aldo_Leopold",52,22,"52_to_22",41,0
"Aldo_Leopold",52,41,"52_to_41",201,0.02
"Aldo_Leopold",52,42,"52_to_42",10329,1.12
"Aldo_Leopold",52,43,"52_to_43",3,0
"Aldo_Leopold",52,52,"52_to_52",37006,4.03
"Aldo_Leopold",52,71,"52_to_71",4832,0.53
"Aldo_Leopold",52,81,"52_to_81",45,0
"Aldo_Leopold",52,90,"52_to_90",1,0
"Aldo_Leopold",52,95,"52_to_95",10,0
"Aldo_Leopold",71,41,"71_to_41",27,0
"Aldo_Leopold",71,42,"71_to_42",1159,0.13
"Aldo_Leopold",71,52,"71_to_52",1812,0.2
"Aldo_Leopold",71,71,"71_to_71",2874,0.31
"Aldo_Leopold",71,81,"71_to_81",35,0
"Aldo_Leopold",81,42,"81_to_42",1,0
"Aldo_Leopold",81,52,"81_to_52",2,0
"Aldo_Leopold",81,71,"81_to_71",1,0
"Aldo_Leopold",81,81,"81_to_81",4,0
"Aldo_Leopold",90,42,"90_to_42",11,0
"Aldo_Leopold",90,52,"90_to_52",4,0
"Aldo_Leopold",90,71,"90_to_71",2,0
"Aldo_Leopold",90,90,"90_to_90",152,0.02
"Aldo_Leopold",90,95,"90_to_95",6,0
"Alexander_Springs",11,11,"11_to_11",1743,4.81
"Alexander_Springs",11,42,"11_to_42",35,0.1
"Alexander_Springs",11,71,"11_to_71",5,0.01
"Alexander_Springs",11,90,"11_to_90",46,0.13
"Alexander_Springs",11,95,"11_to_95",15,0.04
"Alexander_Springs",21,21,"21_to_21",157,0.43
"Alexander_Springs",21,22,"21_to_22",5,0.01
"Alexander_Springs",21,42,"21_to_42",20,0.06
"Alexander_Springs",21,52,"21_to_52",1,0
"Alexander_Springs",22,22,"22_to_22",38,0.1
"Alexander_Springs",42,11,"42_to_11",26,0.07
"Alexander_Springs",42,21,"42_to_21",51,0.14
"Alexander_Springs",42,22,"42_to_22",1,0
"Alexander_Springs",42,42,"42_to_42",8810,24.29
"Alexander_Springs",42,43,"42_to_43",2,0.01
"Alexander_Springs",42,52,"42_to_52",2121,5.85
"Alexander_Springs",42,71,"42_to_71",391,1.08
"Alexander_Springs",42,81,"42_to_81",442,1.22
"Alexander_Springs",42,82,"42_to_82",124,0.34
"Alexander_Springs",42,90,"42_to_90",37,0.1
"Alexander_Springs",71,11,"71_to_11",1,0
"Alexander_Springs",71,42,"71_to_42",1,0
"Alexander_Springs",71,71,"71_to_71",1,0
"Alexander_Springs",90,11,"90_to_11",56,0.15
"Alexander_Springs",90,42,"90_to_42",6,0.02
"Alexander_Springs",90,90,"90_to_90",21871,60.3
"Alexander_Springs",90,95,"90_to_95",93,0.26
"Alexander_Springs",95,11,"95_to_11",23,0.06
"Alexander_Springs",95,90,"95_to_90",72,0.2
"Alexander_Springs",95,95,"95_to_95",78,0.22
"Allegheny_Islands",11,11,"11_to_11",388,18.59
"Allegheny_Islands",11,41,"11_to_41",5,0.24
"Allegheny_Islands",11,71,"11_to_71",10,0.48
"Allegheny_Islands",11,90,"11_to_90",6,0.29
"Allegheny_Islands",11,95,"11_to_95",13,0.62
"Allegheny_Islands",21,21,"21_to_21",1,0.05
"Allegheny_Islands",41,11,"41_to_11",2,0.1
"Allegheny_Islands",41,41,"41_to_41",175,8.39
"Allegheny_Islands",41,71,"41_to_71",1,0.05
"Allegheny_Islands",71,41,"71_to_41",1,0.05
"Allegheny_Islands",71,71,"71_to_71",1,0.05
"Allegheny_Islands",81,81,"81_to_81",2,0.1
"Allegheny_Islands",90,11,"90_to_11",6,0.29
"Allegheny_Islands",90,41,"90_to_41",2,0.1
"Allegheny_Islands",90,81,"90_to_81",2,0.1
"Allegheny_Islands",90,90,"90_to_90",1294,62
"Allegheny_Islands",90,95,"90_to_95",2,0.1
"Allegheny_Islands",95,11,"95_to_11",22,1.05
"Allegheny_Islands",95,90,"95_to_90",5,0.24
"Allegheny_Islands",95,95,"95_to_95",149,7.14
"Alpine_Lakes",11,11,"11_to_11",24153,1.29
"Alpine_Lakes",11,31,"11_to_31",302,0.02
"Alpine_Lakes",11,42,"11_to_42",501,0.03
"Alpine_Lakes",11,43,"11_to_43",3,0
"Alpine_Lakes",11,52,"11_to_52",29,0
"Alpine_Lakes",11,71,"11_to_71",21,0
"Alpine_Lakes",11,90,"11_to_90",35,0
"Alpine_Lakes",11,95,"11_to_95",12,0
"Alpine_Lakes",12,12,"12_to_12",25918,1.38
"Alpine_Lakes",21,21,"21_to_21",566,0.03
"Alpine_Lakes",21,22,"21_to_22",51,0
"Alpine_Lakes",21,23,"21_to_23",10,0
"Alpine_Lakes",21,42,"21_to_42",21,0
"Alpine_Lakes",21,52,"21_to_52",2,0
"Alpine_Lakes",21,90,"21_to_90",1,0
"Alpine_Lakes",22,21,"22_to_21",23,0
"Alpine_Lakes",22,22,"22_to_22",261,0.01
"Alpine_Lakes",22,23,"22_to_23",20,0
"Alpine_Lakes",22,41,"22_to_41",1,0
"Alpine_Lakes",22,42,"22_to_42",1,0
"Alpine_Lakes",23,21,"23_to_21",4,0
"Alpine_Lakes",23,22,"23_to_22",9,0
"Alpine_Lakes",23,23,"23_to_23",37,0
"Alpine_Lakes",23,42,"23_to_42",1,0
"Alpine_Lakes",24,21,"24_to_21",1,0
"Alpine_Lakes",31,11,"31_to_11",325,0.02
"Alpine_Lakes",31,23,"31_to_23",1,0
"Alpine_Lakes",31,31,"31_to_31",170388,9.08
"Alpine_Lakes",31,41,"31_to_41",10,0
"Alpine_Lakes",31,42,"31_to_42",1332,0.07
"Alpine_Lakes",31,43,"31_to_43",2,0
"Alpine_Lakes",31,52,"31_to_52",496,0.03
"Alpine_Lakes",31,71,"31_to_71",576,0.03
"Alpine_Lakes",31,81,"31_to_81",1,0
"Alpine_Lakes",31,90,"31_to_90",1,0
"Alpine_Lakes",41,11,"41_to_11",1,0
"Alpine_Lakes",41,22,"41_to_22",4,0
"Alpine_Lakes",41,23,"41_to_23",2,0
"Alpine_Lakes",41,41,"41_to_41",100,0.01
"Alpine_Lakes",41,42,"41_to_42",5,0
"Alpine_Lakes",41,43,"41_to_43",7,0
"Alpine_Lakes",41,52,"41_to_52",3,0
"Alpine_Lakes",42,11,"42_to_11",992,0.05
"Alpine_Lakes",42,21,"42_to_21",118,0.01
"Alpine_Lakes",42,22,"42_to_22",44,0
"Alpine_Lakes",42,23,"42_to_23",18,0
"Alpine_Lakes",42,31,"42_to_31",6989,0.37
"Alpine_Lakes",42,41,"42_to_41",6,0
"Alpine_Lakes",42,42,"42_to_42",1221425,65.08
"Alpine_Lakes",42,43,"42_to_43",159,0.01
"Alpine_Lakes",42,52,"42_to_52",51763,2.76
"Alpine_Lakes",42,71,"42_to_71",21092,1.12
"Alpine_Lakes",42,81,"42_to_81",1,0
"Alpine_Lakes",42,82,"42_to_82",1,0
"Alpine_Lakes",42,90,"42_to_90",167,0.01
"Alpine_Lakes",43,11,"43_to_11",5,0
"Alpine_Lakes",43,21,"43_to_21",4,0
"Alpine_Lakes",43,22,"43_to_22",11,0
"Alpine_Lakes",43,23,"43_to_23",8,0
"Alpine_Lakes",43,41,"43_to_41",7,0
"Alpine_Lakes",43,42,"43_to_42",71,0
"Alpine_Lakes",43,43,"43_to_43",2128,0.11
"Alpine_Lakes",43,52,"43_to_52",5,0
"Alpine_Lakes",52,11,"52_to_11",15,0
"Alpine_Lakes",52,21,"52_to_21",48,0
"Alpine_Lakes",52,22,"52_to_22",33,0
"Alpine_Lakes",52,23,"52_to_23",10,0
"Alpine_Lakes",52,31,"52_to_31",1961,0.1
"Alpine_Lakes",52,41,"52_to_41",171,0.01
"Alpine_Lakes",52,42,"52_to_42",48286,2.57
"Alpine_Lakes",52,43,"52_to_43",231,0.01
"Alpine_Lakes",52,52,"52_to_52",242479,12.92
"Alpine_Lakes",52,71,"52_to_71",5555,0.3
"Alpine_Lakes",52,81,"52_to_81",7,0
"Alpine_Lakes",52,90,"52_to_90",13,0
"Alpine_Lakes",52,95,"52_to_95",2,0
"Alpine_Lakes",71,11,"71_to_11",5,0
"Alpine_Lakes",71,22,"71_to_22",3,0
"Alpine_Lakes",71,31,"71_to_31",722,0.04
"Alpine_Lakes",71,42,"71_to_42",1148,0.06
"Alpine_Lakes",71,52,"71_to_52",981,0.05
"Alpine_Lakes",71,71,"71_to_71",36658,1.95
"Alpine_Lakes",71,95,"71_to_95",1,0
"Alpine_Lakes",81,52,"81_to_52",12,0
"Alpine_Lakes",81,71,"81_to_71",4,0
"Alpine_Lakes",81,81,"81_to_81",4,0
"Alpine_Lakes",90,11,"90_to_11",11,0
"Alpine_Lakes",90,21,"90_to_21",1,0
"Alpine_Lakes",90,31,"90_to_31",2,0
"Alpine_Lakes",90,42,"90_to_42",52,0
"Alpine_Lakes",90,43,"90_to_43",2,0
"Alpine_Lakes",90,52,"90_to_52",12,0
"Alpine_Lakes",90,90,"90_to_90",7426,0.4
"Alpine_Lakes",90,95,"90_to_95",14,0
"Alpine_Lakes",95,11,"95_to_11",19,0
"Alpine_Lakes",95,52,"95_to_52",5,0
"Alpine_Lakes",95,90,"95_to_90",56,0
"Alpine_Lakes",95,95,"95_to_95",612,0.03
"AltaToquima",11,11,"11_to_11",1,0
"AltaToquima",12,12,"12_to_12",2,0
"AltaToquima",31,31,"31_to_31",4578,2.84
"AltaToquima",31,42,"31_to_42",87,0.05
"AltaToquima",31,52,"31_to_52",235,0.15
"AltaToquima",41,41,"41_to_41",6711,4.16
"AltaToquima",41,42,"41_to_42",368,0.23
"AltaToquima",41,52,"41_to_52",290,0.18
"AltaToquima",41,71,"41_to_71",1,0
"AltaToquima",41,90,"41_to_90",1,0
"AltaToquima",42,31,"42_to_31",201,0.12
"AltaToquima",42,41,"42_to_41",105,0.07
"AltaToquima",42,42,"42_to_42",65933,40.86
"AltaToquima",42,52,"42_to_52",432,0.27
"AltaToquima",42,90,"42_to_90",5,0
"AltaToquima",52,31,"52_to_31",835,0.52
"AltaToquima",52,41,"52_to_41",934,0.58
"AltaToquima",52,42,"52_to_42",17679,10.96
"AltaToquima",52,52,"52_to_52",62456,38.71
"AltaToquima",52,71,"52_to_71",45,0.03
"AltaToquima",52,90,"52_to_90",10,0.01
"AltaToquima",52,95,"52_to_95",17,0.01
"AltaToquima",71,31,"71_to_31",3,0
"AltaToquima",71,52,"71_to_52",178,0.11
"AltaToquima",71,71,"71_to_71",10,0.01
"AltaToquima",90,41,"90_to_41",3,0
"AltaToquima",90,42,"90_to_42",3,0
"AltaToquima",90,52,"90_to_52",1,0
"AltaToquima",90,90,"90_to_90",220,0.14
"AltaToquima",95,90,"95_to_90",2,0
"Anaconda_Pintler",11,11,"11_to_11",1715,0.24
"Anaconda_Pintler",11,31,"11_to_31",5,0
"Anaconda_Pintler",11,42,"11_to_42",73,0.01
"Anaconda_Pintler",11,52,"11_to_52",12,0
"Anaconda_Pintler",11,71,"11_to_71",22,0
"Anaconda_Pintler",11,90,"11_to_90",4,0
"Anaconda_Pintler",12,12,"12_to_12",552,0.08
"Anaconda_Pintler",21,21,"21_to_21",2,0
"Anaconda_Pintler",21,22,"21_to_22",1,0
"Anaconda_Pintler",21,71,"21_to_71",1,0
"Anaconda_Pintler",22,22,"22_to_22",5,0
"Anaconda_Pintler",31,11,"31_to_11",15,0
"Anaconda_Pintler",31,31,"31_to_31",45110,6.29
"Anaconda_Pintler",31,42,"31_to_42",464,0.06
"Anaconda_Pintler",31,52,"31_to_52",423,0.06
"Anaconda_Pintler",31,71,"31_to_71",225,0.03
"Anaconda_Pintler",41,52,"41_to_52",1,0
"Anaconda_Pintler",42,11,"42_to_11",31,0
"Anaconda_Pintler",42,21,"42_to_21",2,0
"Anaconda_Pintler",42,22,"42_to_22",17,0
"Anaconda_Pintler",42,31,"42_to_31",352,0.05
"Anaconda_Pintler",42,42,"42_to_42",394934,55.05
"Anaconda_Pintler",42,52,"42_to_52",146593,20.43
"Anaconda_Pintler",42,71,"42_to_71",51912,7.24
"Anaconda_Pintler",42,90,"42_to_90",13,0
"Anaconda_Pintler",43,43,"43_to_43",5,0
"Anaconda_Pintler",52,11,"52_to_11",4,0
"Anaconda_Pintler",52,21,"52_to_21",5,0
"Anaconda_Pintler",52,22,"52_to_22",3,0
"Anaconda_Pintler",52,31,"52_to_31",383,0.05
"Anaconda_Pintler",52,42,"52_to_42",9022,1.26
"Anaconda_Pintler",52,43,"52_to_43",11,0
"Anaconda_Pintler",52,52,"52_to_52",45403,6.33
"Anaconda_Pintler",52,71,"52_to_71",4333,0.6
"Anaconda_Pintler",52,90,"52_to_90",2,0
"Anaconda_Pintler",71,11,"71_to_11",1,0
"Anaconda_Pintler",71,22,"71_to_22",2,0
"Anaconda_Pintler",71,31,"71_to_31",96,0.01
"Anaconda_Pintler",71,42,"71_to_42",415,0.06
"Anaconda_Pintler",71,52,"71_to_52",791,0.11
"Anaconda_Pintler",71,71,"71_to_71",13517,1.88
"Anaconda_Pintler",81,81,"81_to_81",1,0
"Anaconda_Pintler",90,42,"90_to_42",13,0
"Anaconda_Pintler",90,90,"90_to_90",743,0.1
"Anaconda_Pintler",90,95,"90_to_95",15,0
"Anaconda_Pintler",95,90,"95_to_90",19,0
"Anaconda_Pintler",95,95,"95_to_95",104,0.01
"Ansel_Adams",11,11,"11_to_11",7479,0.71
"Ansel_Adams",11,31,"11_to_31",421,0.04
"Ansel_Adams",11,42,"11_to_42",124,0.01
"Ansel_Adams",11,52,"11_to_52",766,0.07
"Ansel_Adams",11,71,"11_to_71",50,0
"Ansel_Adams",11,90,"11_to_90",11,0
"Ansel_Adams",11,95,"11_to_95",1,0
"Ansel_Adams",12,12,"12_to_12",3206,0.31
"Ansel_Adams",21,21,"21_to_21",183,0.02
"Ansel_Adams",21,42,"21_to_42",37,0
"Ansel_Adams",21,52,"21_to_52",17,0
"Ansel_Adams",21,71,"21_to_71",10,0
"Ansel_Adams",22,22,"22_to_22",349,0.03
"Ansel_Adams",22,23,"22_to_23",9,0
"Ansel_Adams",22,42,"22_to_42",4,0
"Ansel_Adams",22,52,"22_to_52",4,0
"Ansel_Adams",23,23,"23_to_23",16,0
"Ansel_Adams",23,71,"23_to_71",1,0
"Ansel_Adams",31,11,"31_to_11",24,0
"Ansel_Adams",31,23,"31_to_23",3,0
"Ansel_Adams",31,24,"31_to_24",1,0
"Ansel_Adams",31,31,"31_to_31",160488,15.31
"Ansel_Adams",31,42,"31_to_42",262,0.02
"Ansel_Adams",31,52,"31_to_52",3457,0.33
"Ansel_Adams",31,71,"31_to_71",242,0.02
"Ansel_Adams",41,41,"41_to_41",1446,0.14
"Ansel_Adams",41,42,"41_to_42",150,0.01
"Ansel_Adams",41,52,"41_to_52",432,0.04
"Ansel_Adams",41,71,"41_to_71",4,0
"Ansel_Adams",42,11,"42_to_11",47,0
"Ansel_Adams",42,21,"42_to_21",93,0.01
"Ansel_Adams",42,22,"42_to_22",45,0
"Ansel_Adams",42,23,"42_to_23",1,0
"Ansel_Adams",42,31,"42_to_31",213,0.02
"Ansel_Adams",42,41,"42_to_41",118,0.01
"Ansel_Adams",42,42,"42_to_42",240792,22.97
"Ansel_Adams",42,52,"42_to_52",109769,10.47
"Ansel_Adams",42,71,"42_to_71",70857,6.76
"Ansel_Adams",42,90,"42_to_90",483,0.05
"Ansel_Adams",42,95,"42_to_95",51,0
"Ansel_Adams",52,11,"52_to_11",67,0.01
"Ansel_Adams",52,21,"52_to_21",169,0.02
"Ansel_Adams",52,22,"52_to_22",141,0.01
"Ansel_Adams",52,23,"52_to_23",6,0
"Ansel_Adams",52,31,"52_to_31",5197,0.5
"Ansel_Adams",52,41,"52_to_41",1072,0.1
"Ansel_Adams",52,42,"52_to_42",18515,1.77
"Ansel_Adams",52,52,"52_to_52",370568,35.35
"Ansel_Adams",52,71,"52_to_71",41451,3.95
"Ansel_Adams",52,90,"52_to_90",194,0.02
"Ansel_Adams",52,95,"52_to_95",25,0
"Ansel_Adams",71,21,"71_to_21",1,0
"Ansel_Adams",71,22,"71_to_22",1,0
"Ansel_Adams",71,31,"71_to_31",197,0.02
"Ansel_Adams",71,42,"71_to_42",119,0.01
"Ansel_Adams",71,52,"71_to_52",729,0.07
"Ansel_Adams",71,71,"71_to_71",1278,0.12
"Ansel_Adams",90,11,"90_to_11",2,0
"Ansel_Adams",90,22,"90_to_22",1,0
"Ansel_Adams",90,41,"90_to_41",3,0
"Ansel_Adams",90,42,"90_to_42",238,0.02
"Ansel_Adams",90,52,"90_to_52",94,0.01
"Ansel_Adams",90,71,"90_to_71",12,0
"Ansel_Adams",90,90,"90_to_90",5471,0.52
"Ansel_Adams",90,95,"90_to_95",72,0.01
"Ansel_Adams",95,52,"95_to_52",1,0
"Ansel_Adams",95,90,"95_to_90",225,0.02
"Ansel_Adams",95,95,"95_to_95",893,0.09
"Apache_Creek",21,21,"21_to_21",54,0.21
"Apache_Creek",42,42,"42_to_42",20862,80.37
"Apache_Creek",42,52,"42_to_52",17,0.07
"Apache_Creek",52,21,"52_to_21",5,0.02
"Apache_Creek",52,42,"52_to_42",126,0.49
"Apache_Creek",52,52,"52_to_52",4885,18.82
"Apache_Creek",90,90,"90_to_90",9,0.03
"Apache_Creek",95,95,"95_to_95",1,0
"Apache_Kid",21,21,"21_to_21",1,0
"Apache_Kid",22,22,"22_to_22",17,0.01
"Apache_Kid",31,31,"31_to_31",55,0.03
"Apache_Kid",31,42,"31_to_42",2,0
"Apache_Kid",31,52,"31_to_52",30,0.01
"Apache_Kid",41,41,"41_to_41",1,0
"Apache_Kid",41,42,"41_to_42",20,0.01
"Apache_Kid",41,52,"41_to_52",22,0.01
"Apache_Kid",41,71,"41_to_71",9,0
"Apache_Kid",42,21,"42_to_21",7,0
"Apache_Kid",42,22,"42_to_22",48,0.02
"Apache_Kid",42,23,"42_to_23",3,0
"Apache_Kid",42,41,"42_to_41",50,0.02
"Apache_Kid",42,42,"42_to_42",150072,74.11
"Apache_Kid",42,52,"42_to_52",30193,14.91
"Apache_Kid",42,71,"42_to_71",2172,1.07
"Apache_Kid",42,81,"42_to_81",7,0
"Apache_Kid",42,90,"42_to_90",8,0
"Apache_Kid",43,42,"43_to_42",606,0.3
"Apache_Kid",43,43,"43_to_43",160,0.08
"Apache_Kid",43,52,"43_to_52",733,0.36
"Apache_Kid",43,71,"43_to_71",172,0.08
"Apache_Kid",52,21,"52_to_21",3,0
"Apache_Kid",52,42,"52_to_42",2127,1.05
"Apache_Kid",52,43,"52_to_43",1,0
"Apache_Kid",52,52,"52_to_52",15806,7.81
"Apache_Kid",52,71,"52_to_71",123,0.06
"Apache_Kid",52,81,"52_to_81",4,0
"Apache_Kid",71,42,"71_to_42",8,0
"Apache_Kid",71,52,"71_to_52",2,0
"Apache_Kid",90,90,"90_to_90",43,0.02
"Aravaipa_Canyon",21,21,"21_to_21",12,0.01
"Aravaipa_Canyon",31,31,"31_to_31",2,0
"Aravaipa_Canyon",31,52,"31_to_52",3,0
"Aravaipa_Canyon",42,42,"42_to_42",4,0
"Aravaipa_Canyon",52,21,"52_to_21",2,0
"Aravaipa_Canyon",52,42,"52_to_42",2,0
"Aravaipa_Canyon",52,52,"52_to_52",91390,98.1
"Aravaipa_Canyon",52,71,"52_to_71",246,0.26
"Aravaipa_Canyon",52,90,"52_to_90",11,0.01
"Aravaipa_Canyon",90,52,"90_to_52",4,0
"Aravaipa_Canyon",90,90,"90_to_90",1480,1.59
"Aravaipa_Canyon",95,52,"95_to_52",3,0
"Aravaipa_Canyon",95,95,"95_to_95",3,0
"ArcDome",21,21,"21_to_21",1,0
"ArcDome",21,52,"21_to_52",1,0
"ArcDome",22,21,"22_to_21",3,0
"ArcDome",22,22,"22_to_22",50,0.01
"ArcDome",22,52,"22_to_52",1,0
"ArcDome",23,23,"23_to_23",1,0
"ArcDome",31,31,"31_to_31",3705,0.68
"ArcDome",31,42,"31_to_42",69,0.01
"ArcDome",31,52,"31_to_52",308,0.06
"ArcDome",31,71,"31_to_71",1,0
"ArcDome",41,41,"41_to_41",12172,2.24
"ArcDome",41,42,"41_to_42",2171,0.4
"ArcDome",41,52,"41_to_52",2854,0.52
"ArcDome",41,71,"41_to_71",8,0
"ArcDome",41,90,"41_to_90",7,0
"ArcDome",42,22,"42_to_22",8,0
"ArcDome",42,31,"42_to_31",170,0.03
"ArcDome",42,41,"42_to_41",385,0.07
"ArcDome",42,42,"42_to_42",148853,27.38
"ArcDome",42,52,"42_to_52",10042,1.85
"ArcDome",42,71,"42_to_71",1256,0.23
"ArcDome",52,21,"52_to_21",5,0
"ArcDome",52,22,"52_to_22",19,0
"ArcDome",52,31,"52_to_31",1002,0.18
"ArcDome",52,41,"52_to_41",5558,1.02
"ArcDome",52,42,"52_to_42",74497,13.7
"ArcDome",52,52,"52_to_52",277482,51.04
"ArcDome",52,71,"52_to_71",457,0.08
"ArcDome",52,90,"52_to_90",15,0
"ArcDome",52,95,"52_to_95",4,0
"ArcDome",71,31,"71_to_31",2,0
"ArcDome",71,41,"71_to_41",4,0
"ArcDome",71,42,"71_to_42",7,0
"ArcDome",71,52,"71_to_52",189,0.03
"ArcDome",71,71,"71_to_71",2,0
"ArcDome",90,41,"90_to_41",4,0
"ArcDome",90,42,"90_to_42",17,0
"ArcDome",90,52,"90_to_52",4,0
"ArcDome",90,90,"90_to_90",2311,0.43
"Argus_Range",22,22,"22_to_22",73,0.02
"Argus_Range",31,31,"31_to_31",2090,0.69
"Argus_Range",31,52,"31_to_52",232,0.08
"Argus_Range",42,42,"42_to_42",8,0
"Argus_Range",52,22,"52_to_22",3,0
"Argus_Range",52,31,"52_to_31",150,0.05
"Argus_Range",52,42,"52_to_42",2,0
"Argus_Range",52,52,"52_to_52",300468,99.15
"Argus_Range",52,71,"52_to_71",1,0
"Argus_Range",90,52,"90_to_52",1,0
"Argus_Range",90,90,"90_to_90",7,0
"Arrastra_Mountain",11,90,"11_to_90",4,0
"Arrastra_Mountain",22,22,"22_to_22",2,0
"Arrastra_Mountain",23,23,"23_to_23",1,0
"Arrastra_Mountain",31,31,"31_to_31",93,0.02
"Arrastra_Mountain",31,52,"31_to_52",2,0
"Arrastra_Mountain",41,52,"41_to_52",1,0
"Arrastra_Mountain",42,52,"42_to_52",1,0
"Arrastra_Mountain",43,52,"43_to_52",14,0
"Arrastra_Mountain",52,23,"52_to_23",1,0
"Arrastra_Mountain",52,31,"52_to_31",256,0.04
"Arrastra_Mountain",52,41,"52_to_41",13,0
"Arrastra_Mountain",52,43,"52_to_43",2,0
"Arrastra_Mountain",52,52,"52_to_52",579620,98.8
"Arrastra_Mountain",52,82,"52_to_82",10,0
"Arrastra_Mountain",52,90,"52_to_90",224,0.04
"Arrastra_Mountain",52,95,"52_to_95",17,0
"Arrastra_Mountain",81,52,"81_to_52",11,0
"Arrastra_Mountain",82,52,"82_to_52",9,0
"Arrastra_Mountain",90,31,"90_to_31",8,0
"Arrastra_Mountain",90,43,"90_to_43",1,0
"Arrastra_Mountain",90,52,"90_to_52",314,0.05
"Arrastra_Mountain",90,82,"90_to_82",1,0
"Arrastra_Mountain",90,90,"90_to_90",5881,1
"Arrastra_Mountain",90,95,"90_to_95",66,0.01
"Arrastra_Mountain",95,52,"95_to_52",3,0
"Arrastra_Mountain",95,90,"95_to_90",116,0.02
"Arrastra_Mountain",95,95,"95_to_95",12,0
"Arrow_Canyon",22,22,"22_to_22",68,0.05
"Arrow_Canyon",22,23,"22_to_23",2,0
"Arrow_Canyon",23,23,"23_to_23",42,0.03
"Arrow_Canyon",31,31,"31_to_31",788,0.63
"Arrow_Canyon",31,52,"31_to_52",151,0.12
"Arrow_Canyon",31,71,"31_to_71",78,0.06
"Arrow_Canyon",52,22,"52_to_22",7,0.01
"Arrow_Canyon",52,23,"52_to_23",19,0.02
"Arrow_Canyon",52,31,"52_to_31",60,0.05
"Arrow_Canyon",52,52,"52_to_52",123024,98.18
"Arrow_Canyon",52,71,"52_to_71",409,0.33
"Arrow_Canyon",71,31,"71_to_31",1,0
"Arrow_Canyon",71,52,"71_to_52",11,0.01
"Arrow_Canyon",71,71,"71_to_71",626,0.5
"Arrow_Canyon",90,90,"90_to_90",18,0.01
"Arrow_Canyon",95,90,"95_to_90",1,0
"AshdownGorge",21,21,"21_to_21",291,0.89
"AshdownGorge",21,22,"21_to_22",5,0.02
"AshdownGorge",22,21,"22_to_21",28,0.09
"AshdownGorge",22,22,"22_to_22",318,0.97
"AshdownGorge",23,22,"23_to_22",7,0.02
"AshdownGorge",23,23,"23_to_23",2,0.01
"AshdownGorge",31,31,"31_to_31",1037,3.17
"AshdownGorge",31,42,"31_to_42",5,0.02
"AshdownGorge",31,52,"31_to_52",22,0.07
"AshdownGorge",31,71,"31_to_71",3,0.01
"AshdownGorge",41,41,"41_to_41",714,2.18
"AshdownGorge",41,42,"41_to_42",122,0.37
"AshdownGorge",41,43,"41_to_43",9,0.03
"AshdownGorge",42,21,"42_to_21",14,0.04
"AshdownGorge",42,22,"42_to_22",4,0.01
"AshdownGorge",42,31,"42_to_31",6,0.02
"AshdownGorge",42,41,"42_to_41",2,0.01
"AshdownGorge",42,42,"42_to_42",27079,82.79
"AshdownGorge",42,43,"42_to_43",4,0.01
"AshdownGorge",42,52,"42_to_52",44,0.13
"AshdownGorge",42,71,"42_to_71",1,0
"AshdownGorge",43,42,"43_to_42",93,0.28
"AshdownGorge",43,43,"43_to_43",505,1.54
"AshdownGorge",52,21,"52_to_21",8,0.02
"AshdownGorge",52,22,"52_to_22",2,0.01
"AshdownGorge",52,31,"52_to_31",104,0.32
"AshdownGorge",52,41,"52_to_41",78,0.24
"AshdownGorge",52,42,"52_to_42",361,1.1
"AshdownGorge",52,52,"52_to_52",1753,5.36
"AshdownGorge",52,71,"52_to_71",8,0.02
"AshdownGorge",71,31,"71_to_31",20,0.06
"AshdownGorge",71,52,"71_to_52",6,0.02
"AshdownGorge",71,71,"71_to_71",53,0.16
"Aubrey_Peak",31,31,"31_to_31",33,0.05
"Aubrey_Peak",31,52,"31_to_52",4,0.01
"Aubrey_Peak",52,31,"52_to_31",2,0
"Aubrey_Peak",52,52,"52_to_52",67468,99.93
"Aubrey_Peak",71,52,"71_to_52",11,0.02
"AvawatzMountains",22,22,"22_to_22",17,0
"AvawatzMountains",23,23,"23_to_23",2,0
"AvawatzMountains",31,31,"31_to_31",35024,8.11
"AvawatzMountains",31,52,"31_to_52",4343,1.01
"AvawatzMountains",52,22,"52_to_22",21,0
"AvawatzMountains",52,31,"52_to_31",5546,1.28
"AvawatzMountains",52,52,"52_to_52",386920,89.59
"AvawatzMountains",90,90,"90_to_90",1,0
"Baboquivari_Peak",21,21,"21_to_21",1,0.01
"Baboquivari_Peak",22,22,"22_to_22",2,0.02
"Baboquivari_Peak",42,42,"42_to_42",1385,14.2
"Baboquivari_Peak",42,43,"42_to_43",1,0.01
"Baboquivari_Peak",42,52,"42_to_52",1923,19.72
"Baboquivari_Peak",42,71,"42_to_71",116,1.19
"Baboquivari_Peak",43,52,"43_to_52",2,0.02
"Baboquivari_Peak",52,42,"52_to_42",252,2.58
"Baboquivari_Peak",52,52,"52_to_52",5085,52.14
"Baboquivari_Peak",52,71,"52_to_71",984,10.09
"Baboquivari_Peak",71,71,"71_to_71",1,0.01
"Badger_Creek",11,11,"11_to_11",209,0.16
"Badger_Creek",11,42,"11_to_42",9,0.01
"Badger_Creek",21,21,"21_to_21",293,0.22
"Badger_Creek",21,42,"21_to_42",13,0.01
"Badger_Creek",22,21,"22_to_21",4,0
"Badger_Creek",22,22,"22_to_22",72,0.05
"Badger_Creek",22,42,"22_to_42",1,0
"Badger_Creek",31,31,"31_to_31",10,0.01
"Badger_Creek",42,11,"42_to_11",1,0
"Badger_Creek",42,21,"42_to_21",32,0.02
"Badger_Creek",42,22,"42_to_22",1,0
"Badger_Creek",42,31,"42_to_31",3,0
"Badger_Creek",42,42,"42_to_42",122101,92.04
"Badger_Creek",42,52,"42_to_52",2299,1.73
"Badger_Creek",42,71,"42_to_71",3,0
"Badger_Creek",42,81,"42_to_81",1,0
"Badger_Creek",52,21,"52_to_21",35,0.03
"Badger_Creek",52,22,"52_to_22",4,0
"Badger_Creek",52,31,"52_to_31",2,0
"Badger_Creek",52,42,"52_to_42",1192,0.9
"Badger_Creek",52,52,"52_to_52",5836,4.4
"Badger_Creek",52,71,"52_to_71",73,0.06
"Badger_Creek",71,21,"71_to_21",4,0
"Badger_Creek",71,31,"71_to_31",2,0
"Badger_Creek",71,42,"71_to_42",97,0.07
"Badger_Creek",71,52,"71_to_52",13,0.01
"Badger_Creek",71,71,"71_to_71",324,0.24
"Badger_Creek",90,42,"90_to_42",2,0
"Badger_Creek",90,90,"90_to_90",19,0.01
"Badlands",21,21,"21_to_21",19,0.01
"Badlands",21,22,"21_to_22",40,0.01
"Badlands",22,22,"22_to_22",91,0.03
"Badlands",23,22,"23_to_22",3,0
"Badlands",31,22,"31_to_22",4,0
"Badlands",31,31,"31_to_31",167711,59.88
"Badlands",31,52,"31_to_52",4,0
"Badlands",31,71,"31_to_71",4425,1.58
"Badlands",42,42,"42_to_42",38,0.01
"Badlands",43,42,"43_to_42",8,0
"Badlands",43,43,"43_to_43",143,0.05
"Badlands",43,71,"43_to_71",1,0
"Badlands",52,41,"52_to_41",1,0
"Badlands",52,42,"52_to_42",12,0
"Badlands",52,43,"52_to_43",5,0
"Badlands",52,52,"52_to_52",1913,0.68
"Badlands",52,71,"52_to_71",661,0.24
"Badlands",52,81,"52_to_81",1,0
"Badlands",71,21,"71_to_21",5,0
"Badlands",71,22,"71_to_22",31,0.01
"Badlands",71,23,"71_to_23",1,0
"Badlands",71,31,"71_to_31",1272,0.45
"Badlands",71,42,"71_to_42",24,0.01
"Badlands",71,43,"71_to_43",40,0.01
"Badlands",71,52,"71_to_52",214,0.08
"Badlands",71,71,"71_to_71",103249,36.87
"Badlands",71,81,"71_to_81",4,0
"Badlands",71,82,"71_to_82",3,0
"Badlands",71,95,"71_to_95",3,0
"Badlands",81,71,"81_to_71",8,0
"Badlands",81,81,"81_to_81",54,0.02
"Badlands",82,22,"82_to_22",1,0
"Badlands",82,71,"82_to_71",20,0.01
"Badlands",82,81,"82_to_81",1,0
"Badlands",82,82,"82_to_82",42,0.01
"Badlands",90,90,"90_to_90",6,0
"Badlands",95,95,"95_to_95",11,0
"Bald_Knob",11,41,"11_to_41",2,0.01
"Bald_Knob",21,21,"21_to_21",173,0.65
"Bald_Knob",21,22,"21_to_22",16,0.06
"Bald_Knob",21,41,"21_to_41",14,0.05
"Bald_Knob",21,95,"21_to_95",2,0.01
"Bald_Knob",22,22,"22_to_22",3,0.01
"Bald_Knob",41,21,"41_to_21",2,0.01
"Bald_Knob",41,41,"41_to_41",26187,97.66
"Bald_Knob",41,52,"41_to_52",4,0.01
"Bald_Knob",41,71,"41_to_71",2,0.01
"Bald_Knob",41,81,"41_to_81",2,0.01
"Bald_Knob",41,82,"41_to_82",4,0.01
"Bald_Knob",41,95,"41_to_95",1,0
"Bald_Knob",42,42,"42_to_42",79,0.29
"Bald_Knob",42,43,"42_to_43",2,0.01
"Bald_Knob",43,41,"43_to_41",1,0
"Bald_Knob",43,43,"43_to_43",283,1.06
"Bald_Knob",52,41,"52_to_41",4,0.01
"Bald_Knob",81,21,"81_to_21",2,0.01
"Bald_Knob",81,41,"81_to_41",1,0
"Bald_Knob",81,81,"81_to_81",17,0.06
"Bald_Knob",82,81,"82_to_81",8,0.03
"Bald_Knob",82,82,"82_to_82",1,0
"Bald_Knob",90,90,"90_to_90",4,0.01
"Bald_Mountain",22,22,"22_to_22",105,0.1
"Bald_Mountain",23,23,"23_to_23",10,0.01
"Bald_Mountain",42,21,"42_to_21",7,0.01
"Bald_Mountain",42,22,"42_to_22",4,0
"Bald_Mountain",42,42,"42_to_42",64515,63.1
"Bald_Mountain",42,52,"42_to_52",2437,2.38
"Bald_Mountain",42,71,"42_to_71",1507,1.47
"Bald_Mountain",52,21,"52_to_21",15,0.01
"Bald_Mountain",52,22,"52_to_22",7,0.01
"Bald_Mountain",52,41,"52_to_41",1,0
"Bald_Mountain",52,42,"52_to_42",10056,9.84
"Bald_Mountain",52,52,"52_to_52",23252,22.74
"Bald_Mountain",52,71,"52_to_71",329,0.32
"Bald_River_Gorge",21,21,"21_to_21",48,0.27
"Bald_River_Gorge",22,22,"22_to_22",4,0.02
"Bald_River_Gorge",41,41,"41_to_41",6080,34.65
"Bald_River_Gorge",41,43,"41_to_43",167,0.95
"Bald_River_Gorge",42,21,"42_to_21",1,0.01
"Bald_River_Gorge",42,41,"42_to_41",7,0.04
"Bald_River_Gorge",42,42,"42_to_42",563,3.21
"Bald_River_Gorge",42,43,"42_to_43",419,2.39
"Bald_River_Gorge",43,21,"43_to_21",5,0.03
"Bald_River_Gorge",43,41,"43_to_41",265,1.51
"Bald_River_Gorge",43,42,"43_to_42",16,0.09
"Bald_River_Gorge",43,43,"43_to_43",9973,56.83
"Bald_River_Gorge",43,81,"43_to_81",1,0.01
"Bandelier",11,11,"11_to_11",23,0.02
"Bandelier",11,52,"11_to_52",1,0
"Bandelier",21,21,"21_to_21",1,0
"Bandelier",21,22,"21_to_22",1,0
"Bandelier",21,52,"21_to_52",20,0.02
"Bandelier",22,22,"22_to_22",155,0.14
"Bandelier",22,52,"22_to_52",1,0
"Bandelier",23,22,"23_to_22",2,0
"Bandelier",23,23,"23_to_23",4,0
"Bandelier",41,41,"41_to_41",7,0.01
"Bandelier",41,52,"41_to_52",207,0.18
"Bandelier",41,71,"41_to_71",3,0
"Bandelier",42,21,"42_to_21",6,0.01
"Bandelier",42,22,"42_to_22",125,0.11
"Bandelier",42,23,"42_to_23",29,0.03
"Bandelier",42,41,"42_to_41",12,0.01
"Bandelier",42,42,"42_to_42",16487,14.68
"Bandelier",42,43,"42_to_43",1,0
"Bandelier",42,52,"42_to_52",28139,25.06
"Bandelier",42,71,"42_to_71",427,0.38
"Bandelier",42,81,"42_to_81",10,0.01
"Bandelier",42,90,"42_to_90",3,0
"Bandelier",42,95,"42_to_95",1,0
"Bandelier",43,42,"43_to_42",9,0.01
"Bandelier",43,43,"43_to_43",9,0.01
"Bandelier",43,52,"43_to_52",101,0.09
"Bandelier",52,11,"52_to_11",13,0.01
"Bandelier",52,22,"52_to_22",20,0.02
"Bandelier",52,42,"52_to_42",757,0.67
"Bandelier",52,52,"52_to_52",64436,57.39
"Bandelier",52,71,"52_to_71",903,0.8
"Bandelier",52,81,"52_to_81",8,0.01
"Bandelier",71,42,"71_to_42",4,0
"Bandelier",71,52,"71_to_52",31,0.03
"Bandelier",81,52,"81_to_52",33,0.03
"Bandelier",81,81,"81_to_81",1,0
"Bandelier",90,11,"90_to_11",2,0
"Bandelier",90,52,"90_to_52",7,0.01
"Bandelier",90,90,"90_to_90",159,0.14
"Bandelier",90,95,"90_to_95",13,0.01
"Bandelier",95,11,"95_to_11",1,0
"Bandelier",95,52,"95_to_52",4,0
"Bandelier",95,90,"95_to_90",19,0.02
"Bandelier",95,95,"95_to_95",80,0.07
"Barbours_Creek",21,21,"21_to_21",448,1.77
"Barbours_Creek",21,41,"21_to_41",20,0.08
"Barbours_Creek",31,41,"31_to_41",1,0
"Barbours_Creek",41,41,"41_to_41",24115,95.01
"Barbours_Creek",41,43,"41_to_43",105,0.41
"Barbours_Creek",41,71,"41_to_71",1,0
"Barbours_Creek",43,41,"43_to_41",201,0.79
"Barbours_Creek",43,43,"43_to_43",491,1.93
"Bay_Creek",21,21,"21_to_21",131,1.02
"Bay_Creek",21,22,"21_to_22",1,0.01
"Bay_Creek",22,22,"22_to_22",17,0.13
"Bay_Creek",41,41,"41_to_41",9116,71.3
"Bay_Creek",41,43,"41_to_43",25,0.2
"Bay_Creek",42,42,"42_to_42",2093,16.37
"Bay_Creek",42,43,"42_to_43",17,0.13
"Bay_Creek",43,41,"43_to_41",5,0.04
"Bay_Creek",43,42,"43_to_42",14,0.11
"Bay_Creek",43,43,"43_to_43",1325,10.36
"Bay_Creek",81,81,"81_to_81",25,0.2
"Bay_Creek",82,21,"82_to_21",2,0.02
"Bay_Creek",82,41,"82_to_41",2,0.02
"Bay_Creek",82,81,"82_to_81",6,0.05
"Bay_Creek",82,82,"82_to_82",6,0.05
"Bear_Wallow",21,21,"21_to_21",6,0.01
"Bear_Wallow",21,22,"21_to_22",1,0
"Bear_Wallow",21,42,"21_to_42",2,0
"Bear_Wallow",21,52,"21_to_52",34,0.07
"Bear_Wallow",22,22,"22_to_22",6,0.01
"Bear_Wallow",22,52,"22_to_52",2,0
"Bear_Wallow",41,41,"41_to_41",6,0.01
"Bear_Wallow",41,42,"41_to_42",556,1.08
"Bear_Wallow",41,52,"41_to_52",229,0.45
"Bear_Wallow",42,41,"42_to_41",8,0.02
"Bear_Wallow",42,42,"42_to_42",25858,50.26
"Bear_Wallow",42,43,"42_to_43",1,0
"Bear_Wallow",42,52,"42_to_52",22536,43.81
"Bear_Wallow",42,71,"42_to_71",81,0.16
"Bear_Wallow",43,41,"43_to_41",12,0.02
"Bear_Wallow",43,42,"43_to_42",88,0.17
"Bear_Wallow",43,52,"43_to_52",1865,3.63
"Bear_Wallow",43,71,"43_to_71",1,0
"Bear_Wallow",52,21,"52_to_21",1,0
"Bear_Wallow",52,42,"52_to_42",63,0.12
"Bear_Wallow",52,52,"52_to_52",82,0.16
"Bear_Wallow",71,42,"71_to_42",1,0
"Bear_Wallow",71,52,"71_to_52",5,0.01
"Beartown",41,41,"41_to_41",19500,75.48
"Beartown",41,43,"41_to_43",28,0.11
"Beartown",41,71,"41_to_71",4,0.02
"Beartown",42,42,"42_to_42",180,0.7
"Beartown",43,41,"43_to_41",9,0.03
"Beartown",43,42,"43_to_42",2,0.01
"Beartown",43,43,"43_to_43",6018,23.29
"Beartown",90,90,"90_to_90",94,0.36
"Beartrap_Canyon",41,41,"41_to_41",5,2.36
"Beartrap_Canyon",41,42,"41_to_42",1,0.47
"Beartrap_Canyon",42,41,"42_to_41",4,1.89
"Beartrap_Canyon",42,42,"42_to_42",164,77.36
"Beartrap_Canyon",52,42,"52_to_42",4,1.89
"Beartrap_Canyon",52,52,"52_to_52",34,16.04
"Beauty_Mountain",21,21,"21_to_21",43,0.06
"Beauty_Mountain",42,42,"42_to_42",534,0.74
"Beauty_Mountain",42,43,"42_to_43",221,0.31
"Beauty_Mountain",42,52,"42_to_52",617,0.85
"Beauty_Mountain",42,71,"42_to_71",62,0.09
"Beauty_Mountain",43,42,"43_to_42",238,0.33
"Beauty_Mountain",43,43,"43_to_43",1504,2.08
"Beauty_Mountain",43,52,"43_to_52",4672,6.47
"Beauty_Mountain",43,71,"43_to_71",1014,1.4
"Beauty_Mountain",52,42,"52_to_42",3,0
"Beauty_Mountain",52,43,"52_to_43",36,0.05
"Beauty_Mountain",52,52,"52_to_52",57229,79.21
"Beauty_Mountain",52,71,"52_to_71",5938,8.22
"Beauty_Mountain",71,52,"71_to_52",61,0.08
"Beauty_Mountain",71,71,"71_to_71",76,0.11
"Beauty_Mountain",90,90,"90_to_90",2,0
"Beaver_Basin",11,11,"11_to_11",4279,7.95
"Beaver_Basin",11,31,"11_to_31",31,0.06
"Beaver_Basin",11,41,"11_to_41",1,0
"Beaver_Basin",11,42,"11_to_42",8,0.01
"Beaver_Basin",11,43,"11_to_43",6,0.01
"Beaver_Basin",11,71,"11_to_71",8,0.01
"Beaver_Basin",11,90,"11_to_90",39,0.07
"Beaver_Basin",11,95,"11_to_95",13,0.02
"Beaver_Basin",21,21,"21_to_21",1,0
"Beaver_Basin",31,11,"31_to_11",102,0.19
"Beaver_Basin",31,22,"31_to_22",1,0
"Beaver_Basin",31,23,"31_to_23",2,0
"Beaver_Basin",31,31,"31_to_31",589,1.09
"Beaver_Basin",31,42,"31_to_42",4,0.01
"Beaver_Basin",31,90,"31_to_90",4,0.01
"Beaver_Basin",31,95,"31_to_95",1,0
"Beaver_Basin",41,21,"41_to_21",3,0.01
"Beaver_Basin",41,41,"41_to_41",24632,45.76
"Beaver_Basin",41,42,"41_to_42",2,0
"Beaver_Basin",41,43,"41_to_43",955,1.77
"Beaver_Basin",41,71,"41_to_71",18,0.03
"Beaver_Basin",41,90,"41_to_90",22,0.04
"Beaver_Basin",42,11,"42_to_11",6,0.01
"Beaver_Basin",42,31,"42_to_31",2,0
"Beaver_Basin",42,41,"42_to_41",1,0
"Beaver_Basin",42,42,"42_to_42",4502,8.36
"Beaver_Basin",42,43,"42_to_43",3,0.01
"Beaver_Basin",42,71,"42_to_71",4,0.01
"Beaver_Basin",42,90,"42_to_90",1,0
"Beaver_Basin",43,11,"43_to_11",7,0.01
"Beaver_Basin",43,21,"43_to_21",1,0
"Beaver_Basin",43,31,"43_to_31",1,0
"Beaver_Basin",43,41,"43_to_41",229,0.43
"Beaver_Basin",43,42,"43_to_42",169,0.31
"Beaver_Basin",43,43,"43_to_43",5724,10.63
"Beaver_Basin",43,71,"43_to_71",22,0.04
"Beaver_Basin",43,90,"43_to_90",79,0.15
"Beaver_Basin",52,41,"52_to_41",58,0.11
"Beaver_Basin",52,42,"52_to_42",24,0.04
"Beaver_Basin",52,52,"52_to_52",1,0
"Beaver_Basin",71,11,"71_to_11",1,0
"Beaver_Basin",71,41,"71_to_41",3,0.01
"Beaver_Basin",90,11,"90_to_11",14,0.03
"Beaver_Basin",90,41,"90_to_41",11,0.02
"Beaver_Basin",90,42,"90_to_42",4,0.01
"Beaver_Basin",90,43,"90_to_43",30,0.06
"Beaver_Basin",90,90,"90_to_90",12152,22.57
"Beaver_Basin",90,95,"90_to_95",2,0
"Beaver_Basin",95,11,"95_to_11",5,0.01
"Beaver_Basin",95,90,"95_to_90",20,0.04
"Beaver_Basin",95,95,"95_to_95",34,0.06
"Beaver_Creek",11,11,"11_to_11",5,0.02
"Beaver_Creek",11,41,"11_to_41",14,0.06
"Beaver_Creek",11,71,"11_to_71",1,0
"Beaver_Creek",21,21,"21_to_21",35,0.14
"Beaver_Creek",41,41,"41_to_41",5591,22.65
"Beaver_Creek",41,42,"41_to_42",2,0.01
"Beaver_Creek",41,43,"41_to_43",316,1.28
"Beaver_Creek",41,71,"41_to_71",1,0
"Beaver_Creek",42,41,"42_to_41",14,0.06
"Beaver_Creek",42,42,"42_to_42",34,0.14
"Beaver_Creek",42,43,"42_to_43",117,0.47
"Beaver_Creek",43,21,"43_to_21",2,0.01
"Beaver_Creek",43,41,"43_to_41",204,0.83
"Beaver_Creek",43,43,"43_to_43",18279,74.04
"Beaver_Creek",52,42,"52_to_42",1,0
"Beaver_Creek",71,41,"71_to_41",3,0.01
"Beaver_Creek",71,42,"71_to_42",13,0.05
"Beaver_Creek",71,43,"71_to_43",53,0.21
"Beaver_Creek",71,71,"71_to_71",1,0
"Beaver_Creek",81,81,"81_to_81",2,0.01
"Beaver_Dam_Mountains",11,52,"11_to_52",5,0.01
"Beaver_Dam_Mountains",11,90,"11_to_90",6,0.01
"Beaver_Dam_Mountains",31,31,"31_to_31",1681,2
"Beaver_Dam_Mountains",31,52,"31_to_52",3,0
"Beaver_Dam_Mountains",52,21,"52_to_21",3,0
"Beaver_Dam_Mountains",52,31,"52_to_31",9,0.01
"Beaver_Dam_Mountains",52,52,"52_to_52",79291,94.56
"Beaver_Dam_Mountains",52,71,"52_to_71",1012,1.21
"Beaver_Dam_Mountains",52,90,"52_to_90",7,0.01
"Beaver_Dam_Mountains",71,52,"71_to_52",45,0.05
"Beaver_Dam_Mountains",71,71,"71_to_71",1207,1.44
"Beaver_Dam_Mountains",90,90,"90_to_90",532,0.63
"Beaver_Dam_Mountains",90,95,"90_to_95",2,0
"Beaver_Dam_Mountains",95,52,"95_to_52",7,0.01
"Beaver_Dam_Mountains",95,90,"95_to_90",14,0.02
"Beaver_Dam_Mountains",95,95,"95_to_95",26,0.03
"Becky_Peak",41,41,"41_to_41",1,0
"Becky_Peak",42,21,"42_to_21",1,0
"Becky_Peak",42,22,"42_to_22",3,0
"Becky_Peak",42,42,"42_to_42",53007,63.69
"Becky_Peak",42,52,"42_to_52",792,0.95
"Becky_Peak",42,71,"42_to_71",4552,5.47
"Becky_Peak",52,21,"52_to_21",3,0
"Becky_Peak",52,41,"52_to_41",2,0
"Becky_Peak",52,42,"52_to_42",4900,5.89
"Becky_Peak",52,52,"52_to_52",19308,23.2
"Becky_Peak",52,71,"52_to_71",657,0.79
"Bell_Mountain",21,21,"21_to_21",244,0.58
"Bell_Mountain",21,41,"21_to_41",7,0.02
"Bell_Mountain",31,21,"31_to_21",1,0
"Bell_Mountain",31,31,"31_to_31",13,0.03
"Bell_Mountain",31,41,"31_to_41",12,0.03
"Bell_Mountain",31,43,"31_to_43",3,0.01
"Bell_Mountain",31,52,"31_to_52",3,0.01
"Bell_Mountain",41,21,"41_to_21",71,0.17
"Bell_Mountain",41,41,"41_to_41",40483,96.1
"Bell_Mountain",41,42,"41_to_42",7,0.02
"Bell_Mountain",41,43,"41_to_43",392,0.93
"Bell_Mountain",42,41,"42_to_41",14,0.03
"Bell_Mountain",42,42,"42_to_42",108,0.26
"Bell_Mountain",42,43,"42_to_43",3,0.01
"Bell_Mountain",43,41,"43_to_41",39,0.09
"Bell_Mountain",43,42,"43_to_42",22,0.05
"Bell_Mountain",43,43,"43_to_43",549,1.3
"Bell_Mountain",52,21,"52_to_21",1,0
"Bell_Mountain",52,41,"52_to_41",40,0.09
"Bell_Mountain",52,43,"52_to_43",1,0
"Bell_Mountain",52,52,"52_to_52",1,0
"Bell_Mountain",71,21,"71_to_21",5,0.01
"Bell_Mountain",71,41,"71_to_41",90,0.21
"Bell_Mountain",71,71,"71_to_71",17,0.04
"Big_Branch",21,21,"21_to_21",103,0.33
"Big_Branch",21,22,"21_to_22",3,0.01
"Big_Branch",21,31,"21_to_31",2,0.01
"Big_Branch",21,41,"21_to_41",1,0
"Big_Branch",21,43,"21_to_43",1,0
"Big_Branch",21,71,"21_to_71",1,0
"Big_Branch",22,22,"22_to_22",2,0.01
"Big_Branch",41,21,"41_to_21",1,0
"Big_Branch",41,31,"41_to_31",8,0.03
"Big_Branch",41,41,"41_to_41",21089,68.43
"Big_Branch",41,43,"41_to_43",14,0.05
"Big_Branch",42,11,"42_to_11",2,0.01
"Big_Branch",42,42,"42_to_42",2227,7.23
"Big_Branch",42,43,"42_to_43",17,0.06
"Big_Branch",43,21,"43_to_21",1,0
"Big_Branch",43,31,"43_to_31",1,0
"Big_Branch",43,41,"43_to_41",38,0.12
"Big_Branch",43,42,"43_to_42",13,0.04
"Big_Branch",43,43,"43_to_43",6127,19.88
"Big_Branch",43,90,"43_to_90",1,0
"Big_Branch",52,41,"52_to_41",6,0.02
"Big_Branch",90,90,"90_to_90",1137,3.69
"Big_Branch",90,95,"90_to_95",14,0.05
"Big_Branch",95,95,"95_to_95",10,0.03
"Big_Draft",11,11,"11_to_11",7,0.03
"Big_Draft",11,41,"11_to_41",2,0.01
"Big_Draft",11,42,"11_to_42",1,0
"Big_Draft",11,43,"11_to_43",1,0
"Big_Draft",11,71,"11_to_71",1,0
"Big_Draft",21,21,"21_to_21",32,0.14
"Big_Draft",41,11,"41_to_11",3,0.01
"Big_Draft",41,21,"41_to_21",2,0.01
"Big_Draft",41,41,"41_to_41",19334,82
"Big_Draft",41,42,"41_to_42",3,0.01
"Big_Draft",41,43,"41_to_43",35,0.15
"Big_Draft",42,41,"42_to_41",2,0.01
"Big_Draft",42,42,"42_to_42",56,0.24
"Big_Draft",42,43,"42_to_43",3,0.01
"Big_Draft",43,11,"43_to_11",8,0.03
"Big_Draft",43,21,"43_to_21",9,0.04
"Big_Draft",43,41,"43_to_41",57,0.24
"Big_Draft",43,43,"43_to_43",3992,16.93
"Big_Draft",52,41,"52_to_41",11,0.05
"Big_Draft",52,43,"52_to_43",4,0.02
"Big_Draft",71,11,"71_to_11",4,0.02
"Big_Draft",90,90,"90_to_90",12,0.05
"Big_Frog",41,41,"41_to_41",14170,36.47
"Big_Frog",41,42,"41_to_42",1,0
"Big_Frog",41,43,"41_to_43",185,0.48
"Big_Frog",42,42,"42_to_42",3678,9.47
"Big_Frog",42,43,"42_to_43",265,0.68
"Big_Frog",43,41,"43_to_41",849,2.19
"Big_Frog",43,42,"43_to_42",27,0.07
"Big_Frog",43,43,"43_to_43",19675,50.64
"Big_Frog",43,71,"43_to_71",1,0
"Big_Gum_Swamp",11,42,"11_to_42",1,0
"Big_Gum_Swamp",21,21,"21_to_21",1449,2.3
"Big_Gum_Swamp",21,22,"21_to_22",6,0.01
"Big_Gum_Swamp",21,42,"21_to_42",16,0.03
"Big_Gum_Swamp",22,22,"22_to_22",66,0.1
"Big_Gum_Swamp",42,21,"42_to_21",79,0.13
"Big_Gum_Swamp",42,42,"42_to_42",17177,27.29
"Big_Gum_Swamp",42,52,"42_to_52",1,0
"Big_Gum_Swamp",42,90,"42_to_90",92,0.15
"Big_Gum_Swamp",90,42,"90_to_42",98,0.16
"Big_Gum_Swamp",90,90,"90_to_90",43927,69.79
"Big_Gum_Swamp",90,95,"90_to_95",13,0.02
"Big_Gum_Swamp",95,90,"95_to_90",18,0.03
"Big_Horn_Mountains",21,21,"21_to_21",4,0
"Big_Horn_Mountains",22,22,"22_to_22",66,0.07
"Big_Horn_Mountains",31,31,"31_to_31",6,0.01
"Big_Horn_Mountains",52,22,"52_to_22",2,0
"Big_Horn_Mountains",52,52,"52_to_52",96856,99.89
"Big_Horn_Mountains",52,71,"52_to_71",29,0.03
"Big_Island_Lake",11,11,"11_to_11",3461,13.17
"Big_Island_Lake",11,41,"11_to_41",7,0.03
"Big_Island_Lake",11,42,"11_to_42",3,0.01
"Big_Island_Lake",11,43,"11_to_43",32,0.12
"Big_Island_Lake",11,71,"11_to_71",36,0.14
"Big_Island_Lake",11,90,"11_to_90",26,0.1
"Big_Island_Lake",11,95,"11_to_95",70,0.27
"Big_Island_Lake",21,21,"21_to_21",87,0.33
"Big_Island_Lake",21,22,"21_to_22",3,0.01
"Big_Island_Lake",21,43,"21_to_43",1,0
"Big_Island_Lake",21,71,"21_to_71",1,0
"Big_Island_Lake",21,90,"21_to_90",1,0
"Big_Island_Lake",22,22,"22_to_22",7,0.03
"Big_Island_Lake",41,21,"41_to_21",2,0.01
"Big_Island_Lake",41,41,"41_to_41",10223,38.91
"Big_Island_Lake",41,43,"41_to_43",107,0.41
"Big_Island_Lake",41,71,"41_to_71",11,0.04
"Big_Island_Lake",41,90,"41_to_90",11,0.04
"Big_Island_Lake",42,11,"42_to_11",2,0.01
"Big_Island_Lake",42,42,"42_to_42",766,2.92
"Big_Island_Lake",43,11,"43_to_11",45,0.17
"Big_Island_Lake",43,22,"43_to_22",1,0
"Big_Island_Lake",43,41,"43_to_41",37,0.14
"Big_Island_Lake",43,42,"43_to_42",6,0.02
"Big_Island_Lake",43,43,"43_to_43",5490,20.89
"Big_Island_Lake",43,71,"43_to_71",1,0
"Big_Island_Lake",43,90,"43_to_90",11,0.04
"Big_Island_Lake",52,41,"52_to_41",35,0.13
"Big_Island_Lake",52,42,"52_to_42",13,0.05
"Big_Island_Lake",52,43,"52_to_43",30,0.11
"Big_Island_Lake",52,52,"52_to_52",33,0.13
"Big_Island_Lake",71,11,"71_to_11",4,0.02
"Big_Island_Lake",71,21,"71_to_21",2,0.01
"Big_Island_Lake",71,41,"71_to_41",6,0.02
"Big_Island_Lake",71,42,"71_to_42",11,0.04
"Big_Island_Lake",71,43,"71_to_43",21,0.08
"Big_Island_Lake",71,71,"71_to_71",35,0.13
"Big_Island_Lake",81,81,"81_to_81",1,0
"Big_Island_Lake",90,11,"90_to_11",31,0.12
"Big_Island_Lake",90,43,"90_to_43",1,0
"Big_Island_Lake",90,90,"90_to_90",5453,20.75
"Big_Island_Lake",90,95,"90_to_95",19,0.07
"Big_Island_Lake",95,11,"95_to_11",17,0.06
"Big_Island_Lake",95,90,"95_to_90",30,0.11
"Big_Island_Lake",95,95,"95_to_95",86,0.33
"Big_Jacks_Creek",21,21,"21_to_21",13,0.01
"Big_Jacks_Creek",21,52,"21_to_52",2,0
"Big_Jacks_Creek",22,22,"22_to_22",421,0.16
"Big_Jacks_Creek",22,23,"22_to_23",3,0
"Big_Jacks_Creek",22,71,"22_to_71",1,0
"Big_Jacks_Creek",23,23,"23_to_23",3,0
"Big_Jacks_Creek",31,23,"31_to_23",6,0
"Big_Jacks_Creek",31,31,"31_to_31",7,0
"Big_Jacks_Creek",31,52,"31_to_52",3,0
"Big_Jacks_Creek",42,42,"42_to_42",79,0.03
"Big_Jacks_Creek",42,52,"42_to_52",69,0.03
"Big_Jacks_Creek",42,71,"42_to_71",1,0
"Big_Jacks_Creek",52,21,"52_to_21",4,0
"Big_Jacks_Creek",52,22,"52_to_22",35,0.01
"Big_Jacks_Creek",52,23,"52_to_23",12,0
"Big_Jacks_Creek",52,24,"52_to_24",2,0
"Big_Jacks_Creek",52,42,"52_to_42",152,0.06
"Big_Jacks_Creek",52,52,"52_to_52",145175,56.51
"Big_Jacks_Creek",52,71,"52_to_71",87891,34.21
"Big_Jacks_Creek",71,21,"71_to_21",13,0.01
"Big_Jacks_Creek",71,22,"71_to_22",18,0.01
"Big_Jacks_Creek",71,42,"71_to_42",1,0
"Big_Jacks_Creek",71,52,"71_to_52",17021,6.63
"Big_Jacks_Creek",71,71,"71_to_71",5946,2.31
"Big_Jacks_Creek",90,90,"90_to_90",25,0.01
"Big_Lake",11,11,"11_to_11",132,1.16
"Big_Lake",11,21,"11_to_21",2,0.02
"Big_Lake",11,22,"11_to_22",2,0.02
"Big_Lake",11,31,"11_to_31",178,1.56
"Big_Lake",11,71,"11_to_71",7,0.06
"Big_Lake",11,82,"11_to_82",142,1.24
"Big_Lake",11,90,"11_to_90",152,1.33
"Big_Lake",11,95,"11_to_95",26,0.23
"Big_Lake",21,21,"21_to_21",13,0.11
"Big_Lake",22,22,"22_to_22",15,0.13
"Big_Lake",71,31,"71_to_31",1,0.01
"Big_Lake",71,82,"71_to_82",1,0.01
"Big_Lake",71,90,"71_to_90",2,0.02
"Big_Lake",82,31,"82_to_31",1,0.01
"Big_Lake",90,11,"90_to_11",10,0.09
"Big_Lake",90,90,"90_to_90",10488,91.81
"Big_Lake",90,95,"90_to_95",1,0.01
"Big_Lake",95,11,"95_to_11",3,0.03
"Big_Lake",95,90,"95_to_90",194,1.7
"Big_Lake",95,95,"95_to_95",53,0.46
"Big_Laurel_Branch",11,11,"11_to_11",38,0.08
"Big_Laurel_Branch",11,43,"11_to_43",3,0.01
"Big_Laurel_Branch",11,71,"11_to_71",11,0.02
"Big_Laurel_Branch",21,21,"21_to_21",1,0
"Big_Laurel_Branch",22,21,"22_to_21",1,0
"Big_Laurel_Branch",22,22,"22_to_22",1,0
"Big_Laurel_Branch",31,31,"31_to_31",2,0
"Big_Laurel_Branch",41,11,"41_to_11",4,0.01
"Big_Laurel_Branch",41,22,"41_to_22",1,0
"Big_Laurel_Branch",41,41,"41_to_41",34967,70.32
"Big_Laurel_Branch",41,43,"41_to_43",653,1.31
"Big_Laurel_Branch",41,71,"41_to_71",5,0.01
"Big_Laurel_Branch",41,81,"41_to_81",3,0.01
"Big_Laurel_Branch",42,11,"42_to_11",6,0.01
"Big_Laurel_Branch",42,42,"42_to_42",124,0.25
"Big_Laurel_Branch",42,43,"42_to_43",26,0.05
"Big_Laurel_Branch",43,11,"43_to_11",7,0.01
"Big_Laurel_Branch",43,21,"43_to_21",1,0
"Big_Laurel_Branch",43,41,"43_to_41",272,0.55
"Big_Laurel_Branch",43,42,"43_to_42",1,0
"Big_Laurel_Branch",43,43,"43_to_43",13497,27.14
"Big_Laurel_Branch",43,52,"43_to_52",1,0
"Big_Laurel_Branch",43,71,"43_to_71",32,0.06
"Big_Laurel_Branch",43,81,"43_to_81",4,0.01
"Big_Laurel_Branch",71,11,"71_to_11",16,0.03
"Big_Laurel_Branch",71,43,"71_to_43",2,0
"Big_Laurel_Branch",71,71,"71_to_71",28,0.06
"Big_Laurel_Branch",81,21,"81_to_21",4,0.01
"Big_Laurel_Branch",81,81,"81_to_81",13,0.03
"Big_Maria_Mountains",21,21,"21_to_21",8,0
"Big_Maria_Mountains",21,22,"21_to_22",1,0
"Big_Maria_Mountains",22,22,"22_to_22",4,0
"Big_Maria_Mountains",31,31,"31_to_31",5444,2.51
"Big_Maria_Mountains",31,52,"31_to_52",4,0
"Big_Maria_Mountains",52,31,"52_to_31",3490,1.61
"Big_Maria_Mountains",52,52,"52_to_52",207411,95.77
"Big_Maria_Mountains",52,90,"52_to_90",2,0
"Big_Maria_Mountains",71,52,"71_to_52",1,0
"Big_Maria_Mountains",71,71,"71_to_71",19,0.01
"Big_Maria_Mountains",90,90,"90_to_90",195,0.09
"Big_Rocks",22,22,"22_to_22",2,0
"Big_Rocks",42,42,"42_to_42",10852,18.32
"Big_Rocks",42,52,"42_to_52",205,0.35
"Big_Rocks",42,71,"42_to_71",99,0.17
"Big_Rocks",52,22,"52_to_22",3,0.01
"Big_Rocks",52,42,"52_to_42",1228,2.07
"Big_Rocks",52,52,"52_to_52",38845,65.59
"Big_Rocks",52,71,"52_to_71",7978,13.47
"Big_Rocks",52,90,"52_to_90",1,0
"Big_Rocks",90,90,"90_to_90",9,0.02
"Big_Slough",11,11,"11_to_11",4,0.02
"Big_Slough",11,90,"11_to_90",2,0.01
"Big_Slough",21,21,"21_to_21",32,0.19
"Big_Slough",21,42,"21_to_42",2,0.01
"Big_Slough",42,11,"42_to_11",1,0.01
"Big_Slough",42,42,"42_to_42",5585,33.93
"Big_Slough",42,43,"42_to_43",198,1.2
"Big_Slough",42,90,"42_to_90",26,0.16
"Big_Slough",43,42,"43_to_42",2,0.01
"Big_Slough",43,43,"43_to_43",269,1.63
"Big_Slough",52,42,"52_to_42",16,0.1
"Big_Slough",71,42,"71_to_42",1,0.01
"Big_Slough",81,81,"81_to_81",7,0.04
"Big_Slough",90,11,"90_to_11",6,0.04
"Big_Slough",90,21,"90_to_21",1,0.01
"Big_Slough",90,42,"90_to_42",2,0.01
"Big_Slough",90,90,"90_to_90",10281,62.46
"Big_Slough",90,95,"90_to_95",24,0.15
"Big_Wild_Horse_Mesa",21,21,"21_to_21",140,0.15
"Big_Wild_Horse_Mesa",21,22,"21_to_22",1,0
"Big_Wild_Horse_Mesa",31,31,"31_to_31",27973,30.53
"Big_Wild_Horse_Mesa",31,52,"31_to_52",4208,4.59
"Big_Wild_Horse_Mesa",31,71,"31_to_71",31,0.03
"Big_Wild_Horse_Mesa",52,21,"52_to_21",2,0
"Big_Wild_Horse_Mesa",52,31,"52_to_31",975,1.06
"Big_Wild_Horse_Mesa",52,52,"52_to_52",58302,63.63
"Bigelow_Cholla_Garden",22,22,"22_to_22",62,0.09
"Bigelow_Cholla_Garden",52,22,"52_to_22",5,0.01
"Bigelow_Cholla_Garden",52,52,"52_to_52",70605,99.91
"Bighorn_Mountain",22,22,"22_to_22",19,0.01
"Bighorn_Mountain",42,42,"42_to_42",4961,2.81
"Bighorn_Mountain",42,52,"42_to_52",695,0.39
"Bighorn_Mountain",42,90,"42_to_90",1,0
"Bighorn_Mountain",52,21,"52_to_21",6,0
"Bighorn_Mountain",52,22,"52_to_22",1,0
"Bighorn_Mountain",52,42,"52_to_42",768,0.44
"Bighorn_Mountain",52,52,"52_to_52",169878,96.3
"Bighorn_Mountain",52,71,"52_to_71",12,0.01
"Bighorn_Mountain",71,52,"71_to_52",25,0.01
"Bighorn_Mountain",90,90,"90_to_90",32,0.02
"Billies_Bay",11,11,"11_to_11",16,0.11
"Billies_Bay",11,90,"11_to_90",2,0.01
"Billies_Bay",21,21,"21_to_21",154,1.09
"Billies_Bay",21,42,"21_to_42",2,0.01
"Billies_Bay",21,90,"21_to_90",1,0.01
"Billies_Bay",22,22,"22_to_22",9,0.06
"Billies_Bay",42,21,"42_to_21",6,0.04
"Billies_Bay",42,42,"42_to_42",2967,20.99
"Billies_Bay",42,90,"42_to_90",1,0.01
"Billies_Bay",52,42,"52_to_42",50,0.35
"Billies_Bay",81,21,"81_to_21",5,0.04
"Billies_Bay",90,11,"90_to_11",1,0.01
"Billies_Bay",90,21,"90_to_21",1,0.01
"Billies_Bay",90,42,"90_to_42",4,0.03
"Billies_Bay",90,90,"90_to_90",10915,77.23
"Birkhead_Mountains",41,11,"41_to_11",4,0.02
"Birkhead_Mountains",41,21,"41_to_21",4,0.02
"Birkhead_Mountains",41,41,"41_to_41",21056,88.02
"Birkhead_Mountains",41,42,"41_to_42",36,0.15
"Birkhead_Mountains",41,43,"41_to_43",180,0.75
"Birkhead_Mountains",41,71,"41_to_71",10,0.04
"Birkhead_Mountains",41,81,"41_to_81",3,0.01
"Birkhead_Mountains",42,41,"42_to_41",96,0.4
"Birkhead_Mountains",42,42,"42_to_42",362,1.51
"Birkhead_Mountains",42,43,"42_to_43",44,0.18
"Birkhead_Mountains",43,41,"43_to_41",95,0.4
"Birkhead_Mountains",43,42,"43_to_42",47,0.2
"Birkhead_Mountains",43,43,"43_to_43",1803,7.54
"Birkhead_Mountains",43,71,"43_to_71",3,0.01
"Birkhead_Mountains",71,41,"71_to_41",11,0.05
"Birkhead_Mountains",71,42,"71_to_42",8,0.03
"Birkhead_Mountains",71,52,"71_to_52",2,0.01
"Birkhead_Mountains",81,81,"81_to_81",35,0.15
"Birkhead_Mountains",90,90,"90_to_90",122,0.51
"Bisti_De_Na_Zin",21,21,"21_to_21",39,0.02
"Bisti_De_Na_Zin",31,31,"31_to_31",20173,9.29
"Bisti_De_Na_Zin",31,52,"31_to_52",537,0.25
"Bisti_De_Na_Zin",52,21,"52_to_21",68,0.03
"Bisti_De_Na_Zin",52,31,"52_to_31",36,0.02
"Bisti_De_Na_Zin",52,52,"52_to_52",196244,90.39
"Bisti_De_Na_Zin",71,31,"71_to_31",2,0
"Bisti_De_Na_Zin",71,52,"71_to_52",5,0
"Black_Canyon_NV",31,31,"31_to_31",14,0.02
"Black_Canyon_NV",31,52,"31_to_52",1,0
"Black_Canyon_NV",52,52,"52_to_52",78401,99.87
"Black_Canyon_NV",90,52,"90_to_52",1,0
"Black_Canyon_NV",90,90,"90_to_90",89,0.11
"Black_Canyon_of_the_Gunnison",11,42,"11_to_42",3,0
"Black_Canyon_of_the_Gunnison",11,52,"11_to_52",3,0
"Black_Canyon_of_the_Gunnison",21,21,"21_to_21",39,0.05
"Black_Canyon_of_the_Gunnison",22,22,"22_to_22",15,0.02
"Black_Canyon_of_the_Gunnison",31,11,"31_to_11",1,0
"Black_Canyon_of_the_Gunnison",31,31,"31_to_31",6,0.01
"Black_Canyon_of_the_Gunnison",31,42,"31_to_42",45,0.06
"Black_Canyon_of_the_Gunnison",31,52,"31_to_52",17,0.02
"Black_Canyon_of_the_Gunnison",41,41,"41_to_41",2476,3.48
"Black_Canyon_of_the_Gunnison",41,42,"41_to_42",149,0.21
"Black_Canyon_of_the_Gunnison",41,52,"41_to_52",12,0.02
"Black_Canyon_of_the_Gunnison",42,21,"42_to_21",4,0.01
"Black_Canyon_of_the_Gunnison",42,31,"42_to_31",25,0.04
"Black_Canyon_of_the_Gunnison",42,41,"42_to_41",4,0.01
"Black_Canyon_of_the_Gunnison",42,42,"42_to_42",38403,53.99
"Black_Canyon_of_the_Gunnison",42,52,"42_to_52",1429,2.01
"Black_Canyon_of_the_Gunnison",52,11,"52_to_11",7,0.01
"Black_Canyon_of_the_Gunnison",52,21,"52_to_21",7,0.01
"Black_Canyon_of_the_Gunnison",52,31,"52_to_31",7,0.01
"Black_Canyon_of_the_Gunnison",52,41,"52_to_41",46,0.06
"Black_Canyon_of_the_Gunnison",52,42,"52_to_42",2463,3.46
"Black_Canyon_of_the_Gunnison",52,52,"52_to_52",25939,36.47
"Black_Canyon_of_the_Gunnison",52,90,"52_to_90",1,0
"Black_Canyon_of_the_Gunnison",71,52,"71_to_52",4,0.01
"Black_Canyon_of_the_Gunnison",81,52,"81_to_52",1,0
"Black_Canyon_of_the_Gunnison",81,81,"81_to_81",1,0
"Black_Canyon_of_the_Gunnison",90,42,"90_to_42",1,0
"Black_Canyon_of_the_Gunnison",90,90,"90_to_90",20,0.03
"Black_Canyon_OR",21,21,"21_to_21",14,0.02
"Black_Canyon_OR",21,52,"21_to_52",1,0
"Black_Canyon_OR",21,71,"21_to_71",2,0
"Black_Canyon_OR",22,22,"22_to_22",2,0
"Black_Canyon_OR",42,21,"42_to_21",4,0.01
"Black_Canyon_OR",42,42,"42_to_42",33838,56.62
"Black_Canyon_OR",42,52,"42_to_52",7859,13.15
"Black_Canyon_OR",42,71,"42_to_71",1492,2.5
"Black_Canyon_OR",42,81,"42_to_81",1,0
"Black_Canyon_OR",42,90,"42_to_90",3,0.01
"Black_Canyon_OR",52,21,"52_to_21",2,0
"Black_Canyon_OR",52,42,"52_to_42",864,1.45
"Black_Canyon_OR",52,52,"52_to_52",3946,6.6
"Black_Canyon_OR",52,71,"52_to_71",1408,2.36
"Black_Canyon_OR",71,21,"71_to_21",1,0
"Black_Canyon_OR",71,42,"71_to_42",318,0.53
"Black_Canyon_OR",71,52,"71_to_52",761,1.27
"Black_Canyon_OR",71,71,"71_to_71",9235,15.45
"Black_Canyon_OR",90,42,"90_to_42",2,0
"Black_Canyon_OR",90,90,"90_to_90",11,0.02
"Black_Canyon_OR",90,95,"90_to_95",1,0
"Black_Canyon_OR",95,95,"95_to_95",1,0
"Black_Creek",11,11,"11_to_11",219,0.94
"Black_Creek",11,42,"11_to_42",7,0.03
"Black_Creek",11,71,"11_to_71",2,0.01
"Black_Creek",11,90,"11_to_90",37,0.16
"Black_Creek",11,95,"11_to_95",1,0
"Black_Creek",21,21,"21_to_21",245,1.05
"Black_Creek",21,22,"21_to_22",3,0.01
"Black_Creek",21,42,"21_to_42",5,0.02
"Black_Creek",22,22,"22_to_22",43,0.18
"Black_Creek",31,31,"31_to_31",4,0.02
"Black_Creek",42,11,"42_to_11",10,0.04
"Black_Creek",42,21,"42_to_21",8,0.03
"Black_Creek",42,42,"42_to_42",9859,42.09
"Black_Creek",42,52,"42_to_52",2,0.01
"Black_Creek",42,71,"42_to_71",3,0.01
"Black_Creek",42,81,"42_to_81",5,0.02
"Black_Creek",42,90,"42_to_90",5,0.02
"Black_Creek",43,42,"43_to_42",27,0.12
"Black_Creek",52,42,"52_to_42",7,0.03
"Black_Creek",52,52,"52_to_52",2,0.01
"Black_Creek",52,81,"52_to_81",1,0
"Black_Creek",71,11,"71_to_11",4,0.02
"Black_Creek",71,71,"71_to_71",2,0.01
"Black_Creek",81,11,"81_to_11",1,0
"Black_Creek",81,42,"81_to_42",4,0.02
"Black_Creek",81,81,"81_to_81",5,0.02
"Black_Creek",90,11,"90_to_11",19,0.08
"Black_Creek",90,42,"90_to_42",2,0.01
"Black_Creek",90,90,"90_to_90",12887,55.02
"Black_Creek",90,95,"90_to_95",1,0
"Black_Creek",95,95,"95_to_95",1,0
"Black_Elk",21,21,"21_to_21",7,0.01
"Black_Elk",22,22,"22_to_22",5,0.01
"Black_Elk",42,42,"42_to_42",56441,91.4
"Black_Elk",42,52,"42_to_52",616,1
"Black_Elk",42,71,"42_to_71",9,0.01
"Black_Elk",52,21,"52_to_21",1,0
"Black_Elk",52,42,"52_to_42",710,1.15
"Black_Elk",52,52,"52_to_52",3835,6.21
"Black_Elk",52,71,"52_to_71",31,0.05
"Black_Elk",71,42,"71_to_42",3,0
"Black_Elk",71,71,"71_to_71",90,0.15
"Black_Elk",90,90,"90_to_90",1,0
"Black_Fork_Mountain",21,21,"21_to_21",308,0.5
"Black_Fork_Mountain",22,22,"22_to_22",3,0
"Black_Fork_Mountain",31,31,"31_to_31",68,0.11
"Black_Fork_Mountain",31,41,"31_to_41",2,0
"Black_Fork_Mountain",31,71,"31_to_71",1,0
"Black_Fork_Mountain",41,21,"41_to_21",8,0.01
"Black_Fork_Mountain",41,41,"41_to_41",28604,46.55
"Black_Fork_Mountain",41,42,"41_to_42",1,0
"Black_Fork_Mountain",41,43,"41_to_43",121,0.2
"Black_Fork_Mountain",42,21,"42_to_21",3,0
"Black_Fork_Mountain",42,41,"42_to_41",20,0.03
"Black_Fork_Mountain",42,42,"42_to_42",16609,27.03
"Black_Fork_Mountain",42,43,"42_to_43",51,0.08
"Black_Fork_Mountain",42,52,"42_to_52",6,0.01
"Black_Fork_Mountain",43,21,"43_to_21",2,0
"Black_Fork_Mountain",43,41,"43_to_41",8,0.01
"Black_Fork_Mountain",43,42,"43_to_42",36,0.06
"Black_Fork_Mountain",43,43,"43_to_43",15569,25.34
"Black_Fork_Mountain",71,41,"71_to_41",2,0
"Black_Fork_Mountain",71,71,"71_to_71",14,0.02
"Black_Fork_Mountain",81,21,"81_to_21",1,0
"Black_Fork_Mountain",81,81,"81_to_81",6,0.01
"Black_Mountain",31,21,"31_to_21",2,0
"Black_Mountain",31,31,"31_to_31",187,0.2
"Black_Mountain",31,52,"31_to_52",740,0.78
"Black_Mountain",52,21,"52_to_21",5,0.01
"Black_Mountain",52,31,"52_to_31",28,0.03
"Black_Mountain",52,52,"52_to_52",94054,98.85
"Black_Mountain",52,71,"52_to_71",1,0
"Black_Mountain",71,52,"71_to_52",127,0.13
"Black_Mountain",71,71,"71_to_71",2,0
"Black_Ridge_Canyons",11,11,"11_to_11",412,0.12
"Black_Ridge_Canyons",11,42,"11_to_42",1,0
"Black_Ridge_Canyons",11,52,"11_to_52",29,0.01
"Black_Ridge_Canyons",11,90,"11_to_90",26,0.01
"Black_Ridge_Canyons",21,21,"21_to_21",12,0
"Black_Ridge_Canyons",22,22,"22_to_22",38,0.01
"Black_Ridge_Canyons",22,23,"22_to_23",12,0
"Black_Ridge_Canyons",23,22,"23_to_22",1,0
"Black_Ridge_Canyons",23,23,"23_to_23",129,0.04
"Black_Ridge_Canyons",23,24,"23_to_24",1,0
"Black_Ridge_Canyons",24,24,"24_to_24",9,0
"Black_Ridge_Canyons",31,31,"31_to_31",191,0.06
"Black_Ridge_Canyons",31,52,"31_to_52",34,0.01
"Black_Ridge_Canyons",42,42,"42_to_42",68695,20.14
"Black_Ridge_Canyons",42,52,"42_to_52",1457,0.43
"Black_Ridge_Canyons",42,71,"42_to_71",1,0
"Black_Ridge_Canyons",52,11,"52_to_11",10,0
"Black_Ridge_Canyons",52,21,"52_to_21",13,0
"Black_Ridge_Canyons",52,22,"52_to_22",8,0
"Black_Ridge_Canyons",52,31,"52_to_31",9,0
"Black_Ridge_Canyons",52,42,"52_to_42",7021,2.06
"Black_Ridge_Canyons",52,52,"52_to_52",261077,76.53
"Black_Ridge_Canyons",52,71,"52_to_71",2,0
"Black_Ridge_Canyons",52,90,"52_to_90",67,0.02
"Black_Ridge_Canyons",71,23,"71_to_23",1,0
"Black_Ridge_Canyons",71,52,"71_to_52",87,0.03
"Black_Ridge_Canyons",90,11,"90_to_11",17,0
"Black_Ridge_Canyons",90,52,"90_to_52",10,0
"Black_Ridge_Canyons",90,90,"90_to_90",1774,0.52
"Black_Ridge_Canyons",95,90,"95_to_90",11,0
"Black_Ridge_Canyons",95,95,"95_to_95",4,0
"Black_Rock_Desert",22,22,"22_to_22",180,0.01
"Black_Rock_Desert",22,23,"22_to_23",21,0
"Black_Rock_Desert",23,23,"23_to_23",18,0
"Black_Rock_Desert",31,31,"31_to_31",881964,62.1
"Black_Rock_Desert",31,52,"31_to_52",20335,1.43
"Black_Rock_Desert",31,71,"31_to_71",17946,1.26
"Black_Rock_Desert",31,95,"31_to_95",8,0
"Black_Rock_Desert",52,22,"52_to_22",90,0.01
"Black_Rock_Desert",52,23,"52_to_23",6,0
"Black_Rock_Desert",52,31,"52_to_31",1712,0.12
"Black_Rock_Desert",52,42,"52_to_42",3,0
"Black_Rock_Desert",52,52,"52_to_52",468260,32.97
"Black_Rock_Desert",52,71,"52_to_71",418,0.03
"Black_Rock_Desert",52,90,"52_to_90",5,0
"Black_Rock_Desert",52,95,"52_to_95",2,0
"Black_Rock_Desert",71,31,"71_to_31",2140,0.15
"Black_Rock_Desert",71,52,"71_to_52",3024,0.21
"Black_Rock_Desert",71,71,"71_to_71",23277,1.64
"Black_Rock_Desert",90,31,"90_to_31",12,0
"Black_Rock_Desert",90,52,"90_to_52",12,0
"Black_Rock_Desert",90,90,"90_to_90",292,0.02
"Black_Rock_Desert",90,95,"90_to_95",1,0
"Black_Rock_Desert",95,31,"95_to_31",278,0.02
"Black_Rock_Desert",95,52,"95_to_52",12,0
"Black_Rock_Desert",95,90,"95_to_90",9,0
"Black_Rock_Desert",95,95,"95_to_95",199,0.01
"Blackbeard_Island",11,11,"11_to_11",908,6.82
"Blackbeard_Island",11,95,"11_to_95",15,0.11
"Blackbeard_Island",31,11,"31_to_11",171,1.29
"Blackbeard_Island",31,31,"31_to_31",437,3.28
"Blackbeard_Island",31,42,"31_to_42",70,0.53
"Blackbeard_Island",31,95,"31_to_95",9,0.07
"Blackbeard_Island",42,11,"42_to_11",8,0.06
"Blackbeard_Island",42,31,"42_to_31",22,0.17
"Blackbeard_Island",42,42,"42_to_42",2234,16.79
"Blackbeard_Island",52,42,"52_to_42",3,0.02
"Blackbeard_Island",71,42,"71_to_42",4,0.03
"Blackbeard_Island",90,11,"90_to_11",2,0.02
"Blackbeard_Island",90,90,"90_to_90",189,1.42
"Blackbeard_Island",90,95,"90_to_95",18,0.14
"Blackbeard_Island",95,11,"95_to_11",34,0.26
"Blackbeard_Island",95,31,"95_to_31",7,0.05
"Blackbeard_Island",95,90,"95_to_90",2,0.02
"Blackbeard_Island",95,95,"95_to_95",9173,68.94
"Blackjack_Springs",11,11,"11_to_11",133,0.49
"Blackjack_Springs",11,42,"11_to_42",9,0.03
"Blackjack_Springs",11,90,"11_to_90",42,0.16
"Blackjack_Springs",11,95,"11_to_95",1,0
"Blackjack_Springs",21,21,"21_to_21",274,1.01
"Blackjack_Springs",21,22,"21_to_22",3,0.01
"Blackjack_Springs",22,22,"22_to_22",50,0.18
"Blackjack_Springs",41,41,"41_to_41",2827,10.44
"Blackjack_Springs",41,43,"41_to_43",26,0.1
"Blackjack_Springs",42,11,"42_to_11",1,0
"Blackjack_Springs",42,42,"42_to_42",3917,14.46
"Blackjack_Springs",42,43,"42_to_43",27,0.1
"Blackjack_Springs",42,90,"42_to_90",2,0.01
"Blackjack_Springs",43,41,"43_to_41",2,0.01
"Blackjack_Springs",43,42,"43_to_42",29,0.11
"Blackjack_Springs",43,43,"43_to_43",6630,24.47
"Blackjack_Springs",43,71,"43_to_71",1,0
"Blackjack_Springs",43,90,"43_to_90",2,0.01
"Blackjack_Springs",71,71,"71_to_71",5,0.02
"Blackjack_Springs",90,11,"90_to_11",9,0.03
"Blackjack_Springs",90,42,"90_to_42",1,0
"Blackjack_Springs",90,43,"90_to_43",5,0.02
"Blackjack_Springs",90,71,"90_to_71",2,0.01
"Blackjack_Springs",90,90,"90_to_90",12902,47.63
"Blackjack_Springs",90,95,"90_to_95",87,0.32
"Blackjack_Springs",95,43,"95_to_43",1,0
"Blackjack_Springs",95,90,"95_to_90",17,0.06
"Blackjack_Springs",95,95,"95_to_95",85,0.31
"Blackridge",21,21,"21_to_21",14,0.02
"Blackridge",22,22,"22_to_22",69,0.11
"Blackridge",23,23,"23_to_23",1,0
"Blackridge",31,31,"31_to_31",20,0.03
"Blackridge",31,52,"31_to_52",11,0.02
"Blackridge",41,41,"41_to_41",3,0
"Blackridge",41,42,"41_to_42",12,0.02
"Blackridge",41,52,"41_to_52",3,0
"Blackridge",42,21,"42_to_21",1,0
"Blackridge",42,42,"42_to_42",29889,49.51
"Blackridge",42,52,"42_to_52",1201,1.99
"Blackridge",42,71,"42_to_71",90,0.15
"Blackridge",52,21,"52_to_21",12,0.02
"Blackridge",52,22,"52_to_22",2,0
"Blackridge",52,31,"52_to_31",2,0
"Blackridge",52,42,"52_to_42",4250,7.04
"Blackridge",52,52,"52_to_52",23717,39.29
"Blackridge",52,71,"52_to_71",1070,1.77
"Blood_Mountain",21,21,"21_to_21",74,0.21
"Blood_Mountain",31,31,"31_to_31",2,0.01
"Blood_Mountain",41,41,"41_to_41",26808,75.07
"Blood_Mountain",41,42,"41_to_42",5,0.01
"Blood_Mountain",41,43,"41_to_43",239,0.67
"Blood_Mountain",42,41,"42_to_41",15,0.04
"Blood_Mountain",42,42,"42_to_42",302,0.85
"Blood_Mountain",42,43,"42_to_43",87,0.24
"Blood_Mountain",43,41,"43_to_41",574,1.61
"Blood_Mountain",43,42,"43_to_42",4,0.01
"Blood_Mountain",43,43,"43_to_43",7600,21.28
"Blood_Mountain",71,71,"71_to_71",2,0.01
"Blue_Range",21,21,"21_to_21",4,0
"Blue_Range",22,21,"22_to_21",4,0
"Blue_Range",22,22,"22_to_22",99,0.07
"Blue_Range",23,22,"23_to_22",13,0.01
"Blue_Range",41,42,"41_to_42",12,0.01
"Blue_Range",41,52,"41_to_52",2,0
"Blue_Range",42,21,"42_to_21",2,0
"Blue_Range",42,22,"42_to_22",6,0
"Blue_Range",42,42,"42_to_42",106411,80.52
"Blue_Range",42,52,"42_to_52",8257,6.25
"Blue_Range",42,71,"42_to_71",1105,0.84
"Blue_Range",42,90,"42_to_90",5,0
"Blue_Range",43,52,"43_to_52",1,0
"Blue_Range",52,21,"52_to_21",5,0
"Blue_Range",52,22,"52_to_22",3,0
"Blue_Range",52,42,"52_to_42",1614,1.22
"Blue_Range",52,52,"52_to_52",14204,10.75
"Blue_Range",52,71,"52_to_71",3,0
"Blue_Range",52,90,"52_to_90",2,0
"Blue_Range",71,52,"71_to_52",2,0
"Blue_Range",90,42,"90_to_42",17,0.01
"Blue_Range",90,52,"90_to_52",2,0
"Blue_Range",90,90,"90_to_90",375,0.28
"Bob_Marshall",11,11,"11_to_11",9339,0.19
"Bob_Marshall",11,22,"11_to_22",9,0
"Bob_Marshall",11,23,"11_to_23",14,0
"Bob_Marshall",11,31,"11_to_31",368,0.01
"Bob_Marshall",11,42,"11_to_42",770,0.02
"Bob_Marshall",11,52,"11_to_52",452,0.01
"Bob_Marshall",11,71,"11_to_71",325,0.01
"Bob_Marshall",11,90,"11_to_90",110,0
"Bob_Marshall",11,95,"11_to_95",8,0
"Bob_Marshall",12,12,"12_to_12",7057,0.15
"Bob_Marshall",21,21,"21_to_21",1026,0.02
"Bob_Marshall",21,22,"21_to_22",73,0
"Bob_Marshall",21,23,"21_to_23",4,0
"Bob_Marshall",21,31,"21_to_31",1,0
"Bob_Marshall",21,42,"21_to_42",38,0
"Bob_Marshall",21,52,"21_to_52",155,0
"Bob_Marshall",21,71,"21_to_71",25,0
"Bob_Marshall",21,90,"21_to_90",3,0
"Bob_Marshall",22,21,"22_to_21",297,0.01
"Bob_Marshall",22,22,"22_to_22",5238,0.11
"Bob_Marshall",22,23,"22_to_23",52,0
"Bob_Marshall",22,31,"22_to_31",1,0
"Bob_Marshall",22,42,"22_to_42",24,0
"Bob_Marshall",22,52,"22_to_52",100,0
"Bob_Marshall",22,71,"22_to_71",11,0
"Bob_Marshall",22,90,"22_to_90",1,0
"Bob_Marshall",23,21,"23_to_21",16,0
"Bob_Marshall",23,22,"23_to_22",595,0.01
"Bob_Marshall",23,23,"23_to_23",343,0.01
"Bob_Marshall",23,42,"23_to_42",10,0
"Bob_Marshall",23,52,"23_to_52",14,0
"Bob_Marshall",23,71,"23_to_71",3,0
"Bob_Marshall",24,22,"24_to_22",3,0
"Bob_Marshall",24,23,"24_to_23",5,0
"Bob_Marshall",24,24,"24_to_24",2,0
"Bob_Marshall",24,52,"24_to_52",1,0
"Bob_Marshall",31,11,"31_to_11",172,0
"Bob_Marshall",31,21,"31_to_21",2,0
"Bob_Marshall",31,22,"31_to_22",3,0
"Bob_Marshall",31,23,"31_to_23",23,0
"Bob_Marshall",31,31,"31_to_31",175801,3.67
"Bob_Marshall",31,42,"31_to_42",312,0.01
"Bob_Marshall",31,52,"31_to_52",1080,0.02
"Bob_Marshall",31,71,"31_to_71",876,0.02
"Bob_Marshall",31,90,"31_to_90",7,0
"Bob_Marshall",31,95,"31_to_95",10,0
"Bob_Marshall",41,41,"41_to_41",81,0
"Bob_Marshall",41,42,"41_to_42",36,0
"Bob_Marshall",41,52,"41_to_52",79,0
"Bob_Marshall",41,71,"41_to_71",8,0
"Bob_Marshall",42,11,"42_to_11",292,0.01
"Bob_Marshall",42,21,"42_to_21",173,0
"Bob_Marshall",42,22,"42_to_22",374,0.01
"Bob_Marshall",42,23,"42_to_23",34,0
"Bob_Marshall",42,31,"42_to_31",3268,0.07
"Bob_Marshall",42,41,"42_to_41",36,0
"Bob_Marshall",42,42,"42_to_42",2352459,49.07
"Bob_Marshall",42,43,"42_to_43",25,0
"Bob_Marshall",42,52,"42_to_52",964479,20.12
"Bob_Marshall",42,71,"42_to_71",297913,6.21
"Bob_Marshall",42,81,"42_to_81",5,0
"Bob_Marshall",42,90,"42_to_90",716,0.01
"Bob_Marshall",42,95,"42_to_95",39,0
"Bob_Marshall",43,41,"43_to_41",2,0
"Bob_Marshall",43,42,"43_to_42",31,0
"Bob_Marshall",43,43,"43_to_43",205,0
"Bob_Marshall",43,52,"43_to_52",41,0
"Bob_Marshall",43,71,"43_to_71",13,0
"Bob_Marshall",52,11,"52_to_11",53,0
"Bob_Marshall",52,21,"52_to_21",411,0.01
"Bob_Marshall",52,22,"52_to_22",171,0
"Bob_Marshall",52,23,"52_to_23",35,0
"Bob_Marshall",52,31,"52_to_31",2980,0.06
"Bob_Marshall",52,41,"52_to_41",107,0
"Bob_Marshall",52,42,"52_to_42",76782,1.6
"Bob_Marshall",52,43,"52_to_43",194,0
"Bob_Marshall",52,52,"52_to_52",552562,11.53
"Bob_Marshall",52,71,"52_to_71",63211,1.32
"Bob_Marshall",52,81,"52_to_81",2,0
"Bob_Marshall",52,90,"52_to_90",63,0
"Bob_Marshall",52,95,"52_to_95",27,0
"Bob_Marshall",71,11,"71_to_11",18,0
"Bob_Marshall",71,21,"71_to_21",70,0
"Bob_Marshall",71,22,"71_to_22",31,0
"Bob_Marshall",71,23,"71_to_23",2,0
"Bob_Marshall",71,31,"71_to_31",1615,0.03
"Bob_Marshall",71,41,"71_to_41",6,0
"Bob_Marshall",71,42,"71_to_42",42159,0.88
"Bob_Marshall",71,43,"71_to_43",2,0
"Bob_Marshall",71,52,"71_to_52",119540,2.49
"Bob_Marshall",71,71,"71_to_71",95250,1.99
"Bob_Marshall",71,90,"71_to_90",357,0.01
"Bob_Marshall",71,95,"71_to_95",90,0
"Bob_Marshall",81,52,"81_to_52",2,0
"Bob_Marshall",81,81,"81_to_81",2,0
"Bob_Marshall",90,11,"90_to_11",19,0
"Bob_Marshall",90,22,"90_to_22",4,0
"Bob_Marshall",90,23,"90_to_23",4,0
"Bob_Marshall",90,42,"90_to_42",107,0
"Bob_Marshall",90,52,"90_to_52",207,0
"Bob_Marshall",90,71,"90_to_71",41,0
"Bob_Marshall",90,81,"90_to_81",2,0
"Bob_Marshall",90,82,"90_to_82",3,0
"Bob_Marshall",90,90,"90_to_90",11403,0.24
"Bob_Marshall",90,95,"90_to_95",467,0.01
"Bob_Marshall",95,11,"95_to_11",12,0
"Bob_Marshall",95,31,"95_to_31",3,0
"Bob_Marshall",95,52,"95_to_52",15,0
"Bob_Marshall",95,71,"95_to_71",6,0
"Bob_Marshall",95,90,"95_to_90",353,0.01
"Bob_Marshall",95,95,"95_to_95",938,0.02
"Bosque_del_Apache",21,21,"21_to_21",44,0.03
"Bosque_del_Apache",21,52,"21_to_52",5,0
"Bosque_del_Apache",22,22,"22_to_22",47,0.03
"Bosque_del_Apache",52,21,"52_to_21",40,0.03
"Bosque_del_Apache",52,52,"52_to_52",139086,99.9
"Boulder_Creek",21,21,"21_to_21",26,0.03
"Boulder_Creek",21,42,"21_to_42",2,0
"Boulder_Creek",21,52,"21_to_52",2,0
"Boulder_Creek",22,22,"22_to_22",5,0.01
"Boulder_Creek",42,21,"42_to_21",7,0.01
"Boulder_Creek",42,22,"42_to_22",1,0
"Boulder_Creek",42,42,"42_to_42",46638,51.48
"Boulder_Creek",42,52,"42_to_52",40932,45.18
"Boulder_Creek",42,71,"42_to_71",78,0.09
"Boulder_Creek",42,90,"42_to_90",1,0
"Boulder_Creek",52,42,"52_to_42",1047,1.16
"Boulder_Creek",52,52,"52_to_52",1442,1.59
"Boulder_Creek",52,71,"52_to_71",46,0.05
"Boulder_Creek",71,42,"71_to_42",70,0.08
"Boulder_Creek",71,52,"71_to_52",208,0.23
"Boulder_Creek",71,71,"71_to_71",73,0.08
"Boulder_Creek",90,52,"90_to_52",6,0.01
"Boulder_Creek",90,90,"90_to_90",19,0.02
"Boulder_River",11,11,"11_to_11",184,0.08
"Boulder_River",11,31,"11_to_31",40,0.02
"Boulder_River",11,42,"11_to_42",7,0
"Boulder_River",11,52,"11_to_52",1,0
"Boulder_River",12,12,"12_to_12",1419,0.63
"Boulder_River",21,21,"21_to_21",50,0.02
"Boulder_River",21,22,"21_to_22",18,0.01
"Boulder_River",21,23,"21_to_23",2,0
"Boulder_River",22,21,"22_to_21",1,0
"Boulder_River",22,22,"22_to_22",30,0.01
"Boulder_River",22,23,"22_to_23",1,0
"Boulder_River",23,23,"23_to_23",1,0
"Boulder_River",31,11,"31_to_11",56,0.02
"Boulder_River",31,31,"31_to_31",13993,6.23
"Boulder_River",31,42,"31_to_42",188,0.08
"Boulder_River",31,52,"31_to_52",245,0.11
"Boulder_River",31,71,"31_to_71",393,0.17
"Boulder_River",41,42,"41_to_42",3,0
"Boulder_River",41,43,"41_to_43",1,0
"Boulder_River",41,52,"41_to_52",2,0
"Boulder_River",42,11,"42_to_11",20,0.01
"Boulder_River",42,21,"42_to_21",38,0.02
"Boulder_River",42,22,"42_to_22",29,0.01
"Boulder_River",42,23,"42_to_23",9,0
"Boulder_River",42,31,"42_to_31",528,0.24
"Boulder_River",42,41,"42_to_41",3,0
"Boulder_River",42,42,"42_to_42",179219,79.8
"Boulder_River",42,43,"42_to_43",131,0.06
"Boulder_River",42,52,"42_to_52",1125,0.5
"Boulder_River",42,71,"42_to_71",193,0.09
"Boulder_River",43,41,"43_to_41",3,0
"Boulder_River",43,42,"43_to_42",3,0
"Boulder_River",43,43,"43_to_43",123,0.05
"Boulder_River",52,11,"52_to_11",1,0
"Boulder_River",52,21,"52_to_21",4,0
"Boulder_River",52,22,"52_to_22",18,0.01
"Boulder_River",52,23,"52_to_23",3,0
"Boulder_River",52,31,"52_to_31",78,0.03
"Boulder_River",52,41,"52_to_41",62,0.03
"Boulder_River",52,42,"52_to_42",6792,3.02
"Boulder_River",52,43,"52_to_43",57,0.03
"Boulder_River",52,52,"52_to_52",17921,7.98
"Boulder_River",52,71,"52_to_71",188,0.08
"Boulder_River",52,81,"52_to_81",2,0
"Boulder_River",71,31,"71_to_31",30,0.01
"Boulder_River",71,42,"71_to_42",12,0.01
"Boulder_River",71,52,"71_to_52",61,0.03
"Boulder_River",71,71,"71_to_71",1297,0.58
"Boulder_River",81,52,"81_to_52",4,0
"Boulder_River",81,71,"81_to_71",2,0
"Boulder_River",82,42,"82_to_42",1,0
"Boulder_River",90,42,"90_to_42",1,0
"Boulder_River",90,90,"90_to_90",2,0
"Boundary_Peak",12,12,"12_to_12",1,0
"Boundary_Peak",31,31,"31_to_31",8308,17.39
"Boundary_Peak",31,42,"31_to_42",85,0.18
"Boundary_Peak",31,52,"31_to_52",224,0.47
"Boundary_Peak",41,41,"41_to_41",241,0.5
"Boundary_Peak",41,42,"41_to_42",3,0.01
"Boundary_Peak",41,52,"41_to_52",9,0.02
"Boundary_Peak",42,41,"42_to_41",9,0.02
"Boundary_Peak",42,42,"42_to_42",20800,43.54
"Boundary_Peak",42,52,"42_to_52",18,0.04
"Boundary_Peak",52,31,"52_to_31",7,0.01
"Boundary_Peak",52,41,"52_to_41",89,0.19
"Boundary_Peak",52,42,"52_to_42",2039,4.27
"Boundary_Peak",52,52,"52_to_52",15756,32.98
"Boundary_Peak",52,90,"52_to_90",9,0.02
"Boundary_Peak",71,31,"71_to_31",5,0.01
"Boundary_Peak",71,52,"71_to_52",7,0.01
"Boundary_Peak",71,71,"71_to_71",20,0.04
"Boundary_Peak",90,41,"90_to_41",3,0.01
"Boundary_Peak",90,52,"90_to_52",1,0
"Boundary_Peak",90,90,"90_to_90",142,0.3
"Boundary_Waters_Canoe_Area",11,11,"11_to_11",859346,17.36
"Boundary_Waters_Canoe_Area",11,21,"11_to_21",1,0
"Boundary_Waters_Canoe_Area",11,22,"11_to_22",2,0
"Boundary_Waters_Canoe_Area",11,23,"11_to_23",1,0
"Boundary_Waters_Canoe_Area",11,31,"11_to_31",283,0.01
"Boundary_Waters_Canoe_Area",11,41,"11_to_41",360,0.01
"Boundary_Waters_Canoe_Area",11,42,"11_to_42",17200,0.35
"Boundary_Waters_Canoe_Area",11,43,"11_to_43",4822,0.1
"Boundary_Waters_Canoe_Area",11,52,"11_to_52",669,0.01
"Boundary_Waters_Canoe_Area",11,71,"11_to_71",4155,0.08
"Boundary_Waters_Canoe_Area",11,82,"11_to_82",2,0
"Boundary_Waters_Canoe_Area",11,90,"11_to_90",7325,0.15
"Boundary_Waters_Canoe_Area",11,95,"11_to_95",1211,0.02
"Boundary_Waters_Canoe_Area",21,21,"21_to_21",72,0
"Boundary_Waters_Canoe_Area",21,22,"21_to_22",22,0
"Boundary_Waters_Canoe_Area",21,42,"21_to_42",3,0
"Boundary_Waters_Canoe_Area",21,52,"21_to_52",7,0
"Boundary_Waters_Canoe_Area",21,90,"21_to_90",1,0
"Boundary_Waters_Canoe_Area",22,21,"22_to_21",1,0
"Boundary_Waters_Canoe_Area",22,22,"22_to_22",41,0
"Boundary_Waters_Canoe_Area",22,42,"22_to_42",1,0
"Boundary_Waters_Canoe_Area",22,71,"22_to_71",1,0
"Boundary_Waters_Canoe_Area",31,11,"31_to_11",41,0
"Boundary_Waters_Canoe_Area",31,31,"31_to_31",138,0
"Boundary_Waters_Canoe_Area",31,41,"31_to_41",7,0
"Boundary_Waters_Canoe_Area",31,42,"31_to_42",68,0
"Boundary_Waters_Canoe_Area",31,43,"31_to_43",78,0
"Boundary_Waters_Canoe_Area",31,52,"31_to_52",8,0
"Boundary_Waters_Canoe_Area",31,71,"31_to_71",8,0
"Boundary_Waters_Canoe_Area",31,90,"31_to_90",2,0
"Boundary_Waters_Canoe_Area",41,11,"41_to_11",104,0
"Boundary_Waters_Canoe_Area",41,41,"41_to_41",105475,2.13
"Boundary_Waters_Canoe_Area",41,42,"41_to_42",1095,0.02
"Boundary_Waters_Canoe_Area",41,43,"41_to_43",32401,0.65
"Boundary_Waters_Canoe_Area",41,52,"41_to_52",1452,0.03
"Boundary_Waters_Canoe_Area",41,71,"41_to_71",101,0
"Boundary_Waters_Canoe_Area",41,90,"41_to_90",193,0
"Boundary_Waters_Canoe_Area",42,11,"42_to_11",2615,0.05
"Boundary_Waters_Canoe_Area",42,21,"42_to_21",60,0
"Boundary_Waters_Canoe_Area",42,22,"42_to_22",131,0
"Boundary_Waters_Canoe_Area",42,23,"42_to_23",12,0
"Boundary_Waters_Canoe_Area",42,31,"42_to_31",299,0.01
"Boundary_Waters_Canoe_Area",42,41,"42_to_41",28135,0.57
"Boundary_Waters_Canoe_Area",42,42,"42_to_42",1078149,21.78
"Boundary_Waters_Canoe_Area",42,43,"42_to_43",141994,2.87
"Boundary_Waters_Canoe_Area",42,52,"42_to_52",85218,1.72
"Boundary_Waters_Canoe_Area",42,71,"42_to_71",10329,0.21
"Boundary_Waters_Canoe_Area",42,82,"42_to_82",1,0
"Boundary_Waters_Canoe_Area",42,90,"42_to_90",3255,0.07
"Boundary_Waters_Canoe_Area",42,95,"42_to_95",4,0
"Boundary_Waters_Canoe_Area",43,11,"43_to_11",1932,0.04
"Boundary_Waters_Canoe_Area",43,21,"43_to_21",29,0
"Boundary_Waters_Canoe_Area",43,22,"43_to_22",23,0
"Boundary_Waters_Canoe_Area",43,23,"43_to_23",5,0
"Boundary_Waters_Canoe_Area",43,31,"43_to_31",25,0
"Boundary_Waters_Canoe_Area",43,41,"43_to_41",56811,1.15
"Boundary_Waters_Canoe_Area",43,42,"43_to_42",188912,3.82
"Boundary_Waters_Canoe_Area",43,43,"43_to_43",1010872,20.42
"Boundary_Waters_Canoe_Area",43,52,"43_to_52",50242,1.01
"Boundary_Waters_Canoe_Area",43,71,"43_to_71",3315,0.07
"Boundary_Waters_Canoe_Area",43,81,"43_to_81",1,0
"Boundary_Waters_Canoe_Area",43,82,"43_to_82",1,0
"Boundary_Waters_Canoe_Area",43,90,"43_to_90",3083,0.06
"Boundary_Waters_Canoe_Area",43,95,"43_to_95",1,0
"Boundary_Waters_Canoe_Area",52,11,"52_to_11",14,0
"Boundary_Waters_Canoe_Area",52,21,"52_to_21",1,0
"Boundary_Waters_Canoe_Area",52,22,"52_to_22",1,0
"Boundary_Waters_Canoe_Area",52,31,"52_to_31",5,0
"Boundary_Waters_Canoe_Area",52,41,"52_to_41",6854,0.14
"Boundary_Waters_Canoe_Area",52,42,"52_to_42",6150,0.12
"Boundary_Waters_Canoe_Area",52,43,"52_to_43",27727,0.56
"Boundary_Waters_Canoe_Area",52,52,"52_to_52",2486,0.05
"Boundary_Waters_Canoe_Area",52,71,"52_to_71",168,0
"Boundary_Waters_Canoe_Area",52,90,"52_to_90",34,0
"Boundary_Waters_Canoe_Area",71,11,"71_to_11",406,0.01
"Boundary_Waters_Canoe_Area",71,21,"71_to_21",3,0
"Boundary_Waters_Canoe_Area",71,22,"71_to_22",6,0
"Boundary_Waters_Canoe_Area",71,31,"71_to_31",11,0
"Boundary_Waters_Canoe_Area",71,41,"71_to_41",5135,0.1
"Boundary_Waters_Canoe_Area",71,42,"71_to_42",5289,0.11
"Boundary_Waters_Canoe_Area",71,43,"71_to_43",19223,0.39
"Boundary_Waters_Canoe_Area",71,52,"71_to_52",1852,0.04
"Boundary_Waters_Canoe_Area",71,71,"71_to_71",961,0.02
"Boundary_Waters_Canoe_Area",71,90,"71_to_90",51,0
"Boundary_Waters_Canoe_Area",71,95,"71_to_95",1,0
"Boundary_Waters_Canoe_Area",90,11,"90_to_11",1933,0.04
"Boundary_Waters_Canoe_Area",90,21,"90_to_21",8,0
"Boundary_Waters_Canoe_Area",90,22,"90_to_22",7,0
"Boundary_Waters_Canoe_Area",90,31,"90_to_31",8,0
"Boundary_Waters_Canoe_Area",90,41,"90_to_41",177,0
"Boundary_Waters_Canoe_Area",90,42,"90_to_42",1181,0.02
"Boundary_Waters_Canoe_Area",90,43,"90_to_43",677,0.01
"Boundary_Waters_Canoe_Area",90,52,"90_to_52",854,0.02
"Boundary_Waters_Canoe_Area",90,71,"90_to_71",167,0
"Boundary_Waters_Canoe_Area",90,82,"90_to_82",2,0
"Boundary_Waters_Canoe_Area",90,90,"90_to_90",1145927,23.15
"Boundary_Waters_Canoe_Area",90,95,"90_to_95",9832,0.2
"Boundary_Waters_Canoe_Area",95,11,"95_to_11",196,0
"Boundary_Waters_Canoe_Area",95,90,"95_to_90",4158,0.08
"Boundary_Waters_Canoe_Area",95,95,"95_to_95",6397,0.13
"Box_Death_Hollow",21,21,"21_to_21",16,0.01
"Box_Death_Hollow",21,42,"21_to_42",4,0
"Box_Death_Hollow",22,22,"22_to_22",5,0
"Box_Death_Hollow",31,31,"31_to_31",11102,9.41
"Box_Death_Hollow",31,52,"31_to_52",547,0.46
"Box_Death_Hollow",41,41,"41_to_41",31,0.03
"Box_Death_Hollow",41,42,"41_to_42",2,0
"Box_Death_Hollow",42,41,"42_to_41",24,0.02
"Box_Death_Hollow",42,42,"42_to_42",40562,34.39
"Box_Death_Hollow",42,52,"42_to_52",1030,0.87
"Box_Death_Hollow",52,21,"52_to_21",4,0
"Box_Death_Hollow",52,31,"52_to_31",270,0.23
"Box_Death_Hollow",52,41,"52_to_41",3,0
"Box_Death_Hollow",52,42,"52_to_42",4822,4.09
"Box_Death_Hollow",52,52,"52_to_52",59339,50.32
"Box_Death_Hollow",52,90,"52_to_90",3,0
"Box_Death_Hollow",90,90,"90_to_90",169,0.14
"Bradwell_Bay",21,21,"21_to_21",782,0.71
"Bradwell_Bay",21,22,"21_to_22",35,0.03
"Bradwell_Bay",21,42,"21_to_42",22,0.02
"Bradwell_Bay",21,90,"21_to_90",2,0
"Bradwell_Bay",22,21,"22_to_21",1,0
"Bradwell_Bay",22,22,"22_to_22",275,0.25
"Bradwell_Bay",22,42,"22_to_42",1,0
"Bradwell_Bay",42,21,"42_to_21",19,0.02
"Bradwell_Bay",42,22,"42_to_22",11,0.01
"Bradwell_Bay",42,42,"42_to_42",18227,16.59
"Bradwell_Bay",42,52,"42_to_52",25,0.02
"Bradwell_Bay",42,71,"42_to_71",129,0.12
"Bradwell_Bay",42,90,"42_to_90",98,0.09
"Bradwell_Bay",52,21,"52_to_21",2,0
"Bradwell_Bay",52,42,"52_to_42",133,0.12
"Bradwell_Bay",52,52,"52_to_52",12,0.01
"Bradwell_Bay",71,52,"71_to_52",1,0
"Bradwell_Bay",90,42,"90_to_42",38,0.03
"Bradwell_Bay",90,90,"90_to_90",89218,81.18
"Bradwell_Bay",90,95,"90_to_95",866,0.79
"Bradwell_Bay",95,90,"95_to_90",2,0
"Bradwell_Bay",95,95,"95_to_95",1,0
"Brasstown",21,21,"21_to_21",13,0.02
"Brasstown",41,22,"41_to_22",1,0
"Brasstown",41,41,"41_to_41",29381,49.67
"Brasstown",41,43,"41_to_43",981,1.66
"Brasstown",42,21,"42_to_21",2,0
"Brasstown",42,41,"42_to_41",15,0.03
"Brasstown",42,42,"42_to_42",972,1.64
"Brasstown",42,43,"42_to_43",288,0.49
"Brasstown",43,41,"43_to_41",625,1.06
"Brasstown",43,42,"43_to_42",28,0.05
"Brasstown",43,43,"43_to_43",26845,45.38
"Brasstown",81,81,"81_to_81",1,0
"Breadloaf",11,11,"11_to_11",4,0
"Breadloaf",21,21,"21_to_21",3,0
"Breadloaf",41,41,"41_to_41",80153,70.36
"Breadloaf",41,42,"41_to_42",106,0.09
"Breadloaf",41,43,"41_to_43",900,0.79
"Breadloaf",41,71,"41_to_71",4,0
"Breadloaf",42,11,"42_to_11",3,0
"Breadloaf",42,42,"42_to_42",16661,14.63
"Breadloaf",42,43,"42_to_43",70,0.06
"Breadloaf",43,11,"43_to_11",1,0
"Breadloaf",43,41,"43_to_41",155,0.14
"Breadloaf",43,42,"43_to_42",181,0.16
"Breadloaf",43,43,"43_to_43",15478,13.59
"Breadloaf",52,41,"52_to_41",145,0.13
"Breadloaf",52,42,"52_to_42",6,0.01
"Breadloaf",52,43,"52_to_43",11,0.01
"Breadloaf",52,52,"52_to_52",6,0.01
"Breadloaf",71,41,"71_to_41",1,0
"Breadloaf",90,42,"90_to_42",3,0
"Breadloaf",90,43,"90_to_43",1,0
"Breadloaf",90,90,"90_to_90",22,0.02
"Breton",11,11,"11_to_11",38440,67.46
"Breton",11,31,"11_to_31",2274,3.99
"Breton",11,71,"11_to_71",2,0
"Breton",11,95,"11_to_95",235,0.41
"Breton",31,11,"31_to_11",7260,12.74
"Breton",31,31,"31_to_31",1349,2.37
"Breton",31,95,"31_to_95",23,0.04
"Breton",42,11,"42_to_11",1,0
"Breton",90,11,"90_to_11",1,0
"Breton",90,31,"90_to_31",3,0.01
"Breton",90,95,"90_to_95",15,0.03
"Breton",95,11,"95_to_11",475,0.83
"Breton",95,31,"95_to_31",374,0.66
"Breton",95,95,"95_to_95",6529,11.46
"Bridge_Canyon",31,31,"31_to_31",282,0.78
"Bridge_Canyon",52,31,"52_to_31",15,0.04
"Bridge_Canyon",52,52,"52_to_52",35827,99.15
"Bridge_Canyon",90,90,"90_to_90",7,0.02
"Bridge_Canyon",95,90,"95_to_90",1,0
"Bridge_Canyon",95,95,"95_to_95",2,0.01
"Bridge_Creek",21,21,"21_to_21",11,0.04
"Bridge_Creek",21,52,"21_to_52",3,0.01
"Bridge_Creek",22,22,"22_to_22",3,0.01
"Bridge_Creek",22,52,"22_to_52",1,0
"Bridge_Creek",42,21,"42_to_21",14,0.06
"Bridge_Creek",42,22,"42_to_22",3,0.01
"Bridge_Creek",42,42,"42_to_42",14018,57.07
"Bridge_Creek",42,52,"42_to_52",8327,33.9
"Bridge_Creek",42,71,"42_to_71",5,0.02
"Bridge_Creek",42,90,"42_to_90",4,0.02
"Bridge_Creek",52,21,"52_to_21",3,0.01
"Bridge_Creek",52,22,"52_to_22",1,0
"Bridge_Creek",52,42,"52_to_42",183,0.75
"Bridge_Creek",52,52,"52_to_52",1875,7.63
"Bridge_Creek",52,71,"52_to_71",8,0.03
"Bridge_Creek",71,42,"71_to_42",36,0.15
"Bridge_Creek",71,52,"71_to_52",13,0.05
"Bridge_Creek",71,71,"71_to_71",1,0
"Bridge_Creek",90,42,"90_to_42",1,0
"Bridge_Creek",90,90,"90_to_90",41,0.17
"Bridge_Creek",95,90,"95_to_90",1,0
"Bridge_Creek",95,95,"95_to_95",11,0.04
"Bridger",11,11,"11_to_11",39750,2.06
"Bridger",11,31,"11_to_31",680,0.04
"Bridger",11,42,"11_to_42",824,0.04
"Bridger",11,52,"11_to_52",145,0.01
"Bridger",11,71,"11_to_71",177,0.01
"Bridger",11,90,"11_to_90",26,0
"Bridger",12,12,"12_to_12",16304,0.85
"Bridger",21,21,"21_to_21",6,0
"Bridger",22,22,"22_to_22",12,0
"Bridger",23,22,"23_to_22",1,0
"Bridger",31,11,"31_to_11",369,0.02
"Bridger",31,23,"31_to_23",1,0
"Bridger",31,31,"31_to_31",219585,11.4
"Bridger",31,42,"31_to_42",988,0.05
"Bridger",31,52,"31_to_52",4375,0.23
"Bridger",31,71,"31_to_71",748,0.04
"Bridger",41,41,"41_to_41",6642,0.34
"Bridger",41,42,"41_to_42",246,0.01
"Bridger",41,43,"41_to_43",1,0
"Bridger",41,52,"41_to_52",148,0.01
"Bridger",41,82,"41_to_82",1,0
"Bridger",42,11,"42_to_11",707,0.04
"Bridger",42,22,"42_to_22",5,0
"Bridger",42,31,"42_to_31",1117,0.06
"Bridger",42,41,"42_to_41",22,0
"Bridger",42,42,"42_to_42",661232,34.33
"Bridger",42,52,"42_to_52",66252,3.44
"Bridger",42,71,"42_to_71",1505,0.08
"Bridger",42,82,"42_to_82",3,0
"Bridger",42,90,"42_to_90",267,0.01
"Bridger",42,95,"42_to_95",8,0
"Bridger",43,42,"43_to_42",20,0
"Bridger",43,43,"43_to_43",122,0.01
"Bridger",43,52,"43_to_52",4,0
"Bridger",52,11,"52_to_11",172,0.01
"Bridger",52,21,"52_to_21",9,0
"Bridger",52,22,"52_to_22",2,0
"Bridger",52,31,"52_to_31",2606,0.14
"Bridger",52,41,"52_to_41",1651,0.09
"Bridger",52,42,"52_to_42",33616,1.75
"Bridger",52,52,"52_to_52",579203,30.07
"Bridger",52,71,"52_to_71",1380,0.07
"Bridger",52,90,"52_to_90",73,0
"Bridger",52,95,"52_to_95",27,0
"Bridger",71,11,"71_to_11",172,0.01
"Bridger",71,31,"71_to_31",3801,0.2
"Bridger",71,41,"71_to_41",2,0
"Bridger",71,42,"71_to_42",1660,0.09
"Bridger",71,52,"71_to_52",20024,1.04
"Bridger",71,71,"71_to_71",238651,12.39
"Bridger",71,90,"71_to_90",41,0
"Bridger",81,81,"81_to_81",28,0
"Bridger",90,11,"90_to_11",5,0
"Bridger",90,41,"90_to_41",1,0
"Bridger",90,42,"90_to_42",109,0.01
"Bridger",90,52,"90_to_52",108,0.01
"Bridger",90,90,"90_to_90",18917,0.98
"Bridger",90,95,"90_to_95",23,0
"Bridger",95,52,"95_to_52",2,0
"Bridger",95,81,"95_to_81",2,0
"Bridger",95,90,"95_to_90",60,0
"Bridger",95,95,"95_to_95",1597,0.08
"Brigantine",11,11,"11_to_11",4862,13.93
"Brigantine",11,22,"11_to_22",1,0
"Brigantine",11,31,"11_to_31",669,1.92
"Brigantine",11,71,"11_to_71",9,0.03
"Brigantine",11,95,"11_to_95",512,1.47
"Brigantine",22,11,"22_to_11",1,0
"Brigantine",22,22,"22_to_22",1,0
"Brigantine",22,31,"22_to_31",2,0.01
"Brigantine",31,11,"31_to_11",1506,4.32
"Brigantine",31,31,"31_to_31",635,1.82
"Brigantine",31,82,"31_to_82",1,0
"Brigantine",31,90,"31_to_90",3,0.01
"Brigantine",31,95,"31_to_95",89,0.26
"Brigantine",71,11,"71_to_11",2,0.01
"Brigantine",90,31,"90_to_31",7,0.02
"Brigantine",90,90,"90_to_90",166,0.48
"Brigantine",90,95,"90_to_95",22,0.06
"Brigantine",95,11,"95_to_11",620,1.78
"Brigantine",95,31,"95_to_31",1040,2.98
"Brigantine",95,90,"95_to_90",20,0.06
"Brigantine",95,95,"95_to_95",24727,70.86
"Bright_Star",42,42,"42_to_42",610,1.51
"Bright_Star",42,52,"42_to_52",2353,5.84
"Bright_Star",42,71,"42_to_71",304,0.75
"Bright_Star",43,52,"43_to_52",2,0
"Bright_Star",52,42,"52_to_42",152,0.38
"Bright_Star",52,52,"52_to_52",17411,43.2
"Bright_Star",52,71,"52_to_71",19312,47.92
"Bright_Star",52,90,"52_to_90",4,0.01
"Bright_Star",71,42,"71_to_42",1,0
"Bright_Star",71,52,"71_to_52",20,0.05
"Bright_Star",71,71,"71_to_71",64,0.16
"Bright_Star",90,52,"90_to_52",5,0.01
"Bright_Star",90,90,"90_to_90",62,0.15
"Bright_Star",95,52,"95_to_52",1,0
"Bristlecone",41,41,"41_to_41",22,0.03
"Bristlecone",41,42,"41_to_42",1,0
"Bristlecone",42,41,"42_to_41",1,0
"Bristlecone",42,42,"42_to_42",53885,82.12
"Bristlecone",42,52,"42_to_52",4838,7.37
"Bristlecone",42,71,"42_to_71",731,1.11
"Bristlecone",52,42,"52_to_42",1874,2.86
"Bristlecone",52,52,"52_to_52",4043,6.16
"Bristlecone",52,71,"52_to_71",210,0.32
"Bristlecone",71,42,"71_to_42",1,0
"Bristlecone",71,52,"71_to_52",8,0.01
"Bristol_Cliffs",11,11,"11_to_11",33,0.19
"Bristol_Cliffs",11,41,"11_to_41",7,0.04
"Bristol_Cliffs",11,43,"11_to_43",2,0.01
"Bristol_Cliffs",11,71,"11_to_71",10,0.06
"Bristol_Cliffs",11,90,"11_to_90",11,0.06
"Bristol_Cliffs",11,95,"11_to_95",3,0.02
"Bristol_Cliffs",21,21,"21_to_21",19,0.11
"Bristol_Cliffs",21,22,"21_to_22",2,0.01
"Bristol_Cliffs",21,23,"21_to_23",3,0.02
"Bristol_Cliffs",22,22,"22_to_22",9,0.05
"Bristol_Cliffs",22,23,"22_to_23",3,0.02
"Bristol_Cliffs",31,31,"31_to_31",54,0.31
"Bristol_Cliffs",41,11,"41_to_11",1,0.01
"Bristol_Cliffs",41,41,"41_to_41",13809,79.5
"Bristol_Cliffs",41,42,"41_to_42",2,0.01
"Bristol_Cliffs",41,43,"41_to_43",4,0.02
"Bristol_Cliffs",41,52,"41_to_52",1,0.01
"Bristol_Cliffs",41,71,"41_to_71",1,0.01
"Bristol_Cliffs",41,90,"41_to_90",2,0.01
"Bristol_Cliffs",42,11,"42_to_11",2,0.01
"Bristol_Cliffs",42,22,"42_to_22",1,0.01
"Bristol_Cliffs",42,31,"42_to_31",1,0.01
"Bristol_Cliffs",42,42,"42_to_42",1220,7.02
"Bristol_Cliffs",42,43,"42_to_43",6,0.03
"Bristol_Cliffs",43,31,"43_to_31",1,0.01
"Bristol_Cliffs",43,41,"43_to_41",13,0.07
"Bristol_Cliffs",43,42,"43_to_42",4,0.02
"Bristol_Cliffs",43,43,"43_to_43",1866,10.74
"Bristol_Cliffs",71,71,"71_to_71",1,0.01
"Bristol_Cliffs",90,11,"90_to_11",3,0.02
"Bristol_Cliffs",90,42,"90_to_42",1,0.01
"Bristol_Cliffs",90,90,"90_to_90",270,1.55
"Bristol_Cliffs",90,95,"90_to_95",2,0.01
"Bristol_Cliffs",95,90,"95_to_90",1,0.01
"Bristol_Cliffs",95,95,"95_to_95",1,0.01
"Bristol_Mountains",21,22,"21_to_22",2,0
"Bristol_Mountains",22,22,"22_to_22",3,0
"Bristol_Mountains",23,23,"23_to_23",1,0
"Bristol_Mountains",31,31,"31_to_31",12493,3.59
"Bristol_Mountains",31,52,"31_to_52",510,0.15
"Bristol_Mountains",52,22,"52_to_22",5,0
"Bristol_Mountains",52,24,"52_to_24",2,0
"Bristol_Mountains",52,31,"52_to_31",3251,0.93
"Bristol_Mountains",52,52,"52_to_52",331643,95.29
"Bristol_Mountains",52,71,"52_to_71",50,0.01
"Bristol_Mountains",71,71,"71_to_71",93,0.03
"Broad_Canyon",22,22,"22_to_22",4,0.01
"Broad_Canyon",31,31,"31_to_31",9,0.01
"Broad_Canyon",42,42,"42_to_42",3,0
"Broad_Canyon",52,21,"52_to_21",3,0
"Broad_Canyon",52,22,"52_to_22",4,0.01
"Broad_Canyon",52,52,"52_to_52",72507,99.72
"Broad_Canyon",52,71,"52_to_71",4,0.01
"Broad_Canyon",71,31,"71_to_31",1,0
"Broad_Canyon",71,71,"71_to_71",171,0.24
"Broad_Canyon",95,52,"95_to_52",2,0
"Bruneau_Jarbidge_Rivers",11,11,"11_to_11",3,0
"Bruneau_Jarbidge_Rivers",11,42,"11_to_42",5,0
"Bruneau_Jarbidge_Rivers",11,52,"11_to_52",5,0
"Bruneau_Jarbidge_Rivers",11,71,"11_to_71",1,0
"Bruneau_Jarbidge_Rivers",21,21,"21_to_21",63,0.01
"Bruneau_Jarbidge_Rivers",21,22,"21_to_22",1,0
"Bruneau_Jarbidge_Rivers",21,71,"21_to_71",2,0
"Bruneau_Jarbidge_Rivers",22,22,"22_to_22",158,0.04
"Bruneau_Jarbidge_Rivers",23,22,"23_to_22",1,0
"Bruneau_Jarbidge_Rivers",23,23,"23_to_23",2,0
"Bruneau_Jarbidge_Rivers",24,23,"24_to_23",1,0
"Bruneau_Jarbidge_Rivers",31,22,"31_to_22",1,0
"Bruneau_Jarbidge_Rivers",31,23,"31_to_23",6,0
"Bruneau_Jarbidge_Rivers",31,31,"31_to_31",425,0.1
"Bruneau_Jarbidge_Rivers",31,52,"31_to_52",16,0
"Bruneau_Jarbidge_Rivers",31,71,"31_to_71",2,0
"Bruneau_Jarbidge_Rivers",31,95,"31_to_95",3,0
"Bruneau_Jarbidge_Rivers",42,42,"42_to_42",220,0.05
"Bruneau_Jarbidge_Rivers",42,52,"42_to_52",103,0.02
"Bruneau_Jarbidge_Rivers",42,71,"42_to_71",2,0
"Bruneau_Jarbidge_Rivers",42,90,"42_to_90",1,0
"Bruneau_Jarbidge_Rivers",52,11,"52_to_11",3,0
"Bruneau_Jarbidge_Rivers",52,21,"52_to_21",158,0.04
"Bruneau_Jarbidge_Rivers",52,22,"52_to_22",46,0.01
"Bruneau_Jarbidge_Rivers",52,23,"52_to_23",13,0
"Bruneau_Jarbidge_Rivers",52,24,"52_to_24",2,0
"Bruneau_Jarbidge_Rivers",52,31,"52_to_31",26,0.01
"Bruneau_Jarbidge_Rivers",52,42,"52_to_42",327,0.08
"Bruneau_Jarbidge_Rivers",52,52,"52_to_52",250513,57.55
"Bruneau_Jarbidge_Rivers",52,71,"52_to_71",133881,30.76
"Bruneau_Jarbidge_Rivers",52,81,"52_to_81",1,0
"Bruneau_Jarbidge_Rivers",52,90,"52_to_90",15,0
"Bruneau_Jarbidge_Rivers",71,21,"71_to_21",6,0
"Bruneau_Jarbidge_Rivers",71,52,"71_to_52",15930,3.66
"Bruneau_Jarbidge_Rivers",71,71,"71_to_71",33117,7.61
"Bruneau_Jarbidge_Rivers",90,90,"90_to_90",215,0.05
"Bruneau_Jarbidge_Rivers",95,95,"95_to_95",16,0
"Brush_Mountain",21,21,"21_to_21",10,0.04
"Brush_Mountain",41,21,"41_to_21",2,0.01
"Brush_Mountain",41,41,"41_to_41",12786,57.49
"Brush_Mountain",41,43,"41_to_43",535,2.41
"Brush_Mountain",42,42,"42_to_42",912,4.1
"Brush_Mountain",42,43,"42_to_43",55,0.25
"Brush_Mountain",43,41,"43_to_41",20,0.09
"Brush_Mountain",43,42,"43_to_42",5,0.02
"Brush_Mountain",43,43,"43_to_43",7913,35.58
"Brush_Mountain",81,41,"81_to_41",1,0
"Brush_Mountain",81,81,"81_to_81",1,0
"Brush_Mountain_East",11,42,"11_to_42",1,0.01
"Brush_Mountain_East",21,21,"21_to_21",1,0.01
"Brush_Mountain_East",41,41,"41_to_41",7449,42.67
"Brush_Mountain_East",41,42,"41_to_42",2,0.01
"Brush_Mountain_East",41,43,"41_to_43",223,1.28
"Brush_Mountain_East",42,41,"42_to_41",1,0.01
"Brush_Mountain_East",42,42,"42_to_42",1528,8.75
"Brush_Mountain_East",42,43,"42_to_43",141,0.81
"Brush_Mountain_East",43,41,"43_to_41",19,0.11
"Brush_Mountain_East",43,42,"43_to_42",11,0.06
"Brush_Mountain_East",43,43,"43_to_43",8078,46.27
"Brush_Mountain_East",81,81,"81_to_81",5,0.03
"Buckhorn",11,11,"11_to_11",61,0.03
"Buckhorn",11,31,"11_to_31",1,0
"Buckhorn",11,42,"11_to_42",6,0
"Buckhorn",12,12,"12_to_12",304,0.15
"Buckhorn",21,21,"21_to_21",2,0
"Buckhorn",21,22,"21_to_22",1,0
"Buckhorn",22,22,"22_to_22",1,0
"Buckhorn",31,11,"31_to_11",1,0
"Buckhorn",31,31,"31_to_31",14921,7.41
"Buckhorn",31,42,"31_to_42",72,0.04
"Buckhorn",31,52,"31_to_52",205,0.1
"Buckhorn",31,71,"31_to_71",55,0.03
"Buckhorn",42,21,"42_to_21",1,0
"Buckhorn",42,31,"42_to_31",100,0.05
"Buckhorn",42,42,"42_to_42",160128,79.47
"Buckhorn",42,52,"42_to_52",191,0.09
"Buckhorn",42,71,"42_to_71",19,0.01
"Buckhorn",42,90,"42_to_90",1,0
"Buckhorn",52,31,"52_to_31",109,0.05
"Buckhorn",52,42,"52_to_42",5711,2.83
"Buckhorn",52,52,"52_to_52",17850,8.86
"Buckhorn",52,71,"52_to_71",20,0.01
"Buckhorn",71,31,"71_to_31",18,0.01
"Buckhorn",71,42,"71_to_42",457,0.23
"Buckhorn",71,52,"71_to_52",231,0.11
"Buckhorn",71,71,"71_to_71",823,0.41
"Buckhorn",81,52,"81_to_52",1,0
"Buckhorn",90,90,"90_to_90",200,0.1
"Bucks_Lake",11,11,"11_to_11",152,0.14
"Bucks_Lake",11,42,"11_to_42",10,0.01
"Bucks_Lake",11,52,"11_to_52",2,0
"Bucks_Lake",11,71,"11_to_71",4,0
"Bucks_Lake",11,90,"11_to_90",1,0
"Bucks_Lake",11,95,"11_to_95",1,0
"Bucks_Lake",21,21,"21_to_21",68,0.06
"Bucks_Lake",21,22,"21_to_22",1,0
"Bucks_Lake",21,23,"21_to_23",1,0
"Bucks_Lake",21,42,"21_to_42",4,0
"Bucks_Lake",21,52,"21_to_52",2,0
"Bucks_Lake",21,71,"21_to_71",12,0.01
"Bucks_Lake",22,22,"22_to_22",16,0.01
"Bucks_Lake",22,52,"22_to_52",2,0
"Bucks_Lake",23,23,"23_to_23",1,0
"Bucks_Lake",31,31,"31_to_31",319,0.3
"Bucks_Lake",31,42,"31_to_42",4,0
"Bucks_Lake",31,52,"31_to_52",13,0.01
"Bucks_Lake",31,71,"31_to_71",10,0.01
"Bucks_Lake",41,41,"41_to_41",1,0
"Bucks_Lake",41,42,"41_to_42",15,0.01
"Bucks_Lake",41,52,"41_to_52",242,0.22
"Bucks_Lake",41,71,"41_to_71",41,0.04
"Bucks_Lake",42,11,"42_to_11",4,0
"Bucks_Lake",42,21,"42_to_21",33,0.03
"Bucks_Lake",42,22,"42_to_22",10,0.01
"Bucks_Lake",42,31,"42_to_31",8,0.01
"Bucks_Lake",42,41,"42_to_41",2,0
"Bucks_Lake",42,42,"42_to_42",23842,22.11
"Bucks_Lake",42,52,"42_to_52",19176,17.78
"Bucks_Lake",42,71,"42_to_71",44607,41.37
"Bucks_Lake",42,90,"42_to_90",34,0.03
"Bucks_Lake",42,95,"42_to_95",3,0
"Bucks_Lake",52,11,"52_to_11",2,0
"Bucks_Lake",52,21,"52_to_21",41,0.04
"Bucks_Lake",52,22,"52_to_22",6,0.01
"Bucks_Lake",52,31,"52_to_31",214,0.2
"Bucks_Lake",52,41,"52_to_41",1,0
"Bucks_Lake",52,42,"52_to_42",3014,2.8
"Bucks_Lake",52,52,"52_to_52",6222,5.77
"Bucks_Lake",52,71,"52_to_71",9269,8.6
"Bucks_Lake",71,31,"71_to_31",4,0
"Bucks_Lake",71,42,"71_to_42",1,0
"Bucks_Lake",71,52,"71_to_52",26,0.02
"Bucks_Lake",71,71,"71_to_71",212,0.2
"Bucks_Lake",90,42,"90_to_42",10,0.01
"Bucks_Lake",90,71,"90_to_71",29,0.03
"Bucks_Lake",90,90,"90_to_90",125,0.12
"Bucks_Lake",90,95,"90_to_95",11,0.01
"Bucks_Lake",95,90,"95_to_90",4,0
"Bucks_Lake",95,95,"95_to_95",2,0
"Buffalo_National_River",11,11,"11_to_11",1317,0.83
"Buffalo_National_River",11,31,"11_to_31",301,0.19
"Buffalo_National_River",11,41,"11_to_41",258,0.16
"Buffalo_National_River",11,42,"11_to_42",12,0.01
"Buffalo_National_River",11,43,"11_to_43",26,0.02
"Buffalo_National_River",11,71,"11_to_71",22,0.01
"Buffalo_National_River",11,95,"11_to_95",9,0.01
"Buffalo_National_River",21,21,"21_to_21",452,0.28
"Buffalo_National_River",21,22,"21_to_22",2,0
"Buffalo_National_River",21,41,"21_to_41",4,0
"Buffalo_National_River",22,22,"22_to_22",17,0.01
"Buffalo_National_River",31,11,"31_to_11",153,0.1
"Buffalo_National_River",31,31,"31_to_31",1345,0.84
"Buffalo_National_River",31,41,"31_to_41",33,0.02
"Buffalo_National_River",31,43,"31_to_43",1,0
"Buffalo_National_River",31,71,"31_to_71",3,0
"Buffalo_National_River",31,81,"31_to_81",4,0
"Buffalo_National_River",31,90,"31_to_90",1,0
"Buffalo_National_River",31,95,"31_to_95",1,0
"Buffalo_National_River",41,11,"41_to_11",204,0.13
"Buffalo_National_River",41,21,"41_to_21",1,0
"Buffalo_National_River",41,31,"41_to_31",363,0.23
"Buffalo_National_River",41,41,"41_to_41",136647,85.67
"Buffalo_National_River",41,42,"41_to_42",18,0.01
"Buffalo_National_River",41,43,"41_to_43",493,0.31
"Buffalo_National_River",41,52,"41_to_52",10,0.01
"Buffalo_National_River",41,71,"41_to_71",17,0.01
"Buffalo_National_River",41,81,"41_to_81",62,0.04
"Buffalo_National_River",41,90,"41_to_90",4,0
"Buffalo_National_River",41,95,"41_to_95",29,0.02
"Buffalo_National_River",42,41,"42_to_41",3,0
"Buffalo_National_River",42,42,"42_to_42",2840,1.78
"Buffalo_National_River",42,43,"42_to_43",19,0.01
"Buffalo_National_River",42,81,"42_to_81",1,0
"Buffalo_National_River",43,11,"43_to_11",14,0.01
"Buffalo_National_River",43,31,"43_to_31",4,0
"Buffalo_National_River",43,41,"43_to_41",84,0.05
"Buffalo_National_River",43,42,"43_to_42",71,0.04
"Buffalo_National_River",43,43,"43_to_43",12222,7.66
"Buffalo_National_River",43,81,"43_to_81",2,0
"Buffalo_National_River",52,21,"52_to_21",1,0
"Buffalo_National_River",52,41,"52_to_41",89,0.06
"Buffalo_National_River",52,42,"52_to_42",12,0.01
"Buffalo_National_River",52,43,"52_to_43",26,0.02
"Buffalo_National_River",52,52,"52_to_52",2,0
"Buffalo_National_River",71,11,"71_to_11",40,0.03
"Buffalo_National_River",71,21,"71_to_21",2,0
"Buffalo_National_River",71,31,"71_to_31",13,0.01
"Buffalo_National_River",71,41,"71_to_41",63,0.04
"Buffalo_National_River",71,43,"71_to_43",3,0
"Buffalo_National_River",71,71,"71_to_71",10,0.01
"Buffalo_National_River",71,81,"71_to_81",15,0.01
"Buffalo_National_River",81,11,"81_to_11",5,0
"Buffalo_National_River",81,21,"81_to_21",50,0.03
"Buffalo_National_River",81,31,"81_to_31",51,0.03
"Buffalo_National_River",81,41,"81_to_41",64,0.04
"Buffalo_National_River",81,42,"81_to_42",5,0
"Buffalo_National_River",81,43,"81_to_43",8,0.01
"Buffalo_National_River",81,71,"81_to_71",2,0
"Buffalo_National_River",81,81,"81_to_81",1564,0.98
"Buffalo_National_River",81,95,"81_to_95",2,0
"Buffalo_National_River",90,31,"90_to_31",5,0
"Buffalo_National_River",90,41,"90_to_41",8,0.01
"Buffalo_National_River",90,90,"90_to_90",185,0.12
"Buffalo_National_River",90,95,"90_to_95",42,0.03
"Buffalo_National_River",95,11,"95_to_11",13,0.01
"Buffalo_National_River",95,31,"95_to_31",32,0.02
"Buffalo_National_River",95,95,"95_to_95",116,0.07
"Buffalo_Peaks",12,12,"12_to_12",3,0
"Buffalo_Peaks",22,22,"22_to_22",1,0
"Buffalo_Peaks",31,31,"31_to_31",3572,1.91
"Buffalo_Peaks",31,52,"31_to_52",21,0.01
"Buffalo_Peaks",31,71,"31_to_71",98,0.05
"Buffalo_Peaks",41,41,"41_to_41",4174,2.23
"Buffalo_Peaks",41,42,"41_to_42",134,0.07
"Buffalo_Peaks",41,43,"41_to_43",8,0
"Buffalo_Peaks",41,52,"41_to_52",25,0.01
"Buffalo_Peaks",41,71,"41_to_71",8,0
"Buffalo_Peaks",42,41,"42_to_41",362,0.19
"Buffalo_Peaks",42,42,"42_to_42",96321,51.39
"Buffalo_Peaks",42,43,"42_to_43",67,0.04
"Buffalo_Peaks",42,52,"42_to_52",158,0.08
"Buffalo_Peaks",42,71,"42_to_71",147,0.08
"Buffalo_Peaks",42,90,"42_to_90",18,0.01
"Buffalo_Peaks",43,41,"43_to_41",1,0
"Buffalo_Peaks",43,42,"43_to_42",87,0.05
"Buffalo_Peaks",43,43,"43_to_43",291,0.16
"Buffalo_Peaks",43,71,"43_to_71",4,0
"Buffalo_Peaks",52,31,"52_to_31",155,0.08
"Buffalo_Peaks",52,41,"52_to_41",2293,1.22
"Buffalo_Peaks",52,42,"52_to_42",9401,5.02
"Buffalo_Peaks",52,43,"52_to_43",21,0.01
"Buffalo_Peaks",52,52,"52_to_52",30872,16.47
"Buffalo_Peaks",52,71,"52_to_71",404,0.22
"Buffalo_Peaks",52,90,"52_to_90",30,0.02
"Buffalo_Peaks",71,31,"71_to_31",118,0.06
"Buffalo_Peaks",71,41,"71_to_41",308,0.16
"Buffalo_Peaks",71,42,"71_to_42",4231,2.26
"Buffalo_Peaks",71,43,"71_to_43",1,0
"Buffalo_Peaks",71,52,"71_to_52",1423,0.76
"Buffalo_Peaks",71,71,"71_to_71",24847,13.26
"Buffalo_Peaks",71,90,"71_to_90",1,0
"Buffalo_Peaks",82,42,"82_to_42",1,0
"Buffalo_Peaks",90,21,"90_to_21",1,0
"Buffalo_Peaks",90,41,"90_to_41",9,0
"Buffalo_Peaks",90,42,"90_to_42",50,0.03
"Buffalo_Peaks",90,52,"90_to_52",28,0.01
"Buffalo_Peaks",90,90,"90_to_90",3757,2
"Buffalo_Peaks",90,95,"90_to_95",144,0.08
"Buffalo_Peaks",95,52,"95_to_52",3,0
"Buffalo_Peaks",95,90,"95_to_90",151,0.08
"Buffalo_Peaks",95,95,"95_to_95",3674,1.96
"Bull_of_the_Woods",11,11,"11_to_11",120,0.07
"Bull_of_the_Woods",11,42,"11_to_42",25,0.01
"Bull_of_the_Woods",11,52,"11_to_52",7,0
"Bull_of_the_Woods",11,71,"11_to_71",28,0.02
"Bull_of_the_Woods",11,90,"11_to_90",1,0
"Bull_of_the_Woods",21,21,"21_to_21",237,0.14
"Bull_of_the_Woods",21,22,"21_to_22",3,0
"Bull_of_the_Woods",21,42,"21_to_42",17,0.01
"Bull_of_the_Woods",21,52,"21_to_52",8,0
"Bull_of_the_Woods",21,71,"21_to_71",4,0
"Bull_of_the_Woods",22,21,"22_to_21",13,0.01
"Bull_of_the_Woods",22,22,"22_to_22",91,0.05
"Bull_of_the_Woods",22,42,"22_to_42",2,0
"Bull_of_the_Woods",22,71,"22_to_71",1,0
"Bull_of_the_Woods",23,21,"23_to_21",5,0
"Bull_of_the_Woods",23,22,"23_to_22",1,0
"Bull_of_the_Woods",23,23,"23_to_23",2,0
"Bull_of_the_Woods",31,31,"31_to_31",71,0.04
"Bull_of_the_Woods",31,42,"31_to_42",1,0
"Bull_of_the_Woods",31,52,"31_to_52",10,0.01
"Bull_of_the_Woods",31,71,"31_to_71",36,0.02
"Bull_of_the_Woods",41,41,"41_to_41",1,0
"Bull_of_the_Woods",42,11,"42_to_11",3,0
"Bull_of_the_Woods",42,21,"42_to_21",8,0
"Bull_of_the_Woods",42,22,"42_to_22",11,0.01
"Bull_of_the_Woods",42,23,"42_to_23",5,0
"Bull_of_the_Woods",42,31,"42_to_31",11,0.01
"Bull_of_the_Woods",42,42,"42_to_42",96575,57.39
"Bull_of_the_Woods",42,43,"42_to_43",1,0
"Bull_of_the_Woods",42,52,"42_to_52",2961,1.76
"Bull_of_the_Woods",42,71,"42_to_71",64340,38.23
"Bull_of_the_Woods",42,90,"42_to_90",7,0
"Bull_of_the_Woods",43,43,"43_to_43",20,0.01
"Bull_of_the_Woods",52,21,"52_to_21",8,0
"Bull_of_the_Woods",52,23,"52_to_23",1,0
"Bull_of_the_Woods",52,31,"52_to_31",1,0
"Bull_of_the_Woods",52,42,"52_to_42",1159,0.69
"Bull_of_the_Woods",52,43,"52_to_43",3,0
"Bull_of_the_Woods",52,52,"52_to_52",1079,0.64
"Bull_of_the_Woods",52,71,"52_to_71",782,0.46
"Bull_of_the_Woods",52,95,"52_to_95",1,0
"Bull_of_the_Woods",71,42,"71_to_42",513,0.3
"Bull_of_the_Woods",71,52,"71_to_52",8,0
"Bull_of_the_Woods",71,71,"71_to_71",54,0.03
"Bull_of_the_Woods",90,21,"90_to_21",1,0
"Bull_of_the_Woods",90,90,"90_to_90",48,0.03
"Burden_Falls",11,11,"11_to_11",1,0.01
"Burden_Falls",21,21,"21_to_21",232,1.33
"Burden_Falls",22,22,"22_to_22",12,0.07
"Burden_Falls",41,41,"41_to_41",13249,76.17
"Burden_Falls",41,43,"41_to_43",8,0.05
"Burden_Falls",42,42,"42_to_42",1936,11.13
"Burden_Falls",42,43,"42_to_43",4,0.02
"Burden_Falls",43,41,"43_to_41",2,0.01
"Burden_Falls",43,42,"43_to_42",2,0.01
"Burden_Falls",43,43,"43_to_43",1724,9.91
"Burden_Falls",81,21,"81_to_21",1,0.01
"Burden_Falls",81,81,"81_to_81",18,0.1
"Burden_Falls",90,41,"90_to_41",1,0.01
"Burden_Falls",90,90,"90_to_90",203,1.17
"Buzzards_Peak",31,31,"31_to_31",789,1.4
"Buzzards_Peak",52,31,"52_to_31",2,0
"Buzzards_Peak",52,52,"52_to_52",55465,98.56
"Buzzards_Peak",52,71,"52_to_71",2,0
"Buzzards_Peak",71,71,"71_to_71",15,0.03
"Byers_Peak",11,11,"11_to_11",13,0.03
"Byers_Peak",11,42,"11_to_42",1,0
"Byers_Peak",12,12,"12_to_12",6,0.01
"Byers_Peak",21,21,"21_to_21",4,0.01
"Byers_Peak",22,21,"22_to_21",4,0.01
"Byers_Peak",22,22,"22_to_22",2,0
"Byers_Peak",31,31,"31_to_31",1774,4.38
"Byers_Peak",31,42,"31_to_42",16,0.04
"Byers_Peak",31,52,"31_to_52",10,0.02
"Byers_Peak",31,71,"31_to_71",11,0.03
"Byers_Peak",42,11,"42_to_11",4,0.01
"Byers_Peak",42,31,"42_to_31",2,0
"Byers_Peak",42,42,"42_to_42",17801,43.99
"Byers_Peak",42,52,"42_to_52",276,0.68
"Byers_Peak",42,71,"42_to_71",8336,20.6
"Byers_Peak",52,31,"52_to_31",109,0.27
"Byers_Peak",52,42,"52_to_42",832,2.06
"Byers_Peak",52,52,"52_to_52",6067,14.99
"Byers_Peak",52,71,"52_to_71",298,0.74
"Byers_Peak",71,42,"71_to_42",134,0.33
"Byers_Peak",71,52,"71_to_52",47,0.12
"Byers_Peak",71,71,"71_to_71",4368,10.79
"Byers_Peak",90,42,"90_to_42",2,0
"Byers_Peak",90,52,"90_to_52",1,0
"Byers_Peak",90,90,"90_to_90",322,0.8
"Byers_Peak",95,90,"95_to_90",1,0
"Byers_Peak",95,95,"95_to_95",29,0.07
"Cabeza_Prieta",21,21,"21_to_21",262,0.01
"Cabeza_Prieta",21,22,"21_to_22",18,0
"Cabeza_Prieta",21,52,"21_to_52",92,0
"Cabeza_Prieta",22,21,"22_to_21",4,0
"Cabeza_Prieta",22,22,"22_to_22",487,0.01
"Cabeza_Prieta",22,52,"22_to_52",3,0
"Cabeza_Prieta",23,23,"23_to_23",5,0
"Cabeza_Prieta",31,21,"31_to_21",1,0
"Cabeza_Prieta",31,31,"31_to_31",35678,1
"Cabeza_Prieta",31,52,"31_to_52",691,0.02
"Cabeza_Prieta",31,71,"31_to_71",1842,0.05
"Cabeza_Prieta",52,21,"52_to_21",201,0.01
"Cabeza_Prieta",52,22,"52_to_22",22,0
"Cabeza_Prieta",52,31,"52_to_31",38584,1.08
"Cabeza_Prieta",52,52,"52_to_52",3190444,89.29
"Cabeza_Prieta",52,71,"52_to_71",77427,2.17
"Cabeza_Prieta",52,82,"52_to_82",3,0
"Cabeza_Prieta",71,21,"71_to_21",78,0
"Cabeza_Prieta",71,22,"71_to_22",1,0
"Cabeza_Prieta",71,23,"71_to_23",2,0
"Cabeza_Prieta",71,31,"71_to_31",24523,0.69
"Cabeza_Prieta",71,52,"71_to_52",59908,1.68
"Cabeza_Prieta",71,71,"71_to_71",142755,4
"Cabeza_Prieta",71,82,"71_to_82",1,0
"Cabeza_Prieta",82,31,"82_to_31",107,0
"Cabeza_Prieta",82,52,"82_to_52",106,0
"Cabeza_Prieta",82,71,"82_to_71",75,0
"Cabinet_Mountains",11,11,"11_to_11",2906,0.68
"Cabinet_Mountains",11,31,"11_to_31",3,0
"Cabinet_Mountains",11,42,"11_to_42",55,0.01
"Cabinet_Mountains",11,71,"11_to_71",2,0
"Cabinet_Mountains",12,12,"12_to_12",1121,0.26
"Cabinet_Mountains",21,21,"21_to_21",8,0
"Cabinet_Mountains",22,11,"22_to_11",2,0
"Cabinet_Mountains",22,22,"22_to_22",40,0.01
"Cabinet_Mountains",23,23,"23_to_23",7,0
"Cabinet_Mountains",31,11,"31_to_11",41,0.01
"Cabinet_Mountains",31,31,"31_to_31",27392,6.44
"Cabinet_Mountains",31,42,"31_to_42",70,0.02
"Cabinet_Mountains",31,52,"31_to_52",167,0.04
"Cabinet_Mountains",31,71,"31_to_71",107,0.03
"Cabinet_Mountains",41,41,"41_to_41",68,0.02
"Cabinet_Mountains",41,42,"41_to_42",29,0.01
"Cabinet_Mountains",41,52,"41_to_52",26,0.01
"Cabinet_Mountains",42,11,"42_to_11",327,0.08
"Cabinet_Mountains",42,21,"42_to_21",1,0
"Cabinet_Mountains",42,31,"42_to_31",726,0.17
"Cabinet_Mountains",42,41,"42_to_41",18,0
"Cabinet_Mountains",42,42,"42_to_42",275002,64.65
"Cabinet_Mountains",42,43,"42_to_43",7,0
"Cabinet_Mountains",42,52,"42_to_52",14635,3.44
"Cabinet_Mountains",42,71,"42_to_71",1569,0.37
"Cabinet_Mountains",42,81,"42_to_81",3,0
"Cabinet_Mountains",42,90,"42_to_90",3,0
"Cabinet_Mountains",43,42,"43_to_42",16,0
"Cabinet_Mountains",43,43,"43_to_43",221,0.05
"Cabinet_Mountains",43,52,"43_to_52",20,0
"Cabinet_Mountains",52,11,"52_to_11",3,0
"Cabinet_Mountains",52,21,"52_to_21",2,0
"Cabinet_Mountains",52,22,"52_to_22",5,0
"Cabinet_Mountains",52,31,"52_to_31",382,0.09
"Cabinet_Mountains",52,41,"52_to_41",38,0.01
"Cabinet_Mountains",52,42,"52_to_42",9473,2.23
"Cabinet_Mountains",52,43,"52_to_43",240,0.06
"Cabinet_Mountains",52,52,"52_to_52",84766,19.93
"Cabinet_Mountains",52,71,"52_to_71",304,0.07
"Cabinet_Mountains",71,31,"71_to_31",40,0.01
"Cabinet_Mountains",71,41,"71_to_41",1,0
"Cabinet_Mountains",71,42,"71_to_42",136,0.03
"Cabinet_Mountains",71,43,"71_to_43",1,0
"Cabinet_Mountains",71,52,"71_to_52",203,0.05
"Cabinet_Mountains",71,71,"71_to_71",5105,1.2
"Cabinet_Mountains",81,42,"81_to_42",1,0
"Cabinet_Mountains",90,42,"90_to_42",7,0
"Cabinet_Mountains",90,90,"90_to_90",64,0.02
"Cabinet_Mountains",95,95,"95_to_95",1,0
"Cache_Creek",11,11,"11_to_11",2,0
"Cache_Creek",11,42,"11_to_42",2,0
"Cache_Creek",11,43,"11_to_43",2,0
"Cache_Creek",11,52,"11_to_52",38,0.03
"Cache_Creek",11,71,"11_to_71",1,0
"Cache_Creek",21,21,"21_to_21",17,0.01
"Cache_Creek",21,52,"21_to_52",77,0.05
"Cache_Creek",21,71,"21_to_71",48,0.03
"Cache_Creek",22,21,"22_to_21",2,0
"Cache_Creek",22,22,"22_to_22",133,0.09
"Cache_Creek",22,52,"22_to_52",6,0
"Cache_Creek",22,71,"22_to_71",2,0
"Cache_Creek",23,22,"23_to_22",1,0
"Cache_Creek",23,23,"23_to_23",4,0
"Cache_Creek",31,31,"31_to_31",59,0.04
"Cache_Creek",31,52,"31_to_52",29,0.02
"Cache_Creek",31,71,"31_to_71",14,0.01
"Cache_Creek",41,52,"41_to_52",59,0.04
"Cache_Creek",42,42,"42_to_42",598,0.43
"Cache_Creek",42,43,"42_to_43",39,0.03
"Cache_Creek",42,52,"42_to_52",9075,6.47
"Cache_Creek",42,71,"42_to_71",30,0.02
"Cache_Creek",42,90,"42_to_90",1,0
"Cache_Creek",43,42,"43_to_42",96,0.07
"Cache_Creek",43,43,"43_to_43",79,0.06
"Cache_Creek",43,52,"43_to_52",6639,4.73
"Cache_Creek",43,71,"43_to_71",73,0.05
"Cache_Creek",52,11,"52_to_11",8,0.01
"Cache_Creek",52,21,"52_to_21",3,0
"Cache_Creek",52,22,"52_to_22",4,0
"Cache_Creek",52,31,"52_to_31",3,0
"Cache_Creek",52,42,"52_to_42",118,0.08
"Cache_Creek",52,43,"52_to_43",25,0.02
"Cache_Creek",52,52,"52_to_52",114424,81.58
"Cache_Creek",52,71,"52_to_71",5336,3.8
"Cache_Creek",52,81,"52_to_81",1,0
"Cache_Creek",52,90,"52_to_90",2,0
"Cache_Creek",71,42,"71_to_42",83,0.06
"Cache_Creek",71,52,"71_to_52",1809,1.29
"Cache_Creek",71,71,"71_to_71",1284,0.92
"Cache_Creek",71,81,"71_to_81",1,0
"Cache_Creek",90,42,"90_to_42",1,0
"Cache_Creek",90,52,"90_to_52",3,0
"Cache_Creek",90,90,"90_to_90",29,0.02
"Cache_Creek",90,95,"90_to_95",5,0
"Cache_Creek",95,95,"95_to_95",1,0
"Cache_La_Poudre",22,22,"22_to_22",5,0.01
"Cache_La_Poudre",23,23,"23_to_23",5,0.01
"Cache_La_Poudre",41,52,"41_to_52",2,0
"Cache_La_Poudre",42,42,"42_to_42",1426,3.26
"Cache_La_Poudre",42,52,"42_to_52",20030,45.77
"Cache_La_Poudre",42,71,"42_to_71",12745,29.12
"Cache_La_Poudre",42,90,"42_to_90",2,0
"Cache_La_Poudre",52,42,"52_to_42",104,0.24
"Cache_La_Poudre",52,52,"52_to_52",6145,14.04
"Cache_La_Poudre",52,71,"52_to_71",2929,6.69
"Cache_La_Poudre",52,90,"52_to_90",4,0.01
"Cache_La_Poudre",71,52,"71_to_52",3,0.01
"Cache_La_Poudre",71,71,"71_to_71",236,0.54
"Cache_La_Poudre",90,42,"90_to_42",4,0.01
"Cache_La_Poudre",90,52,"90_to_52",54,0.12
"Cache_La_Poudre",90,71,"90_to_71",1,0
"Cache_La_Poudre",90,90,"90_to_90",70,0.16
"Cache_La_Poudre",90,95,"90_to_95",1,0
"Cadiz_Dunes",31,31,"31_to_31",77204,80.03
"Cadiz_Dunes",31,52,"31_to_52",1193,1.24
"Cadiz_Dunes",31,71,"31_to_71",1,0
"Cadiz_Dunes",52,31,"52_to_31",13410,13.9
"Cadiz_Dunes",52,52,"52_to_52",4660,4.83
"Cahuilla_Mountain",41,41,"41_to_41",7,0.03
"Cahuilla_Mountain",41,42,"41_to_42",18,0.07
"Cahuilla_Mountain",41,43,"41_to_43",2,0.01
"Cahuilla_Mountain",41,52,"41_to_52",4,0.02
"Cahuilla_Mountain",42,41,"42_to_41",1,0
"Cahuilla_Mountain",42,42,"42_to_42",1067,4.18
"Cahuilla_Mountain",42,43,"42_to_43",560,2.19
"Cahuilla_Mountain",42,52,"42_to_52",83,0.33
"Cahuilla_Mountain",43,42,"43_to_42",140,0.55
"Cahuilla_Mountain",43,43,"43_to_43",5683,22.27
"Cahuilla_Mountain",43,52,"43_to_52",1960,7.68
"Cahuilla_Mountain",52,41,"52_to_41",1,0
"Cahuilla_Mountain",52,42,"52_to_42",5,0.02
"Cahuilla_Mountain",52,43,"52_to_43",288,1.13
"Cahuilla_Mountain",52,52,"52_to_52",15656,61.34
"Cahuilla_Mountain",52,71,"52_to_71",2,0.01
"Cahuilla_Mountain",71,52,"71_to_52",2,0.01
"Cahuilla_Mountain",71,71,"71_to_71",43,0.17
"Cain_Mountain",31,31,"31_to_31",10,0.02
"Cain_Mountain",31,52,"31_to_52",3,0
"Cain_Mountain",42,42,"42_to_42",11845,18.19
"Cain_Mountain",42,52,"42_to_52",287,0.44
"Cain_Mountain",42,71,"42_to_71",1160,1.78
"Cain_Mountain",52,42,"52_to_42",1955,3
"Cain_Mountain",52,52,"52_to_52",42980,66
"Cain_Mountain",52,71,"52_to_71",4355,6.69
"Cain_Mountain",71,52,"71_to_52",507,0.78
"Cain_Mountain",71,71,"71_to_71",2022,3.1
"Calico_Mountains",22,22,"22_to_22",166,0.06
"Calico_Mountains",22,23,"22_to_23",3,0
"Calico_Mountains",23,23,"23_to_23",20,0.01
"Calico_Mountains",31,22,"31_to_22",5,0
"Calico_Mountains",31,31,"31_to_31",12245,4.16
"Calico_Mountains",31,52,"31_to_52",9188,3.12
"Calico_Mountains",41,41,"41_to_41",20,0.01
"Calico_Mountains",41,52,"41_to_52",35,0.01
"Calico_Mountains",42,42,"42_to_42",156,0.05
"Calico_Mountains",42,52,"42_to_52",40,0.01
"Calico_Mountains",52,21,"52_to_21",1,0
"Calico_Mountains",52,22,"52_to_22",77,0.03
"Calico_Mountains",52,23,"52_to_23",10,0
"Calico_Mountains",52,31,"52_to_31",727,0.25
"Calico_Mountains",52,41,"52_to_41",9,0
"Calico_Mountains",52,42,"52_to_42",417,0.14
"Calico_Mountains",52,52,"52_to_52",266059,90.35
"Calico_Mountains",52,90,"52_to_90",4,0
"Calico_Mountains",71,52,"71_to_52",5165,1.75
"Calico_Mountains",71,71,"71_to_71",32,0.01
"Calico_Mountains",82,52,"82_to_52",2,0
"Calico_Mountains",90,52,"90_to_52",1,0
"Calico_Mountains",90,90,"90_to_90",90,0.03
"Canaan_Mountain",21,21,"21_to_21",122,0.06
"Canaan_Mountain",21,42,"21_to_42",2,0
"Canaan_Mountain",21,52,"21_to_52",1,0
"Canaan_Mountain",21,90,"21_to_90",1,0
"Canaan_Mountain",22,22,"22_to_22",12,0.01
"Canaan_Mountain",31,31,"31_to_31",3085,1.52
"Canaan_Mountain",31,42,"31_to_42",1,0
"Canaan_Mountain",31,52,"31_to_52",91,0.04
"Canaan_Mountain",41,41,"41_to_41",39,0.02
"Canaan_Mountain",41,42,"41_to_42",2,0
"Canaan_Mountain",41,52,"41_to_52",1,0
"Canaan_Mountain",42,41,"42_to_41",8,0
"Canaan_Mountain",42,42,"42_to_42",48472,23.94
"Canaan_Mountain",42,52,"42_to_52",1127,0.56
"Canaan_Mountain",52,21,"52_to_21",31,0.02
"Canaan_Mountain",52,22,"52_to_22",2,0
"Canaan_Mountain",52,31,"52_to_31",152,0.08
"Canaan_Mountain",52,41,"52_to_41",10,0
"Canaan_Mountain",52,42,"52_to_42",9418,4.65
"Canaan_Mountain",52,52,"52_to_52",138265,68.29
"Canaan_Mountain",52,81,"52_to_81",2,0
"Canaan_Mountain",52,90,"52_to_90",39,0.02
"Canaan_Mountain",71,42,"71_to_42",9,0
"Canaan_Mountain",71,52,"71_to_52",4,0
"Canaan_Mountain",81,81,"81_to_81",8,0
"Canaan_Mountain",90,42,"90_to_42",5,0
"Canaan_Mountain",90,52,"90_to_52",14,0.01
"Canaan_Mountain",90,90,"90_to_90",1555,0.77
"Caney_Creek",21,21,"21_to_21",517,0.8
"Caney_Creek",21,41,"21_to_41",2,0
"Caney_Creek",22,22,"22_to_22",2,0
"Caney_Creek",41,21,"41_to_21",17,0.03
"Caney_Creek",41,41,"41_to_41",36350,55.91
"Caney_Creek",41,42,"41_to_42",1,0
"Caney_Creek",41,43,"41_to_43",276,0.42
"Caney_Creek",41,81,"41_to_81",3,0
"Caney_Creek",42,41,"42_to_41",593,0.91
"Caney_Creek",42,42,"42_to_42",6880,10.58
"Caney_Creek",42,43,"42_to_43",441,0.68
"Caney_Creek",43,21,"43_to_21",2,0
"Caney_Creek",43,41,"43_to_41",269,0.41
"Caney_Creek",43,42,"43_to_42",75,0.12
"Caney_Creek",43,43,"43_to_43",19526,30.03
"Caney_Creek",52,41,"52_to_41",2,0
"Caney_Creek",52,42,"52_to_42",16,0.02
"Caney_Creek",52,43,"52_to_43",7,0.01
"Caney_Creek",71,41,"71_to_41",6,0.01
"Caney_Creek",71,42,"71_to_42",22,0.03
"Caney_Creek",71,43,"71_to_43",2,0
"Caney_Creek",71,71,"71_to_71",3,0
"Caney_Creek",81,41,"81_to_41",1,0
"Caney_Creek",81,81,"81_to_81",7,0.01
"Cape_Romain",11,11,"11_to_11",11614,8.22
"Cape_Romain",11,22,"11_to_22",1,0
"Cape_Romain",11,31,"11_to_31",67,0.05
"Cape_Romain",11,95,"11_to_95",258,0.18
"Cape_Romain",31,11,"31_to_11",2198,1.56
"Cape_Romain",31,31,"31_to_31",494,0.35
"Cape_Romain",31,95,"31_to_95",14,0.01
"Cape_Romain",42,11,"42_to_11",6,0
"Cape_Romain",42,42,"42_to_42",19,0.01
"Cape_Romain",90,90,"90_to_90",280,0.2
"Cape_Romain",90,95,"90_to_95",17,0.01
"Cape_Romain",95,11,"95_to_11",1117,0.79
"Cape_Romain",95,31,"95_to_31",142,0.1
"Cape_Romain",95,90,"95_to_90",58,0.04
"Cape_Romain",95,95,"95_to_95",124980,88.47
"Capitan_Mountains",21,42,"21_to_42",1,0
"Capitan_Mountains",31,31,"31_to_31",7,0
"Capitan_Mountains",41,41,"41_to_41",29,0.02
"Capitan_Mountains",41,42,"41_to_42",480,0.29
"Capitan_Mountains",42,22,"42_to_22",2,0
"Capitan_Mountains",42,41,"42_to_41",3,0
"Capitan_Mountains",42,42,"42_to_42",157283,96.06
"Capitan_Mountains",42,52,"42_to_52",1345,0.82
"Capitan_Mountains",42,71,"42_to_71",3,0
"Capitan_Mountains",42,90,"42_to_90",2,0
"Capitan_Mountains",52,41,"52_to_41",2,0
"Capitan_Mountains",52,42,"52_to_42",529,0.32
"Capitan_Mountains",52,52,"52_to_52",4044,2.47
"Capitan_Mountains",52,90,"52_to_90",1,0
"Caribou",11,11,"11_to_11",888,0.94
"Caribou",11,42,"11_to_42",31,0.03
"Caribou",11,52,"11_to_52",5,0.01
"Caribou",11,71,"11_to_71",176,0.19
"Caribou",11,90,"11_to_90",3,0
"Caribou",11,95,"11_to_95",1,0
"Caribou",21,21,"21_to_21",155,0.16
"Caribou",21,22,"21_to_22",14,0.01
"Caribou",21,23,"21_to_23",2,0
"Caribou",21,42,"21_to_42",5,0.01
"Caribou",21,71,"21_to_71",6,0.01
"Caribou",22,22,"22_to_22",113,0.12
"Caribou",23,23,"23_to_23",1,0
"Caribou",31,31,"31_to_31",151,0.16
"Caribou",31,42,"31_to_42",2,0
"Caribou",31,52,"31_to_52",4,0
"Caribou",31,71,"31_to_71",82,0.09
"Caribou",42,11,"42_to_11",18,0.02
"Caribou",42,21,"42_to_21",60,0.06
"Caribou",42,22,"42_to_22",5,0.01
"Caribou",42,23,"42_to_23",1,0
"Caribou",42,31,"42_to_31",32,0.03
"Caribou",42,42,"42_to_42",8962,9.47
"Caribou",42,52,"42_to_52",32,0.03
"Caribou",42,71,"42_to_71",46927,49.57
"Caribou",42,90,"42_to_90",1,0
"Caribou",42,95,"42_to_95",8,0.01
"Caribou",52,11,"52_to_11",36,0.04
"Caribou",52,21,"52_to_21",77,0.08
"Caribou",52,22,"52_to_22",29,0.03
"Caribou",52,23,"52_to_23",4,0
"Caribou",52,31,"52_to_31",141,0.15
"Caribou",52,42,"52_to_42",4094,4.32
"Caribou",52,52,"52_to_52",1434,1.51
"Caribou",52,71,"52_to_71",29795,31.47
"Caribou",71,21,"71_to_21",1,0
"Caribou",71,42,"71_to_42",18,0.02
"Caribou",71,52,"71_to_52",6,0.01
"Caribou",71,71,"71_to_71",1041,1.1
"Caribou",71,95,"71_to_95",13,0.01
"Caribou",90,42,"90_to_42",22,0.02
"Caribou",90,52,"90_to_52",2,0
"Caribou",90,71,"90_to_71",65,0.07
"Caribou",90,90,"90_to_90",130,0.14
"Caribou",90,95,"90_to_95",28,0.03
"Caribou",95,42,"95_to_42",1,0
"Caribou",95,90,"95_to_90",24,0.03
"Caribou",95,95,"95_to_95",27,0.03
"Caribou_Speckled_Mountain",21,21,"21_to_21",1,0
"Caribou_Speckled_Mountain",22,22,"22_to_22",2,0
"Caribou_Speckled_Mountain",31,31,"31_to_31",3,0.01
"Caribou_Speckled_Mountain",41,41,"41_to_41",25738,50.07
"Caribou_Speckled_Mountain",41,42,"41_to_42",1,0
"Caribou_Speckled_Mountain",41,43,"41_to_43",96,0.19
"Caribou_Speckled_Mountain",42,41,"42_to_41",1,0
"Caribou_Speckled_Mountain",42,42,"42_to_42",17351,33.76
"Caribou_Speckled_Mountain",42,43,"42_to_43",8,0.02
"Caribou_Speckled_Mountain",43,41,"43_to_41",31,0.06
"Caribou_Speckled_Mountain",43,42,"43_to_42",145,0.28
"Caribou_Speckled_Mountain",43,43,"43_to_43",7679,14.94
"Caribou_Speckled_Mountain",52,41,"52_to_41",14,0.03
"Caribou_Speckled_Mountain",52,42,"52_to_42",69,0.13
"Caribou_Speckled_Mountain",52,43,"52_to_43",30,0.06
"Caribou_Speckled_Mountain",52,52,"52_to_52",212,0.41
"Caribou_Speckled_Mountain",71,71,"71_to_71",10,0.02
"Caribou_Speckled_Mountain",90,90,"90_to_90",10,0.02
"Carlsbad_Caverns",42,42,"42_to_42",33785,23.52
"Carlsbad_Caverns",42,52,"42_to_52",4379,3.05
"Carlsbad_Caverns",42,71,"42_to_71",12,0.01
"Carlsbad_Caverns",52,22,"52_to_22",3,0
"Carlsbad_Caverns",52,42,"52_to_42",2687,1.87
"Carlsbad_Caverns",52,52,"52_to_52",102299,71.22
"Carlsbad_Caverns",52,71,"52_to_71",112,0.08
"Carlsbad_Caverns",71,42,"71_to_42",47,0.03
"Carlsbad_Caverns",71,52,"71_to_52",311,0.22
"Carrizo_Gorge",31,31,"31_to_31",172,0.25
"Carrizo_Gorge",31,52,"31_to_52",51,0.08
"Carrizo_Gorge",52,31,"52_to_31",5,0.01
"Carrizo_Gorge",52,52,"52_to_52",61409,90.56
"Carrizo_Gorge",52,71,"52_to_71",33,0.05
"Carrizo_Gorge",52,90,"52_to_90",1,0
"Carrizo_Gorge",52,95,"52_to_95",1,0
"Carrizo_Gorge",71,52,"71_to_52",6062,8.94
"Carrizo_Gorge",71,71,"71_to_71",66,0.1
"Carrizo_Gorge",90,90,"90_to_90",6,0.01
"Carrizo_Gorge",90,95,"90_to_95",1,0
"Carrizo_Gorge",95,52,"95_to_52",1,0
"Carrizo_Gorge",95,90,"95_to_90",1,0
"Carrizo_Gorge",95,95,"95_to_95",2,0
"Carson_Iceberg",11,11,"11_to_11",220,0.03
"Carson_Iceberg",11,42,"11_to_42",12,0
"Carson_Iceberg",11,52,"11_to_52",4,0
"Carson_Iceberg",12,12,"12_to_12",34,0
"Carson_Iceberg",21,21,"21_to_21",241,0.03
"Carson_Iceberg",21,22,"21_to_22",9,0
"Carson_Iceberg",21,23,"21_to_23",1,0
"Carson_Iceberg",21,42,"21_to_42",11,0
"Carson_Iceberg",21,52,"21_to_52",38,0.01
"Carson_Iceberg",22,21,"22_to_21",3,0
"Carson_Iceberg",22,22,"22_to_22",407,0.06
"Carson_Iceberg",22,23,"22_to_23",10,0
"Carson_Iceberg",22,42,"22_to_42",1,0
"Carson_Iceberg",22,52,"22_to_52",1,0
"Carson_Iceberg",23,22,"23_to_22",4,0
"Carson_Iceberg",23,23,"23_to_23",24,0
"Carson_Iceberg",23,42,"23_to_42",1,0
"Carson_Iceberg",31,31,"31_to_31",21303,2.96
"Carson_Iceberg",31,41,"31_to_41",1,0
"Carson_Iceberg",31,42,"31_to_42",122,0.02
"Carson_Iceberg",31,52,"31_to_52",374,0.05
"Carson_Iceberg",31,71,"31_to_71",29,0
"Carson_Iceberg",41,22,"41_to_22",1,0
"Carson_Iceberg",41,31,"41_to_31",14,0
"Carson_Iceberg",41,41,"41_to_41",1775,0.25
"Carson_Iceberg",41,42,"41_to_42",253,0.04
"Carson_Iceberg",41,52,"41_to_52",461,0.06
"Carson_Iceberg",41,71,"41_to_71",84,0.01
"Carson_Iceberg",41,90,"41_to_90",15,0
"Carson_Iceberg",42,11,"42_to_11",20,0
"Carson_Iceberg",42,21,"42_to_21",54,0.01
"Carson_Iceberg",42,22,"42_to_22",38,0.01
"Carson_Iceberg",42,23,"42_to_23",7,0
"Carson_Iceberg",42,31,"42_to_31",551,0.08
"Carson_Iceberg",42,41,"42_to_41",40,0.01
"Carson_Iceberg",42,42,"42_to_42",347409,48.27
"Carson_Iceberg",42,52,"42_to_52",48012,6.67
"Carson_Iceberg",42,71,"42_to_71",21550,2.99
"Carson_Iceberg",42,90,"42_to_90",74,0.01
"Carson_Iceberg",42,95,"42_to_95",2,0
"Carson_Iceberg",52,11,"52_to_11",6,0
"Carson_Iceberg",52,21,"52_to_21",46,0.01
"Carson_Iceberg",52,22,"52_to_22",22,0
"Carson_Iceberg",52,23,"52_to_23",5,0
"Carson_Iceberg",52,31,"52_to_31",2174,0.3
"Carson_Iceberg",52,41,"52_to_41",296,0.04
"Carson_Iceberg",52,42,"52_to_42",10114,1.41
"Carson_Iceberg",52,52,"52_to_52",242367,33.67
"Carson_Iceberg",52,71,"52_to_71",10207,1.42
"Carson_Iceberg",52,90,"52_to_90",96,0.01
"Carson_Iceberg",52,95,"52_to_95",10,0
"Carson_Iceberg",71,31,"71_to_31",15,0
"Carson_Iceberg",71,41,"71_to_41",6,0
"Carson_Iceberg",71,42,"71_to_42",11,0
"Carson_Iceberg",71,52,"71_to_52",163,0.02
"Carson_Iceberg",71,71,"71_to_71",1182,0.16
"Carson_Iceberg",81,42,"81_to_42",2,0
"Carson_Iceberg",81,52,"81_to_52",119,0.02
"Carson_Iceberg",81,71,"81_to_71",11,0
"Carson_Iceberg",81,81,"81_to_81",11,0
"Carson_Iceberg",81,90,"81_to_90",1,0
"Carson_Iceberg",81,95,"81_to_95",1,0
"Carson_Iceberg",90,11,"90_to_11",11,0
"Carson_Iceberg",90,23,"90_to_23",2,0
"Carson_Iceberg",90,31,"90_to_31",1,0
"Carson_Iceberg",90,41,"90_to_41",14,0
"Carson_Iceberg",90,42,"90_to_42",133,0.02
"Carson_Iceberg",90,52,"90_to_52",74,0.01
"Carson_Iceberg",90,71,"90_to_71",2,0
"Carson_Iceberg",90,81,"90_to_81",6,0
"Carson_Iceberg",90,90,"90_to_90",8108,1.13
"Carson_Iceberg",90,95,"90_to_95",172,0.02
"Carson_Iceberg",95,11,"95_to_11",1,0
"Carson_Iceberg",95,90,"95_to_90",231,0.03
"Carson_Iceberg",95,95,"95_to_95",901,0.13
"Castle_Crags",11,11,"11_to_11",49,0.1
"Castle_Crags",11,42,"11_to_42",2,0
"Castle_Crags",21,21,"21_to_21",67,0.13
"Castle_Crags",21,22,"21_to_22",2,0
"Castle_Crags",21,42,"21_to_42",2,0
"Castle_Crags",22,21,"22_to_21",1,0
"Castle_Crags",22,22,"22_to_22",25,0.05
"Castle_Crags",31,31,"31_to_31",1231,2.42
"Castle_Crags",31,42,"31_to_42",15,0.03
"Castle_Crags",31,52,"31_to_52",104,0.2
"Castle_Crags",31,71,"31_to_71",12,0.02
"Castle_Crags",41,41,"41_to_41",8,0.02
"Castle_Crags",41,42,"41_to_42",2,0
"Castle_Crags",42,11,"42_to_11",5,0.01
"Castle_Crags",42,21,"42_to_21",77,0.15
"Castle_Crags",42,22,"42_to_22",5,0.01
"Castle_Crags",42,31,"42_to_31",97,0.19
"Castle_Crags",42,42,"42_to_42",28886,56.78
"Castle_Crags",42,52,"42_to_52",590,1.16
"Castle_Crags",42,71,"42_to_71",5,0.01
"Castle_Crags",52,21,"52_to_21",23,0.05
"Castle_Crags",52,22,"52_to_22",3,0.01
"Castle_Crags",52,31,"52_to_31",180,0.35
"Castle_Crags",52,41,"52_to_41",3,0.01
"Castle_Crags",52,42,"52_to_42",4628,9.1
"Castle_Crags",52,52,"52_to_52",13861,27.25
"Castle_Crags",52,71,"52_to_71",5,0.01
"Castle_Crags",71,31,"71_to_31",50,0.1
"Castle_Crags",71,42,"71_to_42",3,0.01
"Castle_Crags",71,52,"71_to_52",109,0.21
"Castle_Crags",71,71,"71_to_71",804,1.58
"Castle_Crags",90,42,"90_to_42",3,0.01
"Castle_Crags",90,90,"90_to_90",14,0.03
"Castle_Creek",21,21,"21_to_21",22,0.02
"Castle_Creek",21,22,"21_to_22",2,0
"Castle_Creek",21,42,"21_to_42",1,0
"Castle_Creek",22,22,"22_to_22",37,0.03
"Castle_Creek",22,42,"22_to_42",1,0
"Castle_Creek",22,52,"22_to_52",1,0
"Castle_Creek",42,21,"42_to_21",17,0.01
"Castle_Creek",42,22,"42_to_22",3,0
"Castle_Creek",42,42,"42_to_42",20149,17.38
"Castle_Creek",42,43,"42_to_43",12,0.01
"Castle_Creek",42,52,"42_to_52",26032,22.46
"Castle_Creek",42,71,"42_to_71",157,0.14
"Castle_Creek",43,42,"43_to_42",19,0.02
"Castle_Creek",43,52,"43_to_52",17,0.01
"Castle_Creek",52,21,"52_to_21",6,0.01
"Castle_Creek",52,42,"52_to_42",2457,2.12
"Castle_Creek",52,43,"52_to_43",48,0.04
"Castle_Creek",52,52,"52_to_52",60436,52.14
"Castle_Creek",52,71,"52_to_71",6440,5.56
"Castle_Creek",52,90,"52_to_90",2,0
"Castle_Creek",71,52,"71_to_52",14,0.01
"Castle_Creek",71,71,"71_to_71",11,0.01
"Castle_Creek",90,52,"90_to_52",1,0
"Castle_Creek",90,71,"90_to_71",5,0
"Castle_Creek",90,90,"90_to_90",7,0.01
"Castle_Creek",90,95,"90_to_95",3,0
"Catfish_Lake_South",11,11,"11_to_11",35,0.09
"Catfish_Lake_South",21,21,"21_to_21",73,0.19
"Catfish_Lake_South",21,22,"21_to_22",1,0
"Catfish_Lake_South",21,42,"21_to_42",2,0.01
"Catfish_Lake_South",22,21,"22_to_21",1,0
"Catfish_Lake_South",22,22,"22_to_22",8,0.02
"Catfish_Lake_South",22,42,"22_to_42",1,0
"Catfish_Lake_South",42,21,"42_to_21",1,0
"Catfish_Lake_South",42,42,"42_to_42",1976,5.1
"Catfish_Lake_South",42,52,"42_to_52",1,0
"Catfish_Lake_South",42,71,"42_to_71",1,0
"Catfish_Lake_South",43,42,"43_to_42",2,0.01
"Catfish_Lake_South",43,43,"43_to_43",15,0.04
"Catfish_Lake_South",43,71,"43_to_71",2,0.01
"Catfish_Lake_South",90,11,"90_to_11",3,0.01
"Catfish_Lake_South",90,90,"90_to_90",36642,94.53
"Cebolla",21,21,"21_to_21",75,0.03
"Cebolla",21,52,"21_to_52",6,0
"Cebolla",21,71,"21_to_71",1,0
"Cebolla",22,22,"22_to_22",8,0
"Cebolla",42,21,"42_to_21",4,0
"Cebolla",42,42,"42_to_42",162317,57.48
"Cebolla",42,52,"42_to_52",1964,0.7
"Cebolla",52,21,"52_to_21",61,0.02
"Cebolla",52,22,"52_to_22",3,0
"Cebolla",52,42,"52_to_42",2825,1
"Cebolla",52,52,"52_to_52",115082,40.75
"Cebolla",52,71,"52_to_71",22,0.01
"Cebolla",52,81,"52_to_81",2,0
"Cebolla",52,82,"52_to_82",1,0
"Cebolla",71,52,"71_to_52",1,0
"Cebolla",81,81,"81_to_81",1,0
"Cebolla",90,90,"90_to_90",4,0
"Cedar_Bench",11,11,"11_to_11",1,0
"Cedar_Bench",11,52,"11_to_52",3,0
"Cedar_Bench",42,42,"42_to_42",41120,56.2
"Cedar_Bench",42,52,"42_to_52",1293,1.77
"Cedar_Bench",42,90,"42_to_90",2,0
"Cedar_Bench",43,43,"43_to_43",7,0.01
"Cedar_Bench",43,52,"43_to_52",3,0
"Cedar_Bench",52,42,"52_to_42",1843,2.52
"Cedar_Bench",52,43,"52_to_43",5,0.01
"Cedar_Bench",52,52,"52_to_52",28673,39.19
"Cedar_Bench",90,42,"90_to_42",2,0
"Cedar_Bench",90,90,"90_to_90",218,0.3
"Cedar_Bench",95,90,"95_to_90",1,0
"Cedar_Keys",11,11,"11_to_11",398,22.86
"Cedar_Keys",11,31,"11_to_31",12,0.69
"Cedar_Keys",11,42,"11_to_42",1,0.06
"Cedar_Keys",11,71,"11_to_71",1,0.06
"Cedar_Keys",11,90,"11_to_90",7,0.4
"Cedar_Keys",11,95,"11_to_95",17,0.98
"Cedar_Keys",21,21,"21_to_21",1,0.06
"Cedar_Keys",22,21,"22_to_21",1,0.06
"Cedar_Keys",23,21,"23_to_21",1,0.06
"Cedar_Keys",23,31,"23_to_31",1,0.06
"Cedar_Keys",31,11,"31_to_11",37,2.13
"Cedar_Keys",31,31,"31_to_31",110,6.32
"Cedar_Keys",31,95,"31_to_95",2,0.11
"Cedar_Keys",42,31,"42_to_31",1,0.06
"Cedar_Keys",42,42,"42_to_42",9,0.52
"Cedar_Keys",52,52,"52_to_52",2,0.11
"Cedar_Keys",90,11,"90_to_11",2,0.11
"Cedar_Keys",90,31,"90_to_31",10,0.57
"Cedar_Keys",90,42,"90_to_42",2,0.11
"Cedar_Keys",90,90,"90_to_90",332,19.07
"Cedar_Keys",90,95,"90_to_95",26,1.49
"Cedar_Keys",95,11,"95_to_11",10,0.57
"Cedar_Keys",95,21,"95_to_21",2,0.11
"Cedar_Keys",95,31,"95_to_31",2,0.11
"Cedar_Keys",95,90,"95_to_90",15,0.86
"Cedar_Keys",95,95,"95_to_95",739,42.45
"Cedar_Mountain_Area",21,21,"21_to_21",55,0.01
"Cedar_Mountain_Area",21,22,"21_to_22",1,0
"Cedar_Mountain_Area",21,71,"21_to_71",2,0
"Cedar_Mountain_Area",22,22,"22_to_22",15,0
"Cedar_Mountain_Area",42,42,"42_to_42",12506,2.64
"Cedar_Mountain_Area",42,52,"42_to_52",6914,1.46
"Cedar_Mountain_Area",42,71,"42_to_71",3338,0.71
"Cedar_Mountain_Area",52,21,"52_to_21",89,0.02
"Cedar_Mountain_Area",52,22,"52_to_22",15,0
"Cedar_Mountain_Area",52,42,"52_to_42",2173,0.46
"Cedar_Mountain_Area",52,52,"52_to_52",306990,64.91
"Cedar_Mountain_Area",52,71,"52_to_71",78435,16.58
"Cedar_Mountain_Area",71,21,"71_to_21",148,0.03
"Cedar_Mountain_Area",71,22,"71_to_22",3,0
"Cedar_Mountain_Area",71,52,"71_to_52",22119,4.68
"Cedar_Mountain_Area",71,71,"71_to_71",40144,8.49
"Cedar_Roughs",21,52,"21_to_52",1,0
"Cedar_Roughs",41,52,"41_to_52",36,0.12
"Cedar_Roughs",41,71,"41_to_71",1,0
"Cedar_Roughs",42,42,"42_to_42",289,0.97
"Cedar_Roughs",42,52,"42_to_52",3264,10.96
"Cedar_Roughs",42,71,"42_to_71",2590,8.7
"Cedar_Roughs",43,42,"43_to_42",2,0.01
"Cedar_Roughs",43,52,"43_to_52",1578,5.3
"Cedar_Roughs",43,71,"43_to_71",308,1.03
"Cedar_Roughs",52,21,"52_to_21",1,0
"Cedar_Roughs",52,42,"52_to_42",144,0.48
"Cedar_Roughs",52,52,"52_to_52",7647,25.69
"Cedar_Roughs",52,71,"52_to_71",13029,43.76
"Cedar_Roughs",71,42,"71_to_42",5,0.02
"Cedar_Roughs",71,52,"71_to_52",458,1.54
"Cedar_Roughs",71,71,"71_to_71",396,1.33
"Cedar_Roughs",90,90,"90_to_90",12,0.04
"Cedar_Roughs",90,95,"90_to_95",4,0.01
"Cedar_Roughs",95,90,"95_to_90",2,0.01
"Cedar_Roughs",95,95,"95_to_95",5,0.02
"Cerro_del_Yuta",22,22,"22_to_22",46,0.08
"Cerro_del_Yuta",42,42,"42_to_42",14025,22.9
"Cerro_del_Yuta",42,52,"42_to_52",20,0.03
"Cerro_del_Yuta",52,21,"52_to_21",18,0.03
"Cerro_del_Yuta",52,22,"52_to_22",14,0.02
"Cerro_del_Yuta",52,42,"52_to_42",2341,3.82
"Cerro_del_Yuta",52,52,"52_to_52",44786,73.12
"Chama_River_Canyon",11,11,"11_to_11",112,0.05
"Chama_River_Canyon",11,52,"11_to_52",4,0
"Chama_River_Canyon",11,90,"11_to_90",19,0.01
"Chama_River_Canyon",21,21,"21_to_21",29,0.01
"Chama_River_Canyon",22,22,"22_to_22",8,0
"Chama_River_Canyon",31,31,"31_to_31",109,0.05
"Chama_River_Canyon",31,52,"31_to_52",3,0
"Chama_River_Canyon",41,41,"41_to_41",50,0.02
"Chama_River_Canyon",41,42,"41_to_42",175,0.08
"Chama_River_Canyon",41,52,"41_to_52",13,0.01
"Chama_River_Canyon",41,71,"41_to_71",70,0.03
"Chama_River_Canyon",42,11,"42_to_11",3,0
"Chama_River_Canyon",42,42,"42_to_42",127974,59.22
"Chama_River_Canyon",42,52,"42_to_52",3966,1.84
"Chama_River_Canyon",42,71,"42_to_71",6970,3.23
"Chama_River_Canyon",52,11,"52_to_11",9,0
"Chama_River_Canyon",52,21,"52_to_21",22,0.01
"Chama_River_Canyon",52,22,"52_to_22",1,0
"Chama_River_Canyon",52,31,"52_to_31",5,0
"Chama_River_Canyon",52,42,"52_to_42",487,0.23
"Chama_River_Canyon",52,52,"52_to_52",74984,34.7
"Chama_River_Canyon",52,71,"52_to_71",184,0.09
"Chama_River_Canyon",71,42,"71_to_42",1,0
"Chama_River_Canyon",71,71,"71_to_71",19,0.01
"Chama_River_Canyon",90,11,"90_to_11",14,0.01
"Chama_River_Canyon",90,42,"90_to_42",1,0
"Chama_River_Canyon",90,52,"90_to_52",2,0
"Chama_River_Canyon",90,90,"90_to_90",841,0.39
"Chama_River_Canyon",95,90,"95_to_90",2,0
"Chama_River_Canyon",95,95,"95_to_95",5,0
"Chanchelulla",21,21,"21_to_21",7,0.02
"Chanchelulla",31,31,"31_to_31",7,0.02
"Chanchelulla",31,42,"31_to_42",7,0.02
"Chanchelulla",31,52,"31_to_52",21,0.06
"Chanchelulla",31,71,"31_to_71",1,0
"Chanchelulla",41,41,"41_to_41",82,0.22
"Chanchelulla",41,42,"41_to_42",13,0.04
"Chanchelulla",41,52,"41_to_52",1,0
"Chanchelulla",42,21,"42_to_21",3,0.01
"Chanchelulla",42,41,"42_to_41",2,0.01
"Chanchelulla",42,42,"42_to_42",16506,44.82
"Chanchelulla",42,52,"42_to_52",11530,31.31
"Chanchelulla",42,71,"42_to_71",10,0.03
"Chanchelulla",52,21,"52_to_21",11,0.03
"Chanchelulla",52,41,"52_to_41",6,0.02
"Chanchelulla",52,42,"52_to_42",1418,3.85
"Chanchelulla",52,52,"52_to_52",7067,19.19
"Chanchelulla",52,71,"52_to_71",34,0.09
"Chanchelulla",71,42,"71_to_42",12,0.03
"Chanchelulla",71,52,"71_to_52",77,0.21
"Chanchelulla",71,71,"71_to_71",11,0.03
"Charles_C_Deam",11,11,"11_to_11",521,0.9
"Charles_C_Deam",11,31,"11_to_31",2,0
"Charles_C_Deam",11,41,"11_to_41",49,0.08
"Charles_C_Deam",11,42,"11_to_42",2,0
"Charles_C_Deam",11,43,"11_to_43",1,0
"Charles_C_Deam",11,71,"11_to_71",33,0.06
"Charles_C_Deam",11,95,"11_to_95",11,0.02
"Charles_C_Deam",21,21,"21_to_21",334,0.58
"Charles_C_Deam",21,41,"21_to_41",10,0.02
"Charles_C_Deam",22,22,"22_to_22",6,0.01
"Charles_C_Deam",31,31,"31_to_31",4,0.01
"Charles_C_Deam",31,71,"31_to_71",1,0
"Charles_C_Deam",41,11,"41_to_11",25,0.04
"Charles_C_Deam",41,21,"41_to_21",11,0.02
"Charles_C_Deam",41,41,"41_to_41",48399,83.63
"Charles_C_Deam",41,42,"41_to_42",5,0.01
"Charles_C_Deam",41,43,"41_to_43",37,0.06
"Charles_C_Deam",41,71,"41_to_71",14,0.02
"Charles_C_Deam",42,41,"42_to_41",37,0.06
"Charles_C_Deam",42,42,"42_to_42",2413,4.17
"Charles_C_Deam",42,43,"42_to_43",37,0.06
"Charles_C_Deam",43,11,"43_to_11",1,0
"Charles_C_Deam",43,21,"43_to_21",1,0
"Charles_C_Deam",43,41,"43_to_41",444,0.77
"Charles_C_Deam",43,42,"43_to_42",77,0.13
"Charles_C_Deam",43,43,"43_to_43",5210,9
"Charles_C_Deam",52,41,"52_to_41",3,0.01
"Charles_C_Deam",52,43,"52_to_43",3,0.01
"Charles_C_Deam",71,11,"71_to_11",18,0.03
"Charles_C_Deam",71,31,"71_to_31",1,0
"Charles_C_Deam",71,41,"71_to_41",3,0.01
"Charles_C_Deam",71,71,"71_to_71",33,0.06
"Charles_C_Deam",81,21,"81_to_21",2,0
"Charles_C_Deam",81,81,"81_to_81",16,0.03
"Charles_C_Deam",90,90,"90_to_90",54,0.09
"Charles_C_Deam",95,11,"95_to_11",1,0
"Charles_C_Deam",95,90,"95_to_90",1,0
"Charles_C_Deam",95,95,"95_to_95",51,0.09
"Chase_Lake",11,11,"11_to_11",9665,50.28
"Chase_Lake",21,21,"21_to_21",6,0.03
"Chase_Lake",21,22,"21_to_22",7,0.04
"Chase_Lake",31,11,"31_to_11",154,0.8
"Chase_Lake",41,11,"41_to_11",8,0.04
"Chase_Lake",41,41,"41_to_41",1,0.01
"Chase_Lake",71,11,"71_to_11",3162,16.45
"Chase_Lake",71,21,"71_to_21",4,0.02
"Chase_Lake",71,22,"71_to_22",3,0.02
"Chase_Lake",71,41,"71_to_41",6,0.03
"Chase_Lake",71,71,"71_to_71",4482,23.32
"Chase_Lake",71,82,"71_to_82",9,0.05
"Chase_Lake",71,95,"71_to_95",22,0.11
"Chase_Lake",81,11,"81_to_11",218,1.13
"Chase_Lake",81,71,"81_to_71",7,0.04
"Chase_Lake",81,81,"81_to_81",1,0.01
"Chase_Lake",82,11,"82_to_11",2,0.01
"Chase_Lake",95,11,"95_to_11",1427,7.42
"Chase_Lake",95,71,"95_to_71",1,0.01
"Chase_Lake",95,95,"95_to_95",38,0.2
"Chassahowitzka",11,11,"11_to_11",60061,53.31
"Chassahowitzka",11,95,"11_to_95",20,0.02
"Chassahowitzka",90,11,"90_to_11",2,0
"Chassahowitzka",90,90,"90_to_90",7660,6.8
"Chassahowitzka",90,95,"90_to_95",479,0.43
"Chassahowitzka",95,11,"95_to_11",807,0.72
"Chassahowitzka",95,90,"95_to_90",476,0.42
"Chassahowitzka",95,95,"95_to_95",43159,38.31
"Cheaha",21,21,"21_to_21",18,0.05
"Cheaha",21,22,"21_to_22",5,0.01
"Cheaha",22,22,"22_to_22",6,0.02
"Cheaha",41,21,"41_to_21",9,0.03
"Cheaha",41,22,"41_to_22",4,0.01
"Cheaha",41,41,"41_to_41",24955,73.49
"Cheaha",41,42,"41_to_42",79,0.23
"Cheaha",41,43,"41_to_43",259,0.76
"Cheaha",41,52,"41_to_52",15,0.04
"Cheaha",41,71,"41_to_71",22,0.06
"Cheaha",41,81,"41_to_81",8,0.02
"Cheaha",42,21,"42_to_21",2,0.01
"Cheaha",42,22,"42_to_22",2,0.01
"Cheaha",42,31,"42_to_31",2,0.01
"Cheaha",42,41,"42_to_41",104,0.31
"Cheaha",42,42,"42_to_42",2416,7.11
"Cheaha",42,43,"42_to_43",120,0.35
"Cheaha",42,71,"42_to_71",5,0.01
"Cheaha",42,81,"42_to_81",2,0.01
"Cheaha",43,41,"43_to_41",481,1.42
"Cheaha",43,42,"43_to_42",164,0.48
"Cheaha",43,43,"43_to_43",5246,15.45
"Cheaha",43,52,"43_to_52",2,0.01
"Cheaha",43,71,"43_to_71",4,0.01
"Cheaha",52,41,"52_to_41",3,0.01
"Cheaha",52,42,"52_to_42",7,0.02
"Cheaha",52,43,"52_to_43",8,0.02
"Cheaha",71,71,"71_to_71",2,0.01
"Cheaha",71,81,"71_to_81",1,0
"Cheaha",81,41,"81_to_41",2,0.01
"Cheaha",81,43,"81_to_43",1,0
"Cheaha",81,71,"81_to_71",1,0
"Cheaha",81,81,"81_to_81",4,0.01
"Chemehuevi_Mountains",23,23,"23_to_23",6,0
"Chemehuevi_Mountains",31,31,"31_to_31",9681,2.5
"Chemehuevi_Mountains",31,52,"31_to_52",54,0.01
"Chemehuevi_Mountains",52,31,"52_to_31",136,0.04
"Chemehuevi_Mountains",52,52,"52_to_52",377456,97.45
"Chimney_Peak",21,21,"21_to_21",24,0.04
"Chimney_Peak",22,22,"22_to_22",2,0
"Chimney_Peak",22,52,"22_to_52",1,0
"Chimney_Peak",42,21,"42_to_21",14,0.02
"Chimney_Peak",42,42,"42_to_42",30537,50.4
"Chimney_Peak",42,52,"42_to_52",8317,13.73
"Chimney_Peak",42,71,"42_to_71",468,0.77
"Chimney_Peak",42,90,"42_to_90",1,0
"Chimney_Peak",52,21,"52_to_21",15,0.02
"Chimney_Peak",52,22,"52_to_22",1,0
"Chimney_Peak",52,42,"52_to_42",1577,2.6
"Chimney_Peak",52,52,"52_to_52",18567,30.64
"Chimney_Peak",52,71,"52_to_71",1067,1.76
"Chiricahua",21,22,"21_to_22",2,0
"Chiricahua",21,42,"21_to_42",3,0
"Chiricahua",22,22,"22_to_22",3,0
"Chiricahua",41,52,"41_to_52",1,0
"Chiricahua",42,21,"42_to_21",41,0.01
"Chiricahua",42,22,"42_to_22",236,0.06
"Chiricahua",42,23,"42_to_23",1,0
"Chiricahua",42,42,"42_to_42",148421,37.52
"Chiricahua",42,43,"42_to_43",39,0.01
"Chiricahua",42,52,"42_to_52",188231,47.59
"Chiricahua",42,71,"42_to_71",48,0.01
"Chiricahua",42,81,"42_to_81",7,0
"Chiricahua",42,90,"42_to_90",29,0.01
"Chiricahua",43,41,"43_to_41",1,0
"Chiricahua",43,42,"43_to_42",82,0.02
"Chiricahua",43,52,"43_to_52",152,0.04
"Chiricahua",52,21,"52_to_21",18,0
"Chiricahua",52,22,"52_to_22",4,0
"Chiricahua",52,42,"52_to_42",4305,1.09
"Chiricahua",52,43,"52_to_43",86,0.02
"Chiricahua",52,52,"52_to_52",53011,13.4
"Chiricahua",52,71,"52_to_71",318,0.08
"Chiricahua",71,41,"71_to_41",1,0
"Chiricahua",71,42,"71_to_42",166,0.04
"Chiricahua",71,52,"71_to_52",182,0.05
"Chiricahua",71,71,"71_to_71",5,0
"Chiricahua",90,22,"90_to_22",2,0
"Chiricahua",90,42,"90_to_42",29,0.01
"Chiricahua",90,52,"90_to_52",5,0
"Chiricahua",90,90,"90_to_90",101,0.03
"Chiricahua_National_Monument",21,42,"21_to_42",1,0
"Chiricahua_National_Monument",22,22,"22_to_22",1,0
"Chiricahua_National_Monument",42,42,"42_to_42",7115,14.77
"Chiricahua_National_Monument",42,43,"42_to_43",24,0.05
"Chiricahua_National_Monument",42,52,"42_to_52",32379,67.2
"Chiricahua_National_Monument",43,52,"43_to_52",1,0
"Chiricahua_National_Monument",52,42,"52_to_42",576,1.2
"Chiricahua_National_Monument",52,43,"52_to_43",2,0
"Chiricahua_National_Monument",52,52,"52_to_52",7992,16.59
"Chiricahua_National_Monument",52,71,"52_to_71",77,0.16
"Chiricahua_National_Monument",71,42,"71_to_42",8,0.02
"Chiricahua_National_Monument",71,52,"71_to_52",7,0.01
"Chuckwalla_Mountains",31,31,"31_to_31",1200,0.26
"Chuckwalla_Mountains",52,52,"52_to_52",460531,99.74
"Chumash",21,21,"21_to_21",40,0.02
"Chumash",21,22,"21_to_22",3,0
"Chumash",21,52,"21_to_52",1,0
"Chumash",22,21,"22_to_21",3,0
"Chumash",22,22,"22_to_22",35,0.02
"Chumash",23,22,"23_to_22",1,0
"Chumash",31,31,"31_to_31",50,0.03
"Chumash",41,41,"41_to_41",5,0
"Chumash",42,42,"42_to_42",87574,50.82
"Chumash",42,52,"42_to_52",5675,3.29
"Chumash",52,21,"52_to_21",2,0
"Chumash",52,42,"52_to_42",199,0.12
"Chumash",52,52,"52_to_52",78335,45.45
"Chumash",52,71,"52_to_71",4,0
"Chumash",52,90,"52_to_90",2,0
"Chumash",71,71,"71_to_71",67,0.04
"Chumash",90,90,"90_to_90",338,0.2
"Chumash",90,95,"90_to_95",3,0
"Cinder_Cone",21,21,"21_to_21",307,0.37
"Cinder_Cone",21,52,"21_to_52",27,0.03
"Cinder_Cone",22,22,"22_to_22",28,0.03
"Cinder_Cone",52,21,"52_to_21",131,0.16
"Cinder_Cone",52,22,"52_to_22",1,0
"Cinder_Cone",52,52,"52_to_52",82848,99.41
"Citico_Creek",21,21,"21_to_21",35,0.05
"Citico_Creek",41,41,"41_to_41",28813,39.03
"Citico_Creek",41,43,"41_to_43",1567,2.12
"Citico_Creek",42,21,"42_to_21",5,0.01
"Citico_Creek",42,41,"42_to_41",126,0.17
"Citico_Creek",42,42,"42_to_42",866,1.17
"Citico_Creek",42,43,"42_to_43",1801,2.44
"Citico_Creek",43,21,"43_to_21",16,0.02
"Citico_Creek",43,41,"43_to_41",6309,8.55
"Citico_Creek",43,42,"43_to_42",6,0.01
"Citico_Creek",43,43,"43_to_43",34277,46.43
"Clackamas",11,11,"11_to_11",22,0.05
"Clackamas",11,42,"11_to_42",7,0.02
"Clackamas",11,52,"11_to_52",4,0.01
"Clackamas",11,71,"11_to_71",14,0.03
"Clackamas",21,21,"21_to_21",268,0.6
"Clackamas",21,22,"21_to_22",3,0.01
"Clackamas",21,42,"21_to_42",9,0.02
"Clackamas",21,71,"21_to_71",2,0
"Clackamas",22,21,"22_to_21",4,0.01
"Clackamas",22,22,"22_to_22",26,0.06
"Clackamas",31,31,"31_to_31",3,0.01
"Clackamas",42,21,"42_to_21",6,0.01
"Clackamas",42,22,"42_to_22",6,0.01
"Clackamas",42,31,"42_to_31",3,0.01
"Clackamas",42,42,"42_to_42",22979,51.46
"Clackamas",42,43,"42_to_43",3,0.01
"Clackamas",42,52,"42_to_52",1291,2.89
"Clackamas",42,71,"42_to_71",19383,43.4
"Clackamas",42,90,"42_to_90",8,0.02
"Clackamas",43,52,"43_to_52",4,0.01
"Clackamas",43,71,"43_to_71",5,0.01
"Clackamas",52,42,"52_to_42",237,0.53
"Clackamas",52,43,"52_to_43",2,0
"Clackamas",52,52,"52_to_52",45,0.1
"Clackamas",52,71,"52_to_71",178,0.4
"Clackamas",71,42,"71_to_42",11,0.02
"Clackamas",71,71,"71_to_71",16,0.04
"Clackamas",90,22,"90_to_22",2,0
"Clackamas",90,42,"90_to_42",2,0
"Clackamas",90,90,"90_to_90",114,0.26
"Clan_Alpine_Mountains",22,22,"22_to_22",56,0.01
"Clan_Alpine_Mountains",31,31,"31_to_31",759,0.13
"Clan_Alpine_Mountains",31,42,"31_to_42",7,0
"Clan_Alpine_Mountains",31,52,"31_to_52",152,0.03
"Clan_Alpine_Mountains",31,71,"31_to_71",12,0
"Clan_Alpine_Mountains",41,41,"41_to_41",1464,0.25
"Clan_Alpine_Mountains",41,42,"41_to_42",646,0.11
"Clan_Alpine_Mountains",41,52,"41_to_52",1260,0.22
"Clan_Alpine_Mountains",41,71,"41_to_71",106,0.02
"Clan_Alpine_Mountains",42,21,"42_to_21",3,0
"Clan_Alpine_Mountains",42,22,"42_to_22",10,0
"Clan_Alpine_Mountains",42,41,"42_to_41",82,0.01
"Clan_Alpine_Mountains",42,42,"42_to_42",172160,29.43
"Clan_Alpine_Mountains",42,52,"42_to_52",84130,14.38
"Clan_Alpine_Mountains",42,71,"42_to_71",47491,8.12
"Clan_Alpine_Mountains",42,90,"42_to_90",4,0
"Clan_Alpine_Mountains",52,21,"52_to_21",6,0
"Clan_Alpine_Mountains",52,22,"52_to_22",3,0
"Clan_Alpine_Mountains",52,31,"52_to_31",16,0
"Clan_Alpine_Mountains",52,41,"52_to_41",1288,0.22
"Clan_Alpine_Mountains",52,42,"52_to_42",9067,1.55
"Clan_Alpine_Mountains",52,52,"52_to_52",239748,40.98
"Clan_Alpine_Mountains",52,71,"52_to_71",24880,4.25
"Clan_Alpine_Mountains",52,90,"52_to_90",2,0
"Clan_Alpine_Mountains",71,41,"71_to_41",26,0
"Clan_Alpine_Mountains",71,42,"71_to_42",684,0.12
"Clan_Alpine_Mountains",71,52,"71_to_52",826,0.14
"Clan_Alpine_Mountains",71,71,"71_to_71",10,0
"Clan_Alpine_Mountains",90,52,"90_to_52",1,0
"Clan_Alpine_Mountains",90,90,"90_to_90",157,0.03
"Clear_Springs",21,21,"21_to_21",154,0.7
"Clear_Springs",21,22,"21_to_22",1,0
"Clear_Springs",21,41,"21_to_41",2,0.01
"Clear_Springs",21,95,"21_to_95",1,0
"Clear_Springs",41,21,"41_to_21",34,0.16
"Clear_Springs",41,41,"41_to_41",21501,98.31
"Clear_Springs",41,43,"41_to_43",2,0.01
"Clear_Springs",41,81,"41_to_81",2,0.01
"Clear_Springs",42,42,"42_to_42",22,0.1
"Clear_Springs",42,43,"42_to_43",1,0
"Clear_Springs",43,41,"43_to_41",2,0.01
"Clear_Springs",43,42,"43_to_42",1,0
"Clear_Springs",43,43,"43_to_43",104,0.48
"Clear_Springs",81,21,"81_to_21",1,0
"Clear_Springs",81,81,"81_to_81",22,0.1
"Clear_Springs",82,21,"82_to_21",2,0.01
"Clear_Springs",82,81,"82_to_81",11,0.05
"Clear_Springs",82,82,"82_to_82",1,0
"Clear_Springs",90,82,"90_to_82",1,0
"Clear_Springs",90,90,"90_to_90",4,0.02
"Clear_Springs",90,95,"90_to_95",1,0
"Clearwater",11,11,"11_to_11",345,0.52
"Clearwater",11,42,"11_to_42",4,0.01
"Clearwater",12,12,"12_to_12",22,0.03
"Clearwater",22,22,"22_to_22",1,0
"Clearwater",31,31,"31_to_31",514,0.77
"Clearwater",31,42,"31_to_42",11,0.02
"Clearwater",31,52,"31_to_52",6,0.01
"Clearwater",31,71,"31_to_71",3,0
"Clearwater",42,11,"42_to_11",24,0.04
"Clearwater",42,21,"42_to_21",4,0.01
"Clearwater",42,31,"42_to_31",59,0.09
"Clearwater",42,42,"42_to_42",63144,94.49
"Clearwater",42,52,"42_to_52",52,0.08
"Clearwater",42,90,"42_to_90",2,0
"Clearwater",52,31,"52_to_31",24,0.04
"Clearwater",52,42,"52_to_42",702,1.05
"Clearwater",52,52,"52_to_52",1764,2.64
"Clearwater",52,71,"52_to_71",2,0
"Clearwater",71,31,"71_to_31",1,0
"Clearwater",71,42,"71_to_42",6,0.01
"Clearwater",71,52,"71_to_52",3,0
"Clearwater",71,71,"71_to_71",18,0.03
"Clearwater",90,42,"90_to_42",2,0
"Clearwater",90,90,"90_to_90",110,0.16
"Clearwater",95,90,"95_to_90",1,0
"Cleghorn_Lakes",31,31,"31_to_31",10340,5.75
"Cleghorn_Lakes",31,52,"31_to_52",328,0.18
"Cleghorn_Lakes",52,31,"52_to_31",3207,1.78
"Cleghorn_Lakes",52,52,"52_to_52",166084,92.29
"Clifty",11,43,"11_to_43",2,0
"Clifty",21,21,"21_to_21",77,0.13
"Clifty",22,22,"22_to_22",10,0.02
"Clifty",41,21,"41_to_21",2,0
"Clifty",41,41,"41_to_41",5809,9.89
"Clifty",41,43,"41_to_43",1341,2.28
"Clifty",41,81,"41_to_81",3,0.01
"Clifty",42,11,"42_to_11",3,0.01
"Clifty",42,21,"42_to_21",1,0
"Clifty",42,41,"42_to_41",2,0
"Clifty",42,42,"42_to_42",3193,5.43
"Clifty",42,43,"42_to_43",3042,5.18
"Clifty",42,52,"42_to_52",1,0
"Clifty",42,71,"42_to_71",1,0
"Clifty",42,81,"42_to_81",3,0.01
"Clifty",43,11,"43_to_11",3,0.01
"Clifty",43,21,"43_to_21",9,0.02
"Clifty",43,41,"43_to_41",167,0.28
"Clifty",43,42,"43_to_42",88,0.15
"Clifty",43,43,"43_to_43",44944,76.5
"Clifty",43,52,"43_to_52",1,0
"Clifty",43,71,"43_to_71",2,0
"Clifty",43,81,"43_to_81",10,0.02
"Clifty",52,43,"52_to_43",3,0.01
"Clifty",81,21,"81_to_21",1,0
"Clifty",81,22,"81_to_22",2,0
"Clifty",81,43,"81_to_43",8,0.01
"Clifty",81,81,"81_to_81",25,0.04
"Clipper_Mountain",22,22,"22_to_22",1,0
"Clipper_Mountain",31,31,"31_to_31",54,0.03
"Clipper_Mountain",31,52,"31_to_52",3,0
"Clipper_Mountain",52,22,"52_to_22",29,0.02
"Clipper_Mountain",52,23,"52_to_23",2,0
"Clipper_Mountain",52,31,"52_to_31",23,0.01
"Clipper_Mountain",52,52,"52_to_52",161906,99.93
"Clipper_Mountain",52,71,"52_to_71",1,0
"Cloud_Peak",11,11,"11_to_11",7634,0.88
"Cloud_Peak",11,31,"11_to_31",432,0.05
"Cloud_Peak",11,42,"11_to_42",121,0.01
"Cloud_Peak",11,52,"11_to_52",66,0.01
"Cloud_Peak",11,71,"11_to_71",13,0
"Cloud_Peak",11,90,"11_to_90",4,0
"Cloud_Peak",12,12,"12_to_12",1341,0.15
"Cloud_Peak",21,21,"21_to_21",30,0
"Cloud_Peak",21,22,"21_to_22",8,0
"Cloud_Peak",22,22,"22_to_22",119,0.01
"Cloud_Peak",22,23,"22_to_23",5,0
"Cloud_Peak",22,42,"22_to_42",1,0
"Cloud_Peak",23,22,"23_to_22",1,0
"Cloud_Peak",23,23,"23_to_23",2,0
"Cloud_Peak",31,11,"31_to_11",256,0.03
"Cloud_Peak",31,31,"31_to_31",95542,11.01
"Cloud_Peak",31,42,"31_to_42",37,0
"Cloud_Peak",31,52,"31_to_52",249,0.03
"Cloud_Peak",31,71,"31_to_71",102,0.01
"Cloud_Peak",42,11,"42_to_11",138,0.02
"Cloud_Peak",42,21,"42_to_21",4,0
"Cloud_Peak",42,22,"42_to_22",1,0
"Cloud_Peak",42,31,"42_to_31",294,0.03
"Cloud_Peak",42,42,"42_to_42",250683,28.9
"Cloud_Peak",42,52,"42_to_52",3295,0.38
"Cloud_Peak",42,71,"42_to_71",1880,0.22
"Cloud_Peak",42,90,"42_to_90",11,0
"Cloud_Peak",52,11,"52_to_11",63,0.01
"Cloud_Peak",52,21,"52_to_21",26,0
"Cloud_Peak",52,22,"52_to_22",27,0
"Cloud_Peak",52,23,"52_to_23",4,0
"Cloud_Peak",52,31,"52_to_31",3099,0.36
"Cloud_Peak",52,41,"52_to_41",3,0
"Cloud_Peak",52,42,"52_to_42",19418,2.24
"Cloud_Peak",52,52,"52_to_52",308506,35.56
"Cloud_Peak",52,71,"52_to_71",177,0.02
"Cloud_Peak",52,90,"52_to_90",28,0
"Cloud_Peak",52,95,"52_to_95",4,0
"Cloud_Peak",71,11,"71_to_11",12,0
"Cloud_Peak",71,21,"71_to_21",34,0
"Cloud_Peak",71,22,"71_to_22",36,0
"Cloud_Peak",71,23,"71_to_23",2,0
"Cloud_Peak",71,31,"71_to_31",1307,0.15
"Cloud_Peak",71,42,"71_to_42",7867,0.91
"Cloud_Peak",71,52,"71_to_52",13601,1.57
"Cloud_Peak",71,71,"71_to_71",140544,16.2
"Cloud_Peak",71,90,"71_to_90",27,0
"Cloud_Peak",71,95,"71_to_95",1,0
"Cloud_Peak",81,81,"81_to_81",8,0
"Cloud_Peak",90,11,"90_to_11",8,0
"Cloud_Peak",90,42,"90_to_42",17,0
"Cloud_Peak",90,52,"90_to_52",21,0
"Cloud_Peak",90,90,"90_to_90",7920,0.91
"Cloud_Peak",90,95,"90_to_95",28,0
"Cloud_Peak",95,52,"95_to_52",6,0
"Cloud_Peak",95,81,"95_to_81",1,0
"Cloud_Peak",95,90,"95_to_90",23,0
"Cloud_Peak",95,95,"95_to_95",2382,0.27
"Clover_Mountains",21,21,"21_to_21",4,0
"Clover_Mountains",22,22,"22_to_22",165,0.04
"Clover_Mountains",23,23,"23_to_23",1,0
"Clover_Mountains",31,31,"31_to_31",14,0
"Clover_Mountains",41,41,"41_to_41",136,0.04
"Clover_Mountains",41,42,"41_to_42",135,0.03
"Clover_Mountains",41,52,"41_to_52",55,0.01
"Clover_Mountains",42,41,"42_to_41",92,0.02
"Clover_Mountains",42,42,"42_to_42",161940,41.81
"Clover_Mountains",42,52,"42_to_52",30115,7.77
"Clover_Mountains",42,71,"42_to_71",2309,0.6
"Clover_Mountains",42,90,"42_to_90",7,0
"Clover_Mountains",52,21,"52_to_21",2,0
"Clover_Mountains",52,22,"52_to_22",11,0
"Clover_Mountains",52,23,"52_to_23",3,0
"Clover_Mountains",52,31,"52_to_31",30,0.01
"Clover_Mountains",52,41,"52_to_41",129,0.03
"Clover_Mountains",52,42,"52_to_42",5699,1.47
"Clover_Mountains",52,52,"52_to_52",164390,42.44
"Clover_Mountains",52,71,"52_to_71",21904,5.65
"Clover_Mountains",52,90,"52_to_90",2,0
"Clover_Mountains",71,42,"71_to_42",1,0
"Clover_Mountains",71,71,"71_to_71",3,0
"Clover_Mountains",90,42,"90_to_42",7,0
"Clover_Mountains",90,90,"90_to_90",200,0.05
"Cohutta",11,43,"11_to_43",4,0
"Cohutta",21,21,"21_to_21",49,0.03
"Cohutta",21,43,"21_to_43",1,0
"Cohutta",41,41,"41_to_41",47889,28.45
"Cohutta",41,42,"41_to_42",33,0.02
"Cohutta",41,43,"41_to_43",1910,1.13
"Cohutta",41,71,"41_to_71",9,0.01
"Cohutta",42,21,"42_to_21",12,0.01
"Cohutta",42,41,"42_to_41",584,0.35
"Cohutta",42,42,"42_to_42",9130,5.42
"Cohutta",42,43,"42_to_43",3981,2.37
"Cohutta",42,52,"42_to_52",202,0.12
"Cohutta",42,71,"42_to_71",1,0
"Cohutta",42,90,"42_to_90",1,0
"Cohutta",43,21,"43_to_21",9,0.01
"Cohutta",43,41,"43_to_41",12653,7.52
"Cohutta",43,42,"43_to_42",4894,2.91
"Cohutta",43,43,"43_to_43",86637,51.47
"Cohutta",43,52,"43_to_52",285,0.17
"Cohutta",43,71,"43_to_71",28,0.02
"Cohutta",71,41,"71_to_41",1,0
"Cohutta",81,41,"81_to_41",1,0
"Cohutta",90,42,"90_to_42",1,0
"Cold_Wash",31,31,"31_to_31",1856,3.26
"Cold_Wash",31,52,"31_to_52",234,0.41
"Cold_Wash",42,42,"42_to_42",54,0.09
"Cold_Wash",42,52,"42_to_52",3,0.01
"Cold_Wash",52,31,"52_to_31",39,0.07
"Cold_Wash",52,42,"52_to_42",64,0.11
"Cold_Wash",52,52,"52_to_52",54734,96.05
"Collegiate_Peaks",11,11,"11_to_11",476,0.06
"Collegiate_Peaks",11,31,"11_to_31",5,0
"Collegiate_Peaks",11,42,"11_to_42",7,0
"Collegiate_Peaks",11,52,"11_to_52",1,0
"Collegiate_Peaks",11,71,"11_to_71",4,0
"Collegiate_Peaks",11,90,"11_to_90",3,0
"Collegiate_Peaks",12,12,"12_to_12",63,0.01
"Collegiate_Peaks",21,21,"21_to_21",5,0
"Collegiate_Peaks",21,22,"21_to_22",6,0
"Collegiate_Peaks",22,22,"22_to_22",4,0
"Collegiate_Peaks",23,23,"23_to_23",1,0
"Collegiate_Peaks",31,11,"31_to_11",15,0
"Collegiate_Peaks",31,31,"31_to_31",161903,21.48
"Collegiate_Peaks",31,42,"31_to_42",37,0
"Collegiate_Peaks",31,52,"31_to_52",309,0.04
"Collegiate_Peaks",31,71,"31_to_71",601,0.08
"Collegiate_Peaks",41,21,"41_to_21",1,0
"Collegiate_Peaks",41,22,"41_to_22",21,0
"Collegiate_Peaks",41,23,"41_to_23",2,0
"Collegiate_Peaks",41,41,"41_to_41",3027,0.4
"Collegiate_Peaks",41,42,"41_to_42",94,0.01
"Collegiate_Peaks",41,43,"41_to_43",21,0
"Collegiate_Peaks",41,52,"41_to_52",18,0
"Collegiate_Peaks",42,11,"42_to_11",4,0
"Collegiate_Peaks",42,31,"42_to_31",30,0
"Collegiate_Peaks",42,41,"42_to_41",81,0.01
"Collegiate_Peaks",42,42,"42_to_42",258806,34.33
"Collegiate_Peaks",42,43,"42_to_43",26,0
"Collegiate_Peaks",42,52,"42_to_52",856,0.11
"Collegiate_Peaks",42,71,"42_to_71",168,0.02
"Collegiate_Peaks",42,90,"42_to_90",27,0
"Collegiate_Peaks",43,42,"43_to_42",38,0.01
"Collegiate_Peaks",43,43,"43_to_43",913,0.12
"Collegiate_Peaks",52,11,"52_to_11",2,0
"Collegiate_Peaks",52,21,"52_to_21",3,0
"Collegiate_Peaks",52,31,"52_to_31",1155,0.15
"Collegiate_Peaks",52,41,"52_to_41",765,0.1
"Collegiate_Peaks",52,42,"52_to_42",14855,1.97
"Collegiate_Peaks",52,52,"52_to_52",161572,21.43
"Collegiate_Peaks",52,71,"52_to_71",647,0.09
"Collegiate_Peaks",52,90,"52_to_90",36,0
"Collegiate_Peaks",52,95,"52_to_95",31,0
"Collegiate_Peaks",71,11,"71_to_11",11,0
"Collegiate_Peaks",71,31,"71_to_31",576,0.08
"Collegiate_Peaks",71,41,"71_to_41",120,0.02
"Collegiate_Peaks",71,42,"71_to_42",2085,0.28
"Collegiate_Peaks",71,52,"71_to_52",403,0.05
"Collegiate_Peaks",71,71,"71_to_71",120426,15.97
"Collegiate_Peaks",90,11,"90_to_11",1,0
"Collegiate_Peaks",90,41,"90_to_41",1,0
"Collegiate_Peaks",90,42,"90_to_42",87,0.01
"Collegiate_Peaks",90,52,"90_to_52",40,0.01
"Collegiate_Peaks",90,90,"90_to_90",13590,1.8
"Collegiate_Peaks",90,95,"90_to_95",184,0.02
"Collegiate_Peaks",95,11,"95_to_11",4,0
"Collegiate_Peaks",95,52,"95_to_52",2,0
"Collegiate_Peaks",95,90,"95_to_90",158,0.02
"Collegiate_Peaks",95,95,"95_to_95",9556,1.27
"Colonel_Bob",11,42,"11_to_42",239,0.44
"Colonel_Bob",21,21,"21_to_21",2,0
"Colonel_Bob",31,31,"31_to_31",1,0
"Colonel_Bob",31,52,"31_to_52",1,0
"Colonel_Bob",42,42,"42_to_42",52543,97.3
"Colonel_Bob",42,52,"42_to_52",22,0.04
"Colonel_Bob",43,42,"43_to_42",1,0
"Colonel_Bob",43,43,"43_to_43",35,0.06
"Colonel_Bob",52,21,"52_to_21",2,0
"Colonel_Bob",52,22,"52_to_22",1,0
"Colonel_Bob",52,41,"52_to_41",7,0.01
"Colonel_Bob",52,42,"52_to_42",501,0.93
"Colonel_Bob",52,43,"52_to_43",11,0.02
"Colonel_Bob",52,52,"52_to_52",631,1.17
"Colonel_Bob",71,71,"71_to_71",2,0
"Columbine_Hondo",21,21,"21_to_21",9,0
"Columbine_Hondo",21,22,"21_to_22",3,0
"Columbine_Hondo",21,42,"21_to_42",1,0
"Columbine_Hondo",22,21,"22_to_21",1,0
"Columbine_Hondo",22,22,"22_to_22",13,0.01
"Columbine_Hondo",22,42,"22_to_42",4,0
"Columbine_Hondo",23,23,"23_to_23",1,0
"Columbine_Hondo",31,31,"31_to_31",851,0.42
"Columbine_Hondo",31,42,"31_to_42",2,0
"Columbine_Hondo",31,52,"31_to_52",7,0
"Columbine_Hondo",31,71,"31_to_71",11,0.01
"Columbine_Hondo",41,21,"41_to_21",1,0
"Columbine_Hondo",41,41,"41_to_41",15844,7.83
"Columbine_Hondo",41,42,"41_to_42",1675,0.83
"Columbine_Hondo",41,43,"41_to_43",430,0.21
"Columbine_Hondo",41,52,"41_to_52",791,0.39
"Columbine_Hondo",41,90,"41_to_90",1,0
"Columbine_Hondo",42,21,"42_to_21",6,0
"Columbine_Hondo",42,31,"42_to_31",2,0
"Columbine_Hondo",42,41,"42_to_41",1069,0.53
"Columbine_Hondo",42,42,"42_to_42",138031,68.2
"Columbine_Hondo",42,43,"42_to_43",449,0.22
"Columbine_Hondo",42,52,"42_to_52",4595,2.27
"Columbine_Hondo",42,71,"42_to_71",328,0.16
"Columbine_Hondo",42,90,"42_to_90",22,0.01
"Columbine_Hondo",43,41,"43_to_41",229,0.11
"Columbine_Hondo",43,42,"43_to_42",1681,0.83
"Columbine_Hondo",43,43,"43_to_43",9549,4.72
"Columbine_Hondo",43,52,"43_to_52",43,0.02
"Columbine_Hondo",43,90,"43_to_90",2,0
"Columbine_Hondo",52,21,"52_to_21",8,0
"Columbine_Hondo",52,22,"52_to_22",2,0
"Columbine_Hondo",52,31,"52_to_31",116,0.06
"Columbine_Hondo",52,41,"52_to_41",2307,1.14
"Columbine_Hondo",52,42,"52_to_42",6259,3.09
"Columbine_Hondo",52,43,"52_to_43",10,0
"Columbine_Hondo",52,52,"52_to_52",15861,7.84
"Columbine_Hondo",52,71,"52_to_71",81,0.04
"Columbine_Hondo",52,90,"52_to_90",12,0.01
"Columbine_Hondo",71,31,"71_to_31",3,0
"Columbine_Hondo",71,41,"71_to_41",31,0.02
"Columbine_Hondo",71,42,"71_to_42",626,0.31
"Columbine_Hondo",71,52,"71_to_52",105,0.05
"Columbine_Hondo",71,71,"71_to_71",1116,0.55
"Columbine_Hondo",90,41,"90_to_41",1,0
"Columbine_Hondo",90,42,"90_to_42",11,0.01
"Columbine_Hondo",90,52,"90_to_52",10,0
"Columbine_Hondo",90,90,"90_to_90",158,0.08
"Columbine_Hondo",90,95,"90_to_95",3,0
"Columbine_Hondo",95,95,"95_to_95",6,0
"Comanche_Peak",11,11,"11_to_11",144,0.05
"Comanche_Peak",11,42,"11_to_42",13,0
"Comanche_Peak",11,52,"11_to_52",2,0
"Comanche_Peak",11,71,"11_to_71",2,0
"Comanche_Peak",11,90,"11_to_90",1,0
"Comanche_Peak",12,12,"12_to_12",177,0.06
"Comanche_Peak",21,21,"21_to_21",4,0
"Comanche_Peak",21,22,"21_to_22",1,0
"Comanche_Peak",22,21,"22_to_21",3,0
"Comanche_Peak",22,22,"22_to_22",48,0.02
"Comanche_Peak",22,42,"22_to_42",1,0
"Comanche_Peak",23,23,"23_to_23",2,0
"Comanche_Peak",31,31,"31_to_31",3623,1.17
"Comanche_Peak",31,42,"31_to_42",7,0
"Comanche_Peak",31,52,"31_to_52",26,0.01
"Comanche_Peak",31,71,"31_to_71",10,0
"Comanche_Peak",41,41,"41_to_41",55,0.02
"Comanche_Peak",41,42,"41_to_42",8,0
"Comanche_Peak",41,52,"41_to_52",52,0.02
"Comanche_Peak",41,71,"41_to_71",319,0.1
"Comanche_Peak",42,11,"42_to_11",3,0
"Comanche_Peak",42,21,"42_to_21",1,0
"Comanche_Peak",42,22,"42_to_22",4,0
"Comanche_Peak",42,31,"42_to_31",1,0
"Comanche_Peak",42,42,"42_to_42",99330,32.12
"Comanche_Peak",42,52,"42_to_52",2389,0.77
"Comanche_Peak",42,71,"42_to_71",150700,48.74
"Comanche_Peak",42,90,"42_to_90",20,0.01
"Comanche_Peak",43,42,"43_to_42",1,0
"Comanche_Peak",43,43,"43_to_43",2,0
"Comanche_Peak",43,52,"43_to_52",29,0.01
"Comanche_Peak",43,71,"43_to_71",172,0.06
"Comanche_Peak",52,11,"52_to_11",1,0
"Comanche_Peak",52,21,"52_to_21",4,0
"Comanche_Peak",52,22,"52_to_22",17,0.01
"Comanche_Peak",52,23,"52_to_23",2,0
"Comanche_Peak",52,31,"52_to_31",66,0.02
"Comanche_Peak",52,41,"52_to_41",5,0
"Comanche_Peak",52,42,"52_to_42",3115,1.01
"Comanche_Peak",52,52,"52_to_52",32403,10.48
"Comanche_Peak",52,71,"52_to_71",5719,1.85
"Comanche_Peak",52,90,"52_to_90",7,0
"Comanche_Peak",71,21,"71_to_21",1,0
"Comanche_Peak",71,22,"71_to_22",1,0
"Comanche_Peak",71,31,"71_to_31",2,0
"Comanche_Peak",71,42,"71_to_42",113,0.04
"Comanche_Peak",71,52,"71_to_52",23,0.01
"Comanche_Peak",71,71,"71_to_71",8268,2.67
"Comanche_Peak",90,42,"90_to_42",14,0
"Comanche_Peak",90,52,"90_to_52",10,0
"Comanche_Peak",90,71,"90_to_71",158,0.05
"Comanche_Peak",90,90,"90_to_90",1648,0.53
"Comanche_Peak",90,95,"90_to_95",46,0.01
"Comanche_Peak",95,90,"95_to_90",35,0.01
"Comanche_Peak",95,95,"95_to_95",391,0.13
"Congaree",11,11,"11_to_11",1231,1.79
"Congaree",11,31,"11_to_31",6,0.01
"Congaree",11,41,"11_to_41",4,0.01
"Congaree",11,43,"11_to_43",2,0
"Congaree",11,71,"11_to_71",13,0.02
"Congaree",11,90,"11_to_90",49,0.07
"Congaree",11,95,"11_to_95",1,0
"Congaree",31,31,"31_to_31",3,0
"Congaree",41,11,"41_to_11",5,0.01
"Congaree",41,41,"41_to_41",11,0.02
"Congaree",42,21,"42_to_21",6,0.01
"Congaree",42,42,"42_to_42",824,1.2
"Congaree",42,43,"42_to_43",1,0
"Congaree",42,90,"42_to_90",4,0.01
"Congaree",43,43,"43_to_43",2,0
"Congaree",90,11,"90_to_11",127,0.18
"Congaree",90,42,"90_to_42",1,0
"Congaree",90,90,"90_to_90",66421,96.65
"Congaree",90,95,"90_to_95",5,0.01
"Congaree",95,11,"95_to_11",6,0.01
"Congaree",95,90,"95_to_90",1,0
"Congaree",95,95,"95_to_95",1,0
"Copper_Salmon",21,21,"21_to_21",887,1.41
"Copper_Salmon",21,42,"21_to_42",23,0.04
"Copper_Salmon",22,21,"22_to_21",154,0.24
"Copper_Salmon",22,22,"22_to_22",172,0.27
"Copper_Salmon",22,42,"22_to_42",9,0.01
"Copper_Salmon",23,21,"23_to_21",3,0
"Copper_Salmon",23,22,"23_to_22",8,0.01
"Copper_Salmon",23,42,"23_to_42",1,0
"Copper_Salmon",42,21,"42_to_21",14,0.02
"Copper_Salmon",42,22,"42_to_22",2,0
"Copper_Salmon",42,42,"42_to_42",58309,92.51
"Copper_Salmon",42,43,"42_to_43",12,0.02
"Copper_Salmon",42,52,"42_to_52",13,0.02
"Copper_Salmon",42,71,"42_to_71",404,0.64
"Copper_Salmon",43,42,"43_to_42",20,0.03
"Copper_Salmon",43,43,"43_to_43",366,0.58
"Copper_Salmon",52,21,"52_to_21",4,0.01
"Copper_Salmon",52,42,"52_to_42",1178,1.87
"Copper_Salmon",52,43,"52_to_43",37,0.06
"Copper_Salmon",52,52,"52_to_52",33,0.05
"Copper_Salmon",52,71,"52_to_71",44,0.07
"Copper_Salmon",71,21,"71_to_21",1,0
"Copper_Salmon",71,42,"71_to_42",1259,2
"Copper_Salmon",71,43,"71_to_43",13,0.02
"Copper_Salmon",90,42,"90_to_42",3,0
"Copper_Salmon",90,90,"90_to_90",59,0.09
"Coso_Range",22,22,"22_to_22",18,0.01
"Coso_Range",23,23,"23_to_23",2,0
"Coso_Range",31,31,"31_to_31",7076,2.98
"Coso_Range",31,52,"31_to_52",5108,2.15
"Coso_Range",31,71,"31_to_71",3,0
"Coso_Range",42,42,"42_to_42",1050,0.44
"Coso_Range",52,21,"52_to_21",21,0.01
"Coso_Range",52,22,"52_to_22",32,0.01
"Coso_Range",52,31,"52_to_31",310,0.13
"Coso_Range",52,42,"52_to_42",379,0.16
"Coso_Range",52,52,"52_to_52",223037,94.05
"Coso_Range",52,71,"52_to_71",81,0.03
"Coso_Range",52,95,"52_to_95",37,0.02
"Cottonwood_Canyon",21,21,"21_to_21",9,0.02
"Cottonwood_Canyon",31,31,"31_to_31",428,0.8
"Cottonwood_Canyon",42,42,"42_to_42",29,0.05
"Cottonwood_Canyon",42,52,"42_to_52",1,0
"Cottonwood_Canyon",42,71,"42_to_71",4,0.01
"Cottonwood_Canyon",52,21,"52_to_21",2,0
"Cottonwood_Canyon",52,42,"52_to_42",112,0.21
"Cottonwood_Canyon",52,52,"52_to_52",51896,97.56
"Cottonwood_Canyon",52,71,"52_to_71",665,1.25
"Cottonwood_Canyon",71,52,"71_to_52",8,0.02
"Cottonwood_Canyon",71,71,"71_to_71",42,0.08
"Cottonwood_Forest",31,31,"31_to_31",5,0.04
"Cottonwood_Forest",42,42,"42_to_42",3,0.02
"Cottonwood_Forest",42,52,"42_to_52",1,0.01
"Cottonwood_Forest",52,42,"52_to_42",16,0.13
"Cottonwood_Forest",52,52,"52_to_52",12219,99
"Cottonwood_Forest",52,71,"52_to_71",1,0.01
"Cottonwood_Forest",71,52,"71_to_52",1,0.01
"Cottonwood_Forest",71,71,"71_to_71",97,0.79
"Cottonwood_Point",31,31,"31_to_31",111,0.35
"Cottonwood_Point",31,52,"31_to_52",1,0
"Cottonwood_Point",42,42,"42_to_42",933,2.98
"Cottonwood_Point",42,52,"42_to_52",52,0.17
"Cottonwood_Point",52,31,"52_to_31",13,0.04
"Cottonwood_Point",52,42,"52_to_42",839,2.68
"Cottonwood_Point",52,52,"52_to_52",29358,93.62
"Cottonwood_Point",52,90,"52_to_90",3,0.01
"Cottonwood_Point",90,90,"90_to_90",50,0.16
"Cougar_Canyon",22,22,"22_to_22",34,0.07
"Cougar_Canyon",23,22,"23_to_22",1,0
"Cougar_Canyon",31,31,"31_to_31",1,0
"Cougar_Canyon",41,41,"41_to_41",227,0.47
"Cougar_Canyon",41,42,"41_to_42",158,0.32
"Cougar_Canyon",42,41,"42_to_41",29,0.06
"Cougar_Canyon",42,42,"42_to_42",34324,70.57
"Cougar_Canyon",42,52,"42_to_52",1179,2.42
"Cougar_Canyon",42,71,"42_to_71",2,0
"Cougar_Canyon",52,21,"52_to_21",7,0.01
"Cougar_Canyon",52,22,"52_to_22",10,0.02
"Cougar_Canyon",52,23,"52_to_23",1,0
"Cougar_Canyon",52,41,"52_to_41",57,0.12
"Cougar_Canyon",52,42,"52_to_42",2211,4.55
"Cougar_Canyon",52,52,"52_to_52",10213,21
"Cougar_Canyon",52,71,"52_to_71",23,0.05
"Cougar_Canyon",52,90,"52_to_90",2,0
"Cougar_Canyon",90,42,"90_to_42",1,0
"Cougar_Canyon",90,90,"90_to_90",160,0.33
"Cougar_Canyon",90,95,"90_to_95",1,0
"Coyote_Mountains_AZ",31,31,"31_to_31",3,0.01
"Coyote_Mountains_AZ",42,42,"42_to_42",1616,6.9
"Coyote_Mountains_AZ",42,52,"42_to_52",24,0.1
"Coyote_Mountains_AZ",52,31,"52_to_31",2,0.01
"Coyote_Mountains_AZ",52,42,"52_to_42",538,2.3
"Coyote_Mountains_AZ",52,52,"52_to_52",21236,90.68
"Coyote_Mountains_CA",21,21,"21_to_21",1,0
"Coyote_Mountains_CA",21,22,"21_to_22",2,0
"Coyote_Mountains_CA",21,31,"21_to_31",1,0
"Coyote_Mountains_CA",22,22,"22_to_22",175,0.21
"Coyote_Mountains_CA",22,23,"22_to_23",37,0.04
"Coyote_Mountains_CA",22,31,"22_to_31",19,0.02
"Coyote_Mountains_CA",22,52,"22_to_52",6,0.01
"Coyote_Mountains_CA",23,23,"23_to_23",43,0.05
"Coyote_Mountains_CA",23,31,"23_to_31",4,0
"Coyote_Mountains_CA",23,52,"23_to_52",1,0
"Coyote_Mountains_CA",31,22,"31_to_22",10,0.01
"Coyote_Mountains_CA",31,23,"31_to_23",6,0.01
"Coyote_Mountains_CA",31,31,"31_to_31",51987,61.06
"Coyote_Mountains_CA",31,52,"31_to_52",2396,2.81
"Coyote_Mountains_CA",52,22,"52_to_22",40,0.05
"Coyote_Mountains_CA",52,23,"52_to_23",20,0.02
"Coyote_Mountains_CA",52,31,"52_to_31",1025,1.2
"Coyote_Mountains_CA",52,52,"52_to_52",29286,34.4
"Coyote_Mountains_CA",71,31,"71_to_31",41,0.05
"Coyote_Mountains_CA",71,52,"71_to_52",36,0.04
"Crab_Orchard",11,11,"11_to_11",321,1.54
"Crab_Orchard",11,41,"11_to_41",123,0.59
"Crab_Orchard",11,43,"11_to_43",3,0.01
"Crab_Orchard",11,71,"11_to_71",10,0.05
"Crab_Orchard",11,95,"11_to_95",1,0
"Crab_Orchard",21,21,"21_to_21",190,0.91
"Crab_Orchard",22,22,"22_to_22",2,0.01
"Crab_Orchard",23,22,"23_to_22",1,0
"Crab_Orchard",41,11,"41_to_11",8,0.04
"Crab_Orchard",41,21,"41_to_21",6,0.03
"Crab_Orchard",41,41,"41_to_41",18223,87.62
"Crab_Orchard",41,43,"41_to_43",44,0.21
"Crab_Orchard",41,81,"41_to_81",8,0.04
"Crab_Orchard",42,42,"42_to_42",963,4.63
"Crab_Orchard",42,43,"42_to_43",6,0.03
"Crab_Orchard",43,41,"43_to_41",7,0.03
"Crab_Orchard",43,42,"43_to_42",7,0.03
"Crab_Orchard",43,43,"43_to_43",843,4.05
"Crab_Orchard",81,81,"81_to_81",20,0.1
"Crab_Orchard",90,41,"90_to_41",1,0
"Crab_Orchard",90,42,"90_to_42",1,0
"Crab_Orchard",90,43,"90_to_43",3,0.01
"Crab_Orchard",90,90,"90_to_90",1,0
"Crab_Orchard",95,95,"95_to_95",6,0.03
"Cranberry",11,41,"11_to_41",1,0
"Cranberry",21,21,"21_to_21",16,0.01
"Cranberry",31,31,"31_to_31",1,0
"Cranberry",41,41,"41_to_41",76489,35.35
"Cranberry",41,43,"41_to_43",297,0.14
"Cranberry",41,71,"41_to_71",15,0.01
"Cranberry",42,42,"42_to_42",16523,7.64
"Cranberry",42,43,"42_to_43",88,0.04
"Cranberry",43,21,"43_to_21",1,0
"Cranberry",43,41,"43_to_41",1258,0.58
"Cranberry",43,42,"43_to_42",51,0.02
"Cranberry",43,43,"43_to_43",121339,56.08
"Cranberry",52,41,"52_to_41",91,0.04
"Cranberry",52,43,"52_to_43",1,0
"Cranberry",90,11,"90_to_11",2,0
"Cranberry",90,90,"90_to_90",211,0.1
"Craters_of_the_Moon",11,31,"11_to_31",2,0
"Craters_of_the_Moon",11,52,"11_to_52",1,0
"Craters_of_the_Moon",31,31,"31_to_31",70397,36.07
"Craters_of_the_Moon",31,52,"31_to_52",1869,0.96
"Craters_of_the_Moon",42,42,"42_to_42",316,0.16
"Craters_of_the_Moon",42,52,"42_to_52",25,0.01
"Craters_of_the_Moon",52,31,"52_to_31",13048,6.68
"Craters_of_the_Moon",52,42,"52_to_42",67,0.03
"Craters_of_the_Moon",52,52,"52_to_52",109431,56.06
"Craters_of_the_Moon",71,52,"71_to_52",30,0.02
"Cruces_Basin",21,21,"21_to_21",195,0.23
"Cruces_Basin",21,22,"21_to_22",2,0
"Cruces_Basin",22,21,"22_to_21",12,0.01
"Cruces_Basin",22,22,"22_to_22",28,0.03
"Cruces_Basin",23,21,"23_to_21",1,0
"Cruces_Basin",23,22,"23_to_22",2,0
"Cruces_Basin",23,23,"23_to_23",2,0
"Cruces_Basin",31,31,"31_to_31",99,0.12
"Cruces_Basin",31,52,"31_to_52",1,0
"Cruces_Basin",41,41,"41_to_41",18937,22.07
"Cruces_Basin",41,42,"41_to_42",89,0.1
"Cruces_Basin",41,43,"41_to_43",62,0.07
"Cruces_Basin",41,52,"41_to_52",55,0.06
"Cruces_Basin",42,41,"42_to_41",9,0.01
"Cruces_Basin",42,42,"42_to_42",25107,29.26
"Cruces_Basin",42,43,"42_to_43",8,0.01
"Cruces_Basin",42,52,"42_to_52",6,0.01
"Cruces_Basin",42,71,"42_to_71",4,0
"Cruces_Basin",42,90,"42_to_90",5,0.01
"Cruces_Basin",43,41,"43_to_41",85,0.1
"Cruces_Basin",43,42,"43_to_42",347,0.4
"Cruces_Basin",43,43,"43_to_43",3224,3.76
"Cruces_Basin",43,52,"43_to_52",1,0
"Cruces_Basin",52,21,"52_to_21",102,0.12
"Cruces_Basin",52,22,"52_to_22",10,0.01
"Cruces_Basin",52,41,"52_to_41",2315,2.7
"Cruces_Basin",52,42,"52_to_42",2226,2.59
"Cruces_Basin",52,52,"52_to_52",30111,35.09
"Cruces_Basin",52,71,"52_to_71",4,0
"Cruces_Basin",52,90,"52_to_90",41,0.05
"Cruces_Basin",71,21,"71_to_21",3,0
"Cruces_Basin",71,42,"71_to_42",15,0.02
"Cruces_Basin",71,52,"71_to_52",3,0
"Cruces_Basin",71,71,"71_to_71",653,0.76
"Cruces_Basin",90,42,"90_to_42",8,0.01
"Cruces_Basin",90,52,"90_to_52",23,0.03
"Cruces_Basin",90,90,"90_to_90",1432,1.67
"Cruces_Basin",90,95,"90_to_95",2,0
"Cruces_Basin",95,52,"95_to_52",7,0.01
"Cruces_Basin",95,90,"95_to_90",18,0.02
"Cruces_Basin",95,95,"95_to_95",550,0.64
"Cucamonga",21,22,"21_to_22",1,0
"Cucamonga",21,52,"21_to_52",15,0.03
"Cucamonga",22,22,"22_to_22",58,0.1
"Cucamonga",22,23,"22_to_23",1,0
"Cucamonga",22,52,"22_to_52",1,0
"Cucamonga",31,31,"31_to_31",157,0.26
"Cucamonga",41,41,"41_to_41",44,0.07
"Cucamonga",41,42,"41_to_42",28,0.05
"Cucamonga",41,52,"41_to_52",163,0.27
"Cucamonga",42,41,"42_to_41",5,0.01
"Cucamonga",42,42,"42_to_42",21410,36.06
"Cucamonga",42,43,"42_to_43",4,0.01
"Cucamonga",42,52,"42_to_52",2438,4.11
"Cucamonga",42,71,"42_to_71",23,0.04
"Cucamonga",42,90,"42_to_90",1,0
"Cucamonga",43,42,"43_to_42",1,0
"Cucamonga",43,43,"43_to_43",1,0
"Cucamonga",43,52,"43_to_52",3,0.01
"Cucamonga",52,22,"52_to_22",1,0
"Cucamonga",52,23,"52_to_23",2,0
"Cucamonga",52,41,"52_to_41",13,0.02
"Cucamonga",52,42,"52_to_42",2065,3.48
"Cucamonga",52,43,"52_to_43",4,0.01
"Cucamonga",52,52,"52_to_52",32785,55.22
"Cucamonga",52,71,"52_to_71",9,0.02
"Cucamonga",90,90,"90_to_90",138,0.23
"Cumberland_Island",11,11,"11_to_11",181,0.41
"Cumberland_Island",11,31,"11_to_31",28,0.06
"Cumberland_Island",11,90,"11_to_90",4,0.01
"Cumberland_Island",11,95,"11_to_95",15,0.03
"Cumberland_Island",21,21,"21_to_21",138,0.32
"Cumberland_Island",21,42,"21_to_42",6,0.01
"Cumberland_Island",21,90,"21_to_90",6,0.01
"Cumberland_Island",22,21,"22_to_21",2,0
"Cumberland_Island",22,22,"22_to_22",27,0.06
"Cumberland_Island",23,22,"23_to_22",1,0
"Cumberland_Island",31,11,"31_to_11",317,0.73
"Cumberland_Island",31,21,"31_to_21",3,0.01
"Cumberland_Island",31,22,"31_to_22",1,0
"Cumberland_Island",31,31,"31_to_31",3830,8.78
"Cumberland_Island",31,42,"31_to_42",45,0.1
"Cumberland_Island",31,90,"31_to_90",9,0.02
"Cumberland_Island",31,95,"31_to_95",2,0
"Cumberland_Island",42,11,"42_to_11",3,0.01
"Cumberland_Island",42,31,"42_to_31",5,0.01
"Cumberland_Island",42,42,"42_to_42",25023,57.34
"Cumberland_Island",52,42,"52_to_42",2,0
"Cumberland_Island",52,52,"52_to_52",4,0.01
"Cumberland_Island",90,21,"90_to_21",1,0
"Cumberland_Island",90,31,"90_to_31",11,0.03
"Cumberland_Island",90,42,"90_to_42",5,0.01
"Cumberland_Island",90,90,"90_to_90",12249,28.07
"Cumberland_Island",90,95,"90_to_95",50,0.11
"Cumberland_Island",95,11,"95_to_11",6,0.01
"Cumberland_Island",95,31,"95_to_31",7,0.02
"Cumberland_Island",95,90,"95_to_90",413,0.95
"Cumberland_Island",95,95,"95_to_95",1247,2.86
"Cummins_Creek",21,21,"21_to_21",1,0
"Cummins_Creek",41,41,"41_to_41",30,0.07
"Cummins_Creek",41,42,"41_to_42",2,0
"Cummins_Creek",41,43,"41_to_43",24,0.06
"Cummins_Creek",42,42,"42_to_42",36705,88.95
"Cummins_Creek",42,43,"42_to_43",51,0.12
"Cummins_Creek",42,52,"42_to_52",4,0.01
"Cummins_Creek",43,21,"43_to_21",2,0
"Cummins_Creek",43,42,"43_to_42",268,0.65
"Cummins_Creek",43,43,"43_to_43",3986,9.66
"Cummins_Creek",52,42,"52_to_42",75,0.18
"Cummins_Creek",52,43,"52_to_43",78,0.19
"Cummins_Creek",52,52,"52_to_52",16,0.04
"Cummins_Creek",90,42,"90_to_42",1,0
"Cummins_Creek",90,90,"90_to_90",20,0.05
"Currant_Mountain",12,12,"12_to_12",1,0
"Currant_Mountain",22,22,"22_to_22",3,0
"Currant_Mountain",31,31,"31_to_31",232,0.11
"Currant_Mountain",31,52,"31_to_52",29,0.01
"Currant_Mountain",31,71,"31_to_71",3,0
"Currant_Mountain",41,41,"41_to_41",6,0
"Currant_Mountain",41,42,"41_to_42",1,0
"Currant_Mountain",42,22,"42_to_22",1,0
"Currant_Mountain",42,41,"42_to_41",3,0
"Currant_Mountain",42,42,"42_to_42",130805,60.81
"Currant_Mountain",42,52,"42_to_52",5174,2.41
"Currant_Mountain",42,71,"42_to_71",819,0.38
"Currant_Mountain",52,31,"52_to_31",37,0.02
"Currant_Mountain",52,41,"52_to_41",6,0
"Currant_Mountain",52,42,"52_to_42",21711,10.09
"Currant_Mountain",52,52,"52_to_52",53187,24.72
"Currant_Mountain",52,71,"52_to_71",70,0.03
"Currant_Mountain",71,31,"71_to_31",74,0.03
"Currant_Mountain",71,42,"71_to_42",80,0.04
"Currant_Mountain",71,52,"71_to_52",2683,1.25
"Currant_Mountain",71,71,"71_to_71",182,0.08
"Currant_Mountain",90,90,"90_to_90",8,0
"Daniel_J_Evans",11,11,"11_to_11",15932,0.41
"Daniel_J_Evans",11,21,"11_to_21",1,0
"Daniel_J_Evans",11,22,"11_to_22",37,0
"Daniel_J_Evans",11,23,"11_to_23",27,0
"Daniel_J_Evans",11,31,"11_to_31",2791,0.07
"Daniel_J_Evans",11,41,"11_to_41",19,0
"Daniel_J_Evans",11,42,"11_to_42",2469,0.06
"Daniel_J_Evans",11,43,"11_to_43",105,0
"Daniel_J_Evans",11,52,"11_to_52",847,0.02
"Daniel_J_Evans",11,71,"11_to_71",3,0
"Daniel_J_Evans",11,81,"11_to_81",2,0
"Daniel_J_Evans",11,90,"11_to_90",776,0.02
"Daniel_J_Evans",11,95,"11_to_95",989,0.03
"Daniel_J_Evans",12,12,"12_to_12",43379,1.11
"Daniel_J_Evans",21,11,"21_to_11",1,0
"Daniel_J_Evans",21,21,"21_to_21",585,0.01
"Daniel_J_Evans",21,22,"21_to_22",68,0
"Daniel_J_Evans",21,23,"21_to_23",12,0
"Daniel_J_Evans",21,31,"21_to_31",3,0
"Daniel_J_Evans",21,42,"21_to_42",36,0
"Daniel_J_Evans",21,52,"21_to_52",11,0
"Daniel_J_Evans",21,71,"21_to_71",1,0
"Daniel_J_Evans",21,90,"21_to_90",3,0
"Daniel_J_Evans",22,11,"22_to_11",1,0
"Daniel_J_Evans",22,21,"22_to_21",23,0
"Daniel_J_Evans",22,22,"22_to_22",479,0.01
"Daniel_J_Evans",22,23,"22_to_23",16,0
"Daniel_J_Evans",22,42,"22_to_42",2,0
"Daniel_J_Evans",23,21,"23_to_21",2,0
"Daniel_J_Evans",23,22,"23_to_22",15,0
"Daniel_J_Evans",23,23,"23_to_23",43,0
"Daniel_J_Evans",23,42,"23_to_42",2,0
"Daniel_J_Evans",31,11,"31_to_11",714,0.02
"Daniel_J_Evans",31,22,"31_to_22",2,0
"Daniel_J_Evans",31,23,"31_to_23",7,0
"Daniel_J_Evans",31,31,"31_to_31",265240,6.77
"Daniel_J_Evans",31,41,"31_to_41",3,0
"Daniel_J_Evans",31,42,"31_to_42",1374,0.04
"Daniel_J_Evans",31,43,"31_to_43",18,0
"Daniel_J_Evans",31,52,"31_to_52",1455,0.04
"Daniel_J_Evans",31,71,"31_to_71",115,0
"Daniel_J_Evans",31,81,"31_to_81",2,0
"Daniel_J_Evans",31,82,"31_to_82",1,0
"Daniel_J_Evans",31,90,"31_to_90",43,0
"Daniel_J_Evans",31,95,"31_to_95",31,0
"Daniel_J_Evans",41,11,"41_to_11",63,0
"Daniel_J_Evans",41,21,"41_to_21",2,0
"Daniel_J_Evans",41,22,"41_to_22",1,0
"Daniel_J_Evans",41,23,"41_to_23",5,0
"Daniel_J_Evans",41,31,"41_to_31",102,0
"Daniel_J_Evans",41,41,"41_to_41",1219,0.03
"Daniel_J_Evans",41,42,"41_to_42",55,0
"Daniel_J_Evans",41,43,"41_to_43",30,0
"Daniel_J_Evans",41,52,"41_to_52",23,0
"Daniel_J_Evans",41,81,"41_to_81",2,0
"Daniel_J_Evans",41,90,"41_to_90",1,0
"Daniel_J_Evans",42,11,"42_to_11",1917,0.05
"Daniel_J_Evans",42,21,"42_to_21",150,0
"Daniel_J_Evans",42,22,"42_to_22",164,0
"Daniel_J_Evans",42,23,"42_to_23",67,0
"Daniel_J_Evans",42,31,"42_to_31",2307,0.06
"Daniel_J_Evans",42,41,"42_to_41",51,0
"Daniel_J_Evans",42,42,"42_to_42",3259043,83.2
"Daniel_J_Evans",42,43,"42_to_43",229,0.01
"Daniel_J_Evans",42,52,"42_to_52",16899,0.43
"Daniel_J_Evans",42,71,"42_to_71",12940,0.33
"Daniel_J_Evans",42,81,"42_to_81",36,0
"Daniel_J_Evans",42,90,"42_to_90",222,0.01
"Daniel_J_Evans",42,95,"42_to_95",19,0
"Daniel_J_Evans",43,11,"43_to_11",117,0
"Daniel_J_Evans",43,21,"43_to_21",5,0
"Daniel_J_Evans",43,22,"43_to_22",3,0
"Daniel_J_Evans",43,23,"43_to_23",5,0
"Daniel_J_Evans",43,31,"43_to_31",102,0
"Daniel_J_Evans",43,41,"43_to_41",25,0
"Daniel_J_Evans",43,42,"43_to_42",316,0.01
"Daniel_J_Evans",43,43,"43_to_43",8066,0.21
"Daniel_J_Evans",43,52,"43_to_52",120,0
"Daniel_J_Evans",43,71,"43_to_71",1,0
"Daniel_J_Evans",43,81,"43_to_81",3,0
"Daniel_J_Evans",43,90,"43_to_90",3,0
"Daniel_J_Evans",52,11,"52_to_11",148,0
"Daniel_J_Evans",52,21,"52_to_21",101,0
"Daniel_J_Evans",52,22,"52_to_22",43,0
"Daniel_J_Evans",52,23,"52_to_23",10,0
"Daniel_J_Evans",52,31,"52_to_31",1149,0.03
"Daniel_J_Evans",52,41,"52_to_41",469,0.01
"Daniel_J_Evans",52,42,"52_to_42",34929,0.89
"Daniel_J_Evans",52,43,"52_to_43",268,0.01
"Daniel_J_Evans",52,52,"52_to_52",186604,4.76
"Daniel_J_Evans",52,71,"52_to_71",1405,0.04
"Daniel_J_Evans",52,81,"52_to_81",5,0
"Daniel_J_Evans",52,90,"52_to_90",6,0
"Daniel_J_Evans",52,95,"52_to_95",1,0
"Daniel_J_Evans",71,21,"71_to_21",3,0
"Daniel_J_Evans",71,22,"71_to_22",1,0
"Daniel_J_Evans",71,31,"71_to_31",131,0
"Daniel_J_Evans",71,41,"71_to_41",2,0
"Daniel_J_Evans",71,42,"71_to_42",3491,0.09
"Daniel_J_Evans",71,52,"71_to_52",1799,0.05
"Daniel_J_Evans",71,71,"71_to_71",3438,0.09
"Daniel_J_Evans",71,90,"71_to_90",1,0
"Daniel_J_Evans",71,95,"71_to_95",2,0
"Daniel_J_Evans",81,11,"81_to_11",8,0
"Daniel_J_Evans",81,31,"81_to_31",6,0
"Daniel_J_Evans",81,42,"81_to_42",9,0
"Daniel_J_Evans",81,52,"81_to_52",17,0
"Daniel_J_Evans",81,81,"81_to_81",155,0
"Daniel_J_Evans",82,42,"82_to_42",1,0
"Daniel_J_Evans",90,11,"90_to_11",935,0.02
"Daniel_J_Evans",90,21,"90_to_21",1,0
"Daniel_J_Evans",90,22,"90_to_22",19,0
"Daniel_J_Evans",90,23,"90_to_23",24,0
"Daniel_J_Evans",90,31,"90_to_31",356,0.01
"Daniel_J_Evans",90,41,"90_to_41",2,0
"Daniel_J_Evans",90,42,"90_to_42",38,0
"Daniel_J_Evans",90,43,"90_to_43",1,0
"Daniel_J_Evans",90,52,"90_to_52",33,0
"Daniel_J_Evans",90,90,"90_to_90",30754,0.79
"Daniel_J_Evans",90,95,"90_to_95",3164,0.08
"Daniel_J_Evans",95,11,"95_to_11",402,0.01
"Daniel_J_Evans",95,22,"95_to_22",2,0
"Daniel_J_Evans",95,23,"95_to_23",4,0
"Daniel_J_Evans",95,31,"95_to_31",73,0
"Daniel_J_Evans",95,90,"95_to_90",1158,0.03
"Daniel_J_Evans",95,95,"95_to_95",3899,0.1
"Dark_Canyon",21,21,"21_to_21",1130,0.52
"Dark_Canyon",21,22,"21_to_22",5,0
"Dark_Canyon",21,42,"21_to_42",54,0.03
"Dark_Canyon",21,52,"21_to_52",5,0
"Dark_Canyon",22,21,"22_to_21",1,0
"Dark_Canyon",22,22,"22_to_22",18,0.01
"Dark_Canyon",22,42,"22_to_42",1,0
"Dark_Canyon",31,31,"31_to_31",262,0.12
"Dark_Canyon",31,42,"31_to_42",1,0
"Dark_Canyon",31,52,"31_to_52",11,0.01
"Dark_Canyon",41,41,"41_to_41",705,0.33
"Dark_Canyon",41,42,"41_to_42",302,0.14
"Dark_Canyon",41,52,"41_to_52",43,0.02
"Dark_Canyon",41,81,"41_to_81",1,0
"Dark_Canyon",42,21,"42_to_21",27,0.01
"Dark_Canyon",42,41,"42_to_41",64,0.03
"Dark_Canyon",42,42,"42_to_42",151420,70.24
"Dark_Canyon",42,52,"42_to_52",2963,1.37
"Dark_Canyon",42,71,"42_to_71",59,0.03
"Dark_Canyon",52,21,"52_to_21",93,0.04
"Dark_Canyon",52,31,"52_to_31",9,0
"Dark_Canyon",52,41,"52_to_41",62,0.03
"Dark_Canyon",52,42,"52_to_42",4118,1.91
"Dark_Canyon",52,52,"52_to_52",53901,25
"Dark_Canyon",52,81,"52_to_81",6,0
"Dark_Canyon",52,90,"52_to_90",7,0
"Dark_Canyon",81,41,"81_to_41",7,0
"Dark_Canyon",81,52,"81_to_52",4,0
"Dark_Canyon",81,81,"81_to_81",28,0.01
"Dark_Canyon",81,90,"81_to_90",14,0.01
"Dark_Canyon",90,90,"90_to_90",265,0.12
"Darwin_Falls",31,31,"31_to_31",4,0.01
"Darwin_Falls",31,52,"31_to_52",1,0
"Darwin_Falls",52,21,"52_to_21",1,0
"Darwin_Falls",52,31,"52_to_31",1,0
"Darwin_Falls",52,52,"52_to_52",40435,99.96
"Darwin_Falls",52,71,"52_to_71",10,0.02
"Dead_Mountains",31,31,"31_to_31",1831,0.74
"Dead_Mountains",31,52,"31_to_52",43,0.02
"Dead_Mountains",52,31,"52_to_31",264,0.11
"Dead_Mountains",52,52,"52_to_52",244367,99.13
"Death_Valley",11,11,"11_to_11",1,0
"Death_Valley",11,31,"11_to_31",1,0
"Death_Valley",12,12,"12_to_12",1,0
"Death_Valley",21,21,"21_to_21",110,0
"Death_Valley",21,52,"21_to_52",2,0
"Death_Valley",22,22,"22_to_22",1533,0.01
"Death_Valley",22,23,"22_to_23",47,0
"Death_Valley",22,24,"22_to_24",1,0
"Death_Valley",22,31,"22_to_31",8,0
"Death_Valley",22,52,"22_to_52",1,0
"Death_Valley",23,22,"23_to_22",17,0
"Death_Valley",23,23,"23_to_23",743,0.01
"Death_Valley",23,24,"23_to_24",5,0
"Death_Valley",23,31,"23_to_31",31,0
"Death_Valley",23,52,"23_to_52",8,0
"Death_Valley",24,23,"24_to_23",12,0
"Death_Valley",24,24,"24_to_24",79,0
"Death_Valley",24,31,"24_to_31",20,0
"Death_Valley",31,11,"31_to_11",4,0
"Death_Valley",31,22,"31_to_22",31,0
"Death_Valley",31,23,"31_to_23",265,0
"Death_Valley",31,24,"31_to_24",33,0
"Death_Valley",31,31,"31_to_31",2475478,17.16
"Death_Valley",31,42,"31_to_42",1,0
"Death_Valley",31,52,"31_to_52",386520,2.68
"Death_Valley",31,71,"31_to_71",74,0
"Death_Valley",31,82,"31_to_82",27,0
"Death_Valley",31,90,"31_to_90",615,0
"Death_Valley",31,95,"31_to_95",2156,0.01
"Death_Valley",42,31,"42_to_31",2,0
"Death_Valley",42,42,"42_to_42",226566,1.57
"Death_Valley",42,52,"42_to_52",10583,0.07
"Death_Valley",42,71,"42_to_71",13,0
"Death_Valley",42,90,"42_to_90",2,0
"Death_Valley",52,21,"52_to_21",133,0
"Death_Valley",52,22,"52_to_22",322,0
"Death_Valley",52,23,"52_to_23",252,0
"Death_Valley",52,24,"52_to_24",6,0
"Death_Valley",52,31,"52_to_31",62870,0.44
"Death_Valley",52,42,"52_to_42",10055,0.07
"Death_Valley",52,52,"52_to_52",11196847,77.63
"Death_Valley",52,71,"52_to_71",9355,0.06
"Death_Valley",52,81,"52_to_81",24,0
"Death_Valley",52,82,"52_to_82",1,0
"Death_Valley",52,90,"52_to_90",108,0
"Death_Valley",52,95,"52_to_95",449,0
"Death_Valley",71,31,"71_to_31",21,0
"Death_Valley",71,42,"71_to_42",10,0
"Death_Valley",71,52,"71_to_52",12131,0.08
"Death_Valley",71,71,"71_to_71",325,0
"Death_Valley",81,31,"81_to_31",3,0
"Death_Valley",82,31,"82_to_31",32,0
"Death_Valley",90,42,"90_to_42",2,0
"Death_Valley",90,52,"90_to_52",10,0
"Death_Valley",90,90,"90_to_90",803,0.01
"Death_Valley",90,95,"90_to_95",125,0
"Death_Valley",95,31,"95_to_31",18,0
"Death_Valley",95,52,"95_to_52",6,0
"Death_Valley",95,90,"95_to_90",310,0
"Death_Valley",95,95,"95_to_95",24692,0.17
"Deep_Creek",21,21,"21_to_21",5,0.03
"Deep_Creek",22,22,"22_to_22",2,0.01
"Deep_Creek",31,31,"31_to_31",13,0.08
"Deep_Creek",31,42,"31_to_42",1,0.01
"Deep_Creek",41,41,"41_to_41",487,3.17
"Deep_Creek",41,42,"41_to_42",230,1.5
"Deep_Creek",41,52,"41_to_52",78,0.51
"Deep_Creek",42,41,"42_to_41",98,0.64
"Deep_Creek",42,42,"42_to_42",9843,64.17
"Deep_Creek",42,52,"42_to_52",669,4.36
"Deep_Creek",52,41,"52_to_41",43,0.28
"Deep_Creek",52,42,"52_to_42",957,6.24
"Deep_Creek",52,52,"52_to_52",2913,18.99
"Deep_Creek",71,52,"71_to_52",1,0.01
"Deep_Creek_North",21,21,"21_to_21",93,0.47
"Deep_Creek_North",22,21,"22_to_21",6,0.03
"Deep_Creek_North",22,22,"22_to_22",132,0.66
"Deep_Creek_North",31,31,"31_to_31",5,0.03
"Deep_Creek_North",41,41,"41_to_41",5522,27.67
"Deep_Creek_North",41,42,"41_to_42",1233,6.18
"Deep_Creek_North",41,43,"41_to_43",2,0.01
"Deep_Creek_North",41,52,"41_to_52",1570,7.87
"Deep_Creek_North",42,21,"42_to_21",3,0.02
"Deep_Creek_North",42,22,"42_to_22",1,0.01
"Deep_Creek_North",42,41,"42_to_41",339,1.7
"Deep_Creek_North",42,42,"42_to_42",5256,26.34
"Deep_Creek_North",42,52,"42_to_52",1224,6.13
"Deep_Creek_North",42,71,"42_to_71",1,0.01
"Deep_Creek_North",52,21,"52_to_21",11,0.06
"Deep_Creek_North",52,41,"52_to_41",512,2.57
"Deep_Creek_North",52,42,"52_to_42",1744,8.74
"Deep_Creek_North",52,52,"52_to_52",2285,11.45
"Deep_Creek_North",52,90,"52_to_90",8,0.04
"Deep_Creek_North",90,90,"90_to_90",10,0.05
"Delamar_Mountains",22,21,"22_to_21",2,0
"Delamar_Mountains",22,22,"22_to_22",31,0.01
"Delamar_Mountains",31,31,"31_to_31",168,0.03
"Delamar_Mountains",31,52,"31_to_52",1,0
"Delamar_Mountains",42,42,"42_to_42",107,0.02
"Delamar_Mountains",42,52,"42_to_52",96,0.02
"Delamar_Mountains",42,71,"42_to_71",37,0.01
"Delamar_Mountains",52,21,"52_to_21",18,0
"Delamar_Mountains",52,22,"52_to_22",24,0
"Delamar_Mountains",52,23,"52_to_23",3,0
"Delamar_Mountains",52,31,"52_to_31",313,0.06
"Delamar_Mountains",52,42,"52_to_42",54,0.01
"Delamar_Mountains",52,52,"52_to_52",333035,66.4
"Delamar_Mountains",52,71,"52_to_71",164842,32.86
"Delamar_Mountains",71,52,"71_to_52",193,0.04
"Delamar_Mountains",71,71,"71_to_71",2650,0.53
"Delirium",11,11,"11_to_11",31,0.06
"Delirium",11,90,"11_to_90",8,0.01
"Delirium",11,95,"11_to_95",91,0.17
"Delirium",21,21,"21_to_21",373,0.68
"Delirium",21,22,"21_to_22",2,0
"Delirium",21,90,"21_to_90",2,0
"Delirium",22,22,"22_to_22",18,0.03
"Delirium",31,90,"31_to_90",1,0
"Delirium",41,41,"41_to_41",589,1.08
"Delirium",41,42,"41_to_42",1,0
"Delirium",41,43,"41_to_43",219,0.4
"Delirium",41,90,"41_to_90",6,0.01
"Delirium",42,21,"42_to_21",1,0
"Delirium",42,42,"42_to_42",1858,3.41
"Delirium",42,43,"42_to_43",12,0.02
"Delirium",42,90,"42_to_90",1,0
"Delirium",43,41,"43_to_41",18,0.03
"Delirium",43,42,"43_to_42",49,0.09
"Delirium",43,43,"43_to_43",3455,6.33
"Delirium",43,52,"43_to_52",1,0
"Delirium",43,90,"43_to_90",4,0.01
"Delirium",52,43,"52_to_43",1,0
"Delirium",52,52,"52_to_52",1,0
"Delirium",71,71,"71_to_71",1,0
"Delirium",71,90,"71_to_90",1,0
"Delirium",90,11,"90_to_11",10,0.02
"Delirium",90,21,"90_to_21",3,0.01
"Delirium",90,41,"90_to_41",6,0.01
"Delirium",90,42,"90_to_42",1,0
"Delirium",90,43,"90_to_43",11,0.02
"Delirium",90,52,"90_to_52",1,0
"Delirium",90,71,"90_to_71",2,0
"Delirium",90,90,"90_to_90",46933,86.02
"Delirium",90,95,"90_to_95",86,0.16
"Delirium",95,11,"95_to_11",8,0.01
"Delirium",95,90,"95_to_90",393,0.72
"Delirium",95,95,"95_to_95",364,0.67
"Desatoya Mountains Wilderness",22,22,"22_to_22",107,0.06
"Desatoya Mountains Wilderness",41,41,"41_to_41",5049,2.74
"Desatoya Mountains Wilderness",41,42,"41_to_42",143,0.08
"Desatoya Mountains Wilderness",41,52,"41_to_52",626,0.34
"Desatoya Mountains Wilderness",41,71,"41_to_71",6,0
"Desatoya Mountains Wilderness",41,90,"41_to_90",1,0
"Desatoya Mountains Wilderness",42,41,"42_to_41",20,0.01
"Desatoya Mountains Wilderness",42,42,"42_to_42",73679,40
"Desatoya Mountains Wilderness",42,52,"42_to_52",9126,4.96
"Desatoya Mountains Wilderness",42,71,"42_to_71",7643,4.15
"Desatoya Mountains Wilderness",52,21,"52_to_21",1,0
"Desatoya Mountains Wilderness",52,22,"52_to_22",3,0
"Desatoya Mountains Wilderness",52,41,"52_to_41",3131,1.7
"Desatoya Mountains Wilderness",52,42,"52_to_42",4609,2.5
"Desatoya Mountains Wilderness",52,52,"52_to_52",72862,39.56
"Desatoya Mountains Wilderness",52,71,"52_to_71",6511,3.54
"Desatoya Mountains Wilderness",52,90,"52_to_90",3,0
"Desatoya Mountains Wilderness",71,41,"71_to_41",12,0.01
"Desatoya Mountains Wilderness",71,42,"71_to_42",96,0.05
"Desatoya Mountains Wilderness",71,52,"71_to_52",422,0.23
"Desatoya Mountains Wilderness",71,71,"71_to_71",5,0
"Desatoya Mountains Wilderness",90,41,"90_to_41",1,0
"Desatoya Mountains Wilderness",90,52,"90_to_52",6,0
"Desatoya Mountains Wilderness",90,90,"90_to_90",115,0.06
"Deseret_Peak",11,11,"11_to_11",3,0
"Deseret_Peak",12,12,"12_to_12",3,0
"Deseret_Peak",21,21,"21_to_21",10,0.01
"Deseret_Peak",22,22,"22_to_22",40,0.04
"Deseret_Peak",23,22,"23_to_22",1,0
"Deseret_Peak",31,31,"31_to_31",267,0.23
"Deseret_Peak",31,42,"31_to_42",2,0
"Deseret_Peak",31,52,"31_to_52",13,0.01
"Deseret_Peak",31,71,"31_to_71",22,0.02
"Deseret_Peak",41,21,"41_to_21",6,0.01
"Deseret_Peak",41,22,"41_to_22",26,0.02
"Deseret_Peak",41,23,"41_to_23",15,0.01
"Deseret_Peak",41,41,"41_to_41",1810,1.59
"Deseret_Peak",41,42,"41_to_42",86,0.08
"Deseret_Peak",41,43,"41_to_43",1,0
"Deseret_Peak",41,52,"41_to_52",252,0.22
"Deseret_Peak",41,71,"41_to_71",2,0
"Deseret_Peak",41,90,"41_to_90",1,0
"Deseret_Peak",42,11,"42_to_11",1,0
"Deseret_Peak",42,22,"42_to_22",35,0.03
"Deseret_Peak",42,23,"42_to_23",21,0.02
"Deseret_Peak",42,31,"42_to_31",2,0
"Deseret_Peak",42,41,"42_to_41",75,0.07
"Deseret_Peak",42,42,"42_to_42",23674,20.77
"Deseret_Peak",42,43,"42_to_43",11,0.01
"Deseret_Peak",42,52,"42_to_52",37561,32.96
"Deseret_Peak",42,71,"42_to_71",3610,3.17
"Deseret_Peak",42,90,"42_to_90",2,0
"Deseret_Peak",43,43,"43_to_43",2,0
"Deseret_Peak",52,21,"52_to_21",9,0.01
"Deseret_Peak",52,22,"52_to_22",16,0.01
"Deseret_Peak",52,31,"52_to_31",13,0.01
"Deseret_Peak",52,41,"52_to_41",696,0.61
"Deseret_Peak",52,42,"52_to_42",1302,1.14
"Deseret_Peak",52,52,"52_to_52",34370,30.16
"Deseret_Peak",52,71,"52_to_71",8185,7.18
"Deseret_Peak",71,22,"71_to_22",2,0
"Deseret_Peak",71,31,"71_to_31",5,0
"Deseret_Peak",71,42,"71_to_42",22,0.02
"Deseret_Peak",71,52,"71_to_52",408,0.36
"Deseret_Peak",71,71,"71_to_71",1179,1.03
"Deseret_Peak",90,42,"90_to_42",1,0
"Deseret_Peak",90,52,"90_to_52",7,0.01
"Deseret_Peak",90,90,"90_to_90",177,0.16
"Deseret_Peak",90,95,"90_to_95",19,0.02
"Desolation",11,11,"11_to_11",4835,1.67
"Desolation",11,31,"11_to_31",54,0.02
"Desolation",11,42,"11_to_42",84,0.03
"Desolation",11,52,"11_to_52",40,0.01
"Desolation",12,12,"12_to_12",199,0.07
"Desolation",21,21,"21_to_21",16,0.01
"Desolation",21,42,"21_to_42",4,0
"Desolation",22,22,"22_to_22",25,0.01
"Desolation",23,23,"23_to_23",1,0
"Desolation",31,11,"31_to_11",160,0.06
"Desolation",31,31,"31_to_31",29803,10.28
"Desolation",31,42,"31_to_42",83,0.03
"Desolation",31,52,"31_to_52",2186,0.75
"Desolation",31,71,"31_to_71",60,0.02
"Desolation",41,41,"41_to_41",6,0
"Desolation",41,42,"41_to_42",4,0
"Desolation",41,52,"41_to_52",2,0
"Desolation",42,11,"42_to_11",49,0.02
"Desolation",42,21,"42_to_21",2,0
"Desolation",42,22,"42_to_22",1,0
"Desolation",42,31,"42_to_31",258,0.09
"Desolation",42,41,"42_to_41",8,0
"Desolation",42,42,"42_to_42",72776,25.11
"Desolation",42,52,"42_to_52",2496,0.86
"Desolation",42,71,"42_to_71",2214,0.76
"Desolation",42,90,"42_to_90",16,0.01
"Desolation",52,11,"52_to_11",349,0.12
"Desolation",52,21,"52_to_21",4,0
"Desolation",52,22,"52_to_22",1,0
"Desolation",52,31,"52_to_31",3647,1.26
"Desolation",52,41,"52_to_41",19,0.01
"Desolation",52,42,"52_to_42",4979,1.72
"Desolation",52,52,"52_to_52",160149,55.26
"Desolation",52,71,"52_to_71",3248,1.12
"Desolation",52,90,"52_to_90",6,0
"Desolation",52,95,"52_to_95",10,0
"Desolation",71,11,"71_to_11",28,0.01
"Desolation",71,31,"71_to_31",73,0.03
"Desolation",71,42,"71_to_42",2,0
"Desolation",71,52,"71_to_52",113,0.04
"Desolation",71,71,"71_to_71",484,0.17
"Desolation",90,11,"90_to_11",1,0
"Desolation",90,42,"90_to_42",39,0.01
"Desolation",90,52,"90_to_52",9,0
"Desolation",90,71,"90_to_71",2,0
"Desolation",90,90,"90_to_90",1178,0.41
"Desolation",90,95,"90_to_95",6,0
"Desolation",95,90,"95_to_90",9,0
"Desolation",95,95,"95_to_95",53,0.02
"Desolation_Canyon",11,11,"11_to_11",900,0.12
"Desolation_Canyon",11,52,"11_to_52",35,0
"Desolation_Canyon",11,90,"11_to_90",42,0.01
"Desolation_Canyon",21,21,"21_to_21",80,0.01
"Desolation_Canyon",21,42,"21_to_42",4,0
"Desolation_Canyon",21,52,"21_to_52",7,0
"Desolation_Canyon",22,22,"22_to_22",45,0.01
"Desolation_Canyon",22,23,"22_to_23",4,0
"Desolation_Canyon",23,22,"23_to_22",1,0
"Desolation_Canyon",23,23,"23_to_23",53,0.01
"Desolation_Canyon",23,24,"23_to_24",26,0
"Desolation_Canyon",24,23,"24_to_23",1,0
"Desolation_Canyon",24,24,"24_to_24",24,0
"Desolation_Canyon",31,31,"31_to_31",3104,0.43
"Desolation_Canyon",31,52,"31_to_52",84,0.01
"Desolation_Canyon",41,21,"41_to_21",1,0
"Desolation_Canyon",41,22,"41_to_22",9,0
"Desolation_Canyon",41,41,"41_to_41",1002,0.14
"Desolation_Canyon",41,42,"41_to_42",151,0.02
"Desolation_Canyon",41,52,"41_to_52",1315,0.18
"Desolation_Canyon",41,71,"41_to_71",13,0
"Desolation_Canyon",42,21,"42_to_21",1,0
"Desolation_Canyon",42,41,"42_to_41",16,0
"Desolation_Canyon",42,42,"42_to_42",136931,18.87
"Desolation_Canyon",42,52,"42_to_52",9964,1.37
"Desolation_Canyon",42,71,"42_to_71",3906,0.54
"Desolation_Canyon",52,11,"52_to_11",26,0
"Desolation_Canyon",52,21,"52_to_21",30,0
"Desolation_Canyon",52,22,"52_to_22",2,0
"Desolation_Canyon",52,31,"52_to_31",8,0
"Desolation_Canyon",52,41,"52_to_41",206,0.03
"Desolation_Canyon",52,42,"52_to_42",2607,0.36
"Desolation_Canyon",52,52,"52_to_52",561030,77.29
"Desolation_Canyon",52,71,"52_to_71",330,0.05
"Desolation_Canyon",52,90,"52_to_90",26,0
"Desolation_Canyon",71,42,"71_to_42",2,0
"Desolation_Canyon",71,52,"71_to_52",62,0.01
"Desolation_Canyon",90,11,"90_to_11",9,0
"Desolation_Canyon",90,52,"90_to_52",1,0
"Desolation_Canyon",90,90,"90_to_90",3765,0.52
"Desolation_Canyon",95,95,"95_to_95",8,0
"Devils_Backbone",11,11,"11_to_11",37,0.12
"Devils_Backbone",11,31,"11_to_31",14,0.05
"Devils_Backbone",11,41,"11_to_41",11,0.04
"Devils_Backbone",21,21,"21_to_21",108,0.35
"Devils_Backbone",22,22,"22_to_22",2,0.01
"Devils_Backbone",41,11,"41_to_11",46,0.15
"Devils_Backbone",41,21,"41_to_21",6,0.02
"Devils_Backbone",41,22,"41_to_22",1,0
"Devils_Backbone",41,31,"41_to_31",56,0.18
"Devils_Backbone",41,41,"41_to_41",25326,82.66
"Devils_Backbone",41,42,"41_to_42",13,0.04
"Devils_Backbone",41,43,"41_to_43",40,0.13
"Devils_Backbone",41,52,"41_to_52",3,0.01
"Devils_Backbone",41,71,"41_to_71",1,0
"Devils_Backbone",41,95,"41_to_95",1,0
"Devils_Backbone",42,41,"42_to_41",65,0.21
"Devils_Backbone",42,42,"42_to_42",3093,10.1
"Devils_Backbone",42,43,"42_to_43",26,0.08
"Devils_Backbone",43,41,"43_to_41",96,0.31
"Devils_Backbone",43,42,"43_to_42",7,0.02
"Devils_Backbone",43,43,"43_to_43",1637,5.34
"Devils_Backbone",81,41,"81_to_41",1,0
"Devils_Backbone",81,81,"81_to_81",43,0.14
"Devils_Backbone",90,11,"90_to_11",3,0.01
"Devils_Backbone",90,31,"90_to_31",1,0
"Devils_Backbone",95,31,"95_to_31",1,0
"Devils_Canyon",31,31,"31_to_31",1749,4.35
"Devils_Canyon",31,52,"31_to_52",295,0.73
"Devils_Canyon",42,42,"42_to_42",266,0.66
"Devils_Canyon",52,31,"52_to_31",67,0.17
"Devils_Canyon",52,42,"52_to_42",84,0.21
"Devils_Canyon",52,52,"52_to_52",37740,93.88
"Devils_Canyon",71,52,"71_to_52",1,0
"Devils_Staircase",11,11,"11_to_11",27,0.02
"Devils_Staircase",11,42,"11_to_42",14,0.01
"Devils_Staircase",11,90,"11_to_90",1,0
"Devils_Staircase",21,21,"21_to_21",66,0.05
"Devils_Staircase",21,42,"21_to_42",41,0.03
"Devils_Staircase",21,43,"21_to_43",19,0.01
"Devils_Staircase",41,41,"41_to_41",353,0.25
"Devils_Staircase",41,42,"41_to_42",7,0.01
"Devils_Staircase",41,43,"41_to_43",78,0.06
"Devils_Staircase",42,11,"42_to_11",3,0
"Devils_Staircase",42,21,"42_to_21",1,0
"Devils_Staircase",42,41,"42_to_41",4,0
"Devils_Staircase",42,42,"42_to_42",107199,77.44
"Devils_Staircase",42,43,"42_to_43",745,0.54
"Devils_Staircase",42,52,"42_to_52",2,0
"Devils_Staircase",42,71,"42_to_71",3,0
"Devils_Staircase",42,90,"42_to_90",1,0
"Devils_Staircase",43,41,"43_to_41",16,0.01
"Devils_Staircase",43,42,"43_to_42",430,0.31
"Devils_Staircase",43,43,"43_to_43",19326,13.96
"Devils_Staircase",52,21,"52_to_21",6,0
"Devils_Staircase",52,41,"52_to_41",115,0.08
"Devils_Staircase",52,42,"52_to_42",5482,3.96
"Devils_Staircase",52,43,"52_to_43",3838,2.77
"Devils_Staircase",52,52,"52_to_52",12,0.01
"Devils_Staircase",52,71,"52_to_71",11,0.01
"Devils_Staircase",71,41,"71_to_41",5,0
"Devils_Staircase",71,42,"71_to_42",406,0.29
"Devils_Staircase",71,43,"71_to_43",26,0.02
"Devils_Staircase",81,21,"81_to_21",1,0
"Devils_Staircase",81,41,"81_to_41",3,0
"Devils_Staircase",81,43,"81_to_43",4,0
"Devils_Staircase",81,52,"81_to_52",2,0
"Devils_Staircase",81,81,"81_to_81",7,0.01
"Devils_Staircase",90,90,"90_to_90",169,0.12
"Devils_Staircase",95,90,"95_to_90",2,0
"Devils_Staircase",95,95,"95_to_95",11,0.01
"Diamond_Peak",11,11,"11_to_11",1145,0.48
"Diamond_Peak",11,42,"11_to_42",68,0.03
"Diamond_Peak",11,90,"11_to_90",1,0
"Diamond_Peak",12,12,"12_to_12",494,0.21
"Diamond_Peak",21,21,"21_to_21",72,0.03
"Diamond_Peak",21,22,"21_to_22",1,0
"Diamond_Peak",21,42,"21_to_42",16,0.01
"Diamond_Peak",22,21,"22_to_21",2,0
"Diamond_Peak",22,22,"22_to_22",75,0.03
"Diamond_Peak",22,42,"22_to_42",1,0
"Diamond_Peak",31,31,"31_to_31",8787,3.7
"Diamond_Peak",31,42,"31_to_42",3,0
"Diamond_Peak",31,52,"31_to_52",1,0
"Diamond_Peak",41,42,"41_to_42",1,0
"Diamond_Peak",42,11,"42_to_11",72,0.03
"Diamond_Peak",42,21,"42_to_21",9,0
"Diamond_Peak",42,22,"42_to_22",2,0
"Diamond_Peak",42,31,"42_to_31",64,0.03
"Diamond_Peak",42,42,"42_to_42",223012,93.9
"Diamond_Peak",42,52,"42_to_52",123,0.05
"Diamond_Peak",42,71,"42_to_71",277,0.12
"Diamond_Peak",42,81,"42_to_81",1,0
"Diamond_Peak",42,82,"42_to_82",2,0
"Diamond_Peak",42,90,"42_to_90",14,0.01
"Diamond_Peak",52,21,"52_to_21",8,0
"Diamond_Peak",52,22,"52_to_22",5,0
"Diamond_Peak",52,31,"52_to_31",7,0
"Diamond_Peak",52,42,"52_to_42",735,0.31
"Diamond_Peak",52,52,"52_to_52",2306,0.97
"Diamond_Peak",52,71,"52_to_71",3,0
"Diamond_Peak",71,31,"71_to_31",7,0
"Diamond_Peak",71,42,"71_to_42",8,0
"Diamond_Peak",71,52,"71_to_52",1,0
"Diamond_Peak",71,71,"71_to_71",6,0
"Diamond_Peak",90,42,"90_to_42",13,0.01
"Diamond_Peak",90,90,"90_to_90",158,0.07
"Diamond_Peak",95,90,"95_to_90",2,0
"Dick_Smith",21,21,"21_to_21",11,0
"Dick_Smith",21,42,"21_to_42",11,0
"Dick_Smith",21,52,"21_to_52",177,0.05
"Dick_Smith",22,22,"22_to_22",9,0
"Dick_Smith",22,52,"22_to_52",2,0
"Dick_Smith",41,52,"41_to_52",104,0.03
"Dick_Smith",42,42,"42_to_42",16223,5.01
"Dick_Smith",42,43,"42_to_43",316,0.1
"Dick_Smith",42,52,"42_to_52",49678,15.35
"Dick_Smith",42,90,"42_to_90",10,0
"Dick_Smith",43,21,"43_to_21",1,0
"Dick_Smith",43,22,"43_to_22",1,0
"Dick_Smith",43,42,"43_to_42",1016,0.31
"Dick_Smith",43,43,"43_to_43",2212,0.68
"Dick_Smith",43,52,"43_to_52",96152,29.72
"Dick_Smith",43,71,"43_to_71",77,0.02
"Dick_Smith",52,21,"52_to_21",48,0.01
"Dick_Smith",52,22,"52_to_22",3,0
"Dick_Smith",52,42,"52_to_42",172,0.05
"Dick_Smith",52,43,"52_to_43",157,0.05
"Dick_Smith",52,52,"52_to_52",150760,46.59
"Dick_Smith",52,71,"52_to_71",4627,1.43
"Dick_Smith",52,90,"52_to_90",19,0.01
"Dick_Smith",71,42,"71_to_42",2,0
"Dick_Smith",71,43,"71_to_43",2,0
"Dick_Smith",71,52,"71_to_52",474,0.15
"Dick_Smith",71,71,"71_to_71",911,0.28
"Dick_Smith",90,42,"90_to_42",2,0
"Dick_Smith",90,52,"90_to_52",43,0.01
"Dick_Smith",90,90,"90_to_90",338,0.1
"Dick_Smith",90,95,"90_to_95",10,0
"Dinkey_Lakes",11,11,"11_to_11",962,0.68
"Dinkey_Lakes",11,42,"11_to_42",41,0.03
"Dinkey_Lakes",11,52,"11_to_52",2,0
"Dinkey_Lakes",11,71,"11_to_71",2,0
"Dinkey_Lakes",21,21,"21_to_21",47,0.03
"Dinkey_Lakes",21,42,"21_to_42",4,0
"Dinkey_Lakes",22,22,"22_to_22",96,0.07
"Dinkey_Lakes",31,31,"31_to_31",2525,1.8
"Dinkey_Lakes",31,42,"31_to_42",3,0
"Dinkey_Lakes",31,52,"31_to_52",109,0.08
"Dinkey_Lakes",31,71,"31_to_71",12,0.01
"Dinkey_Lakes",42,11,"42_to_11",19,0.01
"Dinkey_Lakes",42,21,"42_to_21",9,0.01
"Dinkey_Lakes",42,22,"42_to_22",5,0
"Dinkey_Lakes",42,31,"42_to_31",10,0.01
"Dinkey_Lakes",42,42,"42_to_42",93424,66.52
"Dinkey_Lakes",42,52,"42_to_52",1063,0.76
"Dinkey_Lakes",42,71,"42_to_71",875,0.62
"Dinkey_Lakes",42,90,"42_to_90",41,0.03
"Dinkey_Lakes",52,11,"52_to_11",1,0
"Dinkey_Lakes",52,21,"52_to_21",5,0
"Dinkey_Lakes",52,22,"52_to_22",3,0
"Dinkey_Lakes",52,31,"52_to_31",158,0.11
"Dinkey_Lakes",52,41,"52_to_41",2,0
"Dinkey_Lakes",52,42,"52_to_42",1083,0.77
"Dinkey_Lakes",52,52,"52_to_52",34948,24.88
"Dinkey_Lakes",52,71,"52_to_71",85,0.06
"Dinkey_Lakes",52,90,"52_to_90",6,0
"Dinkey_Lakes",52,95,"52_to_95",1,0
"Dinkey_Lakes",71,31,"71_to_31",94,0.07
"Dinkey_Lakes",71,42,"71_to_42",3,0
"Dinkey_Lakes",71,52,"71_to_52",176,0.13
"Dinkey_Lakes",71,71,"71_to_71",850,0.61
"Dinkey_Lakes",90,11,"90_to_11",1,0
"Dinkey_Lakes",90,42,"90_to_42",196,0.14
"Dinkey_Lakes",90,52,"90_to_52",1,0
"Dinkey_Lakes",90,90,"90_to_90",2047,1.46
"Dinkey_Lakes",90,95,"90_to_95",28,0.02
"Dinkey_Lakes",95,90,"95_to_90",428,0.3
"Dinkey_Lakes",95,95,"95_to_95",1084,0.77
"Docs_Pass",21,21,"21_to_21",1,0
"Docs_Pass",22,22,"22_to_22",61,0.08
"Docs_Pass",23,22,"23_to_22",3,0
"Docs_Pass",42,22,"42_to_22",1,0
"Docs_Pass",42,42,"42_to_42",8740,11.09
"Docs_Pass",42,52,"42_to_52",10079,12.79
"Docs_Pass",42,71,"42_to_71",4110,5.22
"Docs_Pass",52,11,"52_to_11",2,0
"Docs_Pass",52,22,"52_to_22",13,0.02
"Docs_Pass",52,42,"52_to_42",905,1.15
"Docs_Pass",52,52,"52_to_52",42431,53.86
"Docs_Pass",52,71,"52_to_71",11980,15.21
"Docs_Pass",52,90,"52_to_90",52,0.07
"Docs_Pass",71,52,"71_to_52",24,0.03
"Docs_Pass",71,71,"71_to_71",88,0.11
"Docs_Pass",90,11,"90_to_11",1,0
"Docs_Pass",90,52,"90_to_52",27,0.03
"Docs_Pass",90,90,"90_to_90",260,0.33
"Docs_Pass",90,95,"90_to_95",4,0.01
"Docs_Pass",95,11,"95_to_11",1,0
"Dolly_Sods",11,41,"11_to_41",2,0
"Dolly_Sods",11,43,"11_to_43",3,0
"Dolly_Sods",21,21,"21_to_21",411,0.51
"Dolly_Sods",21,22,"21_to_22",39,0.05
"Dolly_Sods",21,23,"21_to_23",1,0
"Dolly_Sods",21,41,"21_to_41",1,0
"Dolly_Sods",22,21,"22_to_21",3,0
"Dolly_Sods",22,22,"22_to_22",34,0.04
"Dolly_Sods",31,11,"31_to_11",1,0
"Dolly_Sods",31,31,"31_to_31",662,0.82
"Dolly_Sods",31,41,"31_to_41",53,0.07
"Dolly_Sods",31,42,"31_to_42",2,0
"Dolly_Sods",31,43,"31_to_43",4,0
"Dolly_Sods",31,71,"31_to_71",1,0
"Dolly_Sods",31,90,"31_to_90",3,0
"Dolly_Sods",31,95,"31_to_95",1,0
"Dolly_Sods",41,21,"41_to_21",7,0.01
"Dolly_Sods",41,22,"41_to_22",11,0.01
"Dolly_Sods",41,23,"41_to_23",1,0
"Dolly_Sods",41,31,"41_to_31",1,0
"Dolly_Sods",41,41,"41_to_41",34594,42.87
"Dolly_Sods",41,42,"41_to_42",15,0.02
"Dolly_Sods",41,43,"41_to_43",220,0.27
"Dolly_Sods",41,71,"41_to_71",2,0
"Dolly_Sods",41,90,"41_to_90",3,0
"Dolly_Sods",41,95,"41_to_95",2,0
"Dolly_Sods",42,41,"42_to_41",3,0
"Dolly_Sods",42,42,"42_to_42",21006,26.03
"Dolly_Sods",42,71,"42_to_71",5,0.01
"Dolly_Sods",43,21,"43_to_21",7,0.01
"Dolly_Sods",43,22,"43_to_22",8,0.01
"Dolly_Sods",43,41,"43_to_41",7,0.01
"Dolly_Sods",43,42,"43_to_42",34,0.04
"Dolly_Sods",43,43,"43_to_43",19263,23.87
"Dolly_Sods",43,90,"43_to_90",1,0
"Dolly_Sods",52,22,"52_to_22",2,0
"Dolly_Sods",52,41,"52_to_41",203,0.25
"Dolly_Sods",52,43,"52_to_43",7,0.01
"Dolly_Sods",52,52,"52_to_52",25,0.03
"Dolly_Sods",52,90,"52_to_90",1,0
"Dolly_Sods",71,41,"71_to_41",32,0.04
"Dolly_Sods",71,42,"71_to_42",8,0.01
"Dolly_Sods",71,43,"71_to_43",6,0.01
"Dolly_Sods",71,71,"71_to_71",52,0.06
"Dolly_Sods",71,90,"71_to_90",1,0
"Dolly_Sods",71,95,"71_to_95",1,0
"Dolly_Sods",90,11,"90_to_11",1,0
"Dolly_Sods",90,41,"90_to_41",1,0
"Dolly_Sods",90,42,"90_to_42",6,0.01
"Dolly_Sods",90,43,"90_to_43",1,0
"Dolly_Sods",90,90,"90_to_90",3135,3.88
"Dolly_Sods",90,95,"90_to_95",2,0
"Dolly_Sods",95,11,"95_to_11",7,0.01
"Dolly_Sods",95,90,"95_to_90",87,0.11
"Dolly_Sods",95,95,"95_to_95",707,0.88
"Dome",22,22,"22_to_22",9,0.04
"Dome",41,52,"41_to_52",51,0.21
"Dome",42,21,"42_to_21",2,0.01
"Dome",42,22,"42_to_22",56,0.23
"Dome",42,42,"42_to_42",1646,6.84
"Dome",42,52,"42_to_52",17574,73.03
"Dome",42,71,"42_to_71",708,2.94
"Dome",42,81,"42_to_81",3,0.01
"Dome",42,90,"42_to_90",11,0.05
"Dome",42,95,"42_to_95",2,0.01
"Dome",43,52,"43_to_52",8,0.03
"Dome",52,42,"52_to_42",63,0.26
"Dome",52,52,"52_to_52",3508,14.58
"Dome",52,71,"52_to_71",419,1.74
"Dome",71,52,"71_to_52",3,0.01
"Domeland",21,21,"21_to_21",22,0
"Domeland",21,52,"21_to_52",3,0
"Domeland",22,22,"22_to_22",68,0.01
"Domeland",31,31,"31_to_31",751,0.12
"Domeland",31,42,"31_to_42",1,0
"Domeland",31,52,"31_to_52",34,0.01
"Domeland",41,41,"41_to_41",13,0
"Domeland",41,42,"41_to_42",1,0
"Domeland",41,52,"41_to_52",5,0
"Domeland",41,71,"41_to_71",6,0
"Domeland",42,21,"42_to_21",13,0
"Domeland",42,22,"42_to_22",3,0
"Domeland",42,31,"42_to_31",2,0
"Domeland",42,41,"42_to_41",3,0
"Domeland",42,42,"42_to_42",116254,19.1
"Domeland",42,43,"42_to_43",3,0
"Domeland",42,52,"42_to_52",113721,18.68
"Domeland",42,71,"42_to_71",1865,0.31
"Domeland",42,81,"42_to_81",4,0
"Domeland",42,90,"42_to_90",37,0.01
"Domeland",43,42,"43_to_42",15,0
"Domeland",43,52,"43_to_52",8,0
"Domeland",52,21,"52_to_21",48,0.01
"Domeland",52,22,"52_to_22",4,0
"Domeland",52,31,"52_to_31",41,0.01
"Domeland",52,41,"52_to_41",1,0
"Domeland",52,42,"52_to_42",6538,1.07
"Domeland",52,43,"52_to_43",2,0
"Domeland",52,52,"52_to_52",353454,58.06
"Domeland",52,71,"52_to_71",8060,1.32
"Domeland",52,81,"52_to_81",5,0
"Domeland",52,90,"52_to_90",127,0.02
"Domeland",52,95,"52_to_95",28,0
"Domeland",71,21,"71_to_21",6,0
"Domeland",71,31,"71_to_31",5,0
"Domeland",71,42,"71_to_42",11,0
"Domeland",71,52,"71_to_52",4034,0.66
"Domeland",71,71,"71_to_71",1919,0.32
"Domeland",71,81,"71_to_81",5,0
"Domeland",81,52,"81_to_52",21,0
"Domeland",81,81,"81_to_81",4,0
"Domeland",90,21,"90_to_21",1,0
"Domeland",90,42,"90_to_42",3,0
"Domeland",90,52,"90_to_52",16,0
"Domeland",90,71,"90_to_71",1,0
"Domeland",90,90,"90_to_90",1028,0.17
"Domeland",90,95,"90_to_95",60,0.01
"Domeland",95,52,"95_to_52",2,0
"Domeland",95,90,"95_to_90",34,0.01
"Domeland",95,95,"95_to_95",456,0.07
"Dominguez_Canyon",11,11,"11_to_11",23,0.01
"Dominguez_Canyon",21,21,"21_to_21",134,0.04
"Dominguez_Canyon",21,42,"21_to_42",1,0
"Dominguez_Canyon",22,22,"22_to_22",18,0.01
"Dominguez_Canyon",22,23,"22_to_23",2,0
"Dominguez_Canyon",23,23,"23_to_23",11,0
"Dominguez_Canyon",23,24,"23_to_24",1,0
"Dominguez_Canyon",24,24,"24_to_24",1,0
"Dominguez_Canyon",31,31,"31_to_31",45,0.01
"Dominguez_Canyon",41,41,"41_to_41",283,0.09
"Dominguez_Canyon",41,42,"41_to_42",12,0
"Dominguez_Canyon",42,21,"42_to_21",7,0
"Dominguez_Canyon",42,41,"42_to_41",1,0
"Dominguez_Canyon",42,42,"42_to_42",125280,41.61
"Dominguez_Canyon",42,52,"42_to_52",1110,0.37
"Dominguez_Canyon",52,11,"52_to_11",1,0
"Dominguez_Canyon",52,21,"52_to_21",18,0.01
"Dominguez_Canyon",52,22,"52_to_22",2,0
"Dominguez_Canyon",52,23,"52_to_23",1,0
"Dominguez_Canyon",52,42,"52_to_42",1564,0.52
"Dominguez_Canyon",52,52,"52_to_52",172240,57.21
"Dominguez_Canyon",52,81,"52_to_81",1,0
"Dominguez_Canyon",52,90,"52_to_90",3,0
"Dominguez_Canyon",90,52,"90_to_52",1,0
"Dominguez_Canyon",90,90,"90_to_90",294,0.1
"Dominguez_Canyon",95,95,"95_to_95",2,0
"Dos_Cabezas_Mountains",22,22,"22_to_22",61,0.11
"Dos_Cabezas_Mountains",23,23,"23_to_23",7,0.01
"Dos_Cabezas_Mountains",42,42,"42_to_42",15918,29.17
"Dos_Cabezas_Mountains",42,43,"42_to_43",6,0.01
"Dos_Cabezas_Mountains",42,52,"42_to_52",1029,1.89
"Dos_Cabezas_Mountains",52,21,"52_to_21",3,0.01
"Dos_Cabezas_Mountains",52,22,"52_to_22",8,0.01
"Dos_Cabezas_Mountains",52,42,"52_to_42",1440,2.64
"Dos_Cabezas_Mountains",52,43,"52_to_43",9,0.02
"Dos_Cabezas_Mountains",52,52,"52_to_52",36086,66.13
"Dos_Cabezas_Mountains",52,71,"52_to_71",4,0.01
"Drift_Creek",21,21,"21_to_21",13,0.05
"Drift_Creek",41,41,"41_to_41",107,0.4
"Drift_Creek",41,43,"41_to_43",6,0.02
"Drift_Creek",42,21,"42_to_21",1,0
"Drift_Creek",42,42,"42_to_42",23000,86.13
"Drift_Creek",42,43,"42_to_43",32,0.12
"Drift_Creek",42,90,"42_to_90",1,0
"Drift_Creek",43,41,"43_to_41",8,0.03
"Drift_Creek",43,42,"43_to_42",9,0.03
"Drift_Creek",43,43,"43_to_43",3000,11.23
"Drift_Creek",52,41,"52_to_41",21,0.08
"Drift_Creek",52,42,"52_to_42",72,0.27
"Drift_Creek",52,43,"52_to_43",135,0.51
"Drift_Creek",71,42,"71_to_42",4,0.01
"Drift_Creek",90,42,"90_to_42",1,0
"Drift_Creek",90,90,"90_to_90",292,1.09
"Drift_Creek",95,90,"95_to_90",1,0
"Dry_Creek",21,21,"21_to_21",345,1.19
"Dry_Creek",21,42,"21_to_42",19,0.07
"Dry_Creek",41,21,"41_to_21",25,0.09
"Dry_Creek",41,41,"41_to_41",10201,35.31
"Dry_Creek",41,43,"41_to_43",44,0.15
"Dry_Creek",42,21,"42_to_21",12,0.04
"Dry_Creek",42,42,"42_to_42",11589,40.12
"Dry_Creek",42,43,"42_to_43",57,0.2
"Dry_Creek",43,21,"43_to_21",18,0.06
"Dry_Creek",43,41,"43_to_41",4,0.01
"Dry_Creek",43,42,"43_to_42",48,0.17
"Dry_Creek",43,43,"43_to_43",6446,22.32
"Dry_Creek",52,21,"52_to_21",3,0.01
"Dry_Creek",52,41,"52_to_41",23,0.08
"Dry_Creek",52,42,"52_to_42",2,0.01
"Dry_Creek",52,43,"52_to_43",41,0.14
"Dry_Creek",71,41,"71_to_41",5,0.02
"Dry_Creek",71,42,"71_to_42",1,0
"Dry_Creek",71,71,"71_to_71",3,0.01
"Dugger_Mountain",21,21,"21_to_21",182,0.44
"Dugger_Mountain",21,41,"21_to_41",7,0.02
"Dugger_Mountain",21,42,"21_to_42",3,0.01
"Dugger_Mountain",22,22,"22_to_22",2,0
"Dugger_Mountain",31,31,"31_to_31",21,0.05
"Dugger_Mountain",31,42,"31_to_42",1,0
"Dugger_Mountain",41,21,"41_to_21",1,0
"Dugger_Mountain",41,41,"41_to_41",21535,52.41
"Dugger_Mountain",41,42,"41_to_42",32,0.08
"Dugger_Mountain",41,43,"41_to_43",83,0.2
"Dugger_Mountain",42,21,"42_to_21",1,0
"Dugger_Mountain",42,41,"42_to_41",236,0.57
"Dugger_Mountain",42,42,"42_to_42",9255,22.53
"Dugger_Mountain",42,43,"42_to_43",182,0.44
"Dugger_Mountain",42,71,"42_to_71",6,0.01
"Dugger_Mountain",43,21,"43_to_21",4,0.01
"Dugger_Mountain",43,41,"43_to_41",246,0.6
"Dugger_Mountain",43,42,"43_to_42",47,0.11
"Dugger_Mountain",43,43,"43_to_43",8511,20.71
"Dugger_Mountain",52,41,"52_to_41",158,0.38
"Dugger_Mountain",52,42,"52_to_42",217,0.53
"Dugger_Mountain",52,43,"52_to_43",122,0.3
"Dugger_Mountain",71,41,"71_to_41",94,0.23
"Dugger_Mountain",71,42,"71_to_42",90,0.22
"Dugger_Mountain",71,43,"71_to_43",49,0.12
"Dugger_Mountain",81,41,"81_to_41",1,0
"Dugger_Mountain",90,90,"90_to_90",1,0
"Eagle_Canyon",21,21,"21_to_21",15,0.02
"Eagle_Canyon",31,23,"31_to_23",1,0
"Eagle_Canyon",31,31,"31_to_31",3308,4.8
"Eagle_Canyon",31,52,"31_to_52",581,0.84
"Eagle_Canyon",42,42,"42_to_42",19,0.03
"Eagle_Canyon",42,52,"42_to_52",8,0.01
"Eagle_Canyon",52,22,"52_to_22",1,0
"Eagle_Canyon",52,31,"52_to_31",73,0.11
"Eagle_Canyon",52,42,"52_to_42",35,0.05
"Eagle_Canyon",52,52,"52_to_52",64936,94.14
"Eagle_Cap",11,11,"11_to_11",3527,0.22
"Eagle_Cap",11,31,"11_to_31",37,0
"Eagle_Cap",11,42,"11_to_42",135,0.01
"Eagle_Cap",11,52,"11_to_52",29,0
"Eagle_Cap",11,71,"11_to_71",23,0
"Eagle_Cap",11,90,"11_to_90",6,0
"Eagle_Cap",12,12,"12_to_12",5313,0.33
"Eagle_Cap",21,21,"21_to_21",482,0.03
"Eagle_Cap",21,22,"21_to_22",14,0
"Eagle_Cap",21,23,"21_to_23",2,0
"Eagle_Cap",21,42,"21_to_42",1,0
"Eagle_Cap",21,52,"21_to_52",4,0
"Eagle_Cap",22,21,"22_to_21",8,0
"Eagle_Cap",22,22,"22_to_22",370,0.02
"Eagle_Cap",22,23,"22_to_23",1,0
"Eagle_Cap",23,22,"23_to_22",1,0
"Eagle_Cap",23,23,"23_to_23",9,0
"Eagle_Cap",31,11,"31_to_11",36,0
"Eagle_Cap",31,31,"31_to_31",119574,7.44
"Eagle_Cap",31,42,"31_to_42",196,0.01
"Eagle_Cap",31,52,"31_to_52",754,0.05
"Eagle_Cap",31,71,"31_to_71",182,0.01
"Eagle_Cap",31,81,"31_to_81",1,0
"Eagle_Cap",41,41,"41_to_41",22,0
"Eagle_Cap",41,42,"41_to_42",2,0
"Eagle_Cap",41,52,"41_to_52",2,0
"Eagle_Cap",42,11,"42_to_11",91,0.01
"Eagle_Cap",42,21,"42_to_21",35,0
"Eagle_Cap",42,22,"42_to_22",25,0
"Eagle_Cap",42,23,"42_to_23",4,0
"Eagle_Cap",42,31,"42_to_31",2980,0.19
"Eagle_Cap",42,41,"42_to_41",10,0
"Eagle_Cap",42,42,"42_to_42",894991,55.66
"Eagle_Cap",42,43,"42_to_43",1,0
"Eagle_Cap",42,52,"42_to_52",38143,2.37
"Eagle_Cap",42,71,"42_to_71",63248,3.93
"Eagle_Cap",42,90,"42_to_90",83,0.01
"Eagle_Cap",42,95,"42_to_95",1,0
"Eagle_Cap",43,42,"43_to_42",1,0
"Eagle_Cap",43,43,"43_to_43",9,0
"Eagle_Cap",52,11,"52_to_11",19,0
"Eagle_Cap",52,21,"52_to_21",79,0
"Eagle_Cap",52,22,"52_to_22",25,0
"Eagle_Cap",52,23,"52_to_23",4,0
"Eagle_Cap",52,31,"52_to_31",1802,0.11
"Eagle_Cap",52,41,"52_to_41",7,0
"Eagle_Cap",52,42,"52_to_42",27469,1.71
"Eagle_Cap",52,43,"52_to_43",5,0
"Eagle_Cap",52,52,"52_to_52",309166,19.23
"Eagle_Cap",52,71,"52_to_71",9764,0.61
"Eagle_Cap",52,90,"52_to_90",19,0
"Eagle_Cap",52,95,"52_to_95",1,0
"Eagle_Cap",71,11,"71_to_11",8,0
"Eagle_Cap",71,21,"71_to_21",7,0
"Eagle_Cap",71,22,"71_to_22",1,0
"Eagle_Cap",71,31,"71_to_31",496,0.03
"Eagle_Cap",71,42,"71_to_42",3893,0.24
"Eagle_Cap",71,52,"71_to_52",5117,0.32
"Eagle_Cap",71,71,"71_to_71",114486,7.12
"Eagle_Cap",81,52,"81_to_52",1,0
"Eagle_Cap",81,71,"81_to_71",2,0
"Eagle_Cap",90,11,"90_to_11",2,0
"Eagle_Cap",90,31,"90_to_31",1,0
"Eagle_Cap",90,42,"90_to_42",41,0
"Eagle_Cap",90,52,"90_to_52",11,0
"Eagle_Cap",90,71,"90_to_71",5,0
"Eagle_Cap",90,90,"90_to_90",3765,0.23
"Eagle_Cap",90,95,"90_to_95",17,0
"Eagle_Cap",95,52,"95_to_52",5,0
"Eagle_Cap",95,90,"95_to_90",33,0
"Eagle_Cap",95,95,"95_to_95",1229,0.08
"Eagles_Nest",11,11,"11_to_11",1479,0.24
"Eagles_Nest",11,31,"11_to_31",28,0
"Eagles_Nest",11,42,"11_to_42",67,0.01
"Eagles_Nest",11,52,"11_to_52",5,0
"Eagles_Nest",11,71,"11_to_71",4,0
"Eagles_Nest",11,90,"11_to_90",13,0
"Eagles_Nest",11,95,"11_to_95",3,0
"Eagles_Nest",12,12,"12_to_12",391,0.06
"Eagles_Nest",21,21,"21_to_21",12,0
"Eagles_Nest",22,22,"22_to_22",22,0
"Eagles_Nest",23,23,"23_to_23",1,0
"Eagles_Nest",31,11,"31_to_11",14,0
"Eagles_Nest",31,31,"31_to_31",72149,11.8
"Eagles_Nest",31,42,"31_to_42",294,0.05
"Eagles_Nest",31,52,"31_to_52",430,0.07
"Eagles_Nest",31,71,"31_to_71",376,0.06
"Eagles_Nest",41,21,"41_to_21",1,0
"Eagles_Nest",41,41,"41_to_41",18871,3.09
"Eagles_Nest",41,42,"41_to_42",247,0.04
"Eagles_Nest",41,43,"41_to_43",38,0.01
"Eagles_Nest",41,52,"41_to_52",455,0.07
"Eagles_Nest",41,71,"41_to_71",2,0
"Eagles_Nest",41,90,"41_to_90",1,0
"Eagles_Nest",42,11,"42_to_11",54,0.01
"Eagles_Nest",42,31,"42_to_31",213,0.03
"Eagles_Nest",42,41,"42_to_41",596,0.1
"Eagles_Nest",42,42,"42_to_42",294979,48.26
"Eagles_Nest",42,43,"42_to_43",261,0.04
"Eagles_Nest",42,52,"42_to_52",6003,0.98
"Eagles_Nest",42,71,"42_to_71",2895,0.47
"Eagles_Nest",42,81,"42_to_81",1,0
"Eagles_Nest",42,82,"42_to_82",1,0
"Eagles_Nest",42,90,"42_to_90",90,0.01
"Eagles_Nest",42,95,"42_to_95",1,0
"Eagles_Nest",43,41,"43_to_41",27,0
"Eagles_Nest",43,42,"43_to_42",877,0.14
"Eagles_Nest",43,43,"43_to_43",3213,0.53
"Eagles_Nest",52,11,"52_to_11",2,0
"Eagles_Nest",52,21,"52_to_21",53,0.01
"Eagles_Nest",52,22,"52_to_22",6,0
"Eagles_Nest",52,31,"52_to_31",2396,0.39
"Eagles_Nest",52,41,"52_to_41",4749,0.78
"Eagles_Nest",52,42,"52_to_42",14490,2.37
"Eagles_Nest",52,43,"52_to_43",12,0
"Eagles_Nest",52,52,"52_to_52",119982,19.63
"Eagles_Nest",52,71,"52_to_71",462,0.08
"Eagles_Nest",52,90,"52_to_90",42,0.01
"Eagles_Nest",71,11,"71_to_11",9,0
"Eagles_Nest",71,31,"71_to_31",204,0.03
"Eagles_Nest",71,41,"71_to_41",133,0.02
"Eagles_Nest",71,42,"71_to_42",1542,0.25
"Eagles_Nest",71,43,"71_to_43",6,0
"Eagles_Nest",71,52,"71_to_52",398,0.07
"Eagles_Nest",71,71,"71_to_71",51915,8.49
"Eagles_Nest",90,11,"90_to_11",1,0
"Eagles_Nest",90,41,"90_to_41",3,0
"Eagles_Nest",90,42,"90_to_42",113,0.02
"Eagles_Nest",90,52,"90_to_52",24,0
"Eagles_Nest",90,90,"90_to_90",8058,1.32
"Eagles_Nest",90,95,"90_to_95",138,0.02
"Eagles_Nest",95,52,"95_to_52",1,0
"Eagles_Nest",95,90,"95_to_90",88,0.01
"Eagles_Nest",95,95,"95_to_95",2343,0.38
"Eagletail_Mountains",22,22,"22_to_22",1,0
"Eagletail_Mountains",31,31,"31_to_31",36,0.01
"Eagletail_Mountains",52,21,"52_to_21",4,0
"Eagletail_Mountains",52,52,"52_to_52",456063,99.57
"Eagletail_Mountains",52,71,"52_to_71",1910,0.42
"East_Cactus_Plain",21,21,"21_to_21",12,0.02
"East_Cactus_Plain",21,22,"21_to_22",1,0
"East_Cactus_Plain",22,22,"22_to_22",19,0.03
"East_Cactus_Plain",31,31,"31_to_31",65,0.1
"East_Cactus_Plain",31,52,"31_to_52",2,0
"East_Cactus_Plain",31,71,"31_to_71",13,0.02
"East_Cactus_Plain",52,21,"52_to_21",86,0.13
"East_Cactus_Plain",52,22,"52_to_22",11,0.02
"East_Cactus_Plain",52,31,"52_to_31",765,1.19
"East_Cactus_Plain",52,52,"52_to_52",17495,27.24
"East_Cactus_Plain",52,71,"52_to_71",33192,51.68
"East_Cactus_Plain",71,31,"71_to_31",231,0.36
"East_Cactus_Plain",71,52,"71_to_52",273,0.43
"East_Cactus_Plain",71,71,"71_to_71",12056,18.77
"East_Fork",21,21,"21_to_21",218,0.45
"East_Fork",22,22,"22_to_22",4,0.01
"East_Fork",41,21,"41_to_21",1,0
"East_Fork",41,22,"41_to_22",1,0
"East_Fork",41,41,"41_to_41",35235,73.14
"East_Fork",41,42,"41_to_42",1,0
"East_Fork",41,43,"41_to_43",31,0.06
"East_Fork",41,52,"41_to_52",2,0
"East_Fork",42,41,"42_to_41",65,0.13
"East_Fork",42,42,"42_to_42",7690,15.96
"East_Fork",42,43,"42_to_43",58,0.12
"East_Fork",42,71,"42_to_71",2,0
"East_Fork",43,41,"43_to_41",79,0.16
"East_Fork",43,42,"43_to_42",18,0.04
"East_Fork",43,43,"43_to_43",4743,9.85
"East_Fork",43,52,"43_to_52",2,0
"East_Fork",52,41,"52_to_41",8,0.02
"East_Fork",52,42,"52_to_42",1,0
"East_Fork",52,43,"52_to_43",7,0.01
"East_Fork",81,81,"81_to_81",6,0.01
"East_Fork_High_Rock_Canyon",22,22,"22_to_22",3,0
"East_Fork_High_Rock_Canyon",31,31,"31_to_31",464,0.19
"East_Fork_High_Rock_Canyon",31,52,"31_to_52",423,0.18
"East_Fork_High_Rock_Canyon",42,42,"42_to_42",7,0
"East_Fork_High_Rock_Canyon",42,52,"42_to_52",2,0
"East_Fork_High_Rock_Canyon",52,31,"52_to_31",60,0.03
"East_Fork_High_Rock_Canyon",52,42,"52_to_42",8,0
"East_Fork_High_Rock_Canyon",52,52,"52_to_52",232784,97.5
"East_Fork_High_Rock_Canyon",52,71,"52_to_71",91,0.04
"East_Fork_High_Rock_Canyon",52,90,"52_to_90",21,0.01
"East_Fork_High_Rock_Canyon",52,95,"52_to_95",1,0
"East_Fork_High_Rock_Canyon",71,52,"71_to_52",4378,1.83
"East_Fork_High_Rock_Canyon",71,71,"71_to_71",4,0
"East_Fork_High_Rock_Canyon",90,52,"90_to_52",4,0
"East_Fork_High_Rock_Canyon",90,90,"90_to_90",325,0.14
"East_Fork_High_Rock_Canyon",90,95,"90_to_95",78,0.03
"East_Fork_High_Rock_Canyon",95,90,"95_to_90",10,0
"East_Fork_High_Rock_Canyon",95,95,"95_to_95",86,0.04
"East_Humboldts",11,11,"11_to_11",69,0.04
"East_Humboldts",11,42,"11_to_42",1,0
"East_Humboldts",11,52,"11_to_52",2,0
"East_Humboldts",12,12,"12_to_12",5,0
"East_Humboldts",22,21,"22_to_21",1,0
"East_Humboldts",22,22,"22_to_22",8,0
"East_Humboldts",22,41,"22_to_41",1,0
"East_Humboldts",31,11,"31_to_11",6,0
"East_Humboldts",31,31,"31_to_31",1984,1.19
"East_Humboldts",31,42,"31_to_42",8,0
"East_Humboldts",31,52,"31_to_52",127,0.08
"East_Humboldts",31,71,"31_to_71",7,0
"East_Humboldts",41,41,"41_to_41",9900,5.93
"East_Humboldts",41,42,"41_to_42",1934,1.16
"East_Humboldts",41,52,"41_to_52",563,0.34
"East_Humboldts",42,11,"42_to_11",2,0
"East_Humboldts",42,31,"42_to_31",12,0.01
"East_Humboldts",42,41,"42_to_41",865,0.52
"East_Humboldts",42,42,"42_to_42",10025,6.01
"East_Humboldts",42,52,"42_to_52",1325,0.79
"East_Humboldts",52,11,"52_to_11",6,0
"East_Humboldts",52,21,"52_to_21",1,0
"East_Humboldts",52,31,"52_to_31",113,0.07
"East_Humboldts",52,41,"52_to_41",14558,8.72
"East_Humboldts",52,42,"52_to_42",8503,5.1
"East_Humboldts",52,52,"52_to_52",112165,67.22
"East_Humboldts",52,71,"52_to_71",200,0.12
"East_Humboldts",52,90,"52_to_90",21,0.01
"East_Humboldts",52,95,"52_to_95",1,0
"East_Humboldts",71,31,"71_to_31",35,0.02
"East_Humboldts",71,41,"71_to_41",14,0.01
"East_Humboldts",71,42,"71_to_42",28,0.02
"East_Humboldts",71,52,"71_to_52",2499,1.5
"East_Humboldts",71,71,"71_to_71",1505,0.9
"East_Humboldts",82,41,"82_to_41",2,0
"East_Humboldts",90,42,"90_to_42",1,0
"East_Humboldts",90,90,"90_to_90",363,0.22
"East_Humboldts",95,90,"95_to_90",3,0
"East_Potrillo_Mountains",21,21,"21_to_21",18,0.03
"East_Potrillo_Mountains",22,22,"22_to_22",13,0.02
"East_Potrillo_Mountains",31,31,"31_to_31",10,0.02
"East_Potrillo_Mountains",52,21,"52_to_21",239,0.39
"East_Potrillo_Mountains",52,22,"52_to_22",3,0
"East_Potrillo_Mountains",52,52,"52_to_52",59895,98.63
"East_Potrillo_Mountains",52,71,"52_to_71",524,0.86
"East_Potrillo_Mountains",71,52,"71_to_52",10,0.02
"East_Potrillo_Mountains",71,71,"71_to_71",17,0.03
"El_Paso_Mountains",21,21,"21_to_21",94,0.09
"El_Paso_Mountains",21,22,"21_to_22",1,0
"El_Paso_Mountains",21,52,"21_to_52",6,0.01
"El_Paso_Mountains",22,22,"22_to_22",32,0.03
"El_Paso_Mountains",31,31,"31_to_31",144,0.13
"El_Paso_Mountains",31,52,"31_to_52",60,0.05
"El_Paso_Mountains",31,71,"31_to_71",26,0.02
"El_Paso_Mountains",52,21,"52_to_21",163,0.15
"El_Paso_Mountains",52,22,"52_to_22",53,0.05
"El_Paso_Mountains",52,31,"52_to_31",18,0.02
"El_Paso_Mountains",52,52,"52_to_52",107045,96.89
"El_Paso_Mountains",52,71,"52_to_71",2520,2.28
"El_Paso_Mountains",71,31,"71_to_31",4,0
"El_Paso_Mountains",71,52,"71_to_52",300,0.27
"El_Paso_Mountains",71,71,"71_to_71",16,0.01
"Eldorado",31,31,"31_to_31",388,0.27
"Eldorado",31,52,"31_to_52",58,0.04
"Eldorado",52,22,"52_to_22",1,0
"Eldorado",52,31,"52_to_31",37,0.03
"Eldorado",52,52,"52_to_52",144722,99.62
"Eldorado",52,71,"52_to_71",1,0
"Eldorado",71,31,"71_to_31",1,0
"Eldorado",71,52,"71_to_52",5,0
"Eldorado",71,71,"71_to_71",57,0.04
"Elkhorn_Ridge",11,31,"11_to_31",1,0
"Elkhorn_Ridge",11,42,"11_to_42",15,0.03
"Elkhorn_Ridge",21,21,"21_to_21",139,0.27
"Elkhorn_Ridge",21,42,"21_to_42",24,0.05
"Elkhorn_Ridge",21,52,"21_to_52",8,0.02
"Elkhorn_Ridge",22,21,"22_to_21",15,0.03
"Elkhorn_Ridge",22,22,"22_to_22",44,0.09
"Elkhorn_Ridge",22,42,"22_to_42",1,0
"Elkhorn_Ridge",31,31,"31_to_31",28,0.05
"Elkhorn_Ridge",31,42,"31_to_42",1,0
"Elkhorn_Ridge",31,52,"31_to_52",4,0.01
"Elkhorn_Ridge",41,41,"41_to_41",2,0
"Elkhorn_Ridge",41,42,"41_to_42",1,0
"Elkhorn_Ridge",41,52,"41_to_52",9,0.02
"Elkhorn_Ridge",42,21,"42_to_21",44,0.09
"Elkhorn_Ridge",42,22,"42_to_22",6,0.01
"Elkhorn_Ridge",42,42,"42_to_42",40467,78.79
"Elkhorn_Ridge",42,52,"42_to_52",9108,17.73
"Elkhorn_Ridge",42,90,"42_to_90",2,0
"Elkhorn_Ridge",52,11,"52_to_11",1,0
"Elkhorn_Ridge",52,21,"52_to_21",2,0
"Elkhorn_Ridge",52,42,"52_to_42",250,0.49
"Elkhorn_Ridge",52,52,"52_to_52",1033,2.01
"Elkhorn_Ridge",71,42,"71_to_42",2,0
"Elkhorn_Ridge",71,52,"71_to_52",118,0.23
"Elkhorn_Ridge",71,71,"71_to_71",6,0.01
"Elkhorn_Ridge",90,42,"90_to_42",1,0
"Elkhorn_Ridge",90,90,"90_to_90",26,0.05
"Ellicott_Rock",21,21,"21_to_21",243,0.64
"Ellicott_Rock",21,22,"21_to_22",1,0
"Ellicott_Rock",41,41,"41_to_41",7860,20.7
"Ellicott_Rock",41,43,"41_to_43",216,0.57
"Ellicott_Rock",42,21,"42_to_21",4,0.01
"Ellicott_Rock",42,41,"42_to_41",2,0.01
"Ellicott_Rock",42,42,"42_to_42",3411,8.98
"Ellicott_Rock",42,43,"42_to_43",320,0.84
"Ellicott_Rock",43,21,"43_to_21",15,0.04
"Ellicott_Rock",43,41,"43_to_41",266,0.7
"Ellicott_Rock",43,42,"43_to_42",18,0.05
"Ellicott_Rock",43,43,"43_to_43",25564,67.34
"Ellicott_Rock",52,41,"52_to_41",1,0
"Ellicott_Rock",52,43,"52_to_43",10,0.03
"Ellicott_Rock",90,90,"90_to_90",33,0.09
"Emigrant",11,11,"11_to_11",5216,1.02
"Emigrant",11,31,"11_to_31",41,0.01
"Emigrant",11,42,"11_to_42",150,0.03
"Emigrant",11,52,"11_to_52",183,0.04
"Emigrant",11,90,"11_to_90",6,0
"Emigrant",11,95,"11_to_95",1,0
"Emigrant",12,12,"12_to_12",144,0.03
"Emigrant",21,21,"21_to_21",14,0
"Emigrant",21,42,"21_to_42",1,0
"Emigrant",22,22,"22_to_22",20,0
"Emigrant",22,23,"22_to_23",2,0
"Emigrant",23,22,"23_to_22",1,0
"Emigrant",23,23,"23_to_23",3,0
"Emigrant",31,11,"31_to_11",4,0
"Emigrant",31,23,"31_to_23",5,0
"Emigrant",31,31,"31_to_31",68412,13.4
"Emigrant",31,42,"31_to_42",52,0.01
"Emigrant",31,52,"31_to_52",1534,0.3
"Emigrant",31,71,"31_to_71",45,0.01
"Emigrant",41,41,"41_to_41",203,0.04
"Emigrant",41,42,"41_to_42",37,0.01
"Emigrant",41,52,"41_to_52",47,0.01
"Emigrant",41,71,"41_to_71",2,0
"Emigrant",41,90,"41_to_90",1,0
"Emigrant",42,11,"42_to_11",35,0.01
"Emigrant",42,31,"42_to_31",138,0.03
"Emigrant",42,41,"42_to_41",20,0
"Emigrant",42,42,"42_to_42",86178,16.89
"Emigrant",42,52,"42_to_52",3798,0.74
"Emigrant",42,71,"42_to_71",1783,0.35
"Emigrant",42,90,"42_to_90",91,0.02
"Emigrant",42,95,"42_to_95",1,0
"Emigrant",52,11,"52_to_11",121,0.02
"Emigrant",52,21,"52_to_21",6,0
"Emigrant",52,23,"52_to_23",1,0
"Emigrant",52,31,"52_to_31",2774,0.54
"Emigrant",52,41,"52_to_41",85,0.02
"Emigrant",52,42,"52_to_42",5355,1.05
"Emigrant",52,52,"52_to_52",318003,62.31
"Emigrant",52,71,"52_to_71",1955,0.38
"Emigrant",52,90,"52_to_90",89,0.02
"Emigrant",52,95,"52_to_95",5,0
"Emigrant",71,31,"71_to_31",44,0.01
"Emigrant",71,42,"71_to_42",81,0.02
"Emigrant",71,52,"71_to_52",74,0.01
"Emigrant",71,71,"71_to_71",1111,0.22
"Emigrant",90,11,"90_to_11",5,0
"Emigrant",90,41,"90_to_41",1,0
"Emigrant",90,42,"90_to_42",58,0.01
"Emigrant",90,52,"90_to_52",58,0.01
"Emigrant",90,90,"90_to_90",8805,1.73
"Emigrant",90,95,"90_to_95",104,0.02
"Emigrant",95,11,"95_to_11",3,0
"Emigrant",95,90,"95_to_90",136,0.03
"Emigrant",95,95,"95_to_95",3312,0.65
"Encampment_River",41,41,"41_to_41",1247,2.66
"Encampment_River",41,42,"41_to_42",208,0.44
"Encampment_River",41,43,"41_to_43",2,0
"Encampment_River",41,52,"41_to_52",57,0.12
"Encampment_River",42,41,"42_to_41",5,0.01
"Encampment_River",42,42,"42_to_42",32345,69.01
"Encampment_River",42,43,"42_to_43",5,0.01
"Encampment_River",42,52,"42_to_52",934,1.99
"Encampment_River",42,71,"42_to_71",62,0.13
"Encampment_River",43,42,"43_to_42",107,0.23
"Encampment_River",43,43,"43_to_43",68,0.15
"Encampment_River",43,71,"43_to_71",7,0.01
"Encampment_River",52,21,"52_to_21",1,0
"Encampment_River",52,41,"52_to_41",393,0.84
"Encampment_River",52,42,"52_to_42",1675,3.57
"Encampment_River",52,43,"52_to_43",1,0
"Encampment_River",52,52,"52_to_52",9580,20.44
"Encampment_River",52,71,"52_to_71",9,0.02
"Encampment_River",71,42,"71_to_42",93,0.2
"Encampment_River",71,52,"71_to_52",38,0.08
"Encampment_River",71,71,"71_to_71",1,0
"Encampment_River",90,90,"90_to_90",34,0.07
"Escudilla",22,22,"22_to_22",4,0.02
"Escudilla",31,31,"31_to_31",74,0.31
"Escudilla",31,52,"31_to_52",179,0.76
"Escudilla",41,41,"41_to_41",686,2.9
"Escudilla",41,42,"41_to_42",863,3.65
"Escudilla",41,43,"41_to_43",27,0.11
"Escudilla",41,52,"41_to_52",3315,14.01
"Escudilla",41,71,"41_to_71",31,0.13
"Escudilla",42,31,"42_to_31",6,0.03
"Escudilla",42,41,"42_to_41",2,0.01
"Escudilla",42,42,"42_to_42",1579,6.67
"Escudilla",42,43,"42_to_43",9,0.04
"Escudilla",42,52,"42_to_52",9808,41.45
"Escudilla",42,71,"42_to_71",58,0.25
"Escudilla",43,41,"43_to_41",5,0.02
"Escudilla",43,42,"43_to_42",303,1.28
"Escudilla",43,43,"43_to_43",75,0.32
"Escudilla",43,52,"43_to_52",1562,6.6
"Escudilla",43,71,"43_to_71",16,0.07
"Escudilla",52,31,"52_to_31",8,0.03
"Escudilla",52,41,"52_to_41",126,0.53
"Escudilla",52,42,"52_to_42",899,3.8
"Escudilla",52,43,"52_to_43",2,0.01
"Escudilla",52,52,"52_to_52",2742,11.59
"Escudilla",52,71,"52_to_71",57,0.24
"Escudilla",71,31,"71_to_31",1,0
"Escudilla",71,41,"71_to_41",151,0.64
"Escudilla",71,42,"71_to_42",89,0.38
"Escudilla",71,43,"71_to_43",3,0.01
"Escudilla",71,52,"71_to_52",753,3.18
"Escudilla",71,71,"71_to_71",228,0.96
"Far_South_Egans",21,21,"21_to_21",11,0.01
"Far_South_Egans",21,52,"21_to_52",1,0
"Far_South_Egans",22,22,"22_to_22",3,0
"Far_South_Egans",42,42,"42_to_42",105802,64.11
"Far_South_Egans",42,52,"42_to_52",101,0.06
"Far_South_Egans",52,21,"52_to_21",12,0.01
"Far_South_Egans",52,42,"52_to_42",5346,3.24
"Far_South_Egans",52,52,"52_to_52",53766,32.58
"Farallon",11,11,"11_to_11",221,57.55
"Farallon",11,31,"11_to_31",11,2.86
"Farallon",24,24,"24_to_24",1,0.26
"Farallon",31,11,"31_to_11",10,2.6
"Farallon",31,31,"31_to_31",141,36.72
"Fish_Creek_Mountains",31,31,"31_to_31",29000,28.5
"Fish_Creek_Mountains",31,52,"31_to_52",1435,1.41
"Fish_Creek_Mountains",52,31,"52_to_31",2196,2.16
"Fish_Creek_Mountains",52,52,"52_to_52",69062,67.88
"Fish_Creek_Mountains",71,31,"71_to_31",5,0
"Fish_Creek_Mountains",71,52,"71_to_52",42,0.04
"Fishhooks",42,42,"42_to_42",8386,16.98
"Fishhooks",42,52,"42_to_52",594,1.2
"Fishhooks",52,42,"52_to_42",283,0.57
"Fishhooks",52,43,"52_to_43",2,0
"Fishhooks",52,52,"52_to_52",40099,81.2
"Fishhooks",71,52,"71_to_52",6,0.01
"Fishhooks",71,71,"71_to_71",10,0.02
"Fishhooks",90,90,"90_to_90",5,0.01
"Fitzpatrick",11,11,"11_to_11",18849,2.1
"Fitzpatrick",11,31,"11_to_31",159,0.02
"Fitzpatrick",11,42,"11_to_42",259,0.03
"Fitzpatrick",11,52,"11_to_52",65,0.01
"Fitzpatrick",11,71,"11_to_71",29,0
"Fitzpatrick",11,90,"11_to_90",2,0
"Fitzpatrick",11,95,"11_to_95",7,0
"Fitzpatrick",12,12,"12_to_12",32978,3.67
"Fitzpatrick",21,21,"21_to_21",4,0
"Fitzpatrick",22,22,"22_to_22",29,0
"Fitzpatrick",23,22,"23_to_22",2,0
"Fitzpatrick",23,23,"23_to_23",2,0
"Fitzpatrick",24,31,"24_to_31",1,0
"Fitzpatrick",31,11,"31_to_11",287,0.03
"Fitzpatrick",31,31,"31_to_31",150489,16.76
"Fitzpatrick",31,42,"31_to_42",579,0.06
"Fitzpatrick",31,52,"31_to_52",1427,0.16
"Fitzpatrick",31,71,"31_to_71",455,0.05
"Fitzpatrick",41,41,"41_to_41",122,0.01
"Fitzpatrick",41,42,"41_to_42",1,0
"Fitzpatrick",41,52,"41_to_52",3,0
"Fitzpatrick",42,11,"42_to_11",227,0.03
"Fitzpatrick",42,31,"42_to_31",466,0.05
"Fitzpatrick",42,41,"42_to_41",1,0
"Fitzpatrick",42,42,"42_to_42",217263,24.19
"Fitzpatrick",42,52,"42_to_52",9903,1.1
"Fitzpatrick",42,71,"42_to_71",915,0.1
"Fitzpatrick",42,82,"42_to_82",1,0
"Fitzpatrick",42,90,"42_to_90",26,0
"Fitzpatrick",52,11,"52_to_11",86,0.01
"Fitzpatrick",52,21,"52_to_21",9,0
"Fitzpatrick",52,23,"52_to_23",1,0
"Fitzpatrick",52,31,"52_to_31",2111,0.24
"Fitzpatrick",52,41,"52_to_41",164,0.02
"Fitzpatrick",52,42,"52_to_42",20244,2.25
"Fitzpatrick",52,52,"52_to_52",242832,27.04
"Fitzpatrick",52,71,"52_to_71",1255,0.14
"Fitzpatrick",52,90,"52_to_90",15,0
"Fitzpatrick",71,11,"71_to_11",45,0.01
"Fitzpatrick",71,31,"71_to_31",3062,0.34
"Fitzpatrick",71,42,"71_to_42",40,0
"Fitzpatrick",71,52,"71_to_52",2521,0.28
"Fitzpatrick",71,71,"71_to_71",187954,20.93
"Fitzpatrick",71,95,"71_to_95",2,0
"Fitzpatrick",90,11,"90_to_11",4,0
"Fitzpatrick",90,42,"90_to_42",26,0
"Fitzpatrick",90,52,"90_to_52",5,0
"Fitzpatrick",90,90,"90_to_90",3041,0.34
"Fitzpatrick",90,95,"90_to_95",6,0
"Fitzpatrick",95,90,"95_to_90",7,0
"Fitzpatrick",95,95,"95_to_95",60,0.01
"Flat_Tops",11,11,"11_to_11",5793,0.55
"Flat_Tops",11,42,"11_to_42",202,0.02
"Flat_Tops",11,52,"11_to_52",17,0
"Flat_Tops",11,71,"11_to_71",27,0
"Flat_Tops",11,90,"11_to_90",52,0
"Flat_Tops",11,95,"11_to_95",3,0
"Flat_Tops",12,12,"12_to_12",129,0.01
"Flat_Tops",21,21,"21_to_21",42,0
"Flat_Tops",21,22,"21_to_22",12,0
"Flat_Tops",22,21,"22_to_21",4,0
"Flat_Tops",22,22,"22_to_22",39,0
"Flat_Tops",22,23,"22_to_23",1,0
"Flat_Tops",23,23,"23_to_23",1,0
"Flat_Tops",31,31,"31_to_31",11010,1.05
"Flat_Tops",31,42,"31_to_42",157,0.02
"Flat_Tops",31,52,"31_to_52",684,0.07
"Flat_Tops",31,71,"31_to_71",20,0
"Flat_Tops",41,41,"41_to_41",50012,4.79
"Flat_Tops",41,42,"41_to_42",1328,0.13
"Flat_Tops",41,43,"41_to_43",346,0.03
"Flat_Tops",41,52,"41_to_52",2230,0.21
"Flat_Tops",41,71,"41_to_71",20,0
"Flat_Tops",41,90,"41_to_90",6,0
"Flat_Tops",42,11,"42_to_11",151,0.01
"Flat_Tops",42,31,"42_to_31",302,0.03
"Flat_Tops",42,41,"42_to_41",1117,0.11
"Flat_Tops",42,42,"42_to_42",504448,48.31
"Flat_Tops",42,43,"42_to_43",558,0.05
"Flat_Tops",42,52,"42_to_52",67769,6.49
"Flat_Tops",42,71,"42_to_71",1258,0.12
"Flat_Tops",42,90,"42_to_90",211,0.02
"Flat_Tops",42,95,"42_to_95",137,0.01
"Flat_Tops",43,41,"43_to_41",37,0
"Flat_Tops",43,42,"43_to_42",711,0.07
"Flat_Tops",43,43,"43_to_43",3724,0.36
"Flat_Tops",43,52,"43_to_52",11,0
"Flat_Tops",52,11,"52_to_11",21,0
"Flat_Tops",52,21,"52_to_21",53,0.01
"Flat_Tops",52,22,"52_to_22",18,0
"Flat_Tops",52,23,"52_to_23",2,0
"Flat_Tops",52,31,"52_to_31",195,0.02
"Flat_Tops",52,41,"52_to_41",3499,0.34
"Flat_Tops",52,42,"52_to_42",21902,2.1
"Flat_Tops",52,52,"52_to_52",286903,27.48
"Flat_Tops",52,71,"52_to_71",465,0.04
"Flat_Tops",52,90,"52_to_90",48,0
"Flat_Tops",52,95,"52_to_95",3,0
"Flat_Tops",71,11,"71_to_11",10,0
"Flat_Tops",71,21,"71_to_21",1,0
"Flat_Tops",71,22,"71_to_22",1,0
"Flat_Tops",71,31,"71_to_31",62,0.01
"Flat_Tops",71,41,"71_to_41",24,0
"Flat_Tops",71,42,"71_to_42",415,0.04
"Flat_Tops",71,52,"71_to_52",1253,0.12
"Flat_Tops",71,71,"71_to_71",21510,2.06
"Flat_Tops",71,90,"71_to_90",2,0
"Flat_Tops",81,81,"81_to_81",37,0
"Flat_Tops",90,11,"90_to_11",35,0
"Flat_Tops",90,41,"90_to_41",13,0
"Flat_Tops",90,42,"90_to_42",57,0.01
"Flat_Tops",90,52,"90_to_52",39,0
"Flat_Tops",90,81,"90_to_81",1,0
"Flat_Tops",90,90,"90_to_90",33935,3.25
"Flat_Tops",90,95,"90_to_95",259,0.02
"Flat_Tops",95,11,"95_to_11",3,0
"Flat_Tops",95,52,"95_to_52",4,0
"Flat_Tops",95,81,"95_to_81",2,0
"Flat_Tops",95,90,"95_to_90",80,0.01
"Flat_Tops",95,95,"95_to_95",20735,1.99
"Flatside",21,21,"21_to_21",684,1.57
"Flatside",21,41,"21_to_41",1,0
"Flatside",21,42,"21_to_42",5,0.01
"Flatside",21,43,"21_to_43",6,0.01
"Flatside",22,22,"22_to_22",5,0.01
"Flatside",41,21,"41_to_21",13,0.03
"Flatside",41,41,"41_to_41",8566,19.61
"Flatside",41,43,"41_to_43",99,0.23
"Flatside",41,52,"41_to_52",10,0.02
"Flatside",42,21,"42_to_21",54,0.12
"Flatside",42,22,"42_to_22",5,0.01
"Flatside",42,41,"42_to_41",12,0.03
"Flatside",42,42,"42_to_42",18724,42.86
"Flatside",42,43,"42_to_43",221,0.51
"Flatside",42,52,"42_to_52",56,0.13
"Flatside",43,21,"43_to_21",6,0.01
"Flatside",43,41,"43_to_41",96,0.22
"Flatside",43,42,"43_to_42",226,0.52
"Flatside",43,43,"43_to_43",14777,33.82
"Flatside",43,52,"43_to_52",15,0.03
"Flatside",43,71,"43_to_71",2,0
"Flatside",52,41,"52_to_41",1,0
"Flatside",52,42,"52_to_42",58,0.13
"Flatside",52,43,"52_to_43",19,0.04
"Flatside",71,52,"71_to_52",1,0
"Flatside",71,71,"71_to_71",12,0.03
"Flatside",81,52,"81_to_52",7,0.02
"Flatside",81,71,"81_to_71",4,0.01
"Flatside",81,81,"81_to_81",3,0.01
"Florida_Keys",11,11,"11_to_11",2839,10.07
"Florida_Keys",11,31,"11_to_31",13,0.05
"Florida_Keys",11,90,"11_to_90",58,0.21
"Florida_Keys",11,95,"11_to_95",103,0.37
"Florida_Keys",31,11,"31_to_11",15,0.05
"Florida_Keys",31,31,"31_to_31",9,0.03
"Florida_Keys",90,11,"90_to_11",4,0.01
"Florida_Keys",90,90,"90_to_90",14843,52.63
"Florida_Keys",90,95,"90_to_95",2095,7.43
"Florida_Keys",95,11,"95_to_11",29,0.1
"Florida_Keys",95,90,"95_to_90",1600,5.67
"Florida_Keys",95,95,"95_to_95",6596,23.39
"Fort_Niobrara",11,11,"11_to_11",428,2.01
"Fort_Niobrara",11,41,"11_to_41",9,0.04
"Fort_Niobrara",11,42,"11_to_42",9,0.04
"Fort_Niobrara",11,71,"11_to_71",38,0.18
"Fort_Niobrara",11,95,"11_to_95",5,0.02
"Fort_Niobrara",41,11,"41_to_11",3,0.01
"Fort_Niobrara",41,41,"41_to_41",1846,8.68
"Fort_Niobrara",41,42,"41_to_42",3,0.01
"Fort_Niobrara",41,43,"41_to_43",17,0.08
"Fort_Niobrara",41,71,"41_to_71",62,0.29
"Fort_Niobrara",42,11,"42_to_11",10,0.05
"Fort_Niobrara",42,41,"42_to_41",2,0.01
"Fort_Niobrara",42,42,"42_to_42",50,0.24
"Fort_Niobrara",42,43,"42_to_43",1,0
"Fort_Niobrara",43,41,"43_to_41",12,0.06
"Fort_Niobrara",43,42,"43_to_42",20,0.09
"Fort_Niobrara",43,43,"43_to_43",428,2.01
"Fort_Niobrara",43,71,"43_to_71",7,0.03
"Fort_Niobrara",52,41,"52_to_41",3,0.01
"Fort_Niobrara",52,43,"52_to_43",1,0
"Fort_Niobrara",52,71,"52_to_71",2,0.01
"Fort_Niobrara",71,11,"71_to_11",1,0
"Fort_Niobrara",71,21,"71_to_21",1,0
"Fort_Niobrara",71,22,"71_to_22",19,0.09
"Fort_Niobrara",71,41,"71_to_41",224,1.05
"Fort_Niobrara",71,42,"71_to_42",6,0.03
"Fort_Niobrara",71,43,"71_to_43",715,3.36
"Fort_Niobrara",71,71,"71_to_71",17079,80.35
"Fort_Niobrara",71,82,"71_to_82",10,0.05
"Fort_Niobrara",71,90,"71_to_90",1,0
"Fort_Niobrara",71,95,"71_to_95",1,0
"Fort_Niobrara",90,71,"90_to_71",12,0.06
"Fort_Niobrara",90,90,"90_to_90",106,0.5
"Fort_Niobrara",90,95,"90_to_95",16,0.08
"Fort_Niobrara",95,11,"95_to_11",1,0
"Fort_Niobrara",95,71,"95_to_71",9,0.04
"Fort_Niobrara",95,90,"95_to_90",3,0.01
"Fort_Niobrara",95,95,"95_to_95",97,0.46
"Fortification_Range",22,22,"22_to_22",60,0.04
"Fortification_Range",23,23,"23_to_23",13,0.01
"Fortification_Range",23,42,"23_to_42",1,0
"Fortification_Range",31,31,"31_to_31",30,0.02
"Fortification_Range",42,42,"42_to_42",114746,82.17
"Fortification_Range",42,52,"42_to_52",204,0.15
"Fortification_Range",52,22,"52_to_22",19,0.01
"Fortification_Range",52,23,"52_to_23",2,0
"Fortification_Range",52,42,"52_to_42",2669,1.91
"Fortification_Range",52,52,"52_to_52",21895,15.68
"Fortification_Range",71,42,"71_to_42",1,0
"Fortification_Range",90,90,"90_to_90",5,0
"Fossil_Ridge",11,11,"11_to_11",122,0.08
"Fossil_Ridge",11,31,"11_to_31",3,0
"Fossil_Ridge",11,42,"11_to_42",7,0
"Fossil_Ridge",12,12,"12_to_12",6,0
"Fossil_Ridge",31,11,"31_to_11",2,0
"Fossil_Ridge",31,31,"31_to_31",17398,11.91
"Fossil_Ridge",31,42,"31_to_42",57,0.04
"Fossil_Ridge",31,52,"31_to_52",133,0.09
"Fossil_Ridge",31,71,"31_to_71",97,0.07
"Fossil_Ridge",41,41,"41_to_41",5172,3.54
"Fossil_Ridge",41,42,"41_to_42",10,0.01
"Fossil_Ridge",41,43,"41_to_43",22,0.02
"Fossil_Ridge",41,52,"41_to_52",1,0
"Fossil_Ridge",42,11,"42_to_11",1,0
"Fossil_Ridge",42,31,"42_to_31",33,0.02
"Fossil_Ridge",42,41,"42_to_41",88,0.06
"Fossil_Ridge",42,42,"42_to_42",91753,62.83
"Fossil_Ridge",42,43,"42_to_43",85,0.06
"Fossil_Ridge",42,52,"42_to_52",215,0.15
"Fossil_Ridge",42,71,"42_to_71",2,0
"Fossil_Ridge",42,90,"42_to_90",7,0
"Fossil_Ridge",43,41,"43_to_41",7,0
"Fossil_Ridge",43,42,"43_to_42",8,0.01
"Fossil_Ridge",43,43,"43_to_43",302,0.21
"Fossil_Ridge",52,31,"52_to_31",245,0.17
"Fossil_Ridge",52,41,"52_to_41",208,0.14
"Fossil_Ridge",52,42,"52_to_42",2062,1.41
"Fossil_Ridge",52,52,"52_to_52",12021,8.23
"Fossil_Ridge",52,71,"52_to_71",48,0.03
"Fossil_Ridge",52,90,"52_to_90",6,0
"Fossil_Ridge",71,31,"71_to_31",290,0.2
"Fossil_Ridge",71,41,"71_to_41",2,0
"Fossil_Ridge",71,42,"71_to_42",70,0.05
"Fossil_Ridge",71,52,"71_to_52",46,0.03
"Fossil_Ridge",71,71,"71_to_71",13189,9.03
"Fossil_Ridge",90,11,"90_to_11",1,0
"Fossil_Ridge",90,41,"90_to_41",1,0
"Fossil_Ridge",90,42,"90_to_42",15,0.01
"Fossil_Ridge",90,52,"90_to_52",3,0
"Fossil_Ridge",90,90,"90_to_90",1940,1.33
"Fossil_Ridge",90,95,"90_to_95",38,0.03
"Fossil_Ridge",95,52,"95_to_52",1,0
"Fossil_Ridge",95,90,"95_to_90",27,0.02
"Fossil_Ridge",95,95,"95_to_95",288,0.2
"Fossil_Springs",21,21,"21_to_21",49,0.1
"Fossil_Springs",22,22,"22_to_22",25,0.05
"Fossil_Springs",42,21,"42_to_21",25,0.05
"Fossil_Springs",42,22,"42_to_22",58,0.12
"Fossil_Springs",42,42,"42_to_42",34642,70.7
"Fossil_Springs",42,52,"42_to_52",4395,8.97
"Fossil_Springs",42,71,"42_to_71",39,0.08
"Fossil_Springs",52,21,"52_to_21",4,0.01
"Fossil_Springs",52,42,"52_to_42",46,0.09
"Fossil_Springs",52,52,"52_to_52",9584,19.56
"Fossil_Springs",52,71,"52_to_71",100,0.2
"Fossil_Springs",90,42,"90_to_42",1,0
"Fossil_Springs",90,52,"90_to_52",1,0
"Fossil_Springs",90,90,"90_to_90",31,0.06
"Fossil_Springs",90,95,"90_to_95",1,0
"Four_Peaks",11,11,"11_to_11",9,0
"Four_Peaks",11,31,"11_to_31",1,0
"Four_Peaks",11,52,"11_to_52",12,0
"Four_Peaks",21,22,"21_to_22",1,0
"Four_Peaks",22,22,"22_to_22",103,0.04
"Four_Peaks",31,31,"31_to_31",105,0.04
"Four_Peaks",31,52,"31_to_52",9,0
"Four_Peaks",41,42,"41_to_42",19,0.01
"Four_Peaks",41,52,"41_to_52",184,0.07
"Four_Peaks",41,81,"41_to_81",2,0
"Four_Peaks",42,21,"42_to_21",14,0.01
"Four_Peaks",42,22,"42_to_22",13,0
"Four_Peaks",42,42,"42_to_42",3036,1.1
"Four_Peaks",42,43,"42_to_43",3,0
"Four_Peaks",42,52,"42_to_52",38042,13.79
"Four_Peaks",42,71,"42_to_71",548,0.2
"Four_Peaks",43,21,"43_to_21",2,0
"Four_Peaks",43,42,"43_to_42",51,0.02
"Four_Peaks",43,52,"43_to_52",1815,0.66
"Four_Peaks",43,71,"43_to_71",56,0.02
"Four_Peaks",52,11,"52_to_11",1,0
"Four_Peaks",52,21,"52_to_21",273,0.1
"Four_Peaks",52,22,"52_to_22",303,0.11
"Four_Peaks",52,31,"52_to_31",7,0
"Four_Peaks",52,42,"52_to_42",156,0.06
"Four_Peaks",52,43,"52_to_43",29,0.01
"Four_Peaks",52,52,"52_to_52",164495,59.62
"Four_Peaks",52,71,"52_to_71",66339,24.04
"Four_Peaks",52,90,"52_to_90",2,0
"Four_Peaks",71,31,"71_to_31",45,0.02
"Four_Peaks",71,52,"71_to_52",134,0.05
"Four_Peaks",71,71,"71_to_71",42,0.02
"Four_Peaks",90,52,"90_to_52",11,0
"Four_Peaks",90,71,"90_to_71",1,0
"Four_Peaks",90,90,"90_to_90",55,0.02
"Four_Peaks",90,95,"90_to_95",1,0
"Four_Peaks",95,90,"95_to_90",1,0
"Four_Peaks",95,95,"95_to_95",1,0
"Frank_Church_River_of_No_Return",11,11,"11_to_11",14649,0.14
"Frank_Church_River_of_No_Return",11,23,"11_to_23",1,0
"Frank_Church_River_of_No_Return",11,31,"11_to_31",15,0
"Frank_Church_River_of_No_Return",11,42,"11_to_42",671,0.01
"Frank_Church_River_of_No_Return",11,52,"11_to_52",488,0
"Frank_Church_River_of_No_Return",11,71,"11_to_71",189,0
"Frank_Church_River_of_No_Return",11,90,"11_to_90",13,0
"Frank_Church_River_of_No_Return",12,12,"12_to_12",1354,0.01
"Frank_Church_River_of_No_Return",21,21,"21_to_21",607,0.01
"Frank_Church_River_of_No_Return",21,22,"21_to_22",87,0
"Frank_Church_River_of_No_Return",21,23,"21_to_23",1,0
"Frank_Church_River_of_No_Return",21,42,"21_to_42",33,0
"Frank_Church_River_of_No_Return",21,52,"21_to_52",49,0
"Frank_Church_River_of_No_Return",21,71,"21_to_71",14,0
"Frank_Church_River_of_No_Return",22,21,"22_to_21",22,0
"Frank_Church_River_of_No_Return",22,22,"22_to_22",1202,0.01
"Frank_Church_River_of_No_Return",22,23,"22_to_23",25,0
"Frank_Church_River_of_No_Return",22,42,"22_to_42",7,0
"Frank_Church_River_of_No_Return",22,52,"22_to_52",5,0
"Frank_Church_River_of_No_Return",22,71,"22_to_71",1,0
"Frank_Church_River_of_No_Return",23,22,"23_to_22",54,0
"Frank_Church_River_of_No_Return",23,23,"23_to_23",121,0
"Frank_Church_River_of_No_Return",23,24,"23_to_24",1,0
"Frank_Church_River_of_No_Return",23,52,"23_to_52",1,0
"Frank_Church_River_of_No_Return",24,52,"24_to_52",1,0
"Frank_Church_River_of_No_Return",31,11,"31_to_11",26,0
"Frank_Church_River_of_No_Return",31,31,"31_to_31",46987,0.44
"Frank_Church_River_of_No_Return",31,42,"31_to_42",409,0
"Frank_Church_River_of_No_Return",31,52,"31_to_52",483,0
"Frank_Church_River_of_No_Return",31,71,"31_to_71",1618,0.02
"Frank_Church_River_of_No_Return",41,22,"41_to_22",1,0
"Frank_Church_River_of_No_Return",41,41,"41_to_41",95,0
"Frank_Church_River_of_No_Return",41,42,"41_to_42",15,0
"Frank_Church_River_of_No_Return",41,52,"41_to_52",62,0
"Frank_Church_River_of_No_Return",41,71,"41_to_71",15,0
"Frank_Church_River_of_No_Return",42,11,"42_to_11",1206,0.01
"Frank_Church_River_of_No_Return",42,21,"42_to_21",290,0
"Frank_Church_River_of_No_Return",42,22,"42_to_22",519,0
"Frank_Church_River_of_No_Return",42,23,"42_to_23",84,0
"Frank_Church_River_of_No_Return",42,31,"42_to_31",3159,0.03
"Frank_Church_River_of_No_Return",42,41,"42_to_41",22,0
"Frank_Church_River_of_No_Return",42,42,"42_to_42",3417792,32.1
"Frank_Church_River_of_No_Return",42,43,"42_to_43",3,0
"Frank_Church_River_of_No_Return",42,52,"42_to_52",3061645,28.76
"Frank_Church_River_of_No_Return",42,71,"42_to_71",792809,7.45
"Frank_Church_River_of_No_Return",42,81,"42_to_81",12,0
"Frank_Church_River_of_No_Return",42,82,"42_to_82",14,0
"Frank_Church_River_of_No_Return",42,90,"42_to_90",3653,0.03
"Frank_Church_River_of_No_Return",42,95,"42_to_95",56,0
"Frank_Church_River_of_No_Return",43,42,"43_to_42",8,0
"Frank_Church_River_of_No_Return",43,43,"43_to_43",2,0
"Frank_Church_River_of_No_Return",43,52,"43_to_52",11,0
"Frank_Church_River_of_No_Return",43,71,"43_to_71",2,0
"Frank_Church_River_of_No_Return",52,11,"52_to_11",839,0.01
"Frank_Church_River_of_No_Return",52,21,"52_to_21",474,0
"Frank_Church_River_of_No_Return",52,22,"52_to_22",148,0
"Frank_Church_River_of_No_Return",52,23,"52_to_23",19,0
"Frank_Church_River_of_No_Return",52,24,"52_to_24",1,0
"Frank_Church_River_of_No_Return",52,31,"52_to_31",840,0.01
"Frank_Church_River_of_No_Return",52,41,"52_to_41",50,0
"Frank_Church_River_of_No_Return",52,42,"52_to_42",156444,1.47
"Frank_Church_River_of_No_Return",52,43,"52_to_43",4,0
"Frank_Church_River_of_No_Return",52,52,"52_to_52",1506827,14.15
"Frank_Church_River_of_No_Return",52,71,"52_to_71",284679,2.67
"Frank_Church_River_of_No_Return",52,81,"52_to_81",4,0
"Frank_Church_River_of_No_Return",52,82,"52_to_82",31,0
"Frank_Church_River_of_No_Return",52,90,"52_to_90",77,0
"Frank_Church_River_of_No_Return",52,95,"52_to_95",15,0
"Frank_Church_River_of_No_Return",71,11,"71_to_11",110,0
"Frank_Church_River_of_No_Return",71,21,"71_to_21",116,0
"Frank_Church_River_of_No_Return",71,22,"71_to_22",50,0
"Frank_Church_River_of_No_Return",71,23,"71_to_23",7,0
"Frank_Church_River_of_No_Return",71,31,"71_to_31",5389,0.05
"Frank_Church_River_of_No_Return",71,41,"71_to_41",36,0
"Frank_Church_River_of_No_Return",71,42,"71_to_42",163674,1.54
"Frank_Church_River_of_No_Return",71,43,"71_to_43",1,0
"Frank_Church_River_of_No_Return",71,52,"71_to_52",478464,4.49
"Frank_Church_River_of_No_Return",71,71,"71_to_71",664082,6.24
"Frank_Church_River_of_No_Return",71,82,"71_to_82",1,0
"Frank_Church_River_of_No_Return",71,90,"71_to_90",372,0
"Frank_Church_River_of_No_Return",71,95,"71_to_95",7,0
"Frank_Church_River_of_No_Return",81,52,"81_to_52",12,0
"Frank_Church_River_of_No_Return",81,71,"81_to_71",24,0
"Frank_Church_River_of_No_Return",81,81,"81_to_81",61,0
"Frank_Church_River_of_No_Return",81,82,"81_to_82",25,0
"Frank_Church_River_of_No_Return",82,42,"82_to_42",2,0
"Frank_Church_River_of_No_Return",82,52,"82_to_52",2,0
"Frank_Church_River_of_No_Return",82,71,"82_to_71",2,0
"Frank_Church_River_of_No_Return",90,11,"90_to_11",8,0
"Frank_Church_River_of_No_Return",90,22,"90_to_22",4,0
"Frank_Church_River_of_No_Return",90,42,"90_to_42",179,0
"Frank_Church_River_of_No_Return",90,52,"90_to_52",319,0
"Frank_Church_River_of_No_Return",90,71,"90_to_71",155,0
"Frank_Church_River_of_No_Return",90,90,"90_to_90",19170,0.18
"Frank_Church_River_of_No_Return",90,95,"90_to_95",1019,0.01
"Frank_Church_River_of_No_Return",95,11,"95_to_11",5,0
"Frank_Church_River_of_No_Return",95,42,"95_to_42",2,0
"Frank_Church_River_of_No_Return",95,52,"95_to_52",16,0
"Frank_Church_River_of_No_Return",95,71,"95_to_71",2,0
"Frank_Church_River_of_No_Return",95,90,"95_to_90",300,0
"Frank_Church_River_of_No_Return",95,95,"95_to_95",12091,0.11
"Funeral_Mountains",22,22,"22_to_22",1,0
"Funeral_Mountains",31,31,"31_to_31",849,0.68
"Funeral_Mountains",31,52,"31_to_52",56,0.04
"Funeral_Mountains",52,22,"52_to_22",1,0
"Funeral_Mountains",52,23,"52_to_23",9,0.01
"Funeral_Mountains",52,31,"52_to_31",5,0
"Funeral_Mountains",52,52,"52_to_52",124411,99.27
"Galiuro",21,21,"21_to_21",142,0.04
"Galiuro",21,22,"21_to_22",6,0
"Galiuro",21,42,"21_to_42",1,0
"Galiuro",22,21,"22_to_21",3,0
"Galiuro",22,22,"22_to_22",91,0.03
"Galiuro",31,31,"31_to_31",1,0
"Galiuro",31,42,"31_to_42",1,0
"Galiuro",41,42,"41_to_42",5,0
"Galiuro",42,21,"42_to_21",3,0
"Galiuro",42,42,"42_to_42",168034,47.89
"Galiuro",42,52,"42_to_52",24467,6.97
"Galiuro",52,21,"52_to_21",3,0
"Galiuro",52,42,"52_to_42",1911,0.54
"Galiuro",52,52,"52_to_52",156121,44.49
"Galiuro",52,71,"52_to_71",1,0
"Galiuro",71,42,"71_to_42",6,0
"Galiuro",71,52,"71_to_52",79,0.02
"Galiuro",90,90,"90_to_90",35,0.01
"Garcia",42,42,"42_to_42",4489,6.94
"Garcia",42,43,"42_to_43",918,1.42
"Garcia",42,52,"42_to_52",6,0.01
"Garcia",43,42,"43_to_42",26,0.04
"Garcia",43,43,"43_to_43",24100,37.25
"Garcia",43,52,"43_to_52",1906,2.95
"Garcia",52,42,"52_to_42",202,0.31
"Garcia",52,43,"52_to_43",364,0.56
"Garcia",52,52,"52_to_52",28035,43.33
"Garcia",52,71,"52_to_71",15,0.02
"Garcia",71,42,"71_to_42",1352,2.09
"Garcia",71,43,"71_to_43",1468,2.27
"Garcia",71,52,"71_to_52",1683,2.6
"Garcia",71,71,"71_to_71",137,0.21
"Garden_Mountain",41,41,"41_to_41",10584,68.06
"Garden_Mountain",41,43,"41_to_43",39,0.25
"Garden_Mountain",41,52,"41_to_52",1,0.01
"Garden_Mountain",41,81,"41_to_81",1,0.01
"Garden_Mountain",42,42,"42_to_42",6,0.04
"Garden_Mountain",42,43,"42_to_43",1,0.01
"Garden_Mountain",43,22,"43_to_22",1,0.01
"Garden_Mountain",43,41,"43_to_41",40,0.26
"Garden_Mountain",43,43,"43_to_43",4857,31.23
"Garden_Mountain",43,81,"43_to_81",1,0.01
"Garden_Mountain",90,90,"90_to_90",20,0.13
"Garden_of_the_Gods",21,21,"21_to_21",246,1.34
"Garden_of_the_Gods",21,41,"21_to_41",1,0.01
"Garden_of_the_Gods",21,43,"21_to_43",3,0.02
"Garden_of_the_Gods",22,22,"22_to_22",5,0.03
"Garden_of_the_Gods",41,41,"41_to_41",14667,79.69
"Garden_of_the_Gods",41,43,"41_to_43",15,0.08
"Garden_of_the_Gods",41,81,"41_to_81",1,0.01
"Garden_of_the_Gods",42,42,"42_to_42",1828,9.93
"Garden_of_the_Gods",42,43,"42_to_43",3,0.02
"Garden_of_the_Gods",43,41,"43_to_41",2,0.01
"Garden_of_the_Gods",43,42,"43_to_42",8,0.04
"Garden_of_the_Gods",43,43,"43_to_43",1580,8.58
"Garden_of_the_Gods",81,41,"81_to_41",1,0.01
"Garden_of_the_Gods",81,81,"81_to_81",46,0.25
"Gates_of_the_Mountains",31,31,"31_to_31",2,0
"Gates_of_the_Mountains",31,71,"31_to_71",10,0.01
"Gates_of_the_Mountains",41,42,"41_to_42",1,0
"Gates_of_the_Mountains",41,71,"41_to_71",1,0
"Gates_of_the_Mountains",42,31,"42_to_31",9,0.01
"Gates_of_the_Mountains",42,42,"42_to_42",32581,25.25
"Gates_of_the_Mountains",42,52,"42_to_52",50239,38.94
"Gates_of_the_Mountains",42,71,"42_to_71",2706,2.1
"Gates_of_the_Mountains",43,42,"43_to_42",9,0.01
"Gates_of_the_Mountains",43,43,"43_to_43",6,0
"Gates_of_the_Mountains",43,52,"43_to_52",10,0.01
"Gates_of_the_Mountains",43,71,"43_to_71",1,0
"Gates_of_the_Mountains",52,31,"52_to_31",88,0.07
"Gates_of_the_Mountains",52,41,"52_to_41",2,0
"Gates_of_the_Mountains",52,42,"52_to_42",1862,1.44
"Gates_of_the_Mountains",52,43,"52_to_43",1,0
"Gates_of_the_Mountains",52,52,"52_to_52",17276,13.39
"Gates_of_the_Mountains",52,71,"52_to_71",6342,4.92
"Gates_of_the_Mountains",71,31,"71_to_31",15,0.01
"Gates_of_the_Mountains",71,42,"71_to_42",767,0.59
"Gates_of_the_Mountains",71,52,"71_to_52",6697,5.19
"Gates_of_the_Mountains",71,71,"71_to_71",10389,8.05
"Gates_of_the_Mountains",90,42,"90_to_42",1,0
"Gates_of_the_Mountains",90,90,"90_to_90",6,0
"Gaylord_Nelson",11,11,"11_to_11",5112,3.35
"Gaylord_Nelson",11,31,"11_to_31",173,0.11
"Gaylord_Nelson",11,41,"11_to_41",11,0.01
"Gaylord_Nelson",11,42,"11_to_42",178,0.12
"Gaylord_Nelson",11,43,"11_to_43",183,0.12
"Gaylord_Nelson",11,71,"11_to_71",36,0.02
"Gaylord_Nelson",11,90,"11_to_90",53,0.03
"Gaylord_Nelson",11,95,"11_to_95",9,0.01
"Gaylord_Nelson",31,11,"31_to_11",526,0.35
"Gaylord_Nelson",31,31,"31_to_31",1474,0.97
"Gaylord_Nelson",31,41,"31_to_41",36,0.02
"Gaylord_Nelson",31,42,"31_to_42",106,0.07
"Gaylord_Nelson",31,43,"31_to_43",213,0.14
"Gaylord_Nelson",31,52,"31_to_52",1,0
"Gaylord_Nelson",31,71,"31_to_71",11,0.01
"Gaylord_Nelson",31,90,"31_to_90",25,0.02
"Gaylord_Nelson",31,95,"31_to_95",3,0
"Gaylord_Nelson",41,11,"41_to_11",4,0
"Gaylord_Nelson",41,31,"41_to_31",2,0
"Gaylord_Nelson",41,41,"41_to_41",13119,8.61
"Gaylord_Nelson",41,42,"41_to_42",84,0.06
"Gaylord_Nelson",41,43,"41_to_43",12362,8.11
"Gaylord_Nelson",41,52,"41_to_52",20,0.01
"Gaylord_Nelson",41,71,"41_to_71",28,0.02
"Gaylord_Nelson",41,90,"41_to_90",79,0.05
"Gaylord_Nelson",42,11,"42_to_11",45,0.03
"Gaylord_Nelson",42,31,"42_to_31",52,0.03
"Gaylord_Nelson",42,41,"42_to_41",4,0
"Gaylord_Nelson",42,42,"42_to_42",18503,12.14
"Gaylord_Nelson",42,43,"42_to_43",2399,1.57
"Gaylord_Nelson",42,71,"42_to_71",1,0
"Gaylord_Nelson",42,90,"42_to_90",16,0.01
"Gaylord_Nelson",43,11,"43_to_11",80,0.05
"Gaylord_Nelson",43,21,"43_to_21",1,0
"Gaylord_Nelson",43,31,"43_to_31",56,0.04
"Gaylord_Nelson",43,41,"43_to_41",1789,1.17
"Gaylord_Nelson",43,42,"43_to_42",5435,3.57
"Gaylord_Nelson",43,43,"43_to_43",81957,53.78
"Gaylord_Nelson",43,52,"43_to_52",8,0.01
"Gaylord_Nelson",43,71,"43_to_71",74,0.05
"Gaylord_Nelson",43,90,"43_to_90",394,0.26
"Gaylord_Nelson",52,41,"52_to_41",2,0
"Gaylord_Nelson",52,43,"52_to_43",49,0.03
"Gaylord_Nelson",71,11,"71_to_11",3,0
"Gaylord_Nelson",71,31,"71_to_31",1,0
"Gaylord_Nelson",71,41,"71_to_41",1,0
"Gaylord_Nelson",71,42,"71_to_42",16,0.01
"Gaylord_Nelson",71,43,"71_to_43",84,0.06
"Gaylord_Nelson",71,71,"71_to_71",6,0
"Gaylord_Nelson",90,11,"90_to_11",5,0
"Gaylord_Nelson",90,31,"90_to_31",19,0.01
"Gaylord_Nelson",90,41,"90_to_41",29,0.02
"Gaylord_Nelson",90,42,"90_to_42",6,0
"Gaylord_Nelson",90,43,"90_to_43",430,0.28
"Gaylord_Nelson",90,90,"90_to_90",6958,4.57
"Gaylord_Nelson",90,95,"90_to_95",30,0.02
"Gaylord_Nelson",95,31,"95_to_31",1,0
"Gaylord_Nelson",95,90,"95_to_90",54,0.04
"Gaylord_Nelson",95,95,"95_to_95",49,0.03
"Gearhart_Mountain",11,11,"11_to_11",90,0.09
"Gearhart_Mountain",11,42,"11_to_42",2,0
"Gearhart_Mountain",11,71,"11_to_71",22,0.02
"Gearhart_Mountain",21,21,"21_to_21",102,0.1
"Gearhart_Mountain",21,22,"21_to_22",1,0
"Gearhart_Mountain",21,71,"21_to_71",13,0.01
"Gearhart_Mountain",22,22,"22_to_22",30,0.03
"Gearhart_Mountain",41,42,"41_to_42",1,0
"Gearhart_Mountain",42,21,"42_to_21",10,0.01
"Gearhart_Mountain",42,22,"42_to_22",1,0
"Gearhart_Mountain",42,42,"42_to_42",5189,5.05
"Gearhart_Mountain",42,52,"42_to_52",130,0.13
"Gearhart_Mountain",42,71,"42_to_71",92766,90.27
"Gearhart_Mountain",42,81,"42_to_81",1,0
"Gearhart_Mountain",42,90,"42_to_90",96,0.09
"Gearhart_Mountain",42,95,"42_to_95",2,0
"Gearhart_Mountain",52,21,"52_to_21",10,0.01
"Gearhart_Mountain",52,42,"52_to_42",476,0.46
"Gearhart_Mountain",52,52,"52_to_52",557,0.54
"Gearhart_Mountain",52,71,"52_to_71",1624,1.58
"Gearhart_Mountain",52,90,"52_to_90",2,0
"Gearhart_Mountain",71,42,"71_to_42",12,0.01
"Gearhart_Mountain",71,52,"71_to_52",10,0.01
"Gearhart_Mountain",71,71,"71_to_71",234,0.23
"Gearhart_Mountain",81,71,"81_to_71",1,0
"Gearhart_Mountain",82,71,"82_to_71",2,0
"Gearhart_Mountain",90,42,"90_to_42",52,0.05
"Gearhart_Mountain",90,71,"90_to_71",139,0.14
"Gearhart_Mountain",90,81,"90_to_81",4,0
"Gearhart_Mountain",90,90,"90_to_90",821,0.8
"Gearhart_Mountain",90,95,"90_to_95",34,0.03
"Gearhart_Mountain",95,52,"95_to_52",1,0
"Gearhart_Mountain",95,71,"95_to_71",1,0
"Gearhart_Mountain",95,90,"95_to_90",77,0.07
"Gearhart_Mountain",95,95,"95_to_95",248,0.24
"Gee_Creek",21,21,"21_to_21",10,0.08
"Gee_Creek",41,41,"41_to_41",1706,14.36
"Gee_Creek",41,43,"41_to_43",77,0.65
"Gee_Creek",42,41,"42_to_41",15,0.13
"Gee_Creek",42,42,"42_to_42",1487,12.51
"Gee_Creek",42,43,"42_to_43",888,7.47
"Gee_Creek",43,41,"43_to_41",269,2.26
"Gee_Creek",43,42,"43_to_42",29,0.24
"Gee_Creek",43,43,"43_to_43",7382,62.12
"Gee_Creek",52,41,"52_to_41",1,0.01
"Gee_Creek",52,43,"52_to_43",6,0.05
"Gee_Creek",71,43,"71_to_43",14,0.12
"George_D_Aiken",11,11,"11_to_11",20,0.09
"George_D_Aiken",11,41,"11_to_41",15,0.07
"George_D_Aiken",11,42,"11_to_42",1,0
"George_D_Aiken",11,43,"11_to_43",2,0.01
"George_D_Aiken",11,71,"11_to_71",2,0.01
"George_D_Aiken",11,90,"11_to_90",25,0.11
"George_D_Aiken",11,95,"11_to_95",21,0.1
"George_D_Aiken",41,11,"41_to_11",2,0.01
"George_D_Aiken",41,41,"41_to_41",18003,81.82
"George_D_Aiken",41,43,"41_to_43",17,0.08
"George_D_Aiken",41,71,"41_to_71",3,0.01
"George_D_Aiken",41,90,"41_to_90",2,0.01
"George_D_Aiken",42,41,"42_to_41",4,0.02
"George_D_Aiken",42,42,"42_to_42",138,0.63
"George_D_Aiken",42,43,"42_to_43",9,0.04
"George_D_Aiken",42,71,"42_to_71",1,0
"George_D_Aiken",43,11,"43_to_11",2,0.01
"George_D_Aiken",43,41,"43_to_41",43,0.2
"George_D_Aiken",43,42,"43_to_42",9,0.04
"George_D_Aiken",43,43,"43_to_43",396,1.8
"George_D_Aiken",43,71,"43_to_71",1,0
"George_D_Aiken",71,41,"71_to_41",3,0.01
"George_D_Aiken",71,71,"71_to_71",2,0.01
"George_D_Aiken",90,11,"90_to_11",7,0.03
"George_D_Aiken",90,41,"90_to_41",3,0.01
"George_D_Aiken",90,90,"90_to_90",3110,14.14
"George_D_Aiken",90,95,"90_to_95",69,0.31
"George_D_Aiken",95,90,"95_to_90",36,0.16
"George_D_Aiken",95,95,"95_to_95",56,0.25
"Gibraltar_Mountain",31,31,"31_to_31",9,0.01
"Gibraltar_Mountain",52,31,"52_to_31",1,0
"Gibraltar_Mountain",52,52,"52_to_52",85750,99.99
"Gibraltar_Mountain",52,71,"52_to_71",1,0
"Gila",11,42,"11_to_42",3,0
"Gila",11,52,"11_to_52",4,0
"Gila",21,21,"21_to_21",390,0.02
"Gila",21,22,"21_to_22",70,0
"Gila",21,42,"21_to_42",32,0
"Gila",21,52,"21_to_52",47,0
"Gila",22,21,"22_to_21",62,0
"Gila",22,22,"22_to_22",1804,0.07
"Gila",22,23,"22_to_23",8,0
"Gila",22,42,"22_to_42",30,0
"Gila",22,52,"22_to_52",11,0
"Gila",22,90,"22_to_90",11,0
"Gila",23,22,"23_to_22",247,0.01
"Gila",23,23,"23_to_23",100,0
"Gila",23,42,"23_to_42",13,0
"Gila",23,52,"23_to_52",11,0
"Gila",23,90,"23_to_90",9,0
"Gila",24,22,"24_to_22",1,0
"Gila",31,31,"31_to_31",142,0.01
"Gila",31,52,"31_to_52",5,0
"Gila",41,41,"41_to_41",2300,0.09
"Gila",41,42,"41_to_42",953,0.04
"Gila",41,43,"41_to_43",50,0
"Gila",41,52,"41_to_52",3993,0.16
"Gila",41,71,"41_to_71",388,0.02
"Gila",41,81,"41_to_81",1,0
"Gila",42,21,"42_to_21",102,0
"Gila",42,22,"42_to_22",269,0.01
"Gila",42,23,"42_to_23",20,0
"Gila",42,41,"42_to_41",93,0
"Gila",42,42,"42_to_42",1690947,67.02
"Gila",42,43,"42_to_43",17,0
"Gila",42,52,"42_to_52",447522,17.74
"Gila",42,71,"42_to_71",20314,0.81
"Gila",42,81,"42_to_81",116,0
"Gila",42,90,"42_to_90",89,0
"Gila",42,95,"42_to_95",3,0
"Gila",43,41,"43_to_41",367,0.01
"Gila",43,42,"43_to_42",2106,0.08
"Gila",43,43,"43_to_43",703,0.03
"Gila",43,52,"43_to_52",17706,0.7
"Gila",43,71,"43_to_71",2059,0.08
"Gila",43,81,"43_to_81",2,0
"Gila",52,21,"52_to_21",55,0
"Gila",52,22,"52_to_22",106,0
"Gila",52,23,"52_to_23",30,0
"Gila",52,41,"52_to_41",35,0
"Gila",52,42,"52_to_42",25106,1
"Gila",52,43,"52_to_43",5,0
"Gila",52,52,"52_to_52",291701,11.56
"Gila",52,71,"52_to_71",1112,0.04
"Gila",52,81,"52_to_81",20,0
"Gila",52,90,"52_to_90",42,0
"Gila",52,95,"52_to_95",7,0
"Gila",71,41,"71_to_41",3,0
"Gila",71,42,"71_to_42",2458,0.1
"Gila",71,43,"71_to_43",3,0
"Gila",71,52,"71_to_52",336,0.01
"Gila",71,71,"71_to_71",1007,0.04
"Gila",71,90,"71_to_90",1,0
"Gila",81,81,"81_to_81",4,0
"Gila",81,90,"81_to_90",1,0
"Gila",90,21,"90_to_21",3,0
"Gila",90,22,"90_to_22",37,0
"Gila",90,23,"90_to_23",3,0
"Gila",90,42,"90_to_42",45,0
"Gila",90,52,"90_to_52",45,0
"Gila",90,71,"90_to_71",6,0
"Gila",90,90,"90_to_90",7278,0.29
"Gila",90,95,"90_to_95",92,0
"Gila",95,52,"95_to_52",2,0
"Gila",95,90,"95_to_90",171,0.01
"Gila",95,95,"95_to_95",250,0.01
"Glacier_Peak",11,11,"11_to_11",7786,0.3
"Glacier_Peak",11,31,"11_to_31",422,0.02
"Glacier_Peak",11,42,"11_to_42",219,0.01
"Glacier_Peak",11,52,"11_to_52",9,0
"Glacier_Peak",11,71,"11_to_71",6,0
"Glacier_Peak",11,90,"11_to_90",18,0
"Glacier_Peak",11,95,"11_to_95",5,0
"Glacier_Peak",12,12,"12_to_12",117729,4.61
"Glacier_Peak",21,21,"21_to_21",78,0
"Glacier_Peak",21,22,"21_to_22",23,0
"Glacier_Peak",21,23,"21_to_23",6,0
"Glacier_Peak",21,42,"21_to_42",15,0
"Glacier_Peak",21,52,"21_to_52",10,0
"Glacier_Peak",21,71,"21_to_71",3,0
"Glacier_Peak",22,21,"22_to_21",9,0
"Glacier_Peak",22,22,"22_to_22",171,0.01
"Glacier_Peak",22,23,"22_to_23",34,0
"Glacier_Peak",22,42,"22_to_42",1,0
"Glacier_Peak",22,52,"22_to_52",2,0
"Glacier_Peak",23,21,"23_to_21",3,0
"Glacier_Peak",23,22,"23_to_22",4,0
"Glacier_Peak",23,23,"23_to_23",58,0
"Glacier_Peak",23,52,"23_to_52",1,0
"Glacier_Peak",31,11,"31_to_11",657,0.03
"Glacier_Peak",31,23,"31_to_23",2,0
"Glacier_Peak",31,31,"31_to_31",358340,14.02
"Glacier_Peak",31,42,"31_to_42",1248,0.05
"Glacier_Peak",31,52,"31_to_52",1157,0.05
"Glacier_Peak",31,71,"31_to_71",633,0.02
"Glacier_Peak",31,90,"31_to_90",1,0
"Glacier_Peak",31,95,"31_to_95",4,0
"Glacier_Peak",41,41,"41_to_41",3,0
"Glacier_Peak",41,42,"41_to_42",4,0
"Glacier_Peak",41,52,"41_to_52",3,0
"Glacier_Peak",42,11,"42_to_11",393,0.02
"Glacier_Peak",42,21,"42_to_21",77,0
"Glacier_Peak",42,22,"42_to_22",150,0.01
"Glacier_Peak",42,23,"42_to_23",268,0.01
"Glacier_Peak",42,31,"42_to_31",21464,0.84
"Glacier_Peak",42,41,"42_to_41",29,0
"Glacier_Peak",42,42,"42_to_42",1376254,53.86
"Glacier_Peak",42,43,"42_to_43",17,0
"Glacier_Peak",42,52,"42_to_52",69472,2.72
"Glacier_Peak",42,71,"42_to_71",73469,2.88
"Glacier_Peak",42,81,"42_to_81",3,0
"Glacier_Peak",42,90,"42_to_90",122,0
"Glacier_Peak",42,95,"42_to_95",9,0
"Glacier_Peak",43,42,"43_to_42",5,0
"Glacier_Peak",43,43,"43_to_43",31,0
"Glacier_Peak",52,11,"52_to_11",11,0
"Glacier_Peak",52,21,"52_to_21",43,0
"Glacier_Peak",52,22,"52_to_22",56,0
"Glacier_Peak",52,23,"52_to_23",49,0
"Glacier_Peak",52,31,"52_to_31",3973,0.16
"Glacier_Peak",52,41,"52_to_41",307,0.01
"Glacier_Peak",52,42,"52_to_42",61693,2.41
"Glacier_Peak",52,43,"52_to_43",17,0
"Glacier_Peak",52,52,"52_to_52",387475,15.16
"Glacier_Peak",52,71,"52_to_71",17481,0.68
"Glacier_Peak",52,81,"52_to_81",15,0
"Glacier_Peak",52,90,"52_to_90",60,0
"Glacier_Peak",52,95,"52_to_95",2,0
"Glacier_Peak",71,31,"71_to_31",918,0.04
"Glacier_Peak",71,41,"71_to_41",1,0
"Glacier_Peak",71,42,"71_to_42",200,0.01
"Glacier_Peak",71,52,"71_to_52",932,0.04
"Glacier_Peak",71,71,"71_to_71",42877,1.68
"Glacier_Peak",71,81,"71_to_81",1,0
"Glacier_Peak",81,31,"81_to_31",1,0
"Glacier_Peak",81,42,"81_to_42",1,0
"Glacier_Peak",81,52,"81_to_52",24,0
"Glacier_Peak",81,71,"81_to_71",2,0
"Glacier_Peak",81,81,"81_to_81",9,0
"Glacier_Peak",81,90,"81_to_90",1,0
"Glacier_Peak",82,24,"82_to_24",1,0
"Glacier_Peak",82,42,"82_to_42",2,0
"Glacier_Peak",82,82,"82_to_82",1,0
"Glacier_Peak",90,11,"90_to_11",4,0
"Glacier_Peak",90,22,"90_to_22",2,0
"Glacier_Peak",90,23,"90_to_23",9,0
"Glacier_Peak",90,31,"90_to_31",40,0
"Glacier_Peak",90,42,"90_to_42",196,0.01
"Glacier_Peak",90,43,"90_to_43",1,0
"Glacier_Peak",90,52,"90_to_52",10,0
"Glacier_Peak",90,71,"90_to_71",3,0
"Glacier_Peak",90,90,"90_to_90",6582,0.26
"Glacier_Peak",90,95,"90_to_95",84,0
"Glacier_Peak",95,31,"95_to_31",7,0
"Glacier_Peak",95,52,"95_to_52",16,0
"Glacier_Peak",95,90,"95_to_90",143,0.01
"Glacier_Peak",95,95,"95_to_95",1715,0.07
"Glacier_View",11,11,"11_to_11",51,0.36
"Glacier_View",11,42,"11_to_42",6,0.04
"Glacier_View",11,90,"11_to_90",4,0.03
"Glacier_View",21,21,"21_to_21",6,0.04
"Glacier_View",22,22,"22_to_22",1,0.01
"Glacier_View",42,11,"42_to_11",3,0.02
"Glacier_View",42,42,"42_to_42",13394,94.36
"Glacier_View",42,71,"42_to_71",4,0.03
"Glacier_View",42,90,"42_to_90",2,0.01
"Glacier_View",43,43,"43_to_43",1,0.01
"Glacier_View",52,21,"52_to_21",1,0.01
"Glacier_View",52,42,"52_to_42",241,1.7
"Glacier_View",52,52,"52_to_52",147,1.04
"Glacier_View",52,71,"52_to_71",3,0.02
"Glacier_View",71,42,"71_to_42",6,0.04
"Glacier_View",90,42,"90_to_42",1,0.01
"Glacier_View",90,90,"90_to_90",302,2.13
"Glacier_View",95,95,"95_to_95",21,0.15
"Glastenbury",11,11,"11_to_11",85,0.08
"Glastenbury",11,42,"11_to_42",3,0
"Glastenbury",11,71,"11_to_71",5,0
"Glastenbury",11,90,"11_to_90",10,0.01
"Glastenbury",11,95,"11_to_95",7,0.01
"Glastenbury",41,11,"41_to_11",2,0
"Glastenbury",41,41,"41_to_41",81593,80.14
"Glastenbury",41,43,"41_to_43",147,0.14
"Glastenbury",41,71,"41_to_71",6,0.01
"Glastenbury",41,90,"41_to_90",1,0
"Glastenbury",42,41,"42_to_41",42,0.04
"Glastenbury",42,42,"42_to_42",7836,7.7
"Glastenbury",42,43,"42_to_43",176,0.17
"Glastenbury",43,11,"43_to_11",1,0
"Glastenbury",43,41,"43_to_41",399,0.39
"Glastenbury",43,42,"43_to_42",24,0.02
"Glastenbury",43,43,"43_to_43",9078,8.92
"Glastenbury",52,41,"52_to_41",2,0
"Glastenbury",71,11,"71_to_11",2,0
"Glastenbury",71,71,"71_to_71",4,0
"Glastenbury",90,11,"90_to_11",4,0
"Glastenbury",90,41,"90_to_41",1,0
"Glastenbury",90,43,"90_to_43",3,0
"Glastenbury",90,90,"90_to_90",2366,2.32
"Glastenbury",90,95,"90_to_95",5,0
"Glastenbury",95,90,"95_to_90",9,0.01
"Glastenbury",95,95,"95_to_95",3,0
"Goat_Rocks",11,11,"11_to_11",1471,0.3
"Goat_Rocks",11,31,"11_to_31",19,0
"Goat_Rocks",11,42,"11_to_42",35,0.01
"Goat_Rocks",11,52,"11_to_52",2,0
"Goat_Rocks",11,71,"11_to_71",7,0
"Goat_Rocks",11,90,"11_to_90",2,0
"Goat_Rocks",12,12,"12_to_12",5206,1.06
"Goat_Rocks",21,21,"21_to_21",126,0.03
"Goat_Rocks",21,22,"21_to_22",5,0
"Goat_Rocks",21,31,"21_to_31",1,0
"Goat_Rocks",21,42,"21_to_42",8,0
"Goat_Rocks",21,52,"21_to_52",1,0
"Goat_Rocks",21,71,"21_to_71",5,0
"Goat_Rocks",22,21,"22_to_21",21,0
"Goat_Rocks",22,22,"22_to_22",288,0.06
"Goat_Rocks",22,23,"22_to_23",4,0
"Goat_Rocks",22,31,"22_to_31",1,0
"Goat_Rocks",22,42,"22_to_42",2,0
"Goat_Rocks",22,52,"22_to_52",7,0
"Goat_Rocks",22,71,"22_to_71",1,0
"Goat_Rocks",23,22,"23_to_22",50,0.01
"Goat_Rocks",23,23,"23_to_23",37,0.01
"Goat_Rocks",23,31,"23_to_31",1,0
"Goat_Rocks",23,52,"23_to_52",2,0
"Goat_Rocks",31,11,"31_to_11",6,0
"Goat_Rocks",31,31,"31_to_31",34250,6.98
"Goat_Rocks",31,42,"31_to_42",41,0.01
"Goat_Rocks",31,52,"31_to_52",63,0.01
"Goat_Rocks",31,71,"31_to_71",13,0
"Goat_Rocks",41,42,"41_to_42",2,0
"Goat_Rocks",41,52,"41_to_52",1,0
"Goat_Rocks",42,11,"42_to_11",17,0
"Goat_Rocks",42,21,"42_to_21",138,0.03
"Goat_Rocks",42,22,"42_to_22",50,0.01
"Goat_Rocks",42,23,"42_to_23",24,0
"Goat_Rocks",42,31,"42_to_31",849,0.17
"Goat_Rocks",42,41,"42_to_41",1,0
"Goat_Rocks",42,42,"42_to_42",364347,74.3
"Goat_Rocks",42,52,"42_to_52",5446,1.11
"Goat_Rocks",42,71,"42_to_71",23553,4.8
"Goat_Rocks",42,90,"42_to_90",38,0.01
"Goat_Rocks",42,95,"42_to_95",2,0
"Goat_Rocks",52,11,"52_to_11",1,0
"Goat_Rocks",52,21,"52_to_21",9,0
"Goat_Rocks",52,22,"52_to_22",9,0
"Goat_Rocks",52,23,"52_to_23",4,0
"Goat_Rocks",52,31,"52_to_31",203,0.04
"Goat_Rocks",52,41,"52_to_41",4,0
"Goat_Rocks",52,42,"52_to_42",9551,1.95
"Goat_Rocks",52,52,"52_to_52",36391,7.42
"Goat_Rocks",52,71,"52_to_71",903,0.18
"Goat_Rocks",52,90,"52_to_90",1,0
"Goat_Rocks",71,31,"71_to_31",76,0.02
"Goat_Rocks",71,42,"71_to_42",101,0.02
"Goat_Rocks",71,52,"71_to_52",113,0.02
"Goat_Rocks",71,71,"71_to_71",1342,0.27
"Goat_Rocks",81,52,"81_to_52",1,0
"Goat_Rocks",81,81,"81_to_81",1,0
"Goat_Rocks",90,11,"90_to_11",3,0
"Goat_Rocks",90,21,"90_to_21",1,0
"Goat_Rocks",90,31,"90_to_31",1,0
"Goat_Rocks",90,42,"90_to_42",38,0.01
"Goat_Rocks",90,90,"90_to_90",5144,1.05
"Goat_Rocks",90,95,"90_to_95",43,0.01
"Goat_Rocks",95,31,"95_to_31",1,0
"Goat_Rocks",95,90,"95_to_90",28,0.01
"Goat_Rocks",95,95,"95_to_95",254,0.05
"Golden_Trout",11,11,"11_to_11",545,0.04
"Golden_Trout",11,31,"11_to_31",3,0
"Golden_Trout",11,42,"11_to_42",36,0
"Golden_Trout",11,52,"11_to_52",11,0
"Golden_Trout",12,12,"12_to_12",9,0
"Golden_Trout",21,21,"21_to_21",383,0.03
"Golden_Trout",21,22,"21_to_22",1,0
"Golden_Trout",21,42,"21_to_42",14,0
"Golden_Trout",21,52,"21_to_52",39,0
"Golden_Trout",21,71,"21_to_71",1,0
"Golden_Trout",22,21,"22_to_21",3,0
"Golden_Trout",22,22,"22_to_22",680,0.05
"Golden_Trout",22,23,"22_to_23",1,0
"Golden_Trout",22,52,"22_to_52",2,0
"Golden_Trout",23,22,"23_to_22",2,0
"Golden_Trout",23,23,"23_to_23",34,0
"Golden_Trout",31,11,"31_to_11",2,0
"Golden_Trout",31,31,"31_to_31",24774,1.8
"Golden_Trout",31,42,"31_to_42",4,0
"Golden_Trout",31,52,"31_to_52",554,0.04
"Golden_Trout",31,71,"31_to_71",6,0
"Golden_Trout",31,95,"31_to_95",2,0
"Golden_Trout",41,41,"41_to_41",124,0.01
"Golden_Trout",41,42,"41_to_42",90,0.01
"Golden_Trout",41,52,"41_to_52",234,0.02
"Golden_Trout",41,71,"41_to_71",94,0.01
"Golden_Trout",41,81,"41_to_81",1,0
"Golden_Trout",42,11,"42_to_11",1,0
"Golden_Trout",42,21,"42_to_21",29,0
"Golden_Trout",42,22,"42_to_22",5,0
"Golden_Trout",42,31,"42_to_31",22,0
"Golden_Trout",42,41,"42_to_41",21,0
"Golden_Trout",42,42,"42_to_42",459125,33.31
"Golden_Trout",42,52,"42_to_52",149815,10.87
"Golden_Trout",42,71,"42_to_71",110046,7.98
"Golden_Trout",42,81,"42_to_81",11,0
"Golden_Trout",42,90,"42_to_90",346,0.03
"Golden_Trout",42,95,"42_to_95",11,0
"Golden_Trout",43,42,"43_to_42",1,0
"Golden_Trout",43,43,"43_to_43",2,0
"Golden_Trout",52,11,"52_to_11",64,0
"Golden_Trout",52,21,"52_to_21",146,0.01
"Golden_Trout",52,22,"52_to_22",23,0
"Golden_Trout",52,23,"52_to_23",4,0
"Golden_Trout",52,31,"52_to_31",688,0.05
"Golden_Trout",52,41,"52_to_41",27,0
"Golden_Trout",52,42,"52_to_42",8232,0.6
"Golden_Trout",52,43,"52_to_43",2,0
"Golden_Trout",52,52,"52_to_52",558960,40.55
"Golden_Trout",52,71,"52_to_71",39322,2.85
"Golden_Trout",52,81,"52_to_81",29,0
"Golden_Trout",52,90,"52_to_90",462,0.03
"Golden_Trout",52,95,"52_to_95",118,0.01
"Golden_Trout",71,31,"71_to_31",12,0
"Golden_Trout",71,41,"71_to_41",1,0
"Golden_Trout",71,42,"71_to_42",20,0
"Golden_Trout",71,52,"71_to_52",358,0.03
"Golden_Trout",71,71,"71_to_71",330,0.02
"Golden_Trout",81,42,"81_to_42",1,0
"Golden_Trout",81,52,"81_to_52",3,0
"Golden_Trout",81,81,"81_to_81",1,0
"Golden_Trout",90,11,"90_to_11",4,0
"Golden_Trout",90,21,"90_to_21",1,0
"Golden_Trout",90,31,"90_to_31",1,0
"Golden_Trout",90,42,"90_to_42",228,0.02
"Golden_Trout",90,52,"90_to_52",116,0.01
"Golden_Trout",90,71,"90_to_71",15,0
"Golden_Trout",90,81,"90_to_81",17,0
"Golden_Trout",90,90,"90_to_90",12366,0.9
"Golden_Trout",90,95,"90_to_95",817,0.06
"Golden_Trout",95,11,"95_to_11",3,0
"Golden_Trout",95,31,"95_to_31",1,0
"Golden_Trout",95,52,"95_to_52",32,0
"Golden_Trout",95,81,"95_to_81",29,0
"Golden_Trout",95,90,"95_to_90",2663,0.19
"Golden_Trout",95,95,"95_to_95",6356,0.46
"Golden_Valley",21,21,"21_to_21",1,0
"Golden_Valley",22,22,"22_to_22",116,0.07
"Golden_Valley",31,31,"31_to_31",449,0.26
"Golden_Valley",31,52,"31_to_52",132,0.08
"Golden_Valley",31,71,"31_to_71",5,0
"Golden_Valley",52,21,"52_to_21",19,0.01
"Golden_Valley",52,22,"52_to_22",65,0.04
"Golden_Valley",52,31,"52_to_31",17,0.01
"Golden_Valley",52,52,"52_to_52",170458,99.39
"Golden_Valley",52,71,"52_to_71",71,0.04
"Golden_Valley",71,52,"71_to_52",124,0.07
"Golden_Valley",71,71,"71_to_71",51,0.03
"Goose_Creek",41,41,"41_to_41",32,6.91
"Goose_Creek",41,42,"41_to_42",2,0.43
"Goose_Creek",41,52,"41_to_52",8,1.73
"Goose_Creek",42,21,"42_to_21",1,0.22
"Goose_Creek",42,41,"42_to_41",9,1.94
"Goose_Creek",42,42,"42_to_42",305,65.87
"Goose_Creek",42,52,"42_to_52",6,1.3
"Goose_Creek",52,41,"52_to_41",2,0.43
"Goose_Creek",52,42,"52_to_42",5,1.08
"Goose_Creek",52,52,"52_to_52",87,18.79
"Goose_Creek",71,41,"71_to_41",5,1.08
"Goose_Creek",71,42,"71_to_42",1,0.22
"Goshute_Canyon",21,21,"21_to_21",1,0
"Goshute_Canyon",21,22,"21_to_22",3,0
"Goshute_Canyon",22,22,"22_to_22",4,0
"Goshute_Canyon",31,52,"31_to_52",2,0
"Goshute_Canyon",41,41,"41_to_41",61,0.03
"Goshute_Canyon",41,42,"41_to_42",13,0.01
"Goshute_Canyon",41,43,"41_to_43",1,0
"Goshute_Canyon",41,52,"41_to_52",85,0.04
"Goshute_Canyon",42,41,"42_to_41",5,0
"Goshute_Canyon",42,42,"42_to_42",69490,35.76
"Goshute_Canyon",42,43,"42_to_43",2,0
"Goshute_Canyon",42,52,"42_to_52",43261,22.26
"Goshute_Canyon",42,71,"42_to_71",2471,1.27
"Goshute_Canyon",42,90,"42_to_90",3,0
"Goshute_Canyon",52,21,"52_to_21",1,0
"Goshute_Canyon",52,22,"52_to_22",4,0
"Goshute_Canyon",52,41,"52_to_41",21,0.01
"Goshute_Canyon",52,42,"52_to_42",8562,4.41
"Goshute_Canyon",52,52,"52_to_52",64001,32.93
"Goshute_Canyon",52,71,"52_to_71",4963,2.55
"Goshute_Canyon",71,42,"71_to_42",43,0.02
"Goshute_Canyon",71,52,"71_to_52",1181,0.61
"Goshute_Canyon",71,71,"71_to_71",82,0.04
"Goshute_Canyon",90,52,"90_to_52",7,0
"Goshute_Canyon",90,71,"90_to_71",2,0
"Goshute_Canyon",90,90,"90_to_90",69,0.04
"Goshute_Canyon",90,95,"90_to_95",1,0
"Gospel_Hump",11,11,"11_to_11",1146,0.12
"Gospel_Hump",11,23,"11_to_23",1,0
"Gospel_Hump",11,42,"11_to_42",43,0
"Gospel_Hump",11,52,"11_to_52",20,0
"Gospel_Hump",11,71,"11_to_71",21,0
"Gospel_Hump",12,12,"12_to_12",2,0
"Gospel_Hump",21,21,"21_to_21",190,0.02
"Gospel_Hump",21,22,"21_to_22",18,0
"Gospel_Hump",21,42,"21_to_42",3,0
"Gospel_Hump",21,52,"21_to_52",2,0
"Gospel_Hump",22,21,"22_to_21",2,0
"Gospel_Hump",22,22,"22_to_22",209,0.02
"Gospel_Hump",22,23,"22_to_23",1,0
"Gospel_Hump",23,22,"23_to_22",1,0
"Gospel_Hump",23,23,"23_to_23",5,0
"Gospel_Hump",31,11,"31_to_11",1,0
"Gospel_Hump",31,31,"31_to_31",551,0.06
"Gospel_Hump",31,42,"31_to_42",3,0
"Gospel_Hump",31,52,"31_to_52",1,0
"Gospel_Hump",31,71,"31_to_71",10,0
"Gospel_Hump",41,41,"41_to_41",3,0
"Gospel_Hump",41,42,"41_to_42",5,0
"Gospel_Hump",41,52,"41_to_52",8,0
"Gospel_Hump",42,11,"42_to_11",84,0.01
"Gospel_Hump",42,21,"42_to_21",43,0
"Gospel_Hump",42,22,"42_to_22",346,0.04
"Gospel_Hump",42,23,"42_to_23",45,0
"Gospel_Hump",42,31,"42_to_31",32,0
"Gospel_Hump",42,41,"42_to_41",8,0
"Gospel_Hump",42,42,"42_to_42",556511,59.86
"Gospel_Hump",42,43,"42_to_43",3,0
"Gospel_Hump",42,52,"42_to_52",130838,14.07
"Gospel_Hump",42,71,"42_to_71",56281,6.05
"Gospel_Hump",42,90,"42_to_90",159,0.02
"Gospel_Hump",42,95,"42_to_95",1,0
"Gospel_Hump",43,42,"43_to_42",3,0
"Gospel_Hump",43,43,"43_to_43",3,0
"Gospel_Hump",43,52,"43_to_52",2,0
"Gospel_Hump",52,11,"52_to_11",26,0
"Gospel_Hump",52,21,"52_to_21",46,0
"Gospel_Hump",52,22,"52_to_22",9,0
"Gospel_Hump",52,31,"52_to_31",45,0
"Gospel_Hump",52,41,"52_to_41",72,0.01
"Gospel_Hump",52,42,"52_to_42",19704,2.12
"Gospel_Hump",52,43,"52_to_43",24,0
"Gospel_Hump",52,52,"52_to_52",100242,10.78
"Gospel_Hump",52,71,"52_to_71",10958,1.18
"Gospel_Hump",52,90,"52_to_90",2,0
"Gospel_Hump",52,95,"52_to_95",1,0
"Gospel_Hump",71,11,"71_to_11",2,0
"Gospel_Hump",71,21,"71_to_21",33,0
"Gospel_Hump",71,22,"71_to_22",2,0
"Gospel_Hump",71,23,"71_to_23",3,0
"Gospel_Hump",71,31,"71_to_31",78,0.01
"Gospel_Hump",71,42,"71_to_42",3008,0.32
"Gospel_Hump",71,43,"71_to_43",1,0
"Gospel_Hump",71,52,"71_to_52",8685,0.93
"Gospel_Hump",71,71,"71_to_71",36508,3.93
"Gospel_Hump",71,90,"71_to_90",9,0
"Gospel_Hump",90,41,"90_to_41",1,0
"Gospel_Hump",90,42,"90_to_42",23,0
"Gospel_Hump",90,52,"90_to_52",71,0.01
"Gospel_Hump",90,71,"90_to_71",1,0
"Gospel_Hump",90,81,"90_to_81",1,0
"Gospel_Hump",90,90,"90_to_90",3221,0.35
"Gospel_Hump",90,95,"90_to_95",4,0
"Gospel_Hump",95,52,"95_to_52",1,0
"Gospel_Hump",95,95,"95_to_95",233,0.03
"Government_Peak",42,42,"42_to_42",1034,3.54
"Government_Peak",42,52,"42_to_52",12,0.04
"Government_Peak",52,42,"52_to_42",1146,3.92
"Government_Peak",52,52,"52_to_52",27024,92.49
"Government_Peak",52,71,"52_to_71",1,0
"Grand_Wash_Cliffs",21,21,"21_to_21",155,0.09
"Grand_Wash_Cliffs",21,52,"21_to_52",67,0.04
"Grand_Wash_Cliffs",31,31,"31_to_31",1,0
"Grand_Wash_Cliffs",42,42,"42_to_42",4554,2.68
"Grand_Wash_Cliffs",42,52,"42_to_52",479,0.28
"Grand_Wash_Cliffs",42,71,"42_to_71",101,0.06
"Grand_Wash_Cliffs",52,21,"52_to_21",4,0
"Grand_Wash_Cliffs",52,31,"52_to_31",1,0
"Grand_Wash_Cliffs",52,42,"52_to_42",77,0.05
"Grand_Wash_Cliffs",52,52,"52_to_52",132939,78.24
"Grand_Wash_Cliffs",52,71,"52_to_71",2109,1.24
"Grand_Wash_Cliffs",71,21,"71_to_21",1,0
"Grand_Wash_Cliffs",71,52,"71_to_52",17771,10.46
"Grand_Wash_Cliffs",71,71,"71_to_71",11661,6.86
"Granite_Chief",11,11,"11_to_11",41,0.03
"Granite_Chief",11,42,"11_to_42",3,0
"Granite_Chief",12,12,"12_to_12",1,0
"Granite_Chief",21,21,"21_to_21",109,0.08
"Granite_Chief",21,42,"21_to_42",6,0
"Granite_Chief",22,21,"22_to_21",1,0
"Granite_Chief",22,22,"22_to_22",103,0.08
"Granite_Chief",23,23,"23_to_23",3,0
"Granite_Chief",31,31,"31_to_31",1603,1.24
"Granite_Chief",31,42,"31_to_42",19,0.01
"Granite_Chief",31,52,"31_to_52",60,0.05
"Granite_Chief",41,41,"41_to_41",77,0.06
"Granite_Chief",41,42,"41_to_42",69,0.05
"Granite_Chief",41,52,"41_to_52",8,0.01
"Granite_Chief",41,90,"41_to_90",1,0
"Granite_Chief",42,11,"42_to_11",5,0
"Granite_Chief",42,21,"42_to_21",28,0.02
"Granite_Chief",42,22,"42_to_22",5,0
"Granite_Chief",42,23,"42_to_23",1,0
"Granite_Chief",42,31,"42_to_31",143,0.11
"Granite_Chief",42,41,"42_to_41",14,0.01
"Granite_Chief",42,42,"42_to_42",84587,65.34
"Granite_Chief",42,52,"42_to_52",944,0.73
"Granite_Chief",42,90,"42_to_90",40,0.03
"Granite_Chief",52,21,"52_to_21",10,0.01
"Granite_Chief",52,22,"52_to_22",1,0
"Granite_Chief",52,31,"52_to_31",338,0.26
"Granite_Chief",52,41,"52_to_41",40,0.03
"Granite_Chief",52,42,"52_to_42",10271,7.93
"Granite_Chief",52,52,"52_to_52",29837,23.05
"Granite_Chief",52,71,"52_to_71",10,0.01
"Granite_Chief",52,90,"52_to_90",18,0.01
"Granite_Chief",71,52,"71_to_52",7,0.01
"Granite_Chief",71,71,"71_to_71",1,0
"Granite_Chief",90,22,"90_to_22",2,0
"Granite_Chief",90,41,"90_to_41",8,0.01
"Granite_Chief",90,42,"90_to_42",50,0.04
"Granite_Chief",90,52,"90_to_52",7,0.01
"Granite_Chief",90,90,"90_to_90",976,0.75
"Granite_Chief",95,90,"95_to_90",1,0
"Granite_Chief",95,95,"95_to_95",17,0.01
"Granite_Mountain_AZ",21,21,"21_to_21",38,0.08
"Granite_Mountain_AZ",21,42,"21_to_42",1,0
"Granite_Mountain_AZ",22,22,"22_to_22",3,0.01
"Granite_Mountain_AZ",41,52,"41_to_52",1,0
"Granite_Mountain_AZ",42,21,"42_to_21",1,0
"Granite_Mountain_AZ",42,42,"42_to_42",15115,33.73
"Granite_Mountain_AZ",42,43,"42_to_43",1,0
"Granite_Mountain_AZ",42,52,"42_to_52",12390,27.65
"Granite_Mountain_AZ",42,71,"42_to_71",19,0.04
"Granite_Mountain_AZ",52,21,"52_to_21",9,0.02
"Granite_Mountain_AZ",52,23,"52_to_23",1,0
"Granite_Mountain_AZ",52,42,"52_to_42",834,1.86
"Granite_Mountain_AZ",52,43,"52_to_43",7,0.02
"Granite_Mountain_AZ",52,52,"52_to_52",16113,35.96
"Granite_Mountain_AZ",52,71,"52_to_71",264,0.59
"Granite_Mountain_AZ",52,81,"52_to_81",1,0
"Granite_Mountain_AZ",52,90,"52_to_90",1,0
"Granite_Mountain_AZ",71,42,"71_to_42",3,0.01
"Granite_Mountain_AZ",71,52,"71_to_52",1,0
"Granite_Mountain_AZ",90,90,"90_to_90",5,0.01
"Granite_Mountain_CA",22,22,"22_to_22",43,0.03
"Granite_Mountain_CA",22,23,"22_to_23",15,0.01
"Granite_Mountain_CA",23,23,"23_to_23",8,0.01
"Granite_Mountain_CA",31,31,"31_to_31",8785,5.61
"Granite_Mountain_CA",31,52,"31_to_52",1475,0.94
"Granite_Mountain_CA",42,42,"42_to_42",13672,8.73
"Granite_Mountain_CA",42,52,"42_to_52",98,0.06
"Granite_Mountain_CA",52,22,"52_to_22",2,0
"Granite_Mountain_CA",52,31,"52_to_31",15,0.01
"Granite_Mountain_CA",52,42,"52_to_42",1430,0.91
"Granite_Mountain_CA",52,52,"52_to_52",130561,83.32
"Granite_Mountain_CA",52,71,"52_to_71",586,0.37
"Grant_Range",22,22,"22_to_22",28,0.01
"Grant_Range",31,31,"31_to_31",450,0.19
"Grant_Range",31,42,"31_to_42",218,0.09
"Grant_Range",31,52,"31_to_52",123,0.05
"Grant_Range",41,41,"41_to_41",596,0.25
"Grant_Range",41,42,"41_to_42",195,0.08
"Grant_Range",41,52,"41_to_52",255,0.11
"Grant_Range",41,71,"41_to_71",13,0.01
"Grant_Range",42,21,"42_to_21",1,0
"Grant_Range",42,22,"42_to_22",19,0.01
"Grant_Range",42,31,"42_to_31",123,0.05
"Grant_Range",42,41,"42_to_41",518,0.22
"Grant_Range",42,42,"42_to_42",130511,54.85
"Grant_Range",42,52,"42_to_52",25020,10.52
"Grant_Range",42,71,"42_to_71",7310,3.07
"Grant_Range",42,90,"42_to_90",1,0
"Grant_Range",42,95,"42_to_95",1,0
"Grant_Range",52,21,"52_to_21",1,0
"Grant_Range",52,22,"52_to_22",4,0
"Grant_Range",52,31,"52_to_31",379,0.16
"Grant_Range",52,41,"52_to_41",319,0.13
"Grant_Range",52,42,"52_to_42",15492,6.51
"Grant_Range",52,52,"52_to_52",51067,21.46
"Grant_Range",52,71,"52_to_71",4659,1.96
"Grant_Range",52,90,"52_to_90",6,0
"Grant_Range",71,41,"71_to_41",4,0
"Grant_Range",71,42,"71_to_42",87,0.04
"Grant_Range",71,52,"71_to_52",506,0.21
"Grant_Range",71,71,"71_to_71",23,0.01
"Grass_Valley",31,31,"31_to_31",260,0.17
"Grass_Valley",31,52,"31_to_52",127,0.09
"Grass_Valley",52,21,"52_to_21",18,0.01
"Grass_Valley",52,31,"52_to_31",52,0.03
"Grass_Valley",52,52,"52_to_52",148675,99.69
"Grass_Valley",52,71,"52_to_71",1,0
"Grassy_Knob",21,21,"21_to_21",231,0.29
"Grassy_Knob",21,42,"21_to_42",2,0
"Grassy_Knob",21,71,"21_to_71",2,0
"Grassy_Knob",22,21,"22_to_21",12,0.02
"Grassy_Knob",22,22,"22_to_22",6,0.01
"Grassy_Knob",22,71,"22_to_71",1,0
"Grassy_Knob",23,21,"23_to_21",1,0
"Grassy_Knob",42,21,"42_to_21",19,0.02
"Grassy_Knob",42,42,"42_to_42",50672,64.68
"Grassy_Knob",42,43,"42_to_43",184,0.23
"Grassy_Knob",42,52,"42_to_52",1164,1.49
"Grassy_Knob",42,71,"42_to_71",24119,30.79
"Grassy_Knob",42,90,"42_to_90",6,0.01
"Grassy_Knob",43,42,"43_to_42",155,0.2
"Grassy_Knob",43,43,"43_to_43",417,0.53
"Grassy_Knob",43,52,"43_to_52",71,0.09
"Grassy_Knob",43,71,"43_to_71",527,0.67
"Grassy_Knob",52,42,"52_to_42",310,0.4
"Grassy_Knob",52,43,"52_to_43",49,0.06
"Grassy_Knob",52,52,"52_to_52",172,0.22
"Grassy_Knob",52,71,"52_to_71",198,0.25
"Grassy_Knob",71,42,"71_to_42",1,0
"Grassy_Knob",71,52,"71_to_52",1,0
"Grassy_Knob",90,42,"90_to_42",1,0
"Grassy_Knob",90,90,"90_to_90",22,0.03
"Grassy_Knob",95,95,"95_to_95",1,0
"Great_Bear",11,11,"11_to_11",2460,0.19
"Great_Bear",11,22,"11_to_22",2,0
"Great_Bear",11,23,"11_to_23",4,0
"Great_Bear",11,24,"11_to_24",1,0
"Great_Bear",11,31,"11_to_31",34,0
"Great_Bear",11,42,"11_to_42",281,0.02
"Great_Bear",11,52,"11_to_52",151,0.01
"Great_Bear",11,71,"11_to_71",1,0
"Great_Bear",11,90,"11_to_90",40,0
"Great_Bear",12,12,"12_to_12",2829,0.22
"Great_Bear",21,21,"21_to_21",397,0.03
"Great_Bear",21,22,"21_to_22",38,0
"Great_Bear",21,23,"21_to_23",1,0
"Great_Bear",21,42,"21_to_42",6,0
"Great_Bear",22,21,"22_to_21",70,0.01
"Great_Bear",22,22,"22_to_22",1473,0.11
"Great_Bear",22,23,"22_to_23",8,0
"Great_Bear",22,42,"22_to_42",7,0
"Great_Bear",22,90,"22_to_90",1,0
"Great_Bear",23,21,"23_to_21",27,0
"Great_Bear",23,22,"23_to_22",196,0.02
"Great_Bear",23,23,"23_to_23",197,0.02
"Great_Bear",23,42,"23_to_42",3,0
"Great_Bear",23,52,"23_to_52",1,0
"Great_Bear",24,22,"24_to_22",2,0
"Great_Bear",24,24,"24_to_24",1,0
"Great_Bear",31,11,"31_to_11",37,0
"Great_Bear",31,31,"31_to_31",23968,1.85
"Great_Bear",31,42,"31_to_42",61,0
"Great_Bear",31,52,"31_to_52",141,0.01
"Great_Bear",31,71,"31_to_71",14,0
"Great_Bear",41,41,"41_to_41",723,0.06
"Great_Bear",41,42,"41_to_42",165,0.01
"Great_Bear",41,43,"41_to_43",5,0
"Great_Bear",41,52,"41_to_52",59,0
"Great_Bear",42,11,"42_to_11",269,0.02
"Great_Bear",42,21,"42_to_21",16,0
"Great_Bear",42,22,"42_to_22",68,0.01
"Great_Bear",42,23,"42_to_23",10,0
"Great_Bear",42,31,"42_to_31",108,0.01
"Great_Bear",42,41,"42_to_41",90,0.01
"Great_Bear",42,42,"42_to_42",966218,74.51
"Great_Bear",42,43,"42_to_43",94,0.01
"Great_Bear",42,52,"42_to_52",37127,2.86
"Great_Bear",42,71,"42_to_71",15576,1.2
"Great_Bear",42,90,"42_to_90",29,0
"Great_Bear",42,95,"42_to_95",1,0
"Great_Bear",43,41,"43_to_41",3,0
"Great_Bear",43,42,"43_to_42",57,0
"Great_Bear",43,43,"43_to_43",1406,0.11
"Great_Bear",43,52,"43_to_52",46,0
"Great_Bear",52,11,"52_to_11",30,0
"Great_Bear",52,21,"52_to_21",125,0.01
"Great_Bear",52,22,"52_to_22",39,0
"Great_Bear",52,23,"52_to_23",14,0
"Great_Bear",52,31,"52_to_31",226,0.02
"Great_Bear",52,41,"52_to_41",631,0.05
"Great_Bear",52,42,"52_to_42",69522,5.36
"Great_Bear",52,43,"52_to_43",2062,0.16
"Great_Bear",52,52,"52_to_52",157321,12.13
"Great_Bear",52,71,"52_to_71",2163,0.17
"Great_Bear",52,81,"52_to_81",4,0
"Great_Bear",52,90,"52_to_90",9,0
"Great_Bear",71,11,"71_to_11",2,0
"Great_Bear",71,21,"71_to_21",4,0
"Great_Bear",71,22,"71_to_22",2,0
"Great_Bear",71,31,"71_to_31",16,0
"Great_Bear",71,41,"71_to_41",10,0
"Great_Bear",71,42,"71_to_42",1540,0.12
"Great_Bear",71,43,"71_to_43",2,0
"Great_Bear",71,52,"71_to_52",2483,0.19
"Great_Bear",71,71,"71_to_71",2712,0.21
"Great_Bear",81,52,"81_to_52",1,0
"Great_Bear",81,81,"81_to_81",2,0
"Great_Bear",90,11,"90_to_11",10,0
"Great_Bear",90,21,"90_to_21",1,0
"Great_Bear",90,22,"90_to_22",9,0
"Great_Bear",90,23,"90_to_23",3,0
"Great_Bear",90,42,"90_to_42",36,0
"Great_Bear",90,52,"90_to_52",7,0
"Great_Bear",90,81,"90_to_81",1,0
"Great_Bear",90,90,"90_to_90",3232,0.25
"Great_Bear",90,95,"90_to_95",4,0
"Great_Bear",95,90,"95_to_90",13,0
"Great_Bear",95,95,"95_to_95",57,0
"Great_Falls_Basin",31,31,"31_to_31",43,0.12
"Great_Falls_Basin",31,52,"31_to_52",6,0.02
"Great_Falls_Basin",52,52,"52_to_52",36665,99.87
"Great_Gulf",21,21,"21_to_21",57,0.22
"Great_Gulf",22,22,"22_to_22",1,0
"Great_Gulf",31,31,"31_to_31",1841,7.09
"Great_Gulf",31,71,"31_to_71",1,0
"Great_Gulf",41,41,"41_to_41",896,3.45
"Great_Gulf",41,43,"41_to_43",78,0.3
"Great_Gulf",42,21,"42_to_21",2,0.01
"Great_Gulf",42,31,"42_to_31",15,0.06
"Great_Gulf",42,42,"42_to_42",18689,71.94
"Great_Gulf",42,43,"42_to_43",9,0.03
"Great_Gulf",42,52,"42_to_52",7,0.03
"Great_Gulf",43,41,"43_to_41",4,0.02
"Great_Gulf",43,42,"43_to_42",173,0.67
"Great_Gulf",43,43,"43_to_43",2726,10.49
"Great_Gulf",52,42,"52_to_42",224,0.86
"Great_Gulf",52,52,"52_to_52",974,3.75
"Great_Gulf",71,31,"71_to_31",9,0.03
"Great_Gulf",71,42,"71_to_42",115,0.44
"Great_Gulf",71,52,"71_to_52",6,0.02
"Great_Gulf",71,71,"71_to_71",152,0.59
"Great_Sand_Dunes",22,22,"22_to_22",3,0
"Great_Sand_Dunes",31,31,"31_to_31",30625,20.69
"Great_Sand_Dunes",31,52,"31_to_52",1243,0.84
"Great_Sand_Dunes",31,71,"31_to_71",57,0.04
"Great_Sand_Dunes",41,41,"41_to_41",3,0
"Great_Sand_Dunes",42,42,"42_to_42",2273,1.54
"Great_Sand_Dunes",42,52,"42_to_52",17,0.01
"Great_Sand_Dunes",52,31,"52_to_31",2292,1.55
"Great_Sand_Dunes",52,41,"52_to_41",1,0
"Great_Sand_Dunes",52,42,"52_to_42",261,0.18
"Great_Sand_Dunes",52,52,"52_to_52",110833,74.88
"Great_Sand_Dunes",52,71,"52_to_71",65,0.04
"Great_Sand_Dunes",52,90,"52_to_90",5,0
"Great_Sand_Dunes",71,31,"71_to_31",8,0.01
"Great_Sand_Dunes",71,52,"71_to_52",10,0.01
"Great_Sand_Dunes",71,71,"71_to_71",27,0.02
"Great_Sand_Dunes",90,52,"90_to_52",9,0.01
"Great_Sand_Dunes",90,90,"90_to_90",231,0.16
"Great_Sand_Dunes",90,95,"90_to_95",5,0
"Great_Sand_Dunes",95,52,"95_to_52",5,0
"Great_Sand_Dunes",95,90,"95_to_90",4,0
"Great_Sand_Dunes",95,95,"95_to_95",33,0.02
"Great_Swamp",11,95,"11_to_95",10,0.06
"Great_Swamp",21,21,"21_to_21",56,0.33
"Great_Swamp",21,22,"21_to_22",1,0.01
"Great_Swamp",22,22,"22_to_22",2,0.01
"Great_Swamp",41,41,"41_to_41",357,2.13
"Great_Swamp",52,41,"52_to_41",41,0.24
"Great_Swamp",52,52,"52_to_52",19,0.11
"Great_Swamp",52,71,"52_to_71",1,0.01
"Great_Swamp",71,41,"71_to_41",27,0.16
"Great_Swamp",71,52,"71_to_52",2,0.01
"Great_Swamp",71,71,"71_to_71",5,0.03
"Great_Swamp",71,90,"71_to_90",1,0.01
"Great_Swamp",81,41,"81_to_41",3,0.02
"Great_Swamp",81,81,"81_to_81",14,0.08
"Great_Swamp",81,90,"81_to_90",3,0.02
"Great_Swamp",90,11,"90_to_11",1,0.01
"Great_Swamp",90,41,"90_to_41",5,0.03
"Great_Swamp",90,90,"90_to_90",15303,91.35
"Great_Swamp",90,95,"90_to_95",129,0.77
"Great_Swamp",95,11,"95_to_11",4,0.02
"Great_Swamp",95,90,"95_to_90",154,0.92
"Great_Swamp",95,95,"95_to_95",614,3.67
"Greenhorn_Mountain",21,21,"21_to_21",5,0
"Greenhorn_Mountain",21,42,"21_to_42",2,0
"Greenhorn_Mountain",22,22,"22_to_22",7,0.01
"Greenhorn_Mountain",23,42,"23_to_42",1,0
"Greenhorn_Mountain",31,31,"31_to_31",451,0.43
"Greenhorn_Mountain",31,52,"31_to_52",1,0
"Greenhorn_Mountain",31,71,"31_to_71",8,0.01
"Greenhorn_Mountain",41,41,"41_to_41",8100,7.7
"Greenhorn_Mountain",41,42,"41_to_42",812,0.77
"Greenhorn_Mountain",41,43,"41_to_43",204,0.19
"Greenhorn_Mountain",41,52,"41_to_52",280,0.27
"Greenhorn_Mountain",41,71,"41_to_71",1,0
"Greenhorn_Mountain",42,41,"42_to_41",40,0.04
"Greenhorn_Mountain",42,42,"42_to_42",69651,66.25
"Greenhorn_Mountain",42,43,"42_to_43",66,0.06
"Greenhorn_Mountain",42,52,"42_to_52",231,0.22
"Greenhorn_Mountain",42,71,"42_to_71",33,0.03
"Greenhorn_Mountain",43,41,"43_to_41",3,0
"Greenhorn_Mountain",43,42,"43_to_42",496,0.47
"Greenhorn_Mountain",43,43,"43_to_43",3952,3.76
"Greenhorn_Mountain",43,52,"43_to_52",9,0.01
"Greenhorn_Mountain",52,22,"52_to_22",1,0
"Greenhorn_Mountain",52,31,"52_to_31",85,0.08
"Greenhorn_Mountain",52,41,"52_to_41",1478,1.41
"Greenhorn_Mountain",52,42,"52_to_42",2976,2.83
"Greenhorn_Mountain",52,43,"52_to_43",2,0
"Greenhorn_Mountain",52,52,"52_to_52",12479,11.87
"Greenhorn_Mountain",52,71,"52_to_71",235,0.22
"Greenhorn_Mountain",71,31,"71_to_31",26,0.02
"Greenhorn_Mountain",71,41,"71_to_41",234,0.22
"Greenhorn_Mountain",71,42,"71_to_42",325,0.31
"Greenhorn_Mountain",71,52,"71_to_52",598,0.57
"Greenhorn_Mountain",71,71,"71_to_71",2263,2.15
"Greenhorn_Mountain",71,90,"71_to_90",4,0
"Greenhorn_Mountain",90,42,"90_to_42",2,0
"Greenhorn_Mountain",90,52,"90_to_52",8,0.01
"Greenhorn_Mountain",90,90,"90_to_90",59,0.06
"Greenhorn_Mountain",95,90,"95_to_90",1,0
"Greenhorn_Mountain",95,95,"95_to_95",3,0
"Gros_Ventre",11,11,"11_to_11",1381,0.11
"Gros_Ventre",11,31,"11_to_31",1,0
"Gros_Ventre",11,42,"11_to_42",47,0
"Gros_Ventre",11,52,"11_to_52",26,0
"Gros_Ventre",11,71,"11_to_71",91,0.01
"Gros_Ventre",11,90,"11_to_90",9,0
"Gros_Ventre",11,95,"11_to_95",6,0
"Gros_Ventre",12,12,"12_to_12",244,0.02
"Gros_Ventre",21,21,"21_to_21",65,0.01
"Gros_Ventre",21,22,"21_to_22",2,0
"Gros_Ventre",22,21,"22_to_21",4,0
"Gros_Ventre",22,22,"22_to_22",84,0.01
"Gros_Ventre",22,23,"22_to_23",1,0
"Gros_Ventre",23,22,"23_to_22",1,0
"Gros_Ventre",31,11,"31_to_11",5,0
"Gros_Ventre",31,31,"31_to_31",51294,3.97
"Gros_Ventre",31,42,"31_to_42",42,0
"Gros_Ventre",31,52,"31_to_52",1156,0.09
"Gros_Ventre",31,71,"31_to_71",232,0.02
"Gros_Ventre",41,41,"41_to_41",2172,0.17
"Gros_Ventre",41,42,"41_to_42",47,0
"Gros_Ventre",41,52,"41_to_52",161,0.01
"Gros_Ventre",41,71,"41_to_71",1,0
"Gros_Ventre",42,11,"42_to_11",42,0
"Gros_Ventre",42,21,"42_to_21",6,0
"Gros_Ventre",42,22,"42_to_22",4,0
"Gros_Ventre",42,23,"42_to_23",1,0
"Gros_Ventre",42,31,"42_to_31",705,0.05
"Gros_Ventre",42,41,"42_to_41",65,0.01
"Gros_Ventre",42,42,"42_to_42",613698,47.5
"Gros_Ventre",42,43,"42_to_43",1,0
"Gros_Ventre",42,52,"42_to_52",53395,4.13
"Gros_Ventre",42,71,"42_to_71",919,0.07
"Gros_Ventre",42,90,"42_to_90",38,0
"Gros_Ventre",52,11,"52_to_11",46,0
"Gros_Ventre",52,21,"52_to_21",34,0
"Gros_Ventre",52,22,"52_to_22",12,0
"Gros_Ventre",52,31,"52_to_31",1026,0.08
"Gros_Ventre",52,41,"52_to_41",842,0.07
"Gros_Ventre",52,42,"52_to_42",15855,1.23
"Gros_Ventre",52,52,"52_to_52",394312,30.52
"Gros_Ventre",52,71,"52_to_71",1157,0.09
"Gros_Ventre",52,90,"52_to_90",21,0
"Gros_Ventre",71,11,"71_to_11",21,0
"Gros_Ventre",71,22,"71_to_22",1,0
"Gros_Ventre",71,31,"71_to_31",6460,0.5
"Gros_Ventre",71,42,"71_to_42",141,0.01
"Gros_Ventre",71,52,"71_to_52",1415,0.11
"Gros_Ventre",71,71,"71_to_71",132146,10.23
"Gros_Ventre",81,52,"81_to_52",8,0
"Gros_Ventre",81,81,"81_to_81",3,0
"Gros_Ventre",81,82,"81_to_82",8,0
"Gros_Ventre",82,22,"82_to_22",1,0
"Gros_Ventre",82,52,"82_to_52",1,0
"Gros_Ventre",82,82,"82_to_82",24,0
"Gros_Ventre",90,11,"90_to_11",8,0
"Gros_Ventre",90,22,"90_to_22",2,0
"Gros_Ventre",90,42,"90_to_42",5,0
"Gros_Ventre",90,52,"90_to_52",11,0
"Gros_Ventre",90,90,"90_to_90",11332,0.88
"Gros_Ventre",90,95,"90_to_95",31,0
"Gros_Ventre",95,90,"95_to_90",71,0.01
"Gros_Ventre",95,95,"95_to_95",928,0.07
"Guadalupe_Mountains",21,21,"21_to_21",4,0
"Guadalupe_Mountains",21,22,"21_to_22",1,0
"Guadalupe_Mountains",21,42,"21_to_42",6,0
"Guadalupe_Mountains",21,52,"21_to_52",2,0
"Guadalupe_Mountains",22,22,"22_to_22",64,0.03
"Guadalupe_Mountains",22,42,"22_to_42",1,0
"Guadalupe_Mountains",31,42,"31_to_42",26,0.01
"Guadalupe_Mountains",31,52,"31_to_52",16,0.01
"Guadalupe_Mountains",41,21,"41_to_21",2,0
"Guadalupe_Mountains",41,42,"41_to_42",1,0
"Guadalupe_Mountains",42,21,"42_to_21",5,0
"Guadalupe_Mountains",42,22,"42_to_22",2,0
"Guadalupe_Mountains",42,42,"42_to_42",96126,45.78
"Guadalupe_Mountains",42,52,"42_to_52",7250,3.45
"Guadalupe_Mountains",42,71,"42_to_71",111,0.05
"Guadalupe_Mountains",52,21,"52_to_21",35,0.02
"Guadalupe_Mountains",52,22,"52_to_22",5,0
"Guadalupe_Mountains",52,42,"52_to_42",8535,4.06
"Guadalupe_Mountains",52,52,"52_to_52",97598,46.48
"Guadalupe_Mountains",52,71,"52_to_71",105,0.05
"Guadalupe_Mountains",71,42,"71_to_42",3,0
"Guadalupe_Mountains",71,52,"71_to_52",86,0.04
"Gulf_Islands",11,11,"11_to_11",1097,5.83
"Gulf_Islands",11,31,"11_to_31",977,5.19
"Gulf_Islands",11,95,"11_to_95",16,0.08
"Gulf_Islands",21,22,"21_to_22",3,0.02
"Gulf_Islands",22,21,"22_to_21",2,0.01
"Gulf_Islands",22,22,"22_to_22",13,0.07
"Gulf_Islands",22,31,"22_to_31",2,0.01
"Gulf_Islands",23,31,"23_to_31",3,0.02
"Gulf_Islands",31,11,"31_to_11",1238,6.58
"Gulf_Islands",31,31,"31_to_31",7327,38.92
"Gulf_Islands",31,71,"31_to_71",14,0.07
"Gulf_Islands",31,95,"31_to_95",53,0.28
"Gulf_Islands",42,71,"42_to_71",1,0.01
"Gulf_Islands",71,11,"71_to_11",1,0.01
"Gulf_Islands",71,71,"71_to_71",19,0.1
"Gulf_Islands",90,71,"90_to_71",1,0.01
"Gulf_Islands",90,90,"90_to_90",18,0.1
"Gulf_Islands",90,95,"90_to_95",186,0.99
"Gulf_Islands",95,11,"95_to_11",85,0.45
"Gulf_Islands",95,31,"95_to_31",1105,5.87
"Gulf_Islands",95,90,"95_to_90",8,0.04
"Gulf_Islands",95,95,"95_to_95",6656,35.36
"Gunnison_Gorge",11,11,"11_to_11",54,0.07
"Gunnison_Gorge",22,22,"22_to_22",3,0
"Gunnison_Gorge",23,23,"23_to_23",4,0
"Gunnison_Gorge",31,31,"31_to_31",94,0.11
"Gunnison_Gorge",41,41,"41_to_41",2,0
"Gunnison_Gorge",42,21,"42_to_21",1,0
"Gunnison_Gorge",42,42,"42_to_42",22710,27.74
"Gunnison_Gorge",42,52,"42_to_52",2717,3.32
"Gunnison_Gorge",42,71,"42_to_71",2,0
"Gunnison_Gorge",52,11,"52_to_11",21,0.03
"Gunnison_Gorge",52,31,"52_to_31",23,0.03
"Gunnison_Gorge",52,41,"52_to_41",2,0
"Gunnison_Gorge",52,42,"52_to_42",6519,7.96
"Gunnison_Gorge",52,52,"52_to_52",49214,60.1
"Gunnison_Gorge",52,71,"52_to_71",5,0.01
"Gunnison_Gorge",52,90,"52_to_90",4,0
"Gunnison_Gorge",71,42,"71_to_42",20,0.02
"Gunnison_Gorge",71,52,"71_to_52",330,0.4
"Gunnison_Gorge",81,81,"81_to_81",1,0
"Gunnison_Gorge",90,11,"90_to_11",2,0
"Gunnison_Gorge",90,52,"90_to_52",1,0
"Gunnison_Gorge",90,90,"90_to_90",153,0.19
"Hain",11,43,"11_to_43",2,0
"Hain",11,52,"11_to_52",4,0.01
"Hain",11,90,"11_to_90",3,0
"Hain",21,21,"21_to_21",13,0.02
"Hain",21,52,"21_to_52",7,0.01
"Hain",22,22,"22_to_22",8,0.01
"Hain",31,52,"31_to_52",1,0
"Hain",42,42,"42_to_42",4,0.01
"Hain",42,43,"42_to_43",12,0.02
"Hain",43,42,"43_to_42",11,0.01
"Hain",43,43,"43_to_43",1887,2.56
"Hain",43,52,"43_to_52",387,0.52
"Hain",43,71,"43_to_71",1,0
"Hain",52,21,"52_to_21",11,0.01
"Hain",52,22,"52_to_22",9,0.01
"Hain",52,43,"52_to_43",2113,2.87
"Hain",52,52,"52_to_52",64919,88.02
"Hain",52,71,"52_to_71",151,0.2
"Hain",52,90,"52_to_90",17,0.02
"Hain",71,21,"71_to_21",1,0
"Hain",71,31,"71_to_31",1,0
"Hain",71,52,"71_to_52",3176,4.31
"Hain",71,71,"71_to_71",776,1.05
"Hain",90,52,"90_to_52",1,0
"Hain",90,90,"90_to_90",176,0.24
"Hain",95,52,"95_to_52",2,0
"Hain",95,90,"95_to_90",34,0.05
"Hain",95,95,"95_to_95",24,0.03
"Harcuvar_Mountains",52,52,"52_to_52",114104,100
"Harquahala_Mountains",52,52,"52_to_52",104492,100
"Hassayampa_River_Canyon",21,21,"21_to_21",1,0
"Hassayampa_River_Canyon",22,22,"22_to_22",6,0.01
"Hassayampa_River_Canyon",52,21,"52_to_21",2,0
"Hassayampa_River_Canyon",52,52,"52_to_52",55808,99.95
"Hassayampa_River_Canyon",52,90,"52_to_90",1,0
"Hassayampa_River_Canyon",90,90,"90_to_90",14,0.03
"Hassayampa_River_Canyon",95,90,"95_to_90",2,0
"Hassayampa_River_Canyon",95,95,"95_to_95",4,0.01
"Hauser",42,42,"42_to_42",48,0.14
"Hauser",42,52,"42_to_52",2,0.01
"Hauser",43,43,"43_to_43",38,0.11
"Hauser",43,52,"43_to_52",112,0.34
"Hauser",43,71,"43_to_71",5,0.02
"Hauser",52,42,"52_to_42",6,0.02
"Hauser",52,43,"52_to_43",10,0.03
"Hauser",52,52,"52_to_52",29884,90
"Hauser",52,71,"52_to_71",2912,8.77
"Hauser",52,95,"52_to_95",1,0
"Hauser",71,52,"71_to_52",38,0.11
"Hauser",71,71,"71_to_71",55,0.17
"Hauser",90,90,"90_to_90",72,0.22
"Hauser",90,95,"90_to_95",7,0.02
"Hauser",95,90,"95_to_90",1,0
"Hauser",95,95,"95_to_95",12,0.04
"Havasu",11,11,"11_to_11",35,0.04
"Havasu",11,52,"11_to_52",16,0.02
"Havasu",31,31,"31_to_31",2677,3.24
"Havasu",31,52,"31_to_52",9,0.01
"Havasu",52,11,"52_to_11",4,0
"Havasu",52,22,"52_to_22",1,0
"Havasu",52,31,"52_to_31",670,0.81
"Havasu",52,52,"52_to_52",79017,95.52
"Havasu",52,82,"52_to_82",1,0
"Havasu",52,90,"52_to_90",1,0
"Havasu",90,11,"90_to_11",2,0
"Havasu",90,52,"90_to_52",5,0.01
"Havasu",90,90,"90_to_90",286,0.35
"Havasu",90,95,"90_to_95",1,0
"Havasu",95,11,"95_to_11",1,0
"Havasu",95,95,"95_to_95",1,0
"Headwaters",11,11,"11_to_11",175,0.17
"Headwaters",11,42,"11_to_42",4,0
"Headwaters",11,43,"11_to_43",3,0
"Headwaters",11,71,"11_to_71",17,0.02
"Headwaters",11,90,"11_to_90",26,0.03
"Headwaters",11,95,"11_to_95",49,0.05
"Headwaters",21,21,"21_to_21",231,0.23
"Headwaters",22,22,"22_to_22",2,0
"Headwaters",41,41,"41_to_41",21019,20.81
"Headwaters",41,43,"41_to_43",74,0.07
"Headwaters",42,42,"42_to_42",1138,1.13
"Headwaters",42,43,"42_to_43",20,0.02
"Headwaters",42,90,"42_to_90",8,0.01
"Headwaters",43,41,"43_to_41",15,0.01
"Headwaters",43,42,"43_to_42",8,0.01
"Headwaters",43,43,"43_to_43",6849,6.78
"Headwaters",43,90,"43_to_90",17,0.02
"Headwaters",52,41,"52_to_41",11,0.01
"Headwaters",52,43,"52_to_43",5,0
"Headwaters",71,41,"71_to_41",15,0.01
"Headwaters",71,43,"71_to_43",77,0.08
"Headwaters",90,11,"90_to_11",2,0
"Headwaters",90,41,"90_to_41",3,0
"Headwaters",90,42,"90_to_42",3,0
"Headwaters",90,43,"90_to_43",23,0.02
"Headwaters",90,90,"90_to_90",69848,69.15
"Headwaters",90,95,"90_to_95",309,0.31
"Headwaters",95,11,"95_to_11",6,0.01
"Headwaters",95,90,"95_to_90",113,0.11
"Headwaters",95,95,"95_to_95",946,0.94
"Hell_Hole_Bay",21,21,"21_to_21",116,1.17
"Hell_Hole_Bay",22,22,"22_to_22",3,0.03
"Hell_Hole_Bay",42,42,"42_to_42",84,0.85
"Hell_Hole_Bay",90,90,"90_to_90",9681,97.95
"Hells_Canyon_AZ",52,52,"52_to_52",48621,99.99
"Hells_Canyon_AZ",71,52,"71_to_52",2,0
"Hells_Canyon_AZ",71,71,"71_to_71",4,0.01
"Hells_Canyon_IDOR",11,11,"11_to_11",1375,0.14
"Hells_Canyon_IDOR",11,31,"11_to_31",7,0
"Hells_Canyon_IDOR",11,42,"11_to_42",74,0.01
"Hells_Canyon_IDOR",11,52,"11_to_52",60,0.01
"Hells_Canyon_IDOR",11,71,"11_to_71",49,0
"Hells_Canyon_IDOR",12,12,"12_to_12",20,0
"Hells_Canyon_IDOR",21,21,"21_to_21",253,0.03
"Hells_Canyon_IDOR",21,22,"21_to_22",28,0
"Hells_Canyon_IDOR",21,42,"21_to_42",1,0
"Hells_Canyon_IDOR",21,52,"21_to_52",6,0
"Hells_Canyon_IDOR",21,71,"21_to_71",5,0
"Hells_Canyon_IDOR",22,21,"22_to_21",25,0
"Hells_Canyon_IDOR",22,22,"22_to_22",111,0.01
"Hells_Canyon_IDOR",22,71,"22_to_71",1,0
"Hells_Canyon_IDOR",23,23,"23_to_23",13,0
"Hells_Canyon_IDOR",23,52,"23_to_52",1,0
"Hells_Canyon_IDOR",24,24,"24_to_24",2,0
"Hells_Canyon_IDOR",31,11,"31_to_11",2,0
"Hells_Canyon_IDOR",31,31,"31_to_31",10575,1.07
"Hells_Canyon_IDOR",31,42,"31_to_42",16,0
"Hells_Canyon_IDOR",31,52,"31_to_52",212,0.02
"Hells_Canyon_IDOR",31,71,"31_to_71",63,0.01
"Hells_Canyon_IDOR",41,41,"41_to_41",51,0.01
"Hells_Canyon_IDOR",41,42,"41_to_42",6,0
"Hells_Canyon_IDOR",41,52,"41_to_52",31,0
"Hells_Canyon_IDOR",41,71,"41_to_71",7,0
"Hells_Canyon_IDOR",42,11,"42_to_11",27,0
"Hells_Canyon_IDOR",42,21,"42_to_21",33,0
"Hells_Canyon_IDOR",42,22,"42_to_22",40,0
"Hells_Canyon_IDOR",42,23,"42_to_23",29,0
"Hells_Canyon_IDOR",42,31,"42_to_31",1059,0.11
"Hells_Canyon_IDOR",42,41,"42_to_41",40,0
"Hells_Canyon_IDOR",42,42,"42_to_42",274018,27.7
"Hells_Canyon_IDOR",42,43,"42_to_43",1,0
"Hells_Canyon_IDOR",42,52,"42_to_52",106693,10.79
"Hells_Canyon_IDOR",42,71,"42_to_71",35736,3.61
"Hells_Canyon_IDOR",42,81,"42_to_81",14,0
"Hells_Canyon_IDOR",42,90,"42_to_90",143,0.01
"Hells_Canyon_IDOR",42,95,"42_to_95",8,0
"Hells_Canyon_IDOR",43,43,"43_to_43",1,0
"Hells_Canyon_IDOR",43,52,"43_to_52",1,0
"Hells_Canyon_IDOR",52,21,"52_to_21",179,0.02
"Hells_Canyon_IDOR",52,22,"52_to_22",54,0.01
"Hells_Canyon_IDOR",52,23,"52_to_23",8,0
"Hells_Canyon_IDOR",52,31,"52_to_31",415,0.04
"Hells_Canyon_IDOR",52,41,"52_to_41",86,0.01
"Hells_Canyon_IDOR",52,42,"52_to_42",16973,1.72
"Hells_Canyon_IDOR",52,52,"52_to_52",125524,12.69
"Hells_Canyon_IDOR",52,71,"52_to_71",29558,2.99
"Hells_Canyon_IDOR",52,81,"52_to_81",1,0
"Hells_Canyon_IDOR",52,82,"52_to_82",2,0
"Hells_Canyon_IDOR",52,90,"52_to_90",13,0
"Hells_Canyon_IDOR",52,95,"52_to_95",7,0
"Hells_Canyon_IDOR",71,11,"71_to_11",2,0
"Hells_Canyon_IDOR",71,21,"71_to_21",57,0.01
"Hells_Canyon_IDOR",71,22,"71_to_22",26,0
"Hells_Canyon_IDOR",71,23,"71_to_23",9,0
"Hells_Canyon_IDOR",71,31,"71_to_31",297,0.03
"Hells_Canyon_IDOR",71,41,"71_to_41",4,0
"Hells_Canyon_IDOR",71,42,"71_to_42",11958,1.21
"Hells_Canyon_IDOR",71,43,"71_to_43",1,0
"Hells_Canyon_IDOR",71,52,"71_to_52",26423,2.67
"Hells_Canyon_IDOR",71,71,"71_to_71",346153,34.99
"Hells_Canyon_IDOR",71,90,"71_to_90",13,0
"Hells_Canyon_IDOR",71,95,"71_to_95",11,0
"Hells_Canyon_IDOR",90,22,"90_to_22",2,0
"Hells_Canyon_IDOR",90,42,"90_to_42",14,0
"Hells_Canyon_IDOR",90,52,"90_to_52",37,0
"Hells_Canyon_IDOR",90,71,"90_to_71",3,0
"Hells_Canyon_IDOR",90,90,"90_to_90",316,0.03
"Hells_Canyon_IDOR",90,95,"90_to_95",10,0
"Hells_Canyon_IDOR",95,22,"95_to_22",1,0
"Hells_Canyon_IDOR",95,52,"95_to_52",3,0
"Hells_Canyon_IDOR",95,71,"95_to_71",2,0
"Hells_Canyon_IDOR",95,90,"95_to_90",80,0.01
"Hells_Canyon_IDOR",95,95,"95_to_95",91,0.01
"Hellsgate",21,21,"21_to_21",20,0.01
"Hellsgate",22,21,"22_to_21",1,0
"Hellsgate",22,22,"22_to_22",22,0.01
"Hellsgate",22,42,"22_to_42",1,0
"Hellsgate",23,23,"23_to_23",1,0
"Hellsgate",31,31,"31_to_31",1,0
"Hellsgate",31,42,"31_to_42",1,0
"Hellsgate",42,21,"42_to_21",2,0
"Hellsgate",42,42,"42_to_42",71662,41.98
"Hellsgate",42,43,"42_to_43",7,0
"Hellsgate",42,52,"42_to_52",7726,4.53
"Hellsgate",43,52,"43_to_52",4,0
"Hellsgate",52,21,"52_to_21",1,0
"Hellsgate",52,42,"52_to_42",1267,0.74
"Hellsgate",52,43,"52_to_43",5,0
"Hellsgate",52,52,"52_to_52",89878,52.65
"Hellsgate",52,71,"52_to_71",5,0
"Hellsgate",71,52,"71_to_52",14,0.01
"Hellsgate",90,90,"90_to_90",96,0.06
"Hemingway_Boulders",11,11,"11_to_11",61,0.02
"Hemingway_Boulders",11,31,"11_to_31",2,0
"Hemingway_Boulders",12,12,"12_to_12",319,0.1
"Hemingway_Boulders",22,22,"22_to_22",3,0
"Hemingway_Boulders",31,11,"31_to_11",5,0
"Hemingway_Boulders",31,31,"31_to_31",75210,24.35
"Hemingway_Boulders",31,42,"31_to_42",52,0.02
"Hemingway_Boulders",31,52,"31_to_52",99,0.03
"Hemingway_Boulders",31,71,"31_to_71",178,0.06
"Hemingway_Boulders",41,41,"41_to_41",37,0.01
"Hemingway_Boulders",41,42,"41_to_42",1,0
"Hemingway_Boulders",41,52,"41_to_52",4,0
"Hemingway_Boulders",42,11,"42_to_11",3,0
"Hemingway_Boulders",42,31,"42_to_31",368,0.12
"Hemingway_Boulders",42,42,"42_to_42",127453,41.26
"Hemingway_Boulders",42,52,"42_to_52",892,0.29
"Hemingway_Boulders",42,71,"42_to_71",97,0.03
"Hemingway_Boulders",52,11,"52_to_11",1,0
"Hemingway_Boulders",52,21,"52_to_21",3,0
"Hemingway_Boulders",52,22,"52_to_22",2,0
"Hemingway_Boulders",52,31,"52_to_31",574,0.19
"Hemingway_Boulders",52,41,"52_to_41",24,0.01
"Hemingway_Boulders",52,42,"52_to_42",4785,1.55
"Hemingway_Boulders",52,52,"52_to_52",74362,24.07
"Hemingway_Boulders",52,71,"52_to_71",198,0.06
"Hemingway_Boulders",52,90,"52_to_90",5,0
"Hemingway_Boulders",71,31,"71_to_31",930,0.3
"Hemingway_Boulders",71,42,"71_to_42",71,0.02
"Hemingway_Boulders",71,52,"71_to_52",85,0.03
"Hemingway_Boulders",71,71,"71_to_71",22274,7.21
"Hemingway_Boulders",71,95,"71_to_95",1,0
"Hemingway_Boulders",90,42,"90_to_42",6,0
"Hemingway_Boulders",90,52,"90_to_52",1,0
"Hemingway_Boulders",90,90,"90_to_90",763,0.25
"Hemingway_Boulders",95,95,"95_to_95",14,0
"Henry_M_Jackson",11,11,"11_to_11",2736,0.58
"Henry_M_Jackson",11,31,"11_to_31",38,0.01
"Henry_M_Jackson",11,42,"11_to_42",54,0.01
"Henry_M_Jackson",11,52,"11_to_52",2,0
"Henry_M_Jackson",12,12,"12_to_12",8109,1.73
"Henry_M_Jackson",21,21,"21_to_21",136,0.03
"Henry_M_Jackson",21,22,"21_to_22",6,0
"Henry_M_Jackson",21,42,"21_to_42",2,0
"Henry_M_Jackson",22,21,"22_to_21",3,0
"Henry_M_Jackson",22,22,"22_to_22",73,0.02
"Henry_M_Jackson",22,23,"22_to_23",1,0
"Henry_M_Jackson",23,22,"23_to_22",3,0
"Henry_M_Jackson",23,23,"23_to_23",30,0.01
"Henry_M_Jackson",31,11,"31_to_11",69,0.01
"Henry_M_Jackson",31,31,"31_to_31",24186,5.16
"Henry_M_Jackson",31,42,"31_to_42",205,0.04
"Henry_M_Jackson",31,52,"31_to_52",102,0.02
"Henry_M_Jackson",31,71,"31_to_71",8,0
"Henry_M_Jackson",41,41,"41_to_41",1,0
"Henry_M_Jackson",41,42,"41_to_42",1,0
"Henry_M_Jackson",42,11,"42_to_11",77,0.02
"Henry_M_Jackson",42,21,"42_to_21",51,0.01
"Henry_M_Jackson",42,22,"42_to_22",7,0
"Henry_M_Jackson",42,31,"42_to_31",293,0.06
"Henry_M_Jackson",42,42,"42_to_42",366958,78.35
"Henry_M_Jackson",42,43,"42_to_43",5,0
"Henry_M_Jackson",42,52,"42_to_52",776,0.17
"Henry_M_Jackson",42,71,"42_to_71",416,0.09
"Henry_M_Jackson",42,90,"42_to_90",1,0
"Henry_M_Jackson",43,42,"43_to_42",1,0
"Henry_M_Jackson",43,43,"43_to_43",2,0
"Henry_M_Jackson",43,52,"43_to_52",1,0
"Henry_M_Jackson",52,11,"52_to_11",4,0
"Henry_M_Jackson",52,21,"52_to_21",16,0
"Henry_M_Jackson",52,22,"52_to_22",6,0
"Henry_M_Jackson",52,23,"52_to_23",2,0
"Henry_M_Jackson",52,31,"52_to_31",225,0.05
"Henry_M_Jackson",52,41,"52_to_41",31,0.01
"Henry_M_Jackson",52,42,"52_to_42",14865,3.17
"Henry_M_Jackson",52,43,"52_to_43",7,0
"Henry_M_Jackson",52,52,"52_to_52",47004,10.04
"Henry_M_Jackson",52,71,"52_to_71",62,0.01
"Henry_M_Jackson",52,81,"52_to_81",3,0
"Henry_M_Jackson",52,90,"52_to_90",3,0
"Henry_M_Jackson",71,31,"71_to_31",25,0.01
"Henry_M_Jackson",71,42,"71_to_42",66,0.01
"Henry_M_Jackson",71,52,"71_to_52",32,0.01
"Henry_M_Jackson",71,71,"71_to_71",1228,0.26
"Henry_M_Jackson",81,42,"81_to_42",5,0
"Henry_M_Jackson",81,52,"81_to_52",8,0
"Henry_M_Jackson",81,81,"81_to_81",5,0
"Henry_M_Jackson",90,11,"90_to_11",1,0
"Henry_M_Jackson",90,21,"90_to_21",1,0
"Henry_M_Jackson",90,42,"90_to_42",4,0
"Henry_M_Jackson",90,90,"90_to_90",403,0.09
"Henry_M_Jackson",95,90,"95_to_90",17,0
"Henry_M_Jackson",95,95,"95_to_95",2,0
"Hercules_Glades",11,11,"11_to_11",4,0.01
"Hercules_Glades",11,41,"11_to_41",1,0
"Hercules_Glades",21,21,"21_to_21",301,0.53
"Hercules_Glades",21,22,"21_to_22",4,0.01
"Hercules_Glades",21,31,"21_to_31",2,0
"Hercules_Glades",22,22,"22_to_22",60,0.11
"Hercules_Glades",31,31,"31_to_31",970,1.71
"Hercules_Glades",31,41,"31_to_41",8,0.01
"Hercules_Glades",31,42,"31_to_42",2,0
"Hercules_Glades",31,43,"31_to_43",3,0.01
"Hercules_Glades",31,52,"31_to_52",5,0.01
"Hercules_Glades",31,71,"31_to_71",3,0.01
"Hercules_Glades",41,11,"41_to_11",9,0.02
"Hercules_Glades",41,21,"41_to_21",2,0
"Hercules_Glades",41,22,"41_to_22",3,0.01
"Hercules_Glades",41,31,"41_to_31",2,0
"Hercules_Glades",41,41,"41_to_41",19061,33.6
"Hercules_Glades",41,42,"41_to_42",6,0.01
"Hercules_Glades",41,43,"41_to_43",147,0.26
"Hercules_Glades",41,52,"41_to_52",2,0
"Hercules_Glades",41,71,"41_to_71",1,0
"Hercules_Glades",41,81,"41_to_81",8,0.01
"Hercules_Glades",41,90,"41_to_90",1,0
"Hercules_Glades",42,41,"42_to_41",1,0
"Hercules_Glades",42,42,"42_to_42",14614,25.76
"Hercules_Glades",42,43,"42_to_43",13,0.02
"Hercules_Glades",43,11,"43_to_11",1,0
"Hercules_Glades",43,41,"43_to_41",39,0.07
"Hercules_Glades",43,42,"43_to_42",467,0.82
"Hercules_Glades",43,43,"43_to_43",20106,35.44
"Hercules_Glades",43,52,"43_to_52",3,0.01
"Hercules_Glades",43,71,"43_to_71",6,0.01
"Hercules_Glades",52,41,"52_to_41",1,0
"Hercules_Glades",52,52,"52_to_52",6,0.01
"Hercules_Glades",71,31,"71_to_31",1,0
"Hercules_Glades",71,41,"71_to_41",257,0.45
"Hercules_Glades",71,42,"71_to_42",1,0
"Hercules_Glades",71,43,"71_to_43",6,0.01
"Hercules_Glades",71,52,"71_to_52",3,0.01
"Hercules_Glades",71,71,"71_to_71",497,0.88
"Hercules_Glades",81,21,"81_to_21",2,0
"Hercules_Glades",81,22,"81_to_22",2,0
"Hercules_Glades",81,41,"81_to_41",2,0
"Hercules_Glades",81,42,"81_to_42",1,0
"Hercules_Glades",81,43,"81_to_43",13,0.02
"Hercules_Glades",81,71,"81_to_71",3,0.01
"Hercules_Glades",81,81,"81_to_81",73,0.13
"Hercules_Glades",90,90,"90_to_90",2,0
"Hermosa_Creek",21,21,"21_to_21",416,0.25
"Hermosa_Creek",21,22,"21_to_22",66,0.04
"Hermosa_Creek",21,41,"21_to_41",2,0
"Hermosa_Creek",21,42,"21_to_42",3,0
"Hermosa_Creek",21,52,"21_to_52",47,0.03
"Hermosa_Creek",21,71,"21_to_71",3,0
"Hermosa_Creek",22,21,"22_to_21",9,0.01
"Hermosa_Creek",22,22,"22_to_22",90,0.05
"Hermosa_Creek",22,52,"22_to_52",2,0
"Hermosa_Creek",31,31,"31_to_31",751,0.44
"Hermosa_Creek",31,42,"31_to_42",1,0
"Hermosa_Creek",41,21,"41_to_21",32,0.02
"Hermosa_Creek",41,22,"41_to_22",12,0.01
"Hermosa_Creek",41,41,"41_to_41",23344,13.76
"Hermosa_Creek",41,42,"41_to_42",603,0.36
"Hermosa_Creek",41,43,"41_to_43",180,0.11
"Hermosa_Creek",41,52,"41_to_52",28834,17
"Hermosa_Creek",41,71,"41_to_71",159,0.09
"Hermosa_Creek",41,90,"41_to_90",2,0
"Hermosa_Creek",42,21,"42_to_21",11,0.01
"Hermosa_Creek",42,22,"42_to_22",6,0
"Hermosa_Creek",42,31,"42_to_31",3,0
"Hermosa_Creek",42,41,"42_to_41",326,0.19
"Hermosa_Creek",42,42,"42_to_42",65371,38.54
"Hermosa_Creek",42,43,"42_to_43",209,0.12
"Hermosa_Creek",42,52,"42_to_52",30077,17.73
"Hermosa_Creek",42,71,"42_to_71",256,0.15
"Hermosa_Creek",42,90,"42_to_90",1,0
"Hermosa_Creek",43,41,"43_to_41",180,0.11
"Hermosa_Creek",43,42,"43_to_42",600,0.35
"Hermosa_Creek",43,43,"43_to_43",3456,2.04
"Hermosa_Creek",43,52,"43_to_52",3135,1.85
"Hermosa_Creek",43,71,"43_to_71",16,0.01
"Hermosa_Creek",52,21,"52_to_21",28,0.02
"Hermosa_Creek",52,22,"52_to_22",3,0
"Hermosa_Creek",52,31,"52_to_31",4,0
"Hermosa_Creek",52,41,"52_to_41",616,0.36
"Hermosa_Creek",52,42,"52_to_42",168,0.1
"Hermosa_Creek",52,52,"52_to_52",6522,3.84
"Hermosa_Creek",52,71,"52_to_71",359,0.21
"Hermosa_Creek",52,90,"52_to_90",4,0
"Hermosa_Creek",71,21,"71_to_21",4,0
"Hermosa_Creek",71,31,"71_to_31",4,0
"Hermosa_Creek",71,41,"71_to_41",20,0.01
"Hermosa_Creek",71,42,"71_to_42",69,0.04
"Hermosa_Creek",71,52,"71_to_52",89,0.05
"Hermosa_Creek",71,71,"71_to_71",2907,1.71
"Hermosa_Creek",90,41,"90_to_41",1,0
"Hermosa_Creek",90,42,"90_to_42",6,0
"Hermosa_Creek",90,52,"90_to_52",11,0.01
"Hermosa_Creek",90,90,"90_to_90",570,0.34
"Hermosa_Creek",90,95,"90_to_95",4,0
"Hermosa_Creek",95,90,"95_to_90",5,0
"Hermosa_Creek",95,95,"95_to_95",40,0.02
"Hickory_Creek",21,21,"21_to_21",30,0.08
"Hickory_Creek",41,41,"41_to_41",17480,44.17
"Hickory_Creek",41,43,"41_to_43",99,0.25
"Hickory_Creek",41,52,"41_to_52",4,0.01
"Hickory_Creek",41,71,"41_to_71",13,0.03
"Hickory_Creek",41,90,"41_to_90",6,0.02
"Hickory_Creek",42,42,"42_to_42",1566,3.96
"Hickory_Creek",42,43,"42_to_43",9,0.02
"Hickory_Creek",42,90,"42_to_90",3,0.01
"Hickory_Creek",43,21,"43_to_21",9,0.02
"Hickory_Creek",43,22,"43_to_22",1,0
"Hickory_Creek",43,41,"43_to_41",190,0.48
"Hickory_Creek",43,42,"43_to_42",32,0.08
"Hickory_Creek",43,43,"43_to_43",18485,46.71
"Hickory_Creek",43,52,"43_to_52",1,0
"Hickory_Creek",43,71,"43_to_71",41,0.1
"Hickory_Creek",43,90,"43_to_90",4,0.01
"Hickory_Creek",52,41,"52_to_41",7,0.02
"Hickory_Creek",52,43,"52_to_43",1,0
"Hickory_Creek",71,41,"71_to_41",61,0.15
"Hickory_Creek",71,43,"71_to_43",10,0.03
"Hickory_Creek",81,41,"81_to_41",1,0
"Hickory_Creek",81,43,"81_to_43",2,0.01
"Hickory_Creek",81,81,"81_to_81",24,0.06
"Hickory_Creek",90,42,"90_to_42",5,0.01
"Hickory_Creek",90,90,"90_to_90",1486,3.76
"High_Rock_Canyon",31,31,"31_to_31",132,0.06
"High_Rock_Canyon",31,42,"31_to_42",1,0
"High_Rock_Canyon",31,52,"31_to_52",54,0.03
"High_Rock_Canyon",42,42,"42_to_42",28,0.01
"High_Rock_Canyon",42,52,"42_to_52",1,0
"High_Rock_Canyon",52,31,"52_to_31",16,0.01
"High_Rock_Canyon",52,42,"52_to_42",45,0.02
"High_Rock_Canyon",52,52,"52_to_52",181780,86.17
"High_Rock_Canyon",52,71,"52_to_71",28815,13.66
"High_Rock_Canyon",52,90,"52_to_90",1,0
"High_Rock_Canyon",71,52,"71_to_52",2,0
"High_Rock_Canyon",71,71,"71_to_71",27,0.01
"High_Rock_Canyon",90,52,"90_to_52",2,0
"High_Rock_Canyon",90,90,"90_to_90",43,0.02
"High_Rock_Lake",11,81,"11_to_81",1,0
"High_Rock_Lake",11,95,"11_to_95",11,0
"High_Rock_Lake",22,22,"22_to_22",36,0.01
"High_Rock_Lake",22,23,"22_to_23",4,0
"High_Rock_Lake",22,52,"22_to_52",1,0
"High_Rock_Lake",23,23,"23_to_23",7,0
"High_Rock_Lake",23,52,"23_to_52",11,0
"High_Rock_Lake",31,31,"31_to_31",413,0.15
"High_Rock_Lake",31,52,"31_to_52",1387,0.52
"High_Rock_Lake",31,71,"31_to_71",2,0
"High_Rock_Lake",31,81,"31_to_81",54,0.02
"High_Rock_Lake",31,82,"31_to_82",1,0
"High_Rock_Lake",41,42,"41_to_42",1,0
"High_Rock_Lake",41,52,"41_to_52",16,0.01
"High_Rock_Lake",42,31,"42_to_31",8,0
"High_Rock_Lake",42,52,"42_to_52",121,0.05
"High_Rock_Lake",42,71,"42_to_71",1,0
"High_Rock_Lake",52,21,"52_to_21",1,0
"High_Rock_Lake",52,22,"52_to_22",6,0
"High_Rock_Lake",52,23,"52_to_23",5,0
"High_Rock_Lake",52,31,"52_to_31",130,0.05
"High_Rock_Lake",52,42,"52_to_42",33,0.01
"High_Rock_Lake",52,52,"52_to_52",260378,97.08
"High_Rock_Lake",52,71,"52_to_71",40,0.01
"High_Rock_Lake",52,81,"52_to_81",321,0.12
"High_Rock_Lake",52,82,"52_to_82",203,0.08
"High_Rock_Lake",52,90,"52_to_90",29,0.01
"High_Rock_Lake",52,95,"52_to_95",13,0
"High_Rock_Lake",71,31,"71_to_31",8,0
"High_Rock_Lake",71,52,"71_to_52",3415,1.27
"High_Rock_Lake",71,71,"71_to_71",14,0.01
"High_Rock_Lake",71,81,"71_to_81",2,0
"High_Rock_Lake",81,52,"81_to_52",96,0.04
"High_Rock_Lake",81,81,"81_to_81",13,0
"High_Rock_Lake",82,52,"82_to_52",96,0.04
"High_Rock_Lake",82,81,"82_to_81",21,0.01
"High_Rock_Lake",90,52,"90_to_52",27,0.01
"High_Rock_Lake",90,81,"90_to_81",1,0
"High_Rock_Lake",90,90,"90_to_90",219,0.08
"High_Rock_Lake",90,95,"90_to_95",105,0.04
"High_Rock_Lake",95,81,"95_to_81",1,0
"High_Rock_Lake",95,90,"95_to_90",24,0.01
"High_Rock_Lake",95,95,"95_to_95",924,0.34
"High_Schells",12,12,"12_to_12",1,0
"High_Schells",21,21,"21_to_21",31,0.01
"High_Schells",22,22,"22_to_22",86,0.02
"High_Schells",31,31,"31_to_31",8028,1.45
"High_Schells",31,42,"31_to_42",10,0
"High_Schells",31,52,"31_to_52",230,0.04
"High_Schells",31,71,"31_to_71",9,0
"High_Schells",41,41,"41_to_41",9597,1.74
"High_Schells",41,42,"41_to_42",198,0.04
"High_Schells",41,43,"41_to_43",7,0
"High_Schells",41,52,"41_to_52",134,0.02
"High_Schells",42,31,"42_to_31",14,0
"High_Schells",42,41,"42_to_41",359,0.07
"High_Schells",42,42,"42_to_42",332914,60.3
"High_Schells",42,43,"42_to_43",38,0.01
"High_Schells",42,52,"42_to_52",2569,0.47
"High_Schells",42,71,"42_to_71",180,0.03
"High_Schells",43,42,"43_to_42",13,0
"High_Schells",43,43,"43_to_43",168,0.03
"High_Schells",52,21,"52_to_21",9,0
"High_Schells",52,22,"52_to_22",6,0
"High_Schells",52,31,"52_to_31",456,0.08
"High_Schells",52,41,"52_to_41",2801,0.51
"High_Schells",52,42,"52_to_42",20997,3.8
"High_Schells",52,43,"52_to_43",2,0
"High_Schells",52,52,"52_to_52",170178,30.83
"High_Schells",52,71,"52_to_71",524,0.09
"High_Schells",52,90,"52_to_90",4,0
"High_Schells",71,31,"71_to_31",132,0.02
"High_Schells",71,42,"71_to_42",25,0
"High_Schells",71,52,"71_to_52",504,0.09
"High_Schells",71,71,"71_to_71",1739,0.31
"High_Schells",71,95,"71_to_95",1,0
"High_Schells",82,31,"82_to_31",1,0
"High_Schells",82,42,"82_to_42",1,0
"High_Schells",90,42,"90_to_42",1,0
"High_Schells",90,90,"90_to_90",97,0.02
"High_Schells",95,90,"95_to_90",1,0
"High_Uintas",11,11,"11_to_11",18274,0.89
"High_Uintas",11,31,"11_to_31",81,0
"High_Uintas",11,42,"11_to_42",508,0.02
"High_Uintas",11,52,"11_to_52",64,0
"High_Uintas",11,71,"11_to_71",210,0.01
"High_Uintas",11,90,"11_to_90",13,0
"High_Uintas",11,95,"11_to_95",2,0
"High_Uintas",12,12,"12_to_12",192,0.01
"High_Uintas",21,21,"21_to_21",233,0.01
"High_Uintas",21,22,"21_to_22",27,0
"High_Uintas",21,23,"21_to_23",1,0
"High_Uintas",21,42,"21_to_42",4,0
"High_Uintas",21,52,"21_to_52",7,0
"High_Uintas",21,71,"21_to_71",3,0
"High_Uintas",22,21,"22_to_21",13,0
"High_Uintas",22,22,"22_to_22",904,0.04
"High_Uintas",22,23,"22_to_23",12,0
"High_Uintas",22,42,"22_to_42",1,0
"High_Uintas",22,52,"22_to_52",3,0
"High_Uintas",23,22,"23_to_22",17,0
"High_Uintas",23,23,"23_to_23",13,0
"High_Uintas",23,71,"23_to_71",1,0
"High_Uintas",31,11,"31_to_11",105,0.01
"High_Uintas",31,22,"31_to_22",1,0
"High_Uintas",31,31,"31_to_31",367615,17.96
"High_Uintas",31,42,"31_to_42",689,0.03
"High_Uintas",31,52,"31_to_52",3856,0.19
"High_Uintas",31,71,"31_to_71",956,0.05
"High_Uintas",41,41,"41_to_41",886,0.04
"High_Uintas",41,42,"41_to_42",127,0.01
"High_Uintas",41,43,"41_to_43",2,0
"High_Uintas",41,52,"41_to_52",146,0.01
"High_Uintas",41,71,"41_to_71",49,0
"High_Uintas",42,11,"42_to_11",213,0.01
"High_Uintas",42,21,"42_to_21",60,0
"High_Uintas",42,22,"42_to_22",67,0
"High_Uintas",42,23,"42_to_23",12,0
"High_Uintas",42,31,"42_to_31",1773,0.09
"High_Uintas",42,41,"42_to_41",26,0
"High_Uintas",42,42,"42_to_42",936733,45.78
"High_Uintas",42,43,"42_to_43",3,0
"High_Uintas",42,52,"42_to_52",69056,3.37
"High_Uintas",42,71,"42_to_71",75128,3.67
"High_Uintas",42,82,"42_to_82",1,0
"High_Uintas",42,90,"42_to_90",493,0.02
"High_Uintas",42,95,"42_to_95",12,0
"High_Uintas",43,41,"43_to_41",1,0
"High_Uintas",43,42,"43_to_42",29,0
"High_Uintas",43,43,"43_to_43",151,0.01
"High_Uintas",43,52,"43_to_52",8,0
"High_Uintas",43,71,"43_to_71",1,0
"High_Uintas",52,11,"52_to_11",234,0.01
"High_Uintas",52,21,"52_to_21",61,0
"High_Uintas",52,22,"52_to_22",21,0
"High_Uintas",52,23,"52_to_23",3,0
"High_Uintas",52,31,"52_to_31",3571,0.17
"High_Uintas",52,41,"52_to_41",46,0
"High_Uintas",52,42,"52_to_42",19886,0.97
"High_Uintas",52,52,"52_to_52",276809,13.53
"High_Uintas",52,71,"52_to_71",4519,0.22
"High_Uintas",52,90,"52_to_90",208,0.01
"High_Uintas",52,95,"52_to_95",20,0
"High_Uintas",71,11,"71_to_11",386,0.02
"High_Uintas",71,21,"71_to_21",4,0
"High_Uintas",71,22,"71_to_22",8,0
"High_Uintas",71,31,"71_to_31",3257,0.16
"High_Uintas",71,42,"71_to_42",397,0.02
"High_Uintas",71,52,"71_to_52",1513,0.07
"High_Uintas",71,71,"71_to_71",202887,9.91
"High_Uintas",71,90,"71_to_90",3,0
"High_Uintas",71,95,"71_to_95",5,0
"High_Uintas",81,81,"81_to_81",66,0
"High_Uintas",81,90,"81_to_90",2,0
"High_Uintas",81,95,"81_to_95",1,0
"High_Uintas",90,11,"90_to_11",4,0
"High_Uintas",90,22,"90_to_22",1,0
"High_Uintas",90,23,"90_to_23",2,0
"High_Uintas",90,42,"90_to_42",141,0.01
"High_Uintas",90,52,"90_to_52",62,0
"High_Uintas",90,71,"90_to_71",208,0.01
"High_Uintas",90,81,"90_to_81",8,0
"High_Uintas",90,90,"90_to_90",41889,2.05
"High_Uintas",90,95,"90_to_95",130,0.01
"High_Uintas",95,52,"95_to_52",37,0
"High_Uintas",95,71,"95_to_71",1,0
"High_Uintas",95,81,"95_to_81",4,0
"High_Uintas",95,90,"95_to_90",129,0.01
"High_Uintas",95,95,"95_to_95",11056,0.54
"Highland_Ridge",22,22,"22_to_22",170,0.05
"Highland_Ridge",41,41,"41_to_41",542,0.17
"Highland_Ridge",41,42,"41_to_42",17,0.01
"Highland_Ridge",41,43,"41_to_43",4,0
"Highland_Ridge",41,52,"41_to_52",3,0
"Highland_Ridge",42,21,"42_to_21",7,0
"Highland_Ridge",42,22,"42_to_22",14,0
"Highland_Ridge",42,41,"42_to_41",5,0
"Highland_Ridge",42,42,"42_to_42",197754,63.46
"Highland_Ridge",42,43,"42_to_43",2,0
"Highland_Ridge",42,52,"42_to_52",11095,3.56
"Highland_Ridge",42,71,"42_to_71",270,0.09
"Highland_Ridge",42,90,"42_to_90",4,0
"Highland_Ridge",43,42,"43_to_42",5,0
"Highland_Ridge",43,43,"43_to_43",73,0.02
"Highland_Ridge",52,21,"52_to_21",28,0.01
"Highland_Ridge",52,22,"52_to_22",35,0.01
"Highland_Ridge",52,41,"52_to_41",34,0.01
"Highland_Ridge",52,42,"52_to_42",15917,5.11
"Highland_Ridge",52,52,"52_to_52",85553,27.45
"Highland_Ridge",52,71,"52_to_71",7,0
"Highland_Ridge",52,90,"52_to_90",2,0
"Highland_Ridge",71,42,"71_to_42",53,0.02
"Highland_Ridge",71,52,"71_to_52",6,0
"Highland_Ridge",90,90,"90_to_90",43,0.01
"Hollow_Hills",31,31,"31_to_31",1818,1.75
"Hollow_Hills",31,52,"31_to_52",6,0.01
"Hollow_Hills",52,31,"52_to_31",102,0.1
"Hollow_Hills",52,52,"52_to_52",101839,98.14
"Holy_Cross",11,11,"11_to_11",2323,0.42
"Holy_Cross",11,31,"11_to_31",44,0.01
"Holy_Cross",11,42,"11_to_42",35,0.01
"Holy_Cross",11,52,"11_to_52",1,0
"Holy_Cross",11,71,"11_to_71",7,0
"Holy_Cross",11,90,"11_to_90",3,0
"Holy_Cross",11,95,"11_to_95",1,0
"Holy_Cross",12,12,"12_to_12",144,0.03
"Holy_Cross",21,21,"21_to_21",4,0
"Holy_Cross",21,22,"21_to_22",1,0
"Holy_Cross",22,22,"22_to_22",11,0
"Holy_Cross",31,11,"31_to_11",36,0.01
"Holy_Cross",31,31,"31_to_31",88559,15.91
"Holy_Cross",31,42,"31_to_42",141,0.03
"Holy_Cross",31,52,"31_to_52",209,0.04
"Holy_Cross",31,71,"31_to_71",306,0.05
"Holy_Cross",41,41,"41_to_41",6664,1.2
"Holy_Cross",41,42,"41_to_42",206,0.04
"Holy_Cross",41,43,"41_to_43",54,0.01
"Holy_Cross",41,52,"41_to_52",47,0.01
"Holy_Cross",42,11,"42_to_11",62,0.01
"Holy_Cross",42,31,"42_to_31",122,0.02
"Holy_Cross",42,41,"42_to_41",30,0.01
"Holy_Cross",42,42,"42_to_42",268706,48.27
"Holy_Cross",42,43,"42_to_43",35,0.01
"Holy_Cross",42,52,"42_to_52",600,0.11
"Holy_Cross",42,71,"42_to_71",113,0.02
"Holy_Cross",42,90,"42_to_90",19,0
"Holy_Cross",43,41,"43_to_41",7,0
"Holy_Cross",43,42,"43_to_42",398,0.07
"Holy_Cross",43,43,"43_to_43",1735,0.31
"Holy_Cross",52,11,"52_to_11",4,0
"Holy_Cross",52,21,"52_to_21",1,0
"Holy_Cross",52,22,"52_to_22",1,0
"Holy_Cross",52,31,"52_to_31",798,0.14
"Holy_Cross",52,41,"52_to_41",1674,0.3
"Holy_Cross",52,42,"52_to_42",12414,2.23
"Holy_Cross",52,52,"52_to_52",96641,17.36
"Holy_Cross",52,71,"52_to_71",136,0.02
"Holy_Cross",52,90,"52_to_90",10,0
"Holy_Cross",52,95,"52_to_95",1,0
"Holy_Cross",71,11,"71_to_11",12,0
"Holy_Cross",71,31,"71_to_31",102,0.02
"Holy_Cross",71,41,"71_to_41",26,0
"Holy_Cross",71,42,"71_to_42",311,0.06
"Holy_Cross",71,52,"71_to_52",65,0.01
"Holy_Cross",71,71,"71_to_71",64849,11.65
"Holy_Cross",82,42,"82_to_42",1,0
"Holy_Cross",90,11,"90_to_11",3,0
"Holy_Cross",90,41,"90_to_41",1,0
"Holy_Cross",90,42,"90_to_42",38,0.01
"Holy_Cross",90,52,"90_to_52",16,0
"Holy_Cross",90,90,"90_to_90",6166,1.11
"Holy_Cross",90,95,"90_to_95",77,0.01
"Holy_Cross",95,90,"95_to_90",44,0.01
"Holy_Cross",95,95,"95_to_95",2649,0.48
"Hoover",11,11,"11_to_11",3243,0.56
"Hoover",11,31,"11_to_31",41,0.01
"Hoover",11,41,"11_to_41",11,0
"Hoover",11,42,"11_to_42",56,0.01
"Hoover",11,52,"11_to_52",30,0.01
"Hoover",11,90,"11_to_90",4,0
"Hoover",11,95,"11_to_95",1,0
"Hoover",12,12,"12_to_12",1793,0.31
"Hoover",12,52,"12_to_52",1,0
"Hoover",21,21,"21_to_21",9,0
"Hoover",22,22,"22_to_22",8,0
"Hoover",31,11,"31_to_11",30,0.01
"Hoover",31,22,"31_to_22",1,0
"Hoover",31,23,"31_to_23",10,0
"Hoover",31,24,"31_to_24",3,0
"Hoover",31,31,"31_to_31",150675,25.88
"Hoover",31,42,"31_to_42",303,0.05
"Hoover",31,43,"31_to_43",1,0
"Hoover",31,52,"31_to_52",2906,0.5
"Hoover",31,71,"31_to_71",158,0.03
"Hoover",31,95,"31_to_95",1,0
"Hoover",41,41,"41_to_41",7221,1.24
"Hoover",41,42,"41_to_42",728,0.13
"Hoover",41,52,"41_to_52",441,0.08
"Hoover",41,90,"41_to_90",15,0
"Hoover",42,11,"42_to_11",27,0
"Hoover",42,31,"42_to_31",476,0.08
"Hoover",42,41,"42_to_41",191,0.03
"Hoover",42,42,"42_to_42",123710,21.25
"Hoover",42,52,"42_to_52",1354,0.23
"Hoover",42,90,"42_to_90",19,0
"Hoover",52,11,"52_to_11",32,0.01
"Hoover",52,21,"52_to_21",13,0
"Hoover",52,22,"52_to_22",2,0
"Hoover",52,23,"52_to_23",2,0
"Hoover",52,31,"52_to_31",6030,1.04
"Hoover",52,41,"52_to_41",1790,0.31
"Hoover",52,42,"52_to_42",15052,2.59
"Hoover",52,52,"52_to_52",253909,43.62
"Hoover",52,71,"52_to_71",66,0.01
"Hoover",52,90,"52_to_90",148,0.03
"Hoover",52,95,"52_to_95",6,0
"Hoover",71,11,"71_to_11",1,0
"Hoover",71,31,"71_to_31",400,0.07
"Hoover",71,42,"71_to_42",6,0
"Hoover",71,52,"71_to_52",153,0.03
"Hoover",71,71,"71_to_71",2760,0.47
"Hoover",90,11,"90_to_11",3,0
"Hoover",90,41,"90_to_41",37,0.01
"Hoover",90,42,"90_to_42",100,0.02
"Hoover",90,52,"90_to_52",43,0.01
"Hoover",90,81,"90_to_81",1,0
"Hoover",90,90,"90_to_90",7023,1.21
"Hoover",90,95,"90_to_95",65,0.01
"Hoover",95,31,"95_to_31",1,0
"Hoover",95,41,"95_to_41",1,0
"Hoover",95,90,"95_to_90",101,0.02
"Hoover",95,95,"95_to_95",921,0.16
"Horse_Valley",31,31,"31_to_31",1807,2.71
"Horse_Valley",31,52,"31_to_52",224,0.34
"Horse_Valley",52,21,"52_to_21",9,0.01
"Horse_Valley",52,31,"52_to_31",88,0.13
"Horse_Valley",52,42,"52_to_42",3,0
"Horse_Valley",52,52,"52_to_52",64453,96.8
"Horse_Valley",71,52,"71_to_52",1,0
"Horseshoe_Bay",11,11,"11_to_11",63,0.35
"Horseshoe_Bay",11,95,"11_to_95",4,0.02
"Horseshoe_Bay",21,21,"21_to_21",3,0.02
"Horseshoe_Bay",21,22,"21_to_22",3,0.02
"Horseshoe_Bay",22,22,"22_to_22",28,0.16
"Horseshoe_Bay",22,23,"22_to_23",1,0.01
"Horseshoe_Bay",23,23,"23_to_23",2,0.01
"Horseshoe_Bay",31,11,"31_to_11",55,0.31
"Horseshoe_Bay",31,31,"31_to_31",108,0.6
"Horseshoe_Bay",31,90,"31_to_90",6,0.03
"Horseshoe_Bay",31,95,"31_to_95",35,0.19
"Horseshoe_Bay",41,41,"41_to_41",210,1.17
"Horseshoe_Bay",41,43,"41_to_43",6,0.03
"Horseshoe_Bay",41,90,"41_to_90",2,0.01
"Horseshoe_Bay",42,42,"42_to_42",166,0.92
"Horseshoe_Bay",42,90,"42_to_90",7,0.04
"Horseshoe_Bay",43,41,"43_to_41",9,0.05
"Horseshoe_Bay",43,42,"43_to_42",22,0.12
"Horseshoe_Bay",43,43,"43_to_43",97,0.54
"Horseshoe_Bay",43,90,"43_to_90",1,0.01
"Horseshoe_Bay",71,71,"71_to_71",2,0.01
"Horseshoe_Bay",90,42,"90_to_42",5,0.03
"Horseshoe_Bay",90,90,"90_to_90",15721,87.3
"Horseshoe_Bay",90,95,"90_to_95",41,0.23
"Horseshoe_Bay",95,11,"95_to_11",12,0.07
"Horseshoe_Bay",95,23,"95_to_23",2,0.01
"Horseshoe_Bay",95,31,"95_to_31",2,0.01
"Horseshoe_Bay",95,90,"95_to_90",93,0.52
"Horseshoe_Bay",95,95,"95_to_95",1301,7.22
"Hummingbird_Springs",21,52,"21_to_52",1,0
"Hummingbird_Springs",22,22,"22_to_22",137,0.1
"Hummingbird_Springs",52,21,"52_to_21",3,0
"Hummingbird_Springs",52,22,"52_to_22",1,0
"Hummingbird_Springs",52,52,"52_to_52",143638,99.9
"Hummingbird_Springs",52,71,"52_to_71",3,0
"Hunter_Fryingpan",11,11,"11_to_11",324,0.09
"Hunter_Fryingpan",11,42,"11_to_42",13,0
"Hunter_Fryingpan",11,71,"11_to_71",1,0
"Hunter_Fryingpan",11,90,"11_to_90",2,0
"Hunter_Fryingpan",11,95,"11_to_95",2,0
"Hunter_Fryingpan",12,12,"12_to_12",33,0.01
"Hunter_Fryingpan",21,21,"21_to_21",10,0
"Hunter_Fryingpan",22,21,"22_to_21",1,0
"Hunter_Fryingpan",22,22,"22_to_22",5,0
"Hunter_Fryingpan",31,11,"31_to_11",5,0
"Hunter_Fryingpan",31,31,"31_to_31",46685,12.49
"Hunter_Fryingpan",31,42,"31_to_42",32,0.01
"Hunter_Fryingpan",31,52,"31_to_52",66,0.02
"Hunter_Fryingpan",31,71,"31_to_71",118,0.03
"Hunter_Fryingpan",41,41,"41_to_41",1858,0.5
"Hunter_Fryingpan",41,42,"41_to_42",21,0.01
"Hunter_Fryingpan",41,43,"41_to_43",3,0
"Hunter_Fryingpan",41,52,"41_to_52",10,0
"Hunter_Fryingpan",42,11,"42_to_11",1,0
"Hunter_Fryingpan",42,31,"42_to_31",23,0.01
"Hunter_Fryingpan",42,42,"42_to_42",193403,51.75
"Hunter_Fryingpan",42,43,"42_to_43",1,0
"Hunter_Fryingpan",42,52,"42_to_52",318,0.09
"Hunter_Fryingpan",42,71,"42_to_71",1265,0.34
"Hunter_Fryingpan",42,90,"42_to_90",13,0
"Hunter_Fryingpan",42,95,"42_to_95",1,0
"Hunter_Fryingpan",43,42,"43_to_42",2,0
"Hunter_Fryingpan",43,43,"43_to_43",98,0.03
"Hunter_Fryingpan",52,11,"52_to_11",1,0
"Hunter_Fryingpan",52,22,"52_to_22",1,0
"Hunter_Fryingpan",52,31,"52_to_31",261,0.07
"Hunter_Fryingpan",52,41,"52_to_41",163,0.04
"Hunter_Fryingpan",52,42,"52_to_42",10231,2.74
"Hunter_Fryingpan",52,52,"52_to_52",61534,16.46
"Hunter_Fryingpan",52,71,"52_to_71",84,0.02
"Hunter_Fryingpan",52,90,"52_to_90",1,0
"Hunter_Fryingpan",52,95,"52_to_95",1,0
"Hunter_Fryingpan",71,11,"71_to_11",3,0
"Hunter_Fryingpan",71,31,"71_to_31",34,0.01
"Hunter_Fryingpan",71,41,"71_to_41",2,0
"Hunter_Fryingpan",71,42,"71_to_42",515,0.14
"Hunter_Fryingpan",71,52,"71_to_52",54,0.01
"Hunter_Fryingpan",71,71,"71_to_71",46077,12.33
"Hunter_Fryingpan",81,81,"81_to_81",2,0
"Hunter_Fryingpan",81,95,"81_to_95",1,0
"Hunter_Fryingpan",90,11,"90_to_11",1,0
"Hunter_Fryingpan",90,42,"90_to_42",15,0
"Hunter_Fryingpan",90,52,"90_to_52",9,0
"Hunter_Fryingpan",90,71,"90_to_71",23,0.01
"Hunter_Fryingpan",90,90,"90_to_90",6055,1.62
"Hunter_Fryingpan",90,95,"90_to_95",63,0.02
"Hunter_Fryingpan",95,52,"95_to_52",1,0
"Hunter_Fryingpan",95,71,"95_to_71",1,0
"Hunter_Fryingpan",95,90,"95_to_90",10,0
"Hunter_Fryingpan",95,95,"95_to_95",4280,1.15
"Hunting_Camp_Creek",21,21,"21_to_21",21,0.05
"Hunting_Camp_Creek",41,41,"41_to_41",27255,69.74
"Hunting_Camp_Creek",41,43,"41_to_43",56,0.14
"Hunting_Camp_Creek",41,71,"41_to_71",1,0
"Hunting_Camp_Creek",41,81,"41_to_81",19,0.05
"Hunting_Camp_Creek",42,42,"42_to_42",24,0.06
"Hunting_Camp_Creek",42,43,"42_to_43",6,0.02
"Hunting_Camp_Creek",43,41,"43_to_41",1,0
"Hunting_Camp_Creek",43,43,"43_to_43",11580,29.63
"Hunting_Camp_Creek",43,90,"43_to_90",1,0
"Hunting_Camp_Creek",71,41,"71_to_41",23,0.06
"Hunting_Camp_Creek",71,43,"71_to_43",1,0
"Hunting_Camp_Creek",81,81,"81_to_81",5,0.01
"Hunting_Camp_Creek",90,43,"90_to_43",1,0
"Hunting_Camp_Creek",90,90,"90_to_90",85,0.22
"Huron_Islands",11,11,"11_to_11",279,31.07
"Huron_Islands",11,31,"11_to_31",11,1.22
"Huron_Islands",11,43,"11_to_43",1,0.11
"Huron_Islands",11,52,"11_to_52",1,0.11
"Huron_Islands",11,71,"11_to_71",4,0.45
"Huron_Islands",21,21,"21_to_21",6,0.67
"Huron_Islands",31,11,"31_to_11",31,3.45
"Huron_Islands",31,31,"31_to_31",286,31.85
"Huron_Islands",31,42,"31_to_42",2,0.22
"Huron_Islands",31,43,"31_to_43",2,0.22
"Huron_Islands",31,52,"31_to_52",4,0.45
"Huron_Islands",31,71,"31_to_71",1,0.11
"Huron_Islands",42,31,"42_to_31",1,0.11
"Huron_Islands",42,42,"42_to_42",118,13.14
"Huron_Islands",43,21,"43_to_21",1,0.11
"Huron_Islands",43,42,"43_to_42",1,0.11
"Huron_Islands",43,43,"43_to_43",114,12.69
"Huron_Islands",43,52,"43_to_52",2,0.22
"Huron_Islands",52,31,"52_to_31",2,0.22
"Huron_Islands",52,42,"52_to_42",1,0.11
"Huron_Islands",52,43,"52_to_43",1,0.11
"Huron_Islands",52,52,"52_to_52",29,3.23
"Hurricane_Creek",11,41,"11_to_41",1,0
"Hurricane_Creek",11,43,"11_to_43",4,0.01
"Hurricane_Creek",21,21,"21_to_21",406,0.58
"Hurricane_Creek",21,22,"21_to_22",1,0
"Hurricane_Creek",21,41,"21_to_41",12,0.02
"Hurricane_Creek",21,42,"21_to_42",1,0
"Hurricane_Creek",41,21,"41_to_21",2,0
"Hurricane_Creek",41,41,"41_to_41",63858,91.61
"Hurricane_Creek",41,43,"41_to_43",28,0.04
"Hurricane_Creek",41,90,"41_to_90",3,0
"Hurricane_Creek",42,41,"42_to_41",48,0.07
"Hurricane_Creek",42,42,"42_to_42",2190,3.14
"Hurricane_Creek",42,43,"42_to_43",94,0.13
"Hurricane_Creek",43,41,"43_to_41",110,0.16
"Hurricane_Creek",43,42,"43_to_42",10,0.01
"Hurricane_Creek",43,43,"43_to_43",2927,4.2
"Hurricane_Creek",71,41,"71_to_41",2,0
"Hurricane_Creek",81,81,"81_to_81",2,0
"Hurricane_Creek",90,41,"90_to_41",2,0
"Hurricane_Creek",90,90,"90_to_90",7,0.01
"Huston_Park",11,11,"11_to_11",9,0.01
"Huston_Park",11,42,"11_to_42",2,0
"Huston_Park",21,21,"21_to_21",46,0.03
"Huston_Park",21,22,"21_to_22",1,0
"Huston_Park",22,21,"22_to_21",1,0
"Huston_Park",22,22,"22_to_22",1,0
"Huston_Park",31,31,"31_to_31",20,0.01
"Huston_Park",31,52,"31_to_52",1,0
"Huston_Park",41,41,"41_to_41",3589,2.54
"Huston_Park",41,42,"41_to_42",269,0.19
"Huston_Park",41,43,"41_to_43",42,0.03
"Huston_Park",41,52,"41_to_52",344,0.24
"Huston_Park",42,21,"42_to_21",1,0
"Huston_Park",42,41,"42_to_41",16,0.01
"Huston_Park",42,42,"42_to_42",104300,73.81
"Huston_Park",42,43,"42_to_43",28,0.02
"Huston_Park",42,52,"42_to_52",1263,0.89
"Huston_Park",42,71,"42_to_71",23,0.02
"Huston_Park",42,90,"42_to_90",10,0.01
"Huston_Park",43,41,"43_to_41",1,0
"Huston_Park",43,42,"43_to_42",218,0.15
"Huston_Park",43,43,"43_to_43",276,0.2
"Huston_Park",52,21,"52_to_21",31,0.02
"Huston_Park",52,31,"52_to_31",1,0
"Huston_Park",52,41,"52_to_41",137,0.1
"Huston_Park",52,42,"52_to_42",3651,2.58
"Huston_Park",52,52,"52_to_52",20521,14.52
"Huston_Park",52,71,"52_to_71",33,0.02
"Huston_Park",71,31,"71_to_31",2,0
"Huston_Park",71,42,"71_to_42",1275,0.9
"Huston_Park",71,52,"71_to_52",313,0.22
"Huston_Park",71,71,"71_to_71",349,0.25
"Huston_Park",81,81,"81_to_81",5,0
"Huston_Park",90,90,"90_to_90",2677,1.89
"Huston_Park",90,95,"90_to_95",9,0.01
"Huston_Park",95,90,"95_to_90",2,0
"Huston_Park",95,95,"95_to_95",1841,1.3
"Ibex",31,31,"31_to_31",457,0.33
"Ibex",31,52,"31_to_52",59,0.04
"Ibex",31,71,"31_to_71",1,0
"Ibex",52,31,"52_to_31",41,0.03
"Ibex",52,52,"52_to_52",138659,99.58
"Ibex",71,31,"71_to_31",3,0
"Ibex",71,71,"71_to_71",17,0.01
"Imperial_Refuge",11,11,"11_to_11",20,0.03
"Imperial_Refuge",11,52,"11_to_52",11,0.01
"Imperial_Refuge",11,90,"11_to_90",7,0.01
"Imperial_Refuge",11,95,"11_to_95",5,0.01
"Imperial_Refuge",22,22,"22_to_22",15,0.02
"Imperial_Refuge",23,23,"23_to_23",17,0.02
"Imperial_Refuge",24,24,"24_to_24",1,0
"Imperial_Refuge",31,31,"31_to_31",6303,8.52
"Imperial_Refuge",31,52,"31_to_52",84,0.11
"Imperial_Refuge",52,11,"52_to_11",2,0
"Imperial_Refuge",52,22,"52_to_22",3,0
"Imperial_Refuge",52,23,"52_to_23",3,0
"Imperial_Refuge",52,31,"52_to_31",1513,2.04
"Imperial_Refuge",52,52,"52_to_52",65317,88.25
"Imperial_Refuge",52,90,"52_to_90",12,0.02
"Imperial_Refuge",52,95,"52_to_95",3,0
"Imperial_Refuge",71,71,"71_to_71",7,0.01
"Imperial_Refuge",90,52,"90_to_52",12,0.02
"Imperial_Refuge",90,90,"90_to_90",635,0.86
"Imperial_Refuge",90,95,"90_to_95",11,0.01
"Imperial_Refuge",95,90,"95_to_90",11,0.01
"Imperial_Refuge",95,95,"95_to_95",23,0.03
"Indian_Heaven",11,11,"11_to_11",684,0.72
"Indian_Heaven",11,42,"11_to_42",33,0.03
"Indian_Heaven",21,21,"21_to_21",18,0.02
"Indian_Heaven",22,22,"22_to_22",21,0.02
"Indian_Heaven",31,31,"31_to_31",17,0.02
"Indian_Heaven",42,11,"42_to_11",54,0.06
"Indian_Heaven",42,21,"42_to_21",25,0.03
"Indian_Heaven",42,31,"42_to_31",1,0
"Indian_Heaven",42,42,"42_to_42",89858,95.04
"Indian_Heaven",42,52,"42_to_52",370,0.39
"Indian_Heaven",42,71,"42_to_71",1092,1.16
"Indian_Heaven",42,90,"42_to_90",1,0
"Indian_Heaven",52,21,"52_to_21",2,0
"Indian_Heaven",52,42,"52_to_42",796,0.84
"Indian_Heaven",52,52,"52_to_52",503,0.53
"Indian_Heaven",52,71,"52_to_71",6,0.01
"Indian_Heaven",71,42,"71_to_42",17,0.02
"Indian_Heaven",71,71,"71_to_71",1,0
"Indian_Heaven",90,90,"90_to_90",949,1
"Indian_Heaven",90,95,"90_to_95",5,0.01
"Indian_Heaven",95,90,"95_to_90",4,0
"Indian_Heaven",95,95,"95_to_95",88,0.09
"Indian_Mounds",11,11,"11_to_11",338,0.59
"Indian_Mounds",11,31,"11_to_31",3,0.01
"Indian_Mounds",11,42,"11_to_42",45,0.08
"Indian_Mounds",11,71,"11_to_71",2,0
"Indian_Mounds",11,90,"11_to_90",13,0.02
"Indian_Mounds",11,95,"11_to_95",21,0.04
"Indian_Mounds",21,21,"21_to_21",409,0.72
"Indian_Mounds",21,42,"21_to_42",1,0
"Indian_Mounds",21,81,"21_to_81",2,0
"Indian_Mounds",22,21,"22_to_21",1,0
"Indian_Mounds",22,22,"22_to_22",36,0.06
"Indian_Mounds",31,11,"31_to_11",37,0.06
"Indian_Mounds",31,31,"31_to_31",48,0.08
"Indian_Mounds",31,42,"31_to_42",7,0.01
"Indian_Mounds",31,71,"31_to_71",6,0.01
"Indian_Mounds",31,95,"31_to_95",3,0.01
"Indian_Mounds",41,41,"41_to_41",29,0.05
"Indian_Mounds",42,11,"42_to_11",6,0.01
"Indian_Mounds",42,21,"42_to_21",67,0.12
"Indian_Mounds",42,22,"42_to_22",1,0
"Indian_Mounds",42,31,"42_to_31",6,0.01
"Indian_Mounds",42,41,"42_to_41",55,0.1
"Indian_Mounds",42,42,"42_to_42",23259,40.69
"Indian_Mounds",42,43,"42_to_43",14190,24.83
"Indian_Mounds",42,71,"42_to_71",13,0.02
"Indian_Mounds",42,81,"42_to_81",3,0.01
"Indian_Mounds",42,90,"42_to_90",482,0.84
"Indian_Mounds",43,41,"43_to_41",6,0.01
"Indian_Mounds",43,42,"43_to_42",32,0.06
"Indian_Mounds",43,43,"43_to_43",4168,7.29
"Indian_Mounds",52,11,"52_to_11",2,0
"Indian_Mounds",52,21,"52_to_21",1,0
"Indian_Mounds",52,42,"52_to_42",1067,1.87
"Indian_Mounds",52,43,"52_to_43",111,0.19
"Indian_Mounds",52,52,"52_to_52",1,0
"Indian_Mounds",52,81,"52_to_81",1,0
"Indian_Mounds",52,90,"52_to_90",5,0.01
"Indian_Mounds",71,42,"71_to_42",85,0.15
"Indian_Mounds",81,21,"81_to_21",6,0.01
"Indian_Mounds",81,22,"81_to_22",1,0
"Indian_Mounds",81,42,"81_to_42",13,0.02
"Indian_Mounds",81,81,"81_to_81",7,0.01
"Indian_Mounds",90,21,"90_to_21",2,0
"Indian_Mounds",90,42,"90_to_42",15,0.03
"Indian_Mounds",90,90,"90_to_90",12428,21.74
"Indian_Mounds",90,95,"90_to_95",4,0.01
"Indian_Mounds",95,11,"95_to_11",10,0.02
"Indian_Mounds",95,90,"95_to_90",35,0.06
"Indian_Mounds",95,95,"95_to_95",74,0.13
"Indian_Pass",22,22,"22_to_22",1,0
"Indian_Pass",22,23,"22_to_23",1,0
"Indian_Pass",31,31,"31_to_31",2990,1.5
"Indian_Pass",31,52,"31_to_52",1,0
"Indian_Pass",52,31,"52_to_31",2,0
"Indian_Pass",52,52,"52_to_52",196065,98.46
"Indian_Pass",71,71,"71_to_71",24,0.01
"Indian_Pass",90,90,"90_to_90",48,0.02
"Indian_Peaks",11,11,"11_to_11",1400,0.4
"Indian_Peaks",11,31,"11_to_31",187,0.05
"Indian_Peaks",11,42,"11_to_42",48,0.01
"Indian_Peaks",11,52,"11_to_52",21,0.01
"Indian_Peaks",11,71,"11_to_71",15,0
"Indian_Peaks",11,90,"11_to_90",3,0
"Indian_Peaks",12,12,"12_to_12",1020,0.29
"Indian_Peaks",21,21,"21_to_21",1,0
"Indian_Peaks",21,22,"21_to_22",1,0
"Indian_Peaks",22,21,"22_to_21",1,0
"Indian_Peaks",22,22,"22_to_22",7,0
"Indian_Peaks",31,11,"31_to_11",44,0.01
"Indian_Peaks",31,31,"31_to_31",55760,15.74
"Indian_Peaks",31,42,"31_to_42",152,0.04
"Indian_Peaks",31,52,"31_to_52",197,0.06
"Indian_Peaks",31,71,"31_to_71",267,0.08
"Indian_Peaks",41,41,"41_to_41",539,0.15
"Indian_Peaks",41,42,"41_to_42",27,0.01
"Indian_Peaks",41,52,"41_to_52",68,0.02
"Indian_Peaks",42,11,"42_to_11",32,0.01
"Indian_Peaks",42,31,"42_to_31",62,0.02
"Indian_Peaks",42,41,"42_to_41",32,0.01
"Indian_Peaks",42,42,"42_to_42",157421,44.44
"Indian_Peaks",42,52,"42_to_52",997,0.28
"Indian_Peaks",42,71,"42_to_71",678,0.19
"Indian_Peaks",42,90,"42_to_90",13,0
"Indian_Peaks",43,43,"43_to_43",4,0
"Indian_Peaks",52,11,"52_to_11",19,0.01
"Indian_Peaks",52,22,"52_to_22",2,0
"Indian_Peaks",52,31,"52_to_31",802,0.23
"Indian_Peaks",52,41,"52_to_41",202,0.06
"Indian_Peaks",52,42,"52_to_42",7828,2.21
"Indian_Peaks",52,52,"52_to_52",82943,23.42
"Indian_Peaks",52,71,"52_to_71",237,0.07
"Indian_Peaks",52,90,"52_to_90",8,0
"Indian_Peaks",52,95,"52_to_95",1,0
"Indian_Peaks",71,11,"71_to_11",33,0.01
"Indian_Peaks",71,31,"71_to_31",100,0.03
"Indian_Peaks",71,42,"71_to_42",917,0.26
"Indian_Peaks",71,52,"71_to_52",45,0.01
"Indian_Peaks",71,71,"71_to_71",37084,10.47
"Indian_Peaks",90,11,"90_to_11",1,0
"Indian_Peaks",90,42,"90_to_42",18,0.01
"Indian_Peaks",90,52,"90_to_52",8,0
"Indian_Peaks",90,90,"90_to_90",4421,1.25
"Indian_Peaks",90,95,"90_to_95",8,0
"Indian_Peaks",95,90,"95_to_90",22,0.01
"Indian_Peaks",95,95,"95_to_95",505,0.14
"Inyo_Mountains",22,22,"22_to_22",185,0.02
"Inyo_Mountains",23,23,"23_to_23",9,0
"Inyo_Mountains",31,31,"31_to_31",33986,3.76
"Inyo_Mountains",31,42,"31_to_42",2,0
"Inyo_Mountains",31,52,"31_to_52",8145,0.9
"Inyo_Mountains",42,22,"42_to_22",3,0
"Inyo_Mountains",42,31,"42_to_31",2,0
"Inyo_Mountains",42,42,"42_to_42",157049,17.39
"Inyo_Mountains",42,52,"42_to_52",3023,0.33
"Inyo_Mountains",52,22,"52_to_22",12,0
"Inyo_Mountains",52,23,"52_to_23",1,0
"Inyo_Mountains",52,31,"52_to_31",1035,0.11
"Inyo_Mountains",52,42,"52_to_42",31282,3.46
"Inyo_Mountains",52,52,"52_to_52",668195,73.99
"Inyo_Mountains",52,71,"52_to_71",13,0
"Inyo_Mountains",52,90,"52_to_90",5,0
"Inyo_Mountains",71,52,"71_to_52",24,0
"Inyo_Mountains",90,52,"90_to_52",6,0
"Inyo_Mountains",90,90,"90_to_90",107,0.01
"Inyo_Mountains",90,95,"90_to_95",2,0
"Inyo_Mountains",95,90,"95_to_90",3,0
"Ireteba_Peaks",22,22,"22_to_22",4,0
"Ireteba_Peaks",22,23,"22_to_23",1,0
"Ireteba_Peaks",23,23,"23_to_23",10,0.01
"Ireteba_Peaks",31,31,"31_to_31",656,0.44
"Ireteba_Peaks",31,52,"31_to_52",143,0.1
"Ireteba_Peaks",52,23,"52_to_23",6,0
"Ireteba_Peaks",52,31,"52_to_31",109,0.07
"Ireteba_Peaks",52,52,"52_to_52",146598,99.36
"Ireteba_Peaks",71,52,"71_to_52",6,0
"Ireteba_Peaks",95,90,"95_to_90",2,0
"Irish",11,41,"11_to_41",7,0.01
"Irish",21,21,"21_to_21",17,0.02
"Irish",41,21,"41_to_21",1,0
"Irish",41,41,"41_to_41",67494,89.88
"Irish",41,42,"41_to_42",1,0
"Irish",41,43,"41_to_43",73,0.1
"Irish",41,81,"41_to_81",5,0.01
"Irish",42,41,"42_to_41",9,0.01
"Irish",42,42,"42_to_42",3832,5.1
"Irish",42,43,"42_to_43",16,0.02
"Irish",43,41,"43_to_41",15,0.02
"Irish",43,43,"43_to_43",3607,4.8
"Irish",81,41,"81_to_41",2,0
"Irish",81,81,"81_to_81",14,0.02
"Irish",90,90,"90_to_90",1,0
"Ishi",21,21,"21_to_21",47,0.02
"Ishi",21,22,"21_to_22",5,0
"Ishi",21,52,"21_to_52",7,0
"Ishi",21,82,"21_to_82",1,0
"Ishi",22,21,"22_to_21",1,0
"Ishi",22,22,"22_to_22",80,0.04
"Ishi",41,41,"41_to_41",718,0.37
"Ishi",41,42,"41_to_42",472,0.24
"Ishi",41,43,"41_to_43",5,0
"Ishi",41,52,"41_to_52",334,0.17
"Ishi",41,71,"41_to_71",89,0.05
"Ishi",42,21,"42_to_21",40,0.02
"Ishi",42,22,"42_to_22",2,0
"Ishi",42,41,"42_to_41",299,0.15
"Ishi",42,42,"42_to_42",23592,12.15
"Ishi",42,43,"42_to_43",2,0
"Ishi",42,52,"42_to_52",5833,3
"Ishi",42,71,"42_to_71",3561,1.83
"Ishi",42,82,"42_to_82",6,0
"Ishi",42,90,"42_to_90",4,0
"Ishi",43,42,"43_to_42",7,0
"Ishi",43,43,"43_to_43",3,0
"Ishi",43,71,"43_to_71",2,0
"Ishi",52,21,"52_to_21",34,0.02
"Ishi",52,22,"52_to_22",10,0.01
"Ishi",52,41,"52_to_41",315,0.16
"Ishi",52,42,"52_to_42",11406,5.88
"Ishi",52,43,"52_to_43",1,0
"Ishi",52,52,"52_to_52",118662,61.13
"Ishi",52,71,"52_to_71",2041,1.05
"Ishi",52,82,"52_to_82",4,0
"Ishi",52,90,"52_to_90",6,0
"Ishi",71,41,"71_to_41",23,0.01
"Ishi",71,42,"71_to_42",290,0.15
"Ishi",71,43,"71_to_43",1,0
"Ishi",71,52,"71_to_52",12112,6.24
"Ishi",71,71,"71_to_71",13993,7.21
"Ishi",90,42,"90_to_42",5,0
"Ishi",90,52,"90_to_52",3,0
"Ishi",90,71,"90_to_71",1,0
"Ishi",90,90,"90_to_90",93,0.05
"Island_Bay",11,11,"11_to_11",21,9.01
"Island_Bay",90,90,"90_to_90",117,50.21
"Island_Bay",90,95,"90_to_95",10,4.29
"Island_Bay",95,11,"95_to_11",1,0.43
"Island_Bay",95,90,"95_to_90",3,1.29
"Island_Bay",95,95,"95_to_95",81,34.76
"Isle_Royale",11,11,"11_to_11",57520,8.99
"Isle_Royale",11,21,"11_to_21",32,0.01
"Isle_Royale",11,22,"11_to_22",2,0
"Isle_Royale",11,31,"11_to_31",797,0.12
"Isle_Royale",11,41,"11_to_41",25,0
"Isle_Royale",11,42,"11_to_42",998,0.16
"Isle_Royale",11,43,"11_to_43",256,0.04
"Isle_Royale",11,52,"11_to_52",32,0.01
"Isle_Royale",11,71,"11_to_71",103,0.02
"Isle_Royale",11,90,"11_to_90",749,0.12
"Isle_Royale",11,95,"11_to_95",176,0.03
"Isle_Royale",21,21,"21_to_21",253,0.04
"Isle_Royale",21,31,"21_to_31",3,0
"Isle_Royale",21,42,"21_to_42",11,0
"Isle_Royale",21,43,"21_to_43",5,0
"Isle_Royale",21,52,"21_to_52",1,0
"Isle_Royale",21,90,"21_to_90",6,0
"Isle_Royale",22,21,"22_to_21",1,0
"Isle_Royale",22,22,"22_to_22",50,0.01
"Isle_Royale",22,23,"22_to_23",1,0
"Isle_Royale",22,43,"22_to_43",1,0
"Isle_Royale",22,90,"22_to_90",1,0
"Isle_Royale",23,23,"23_to_23",5,0
"Isle_Royale",31,11,"31_to_11",418,0.07
"Isle_Royale",31,21,"31_to_21",27,0
"Isle_Royale",31,22,"31_to_22",3,0
"Isle_Royale",31,31,"31_to_31",3888,0.61
"Isle_Royale",31,41,"31_to_41",112,0.02
"Isle_Royale",31,42,"31_to_42",943,0.15
"Isle_Royale",31,43,"31_to_43",510,0.08
"Isle_Royale",31,52,"31_to_52",162,0.03
"Isle_Royale",31,71,"31_to_71",51,0.01
"Isle_Royale",31,90,"31_to_90",27,0
"Isle_Royale",31,95,"31_to_95",10,0
"Isle_Royale",41,11,"41_to_11",14,0
"Isle_Royale",41,21,"41_to_21",1,0
"Isle_Royale",41,31,"41_to_31",2,0
"Isle_Royale",41,41,"41_to_41",53661,8.39
"Isle_Royale",41,42,"41_to_42",795,0.12
"Isle_Royale",41,43,"41_to_43",22094,3.45
"Isle_Royale",41,52,"41_to_52",794,0.12
"Isle_Royale",41,71,"41_to_71",215,0.03
"Isle_Royale",41,90,"41_to_90",681,0.11
"Isle_Royale",42,11,"42_to_11",276,0.04
"Isle_Royale",42,21,"42_to_21",31,0
"Isle_Royale",42,22,"42_to_22",1,0
"Isle_Royale",42,31,"42_to_31",192,0.03
"Isle_Royale",42,41,"42_to_41",52,0.01
"Isle_Royale",42,42,"42_to_42",47924,7.49
"Isle_Royale",42,43,"42_to_43",2263,0.35
"Isle_Royale",42,52,"42_to_52",37,0.01
"Isle_Royale",42,71,"42_to_71",418,0.07
"Isle_Royale",42,90,"42_to_90",94,0.01
"Isle_Royale",43,11,"43_to_11",194,0.03
"Isle_Royale",43,21,"43_to_21",51,0.01
"Isle_Royale",43,31,"43_to_31",77,0.01
"Isle_Royale",43,41,"43_to_41",6856,1.07
"Isle_Royale",43,42,"43_to_42",54538,8.53
"Isle_Royale",43,43,"43_to_43",203192,31.77
"Isle_Royale",43,52,"43_to_52",439,0.07
"Isle_Royale",43,71,"43_to_71",484,0.08
"Isle_Royale",43,90,"43_to_90",447,0.07
"Isle_Royale",52,11,"52_to_11",7,0
"Isle_Royale",52,21,"52_to_21",36,0.01
"Isle_Royale",52,22,"52_to_22",1,0
"Isle_Royale",52,31,"52_to_31",33,0.01
"Isle_Royale",52,41,"52_to_41",234,0.04
"Isle_Royale",52,42,"52_to_42",706,0.11
"Isle_Royale",52,43,"52_to_43",2547,0.4
"Isle_Royale",52,52,"52_to_52",5883,0.92
"Isle_Royale",52,71,"52_to_71",152,0.02
"Isle_Royale",52,90,"52_to_90",15,0
"Isle_Royale",71,11,"71_to_11",30,0
"Isle_Royale",71,21,"71_to_21",2,0
"Isle_Royale",71,31,"71_to_31",4,0
"Isle_Royale",71,41,"71_to_41",50,0.01
"Isle_Royale",71,42,"71_to_42",159,0.02
"Isle_Royale",71,43,"71_to_43",246,0.04
"Isle_Royale",71,52,"71_to_52",55,0.01
"Isle_Royale",71,71,"71_to_71",240,0.04
"Isle_Royale",71,90,"71_to_90",7,0
"Isle_Royale",81,43,"81_to_43",1,0
"Isle_Royale",81,81,"81_to_81",1,0
"Isle_Royale",82,41,"82_to_41",7,0
"Isle_Royale",90,11,"90_to_11",241,0.04
"Isle_Royale",90,21,"90_to_21",16,0
"Isle_Royale",90,22,"90_to_22",2,0
"Isle_Royale",90,31,"90_to_31",18,0
"Isle_Royale",90,41,"90_to_41",79,0.01
"Isle_Royale",90,42,"90_to_42",519,0.08
"Isle_Royale",90,43,"90_to_43",204,0.03
"Isle_Royale",90,52,"90_to_52",7,0
"Isle_Royale",90,71,"90_to_71",8,0
"Isle_Royale",90,90,"90_to_90",162285,25.37
"Isle_Royale",90,95,"90_to_95",661,0.1
"Isle_Royale",95,11,"95_to_11",55,0.01
"Isle_Royale",95,31,"95_to_31",7,0
"Isle_Royale",95,90,"95_to_90",1004,0.16
"Isle_Royale",95,95,"95_to_95",1050,0.16
"Jacumba",22,22,"22_to_22",2,0
"Jacumba",31,21,"31_to_21",5,0
"Jacumba",31,31,"31_to_31",7842,5.21
"Jacumba",31,52,"31_to_52",649,0.43
"Jacumba",52,21,"52_to_21",19,0.01
"Jacumba",52,22,"52_to_22",11,0.01
"Jacumba",52,31,"52_to_31",4252,2.82
"Jacumba",52,52,"52_to_52",137599,91.38
"Jacumba",52,71,"52_to_71",117,0.08
"Jacumba",52,95,"52_to_95",2,0
"Jacumba",71,31,"71_to_31",2,0
"Jacumba",71,52,"71_to_52",21,0.01
"Jacumba",95,52,"95_to_52",7,0
"Jacumba",95,90,"95_to_90",5,0
"Jacumba",95,95,"95_to_95",51,0.03
"James_Peak",11,11,"11_to_11",351,0.45
"James_Peak",11,31,"11_to_31",5,0.01
"James_Peak",11,42,"11_to_42",11,0.01
"James_Peak",11,52,"11_to_52",1,0
"James_Peak",11,90,"11_to_90",1,0
"James_Peak",12,12,"12_to_12",260,0.33
"James_Peak",21,21,"21_to_21",1,0
"James_Peak",21,22,"21_to_22",1,0
"James_Peak",22,22,"22_to_22",19,0.02
"James_Peak",23,22,"23_to_22",3,0
"James_Peak",23,23,"23_to_23",1,0
"James_Peak",31,11,"31_to_11",29,0.04
"James_Peak",31,31,"31_to_31",8858,11.23
"James_Peak",31,42,"31_to_42",12,0.02
"James_Peak",31,52,"31_to_52",22,0.03
"James_Peak",31,71,"31_to_71",53,0.07
"James_Peak",41,41,"41_to_41",12,0.02
"James_Peak",41,42,"41_to_42",1,0
"James_Peak",42,11,"42_to_11",14,0.02
"James_Peak",42,31,"42_to_31",5,0.01
"James_Peak",42,42,"42_to_42",25744,32.64
"James_Peak",42,52,"42_to_52",39,0.05
"James_Peak",42,90,"42_to_90",1,0
"James_Peak",52,11,"52_to_11",7,0.01
"James_Peak",52,22,"52_to_22",1,0
"James_Peak",52,31,"52_to_31",90,0.11
"James_Peak",52,41,"52_to_41",7,0.01
"James_Peak",52,42,"52_to_42",2668,3.38
"James_Peak",52,52,"52_to_52",21071,26.72
"James_Peak",52,71,"52_to_71",42,0.05
"James_Peak",71,31,"71_to_31",37,0.05
"James_Peak",71,42,"71_to_42",851,1.08
"James_Peak",71,52,"71_to_52",30,0.04
"James_Peak",71,71,"71_to_71",18101,22.95
"James_Peak",90,42,"90_to_42",1,0
"James_Peak",90,90,"90_to_90",341,0.43
"James_Peak",95,95,"95_to_95",177,0.22
"James_River_Face",11,11,"11_to_11",59,0.14
"James_River_Face",11,41,"11_to_41",12,0.03
"James_River_Face",11,42,"11_to_42",2,0
"James_River_Face",11,43,"11_to_43",1,0
"James_River_Face",11,71,"11_to_71",10,0.02
"James_River_Face",21,21,"21_to_21",89,0.22
"James_River_Face",21,43,"21_to_43",2,0
"James_River_Face",22,22,"22_to_22",4,0.01
"James_River_Face",31,31,"31_to_31",95,0.23
"James_River_Face",41,21,"41_to_21",1,0
"James_River_Face",41,22,"41_to_22",1,0
"James_River_Face",41,31,"41_to_31",15,0.04
"James_River_Face",41,41,"41_to_41",28420,69.72
"James_River_Face",41,42,"41_to_42",431,1.06
"James_River_Face",41,43,"41_to_43",775,1.9
"James_River_Face",41,52,"41_to_52",7,0.02
"James_River_Face",41,71,"41_to_71",5227,12.82
"James_River_Face",42,22,"42_to_22",16,0.04
"James_River_Face",42,23,"42_to_23",3,0.01
"James_River_Face",42,31,"42_to_31",1,0
"James_River_Face",42,41,"42_to_41",73,0.18
"James_River_Face",42,42,"42_to_42",524,1.29
"James_River_Face",42,43,"42_to_43",69,0.17
"James_River_Face",42,71,"42_to_71",309,0.76
"James_River_Face",43,21,"43_to_21",1,0
"James_River_Face",43,31,"43_to_31",7,0.02
"James_River_Face",43,41,"43_to_41",313,0.77
"James_River_Face",43,42,"43_to_42",474,1.16
"James_River_Face",43,43,"43_to_43",2753,6.75
"James_River_Face",43,71,"43_to_71",1050,2.58
"James_River_Face",71,41,"71_to_41",1,0
"James_River_Face",71,43,"71_to_43",1,0
"James_River_Face",71,71,"71_to_71",17,0.04
"James_River_Face",81,21,"81_to_21",1,0
"James_River_Face",81,71,"81_to_71",1,0
"Jarbidge",12,12,"12_to_12",5,0
"Jarbidge",21,21,"21_to_21",8,0
"Jarbidge",21,52,"21_to_52",2,0
"Jarbidge",22,22,"22_to_22",39,0.01
"Jarbidge",22,52,"22_to_52",2,0
"Jarbidge",23,52,"23_to_52",1,0
"Jarbidge",31,31,"31_to_31",662,0.13
"Jarbidge",31,42,"31_to_42",1,0
"Jarbidge",31,52,"31_to_52",5,0
"Jarbidge",31,71,"31_to_71",3,0
"Jarbidge",41,41,"41_to_41",4681,0.94
"Jarbidge",41,42,"41_to_42",195,0.04
"Jarbidge",41,52,"41_to_52",709,0.14
"Jarbidge",42,22,"42_to_22",1,0
"Jarbidge",42,31,"42_to_31",21,0
"Jarbidge",42,41,"42_to_41",72,0.01
"Jarbidge",42,42,"42_to_42",115116,23.01
"Jarbidge",42,52,"42_to_52",53201,10.63
"Jarbidge",42,71,"42_to_71",328,0.07
"Jarbidge",42,90,"42_to_90",2,0
"Jarbidge",52,21,"52_to_21",25,0
"Jarbidge",52,22,"52_to_22",4,0
"Jarbidge",52,31,"52_to_31",61,0.01
"Jarbidge",52,41,"52_to_41",1872,0.37
"Jarbidge",52,42,"52_to_42",14908,2.98
"Jarbidge",52,52,"52_to_52",285764,57.12
"Jarbidge",52,71,"52_to_71",14238,2.85
"Jarbidge",52,95,"52_to_95",1,0
"Jarbidge",71,31,"71_to_31",277,0.06
"Jarbidge",71,41,"71_to_41",2,0
"Jarbidge",71,42,"71_to_42",64,0.01
"Jarbidge",71,52,"71_to_52",2919,0.58
"Jarbidge",71,71,"71_to_71",4853,0.97
"Jarbidge",90,42,"90_to_42",4,0
"Jarbidge",90,52,"90_to_52",2,0
"Jarbidge",90,71,"90_to_71",1,0
"Jarbidge",90,90,"90_to_90",198,0.04
"Jedediah_Smith",11,11,"11_to_11",398,0.07
"Jedediah_Smith",11,31,"11_to_31",1,0
"Jedediah_Smith",11,42,"11_to_42",16,0
"Jedediah_Smith",11,90,"11_to_90",1,0
"Jedediah_Smith",12,12,"12_to_12",50,0.01
"Jedediah_Smith",21,21,"21_to_21",88,0.02
"Jedediah_Smith",21,22,"21_to_22",8,0
"Jedediah_Smith",21,42,"21_to_42",1,0
"Jedediah_Smith",22,21,"22_to_21",24,0
"Jedediah_Smith",22,22,"22_to_22",161,0.03
"Jedediah_Smith",23,22,"23_to_22",8,0
"Jedediah_Smith",23,23,"23_to_23",1,0
"Jedediah_Smith",31,11,"31_to_11",9,0
"Jedediah_Smith",31,31,"31_to_31",14934,2.66
"Jedediah_Smith",31,42,"31_to_42",16,0
"Jedediah_Smith",31,52,"31_to_52",580,0.1
"Jedediah_Smith",31,71,"31_to_71",137,0.02
"Jedediah_Smith",41,41,"41_to_41",729,0.13
"Jedediah_Smith",41,42,"41_to_42",21,0
"Jedediah_Smith",41,43,"41_to_43",1,0
"Jedediah_Smith",41,52,"41_to_52",6,0
"Jedediah_Smith",42,11,"42_to_11",20,0
"Jedediah_Smith",42,21,"42_to_21",10,0
"Jedediah_Smith",42,31,"42_to_31",106,0.02
"Jedediah_Smith",42,41,"42_to_41",23,0
"Jedediah_Smith",42,42,"42_to_42",300237,53.43
"Jedediah_Smith",42,43,"42_to_43",9,0
"Jedediah_Smith",42,52,"42_to_52",1743,0.31
"Jedediah_Smith",42,71,"42_to_71",97,0.02
"Jedediah_Smith",42,90,"42_to_90",11,0
"Jedediah_Smith",43,42,"43_to_42",5,0
"Jedediah_Smith",43,43,"43_to_43",242,0.04
"Jedediah_Smith",43,52,"43_to_52",1,0
"Jedediah_Smith",52,11,"52_to_11",9,0
"Jedediah_Smith",52,21,"52_to_21",58,0.01
"Jedediah_Smith",52,22,"52_to_22",37,0.01
"Jedediah_Smith",52,31,"52_to_31",377,0.07
"Jedediah_Smith",52,41,"52_to_41",323,0.06
"Jedediah_Smith",52,42,"52_to_42",18389,3.27
"Jedediah_Smith",52,43,"52_to_43",118,0.02
"Jedediah_Smith",52,52,"52_to_52",205071,36.5
"Jedediah_Smith",52,71,"52_to_71",90,0.02
"Jedediah_Smith",52,90,"52_to_90",6,0
"Jedediah_Smith",71,11,"71_to_11",1,0
"Jedediah_Smith",71,31,"71_to_31",363,0.06
"Jedediah_Smith",71,42,"71_to_42",56,0.01
"Jedediah_Smith",71,43,"71_to_43",13,0
"Jedediah_Smith",71,52,"71_to_52",376,0.07
"Jedediah_Smith",71,71,"71_to_71",13745,2.45
"Jedediah_Smith",90,42,"90_to_42",34,0.01
"Jedediah_Smith",90,52,"90_to_52",3,0
"Jedediah_Smith",90,90,"90_to_90",2949,0.52
"Jedediah_Smith",90,95,"90_to_95",2,0
"Jedediah_Smith",95,90,"95_to_90",8,0
"Jedediah_Smith",95,95,"95_to_95",171,0.03
"Jennie_Lakes",11,11,"11_to_11",125,0.26
"Jennie_Lakes",11,31,"11_to_31",5,0.01
"Jennie_Lakes",11,42,"11_to_42",6,0.01
"Jennie_Lakes",21,21,"21_to_21",6,0.01
"Jennie_Lakes",22,22,"22_to_22",28,0.06
"Jennie_Lakes",23,22,"23_to_22",1,0
"Jennie_Lakes",31,31,"31_to_31",494,1.03
"Jennie_Lakes",31,52,"31_to_52",3,0.01
"Jennie_Lakes",41,41,"41_to_41",1,0
"Jennie_Lakes",41,42,"41_to_42",1,0
"Jennie_Lakes",42,11,"42_to_11",1,0
"Jennie_Lakes",42,42,"42_to_42",34291,71.53
"Jennie_Lakes",42,52,"42_to_52",558,1.16
"Jennie_Lakes",42,90,"42_to_90",7,0.01
"Jennie_Lakes",52,22,"52_to_22",1,0
"Jennie_Lakes",52,23,"52_to_23",1,0
"Jennie_Lakes",52,31,"52_to_31",68,0.14
"Jennie_Lakes",52,42,"52_to_42",117,0.24
"Jennie_Lakes",52,52,"52_to_52",11504,24
"Jennie_Lakes",52,71,"52_to_71",21,0.04
"Jennie_Lakes",52,90,"52_to_90",1,0
"Jennie_Lakes",71,71,"71_to_71",31,0.06
"Jennie_Lakes",90,42,"90_to_42",4,0.01
"Jennie_Lakes",90,90,"90_to_90",608,1.27
"Jennie_Lakes",90,95,"90_to_95",4,0.01
"Jennie_Lakes",95,90,"95_to_90",28,0.06
"Jennie_Lakes",95,95,"95_to_95",27,0.06
"Jim_McClure_Jerry_Peak",11,11,"11_to_11",69,0.01
"Jim_McClure_Jerry_Peak",12,12,"12_to_12",110,0.02
"Jim_McClure_Jerry_Peak",21,21,"21_to_21",9,0
"Jim_McClure_Jerry_Peak",21,52,"21_to_52",10,0
"Jim_McClure_Jerry_Peak",22,22,"22_to_22",21,0
"Jim_McClure_Jerry_Peak",23,21,"23_to_21",1,0
"Jim_McClure_Jerry_Peak",23,22,"23_to_22",1,0
"Jim_McClure_Jerry_Peak",31,31,"31_to_31",8684,1.6
"Jim_McClure_Jerry_Peak",31,42,"31_to_42",7,0
"Jim_McClure_Jerry_Peak",31,52,"31_to_52",23,0
"Jim_McClure_Jerry_Peak",31,71,"31_to_71",61,0.01
"Jim_McClure_Jerry_Peak",41,41,"41_to_41",375,0.07
"Jim_McClure_Jerry_Peak",41,42,"41_to_42",7,0
"Jim_McClure_Jerry_Peak",41,52,"41_to_52",24,0
"Jim_McClure_Jerry_Peak",42,31,"42_to_31",264,0.05
"Jim_McClure_Jerry_Peak",42,41,"42_to_41",1,0
"Jim_McClure_Jerry_Peak",42,42,"42_to_42",181482,33.47
"Jim_McClure_Jerry_Peak",42,52,"42_to_52",2774,0.51
"Jim_McClure_Jerry_Peak",42,71,"42_to_71",679,0.13
"Jim_McClure_Jerry_Peak",42,90,"42_to_90",1,0
"Jim_McClure_Jerry_Peak",52,11,"52_to_11",2,0
"Jim_McClure_Jerry_Peak",52,21,"52_to_21",7,0
"Jim_McClure_Jerry_Peak",52,22,"52_to_22",4,0
"Jim_McClure_Jerry_Peak",52,31,"52_to_31",197,0.04
"Jim_McClure_Jerry_Peak",52,41,"52_to_41",63,0.01
"Jim_McClure_Jerry_Peak",52,42,"52_to_42",9691,1.79
"Jim_McClure_Jerry_Peak",52,52,"52_to_52",320679,59.14
"Jim_McClure_Jerry_Peak",52,71,"52_to_71",1299,0.24
"Jim_McClure_Jerry_Peak",52,90,"52_to_90",2,0
"Jim_McClure_Jerry_Peak",71,31,"71_to_31",553,0.1
"Jim_McClure_Jerry_Peak",71,42,"71_to_42",77,0.01
"Jim_McClure_Jerry_Peak",71,52,"71_to_52",468,0.09
"Jim_McClure_Jerry_Peak",71,71,"71_to_71",14242,2.63
"Jim_McClure_Jerry_Peak",90,42,"90_to_42",2,0
"Jim_McClure_Jerry_Peak",90,90,"90_to_90",365,0.07
"Jim_McClure_Jerry_Peak",90,95,"90_to_95",1,0
"Jim_McClure_Jerry_Peak",95,95,"95_to_95",2,0
"Jimbilnan",21,21,"21_to_21",8,0.01
"Jimbilnan",21,52,"21_to_52",1,0
"Jimbilnan",22,22,"22_to_22",1,0
"Jimbilnan",22,23,"22_to_23",1,0
"Jimbilnan",31,31,"31_to_31",363,0.42
"Jimbilnan",31,52,"31_to_52",185,0.21
"Jimbilnan",31,71,"31_to_71",28,0.03
"Jimbilnan",52,31,"52_to_31",115,0.13
"Jimbilnan",52,52,"52_to_52",83828,97.24
"Jimbilnan",52,71,"52_to_71",423,0.49
"Jimbilnan",71,52,"71_to_52",64,0.07
"Jimbilnan",71,71,"71_to_71",1189,1.38
"JN_Ding_Darling",11,11,"11_to_11",3299,24.4
"JN_Ding_Darling",11,90,"11_to_90",1,0.01
"JN_Ding_Darling",11,95,"11_to_95",110,0.81
"JN_Ding_Darling",21,21,"21_to_21",79,0.58
"JN_Ding_Darling",21,22,"21_to_22",2,0.01
"JN_Ding_Darling",22,21,"22_to_21",31,0.23
"JN_Ding_Darling",22,22,"22_to_22",53,0.39
"JN_Ding_Darling",23,22,"23_to_22",18,0.13
"JN_Ding_Darling",23,23,"23_to_23",3,0.02
"JN_Ding_Darling",90,21,"90_to_21",8,0.06
"JN_Ding_Darling",90,22,"90_to_22",2,0.01
"JN_Ding_Darling",90,90,"90_to_90",2431,17.98
"JN_Ding_Darling",90,95,"90_to_95",4820,35.65
"JN_Ding_Darling",95,11,"95_to_11",1,0.01
"JN_Ding_Darling",95,90,"95_to_90",5,0.04
"JN_Ding_Darling",95,95,"95_to_95",2656,19.65
"John_Krebs",11,11,"11_to_11",120,0.07
"John_Krebs",11,31,"11_to_31",14,0.01
"John_Krebs",11,42,"11_to_42",3,0
"John_Krebs",11,52,"11_to_52",8,0
"John_Krebs",12,12,"12_to_12",7,0
"John_Krebs",21,21,"21_to_21",216,0.12
"John_Krebs",21,22,"21_to_22",6,0
"John_Krebs",22,21,"22_to_21",1,0
"John_Krebs",22,22,"22_to_22",504,0.28
"John_Krebs",23,23,"23_to_23",9,0
"John_Krebs",31,11,"31_to_11",1,0
"John_Krebs",31,31,"31_to_31",14098,7.75
"John_Krebs",31,42,"31_to_42",2,0
"John_Krebs",31,52,"31_to_52",126,0.07
"John_Krebs",31,71,"31_to_71",3,0
"John_Krebs",41,21,"41_to_21",1,0
"John_Krebs",41,41,"41_to_41",2668,1.47
"John_Krebs",41,42,"41_to_42",643,0.35
"John_Krebs",41,52,"41_to_52",1282,0.71
"John_Krebs",41,71,"41_to_71",1072,0.59
"John_Krebs",42,21,"42_to_21",26,0.01
"John_Krebs",42,22,"42_to_22",8,0
"John_Krebs",42,31,"42_to_31",134,0.07
"John_Krebs",42,41,"42_to_41",145,0.08
"John_Krebs",42,42,"42_to_42",105432,57.99
"John_Krebs",42,43,"42_to_43",1,0
"John_Krebs",42,52,"42_to_52",6080,3.34
"John_Krebs",42,71,"42_to_71",13367,7.35
"John_Krebs",42,90,"42_to_90",39,0.02
"John_Krebs",43,41,"43_to_41",1,0
"John_Krebs",43,42,"43_to_42",1,0
"John_Krebs",43,43,"43_to_43",1,0
"John_Krebs",52,11,"52_to_11",1,0
"John_Krebs",52,21,"52_to_21",9,0
"John_Krebs",52,22,"52_to_22",2,0
"John_Krebs",52,31,"52_to_31",942,0.52
"John_Krebs",52,41,"52_to_41",49,0.03
"John_Krebs",52,42,"52_to_42",378,0.21
"John_Krebs",52,43,"52_to_43",2,0
"John_Krebs",52,52,"52_to_52",30706,16.89
"John_Krebs",52,71,"52_to_71",2242,1.23
"John_Krebs",52,81,"52_to_81",1,0
"John_Krebs",52,90,"52_to_90",16,0.01
"John_Krebs",52,95,"52_to_95",1,0
"John_Krebs",71,31,"71_to_31",17,0.01
"John_Krebs",71,41,"71_to_41",13,0.01
"John_Krebs",71,42,"71_to_42",3,0
"John_Krebs",71,52,"71_to_52",12,0.01
"John_Krebs",71,71,"71_to_71",265,0.15
"John_Krebs",90,42,"90_to_42",9,0
"John_Krebs",90,52,"90_to_52",11,0.01
"John_Krebs",90,90,"90_to_90",1108,0.61
"John_Krebs",90,95,"90_to_95",6,0
"John_Krebs",95,90,"95_to_90",4,0
"John_Muir",11,11,"11_to_11",22696,0.77
"John_Muir",11,31,"11_to_31",1823,0.06
"John_Muir",11,42,"11_to_42",236,0.01
"John_Muir",11,52,"11_to_52",219,0.01
"John_Muir",11,71,"11_to_71",8,0
"John_Muir",11,90,"11_to_90",10,0
"John_Muir",11,95,"11_to_95",2,0
"John_Muir",12,12,"12_to_12",24094,0.81
"John_Muir",21,21,"21_to_21",298,0.01
"John_Muir",21,22,"21_to_22",2,0
"John_Muir",21,42,"21_to_42",71,0
"John_Muir",21,52,"21_to_52",3,0
"John_Muir",22,21,"22_to_21",1,0
"John_Muir",22,22,"22_to_22",485,0.02
"John_Muir",22,42,"22_to_42",4,0
"John_Muir",22,52,"22_to_52",2,0
"John_Muir",23,22,"23_to_22",4,0
"John_Muir",23,23,"23_to_23",8,0
"John_Muir",23,42,"23_to_42",2,0
"John_Muir",31,11,"31_to_11",253,0.01
"John_Muir",31,31,"31_to_31",818311,27.68
"John_Muir",31,42,"31_to_42",1501,0.05
"John_Muir",31,52,"31_to_52",12611,0.43
"John_Muir",31,71,"31_to_71",320,0.01
"John_Muir",31,81,"31_to_81",2,0
"John_Muir",31,95,"31_to_95",3,0
"John_Muir",41,22,"41_to_22",1,0
"John_Muir",41,41,"41_to_41",5980,0.2
"John_Muir",41,42,"41_to_42",683,0.02
"John_Muir",41,43,"41_to_43",9,0
"John_Muir",41,52,"41_to_52",651,0.02
"John_Muir",41,71,"41_to_71",1,0
"John_Muir",41,81,"41_to_81",3,0
"John_Muir",41,90,"41_to_90",25,0
"John_Muir",42,11,"42_to_11",182,0.01
"John_Muir",42,21,"42_to_21",69,0
"John_Muir",42,22,"42_to_22",28,0
"John_Muir",42,23,"42_to_23",5,0
"John_Muir",42,31,"42_to_31",1161,0.04
"John_Muir",42,41,"42_to_41",338,0.01
"John_Muir",42,42,"42_to_42",745307,25.21
"John_Muir",42,43,"42_to_43",3,0
"John_Muir",42,52,"42_to_52",29178,0.99
"John_Muir",42,71,"42_to_71",522,0.02
"John_Muir",42,81,"42_to_81",12,0
"John_Muir",42,90,"42_to_90",377,0.01
"John_Muir",42,95,"42_to_95",1,0
"John_Muir",43,41,"43_to_41",1,0
"John_Muir",43,42,"43_to_42",4,0
"John_Muir",43,43,"43_to_43",57,0
"John_Muir",52,11,"52_to_11",407,0.01
"John_Muir",52,21,"52_to_21",35,0
"John_Muir",52,22,"52_to_22",41,0
"John_Muir",52,23,"52_to_23",5,0
"John_Muir",52,31,"52_to_31",16390,0.55
"John_Muir",52,41,"52_to_41",2587,0.09
"John_Muir",52,42,"52_to_42",46205,1.56
"John_Muir",52,43,"52_to_43",10,0
"John_Muir",52,52,"52_to_52",1164539,39.39
"John_Muir",52,71,"52_to_71",17519,0.59
"John_Muir",52,81,"52_to_81",4,0
"John_Muir",52,90,"52_to_90",445,0.02
"John_Muir",52,95,"52_to_95",25,0
"John_Muir",71,11,"71_to_11",7,0
"John_Muir",71,31,"71_to_31",860,0.03
"John_Muir",71,41,"71_to_41",1,0
"John_Muir",71,42,"71_to_42",20,0
"John_Muir",71,52,"71_to_52",1424,0.05
"John_Muir",71,71,"71_to_71",9198,0.31
"John_Muir",71,95,"71_to_95",1,0
"John_Muir",81,42,"81_to_42",7,0
"John_Muir",81,52,"81_to_52",2,0
"John_Muir",81,81,"81_to_81",13,0
"John_Muir",90,11,"90_to_11",5,0
"John_Muir",90,31,"90_to_31",2,0
"John_Muir",90,41,"90_to_41",35,0
"John_Muir",90,42,"90_to_42",759,0.03
"John_Muir",90,52,"90_to_52",140,0
"John_Muir",90,90,"90_to_90",19854,0.67
"John_Muir",90,95,"90_to_95",209,0.01
"John_Muir",95,11,"95_to_11",3,0
"John_Muir",95,31,"95_to_31",1,0
"John_Muir",95,42,"95_to_42",2,0
"John_Muir",95,52,"95_to_52",35,0
"John_Muir",95,90,"95_to_90",1606,0.05
"John_Muir",95,95,"95_to_95",6717,0.23
"Joseph_Battell",21,21,"21_to_21",36,0.06
"Joseph_Battell",22,22,"22_to_22",5,0.01
"Joseph_Battell",41,41,"41_to_41",41969,74.16
"Joseph_Battell",41,42,"41_to_42",41,0.07
"Joseph_Battell",41,43,"41_to_43",681,1.2
"Joseph_Battell",41,52,"41_to_52",1,0
"Joseph_Battell",41,71,"41_to_71",5,0.01
"Joseph_Battell",42,41,"42_to_41",7,0.01
"Joseph_Battell",42,42,"42_to_42",4576,8.09
"Joseph_Battell",42,43,"42_to_43",111,0.2
"Joseph_Battell",43,11,"43_to_11",1,0
"Joseph_Battell",43,41,"43_to_41",352,0.62
"Joseph_Battell",43,42,"43_to_42",106,0.19
"Joseph_Battell",43,43,"43_to_43",8236,14.55
"Joseph_Battell",52,41,"52_to_41",97,0.17
"Joseph_Battell",52,42,"52_to_42",3,0.01
"Joseph_Battell",52,43,"52_to_43",19,0.03
"Joseph_Battell",52,52,"52_to_52",17,0.03
"Joseph_Battell",71,41,"71_to_41",113,0.2
"Joseph_Battell",71,71,"71_to_71",2,0
"Joseph_Battell",71,90,"71_to_90",1,0
"Joseph_Battell",90,43,"90_to_43",1,0
"Joseph_Battell",90,90,"90_to_90",201,0.36
"Joseph_Battell",90,95,"90_to_95",1,0
"Joseph_Battell",95,90,"95_to_90",7,0.01
"Joseph_Battell",95,95,"95_to_95",3,0.01
"Joshua_Tree",21,21,"21_to_21",8,0
"Joshua_Tree",21,22,"21_to_22",5,0
"Joshua_Tree",22,22,"22_to_22",174,0.01
"Joshua_Tree",22,23,"22_to_23",1,0
"Joshua_Tree",31,31,"31_to_31",57539,2.15
"Joshua_Tree",31,52,"31_to_52",687,0.03
"Joshua_Tree",42,52,"42_to_52",41,0
"Joshua_Tree",52,21,"52_to_21",105,0
"Joshua_Tree",52,22,"52_to_22",77,0
"Joshua_Tree",52,23,"52_to_23",1,0
"Joshua_Tree",52,31,"52_to_31",69089,2.58
"Joshua_Tree",52,52,"52_to_52",2551477,95.17
"Joshua_Tree",52,71,"52_to_71",934,0.03
"Joshua_Tree",52,90,"52_to_90",1,0
"Joshua_Tree",52,95,"52_to_95",3,0
"Joshua_Tree",71,31,"71_to_31",2,0
"Joshua_Tree",71,52,"71_to_52",639,0.02
"Joshua_Tree",71,71,"71_to_71",6,0
"Joshua_Tree",90,52,"90_to_52",3,0
"Joshua_Tree",90,90,"90_to_90",6,0
"Joshua_Tree",90,95,"90_to_95",2,0
"Joshua_Tree",95,31,"95_to_31",4,0
"Joshua_Tree",95,52,"95_to_52",248,0.01
"Joyce_Kilmer_Slickrock",11,11,"11_to_11",20,0.02
"Joyce_Kilmer_Slickrock",11,41,"11_to_41",1,0
"Joyce_Kilmer_Slickrock",11,43,"11_to_43",2,0
"Joyce_Kilmer_Slickrock",41,11,"41_to_11",1,0
"Joyce_Kilmer_Slickrock",41,41,"41_to_41",41805,47.61
"Joyce_Kilmer_Slickrock",41,43,"41_to_43",845,0.96
"Joyce_Kilmer_Slickrock",42,41,"42_to_41",187,0.21
"Joyce_Kilmer_Slickrock",42,42,"42_to_42",951,1.08
"Joyce_Kilmer_Slickrock",42,43,"42_to_43",1161,1.32
"Joyce_Kilmer_Slickrock",43,21,"43_to_21",3,0
"Joyce_Kilmer_Slickrock",43,41,"43_to_41",6485,7.39
"Joyce_Kilmer_Slickrock",43,42,"43_to_42",55,0.06
"Joyce_Kilmer_Slickrock",43,43,"43_to_43",36233,41.27
"Joyce_Kilmer_Slickrock",43,52,"43_to_52",14,0.02
"Joyce_Kilmer_Slickrock",52,41,"52_to_41",1,0
"Joyce_Kilmer_Slickrock",71,41,"71_to_41",1,0
"Joyce_Kilmer_Slickrock",71,43,"71_to_43",1,0
"Joyce_Kilmer_Slickrock",71,71,"71_to_71",5,0.01
"Joyce_Kilmer_Slickrock",90,90,"90_to_90",28,0.03
"Jumbo_Springs",52,52,"52_to_52",21907,100
"Jumbo_Springs",52,71,"52_to_71",1,0
"Juniper_Dunes",21,21,"21_to_21",1,0
"Juniper_Dunes",21,22,"21_to_22",1,0
"Juniper_Dunes",22,22,"22_to_22",15,0.04
"Juniper_Dunes",23,23,"23_to_23",2,0.01
"Juniper_Dunes",31,31,"31_to_31",5,0.01
"Juniper_Dunes",31,52,"31_to_52",26,0.08
"Juniper_Dunes",31,71,"31_to_71",1,0
"Juniper_Dunes",52,21,"52_to_21",3,0.01
"Juniper_Dunes",52,22,"52_to_22",8,0.02
"Juniper_Dunes",52,52,"52_to_52",22086,65.59
"Juniper_Dunes",52,71,"52_to_71",90,0.27
"Juniper_Dunes",71,21,"71_to_21",1,0
"Juniper_Dunes",71,22,"71_to_22",1,0
"Juniper_Dunes",71,52,"71_to_52",2358,7
"Juniper_Dunes",71,71,"71_to_71",9075,26.95
"Juniper_Mesa",41,42,"41_to_42",1,0
"Juniper_Mesa",42,42,"42_to_42",34145,98.23
"Juniper_Mesa",42,52,"42_to_52",120,0.35
"Juniper_Mesa",52,42,"52_to_42",22,0.06
"Juniper_Mesa",52,52,"52_to_52",473,1.36
"Juniper_Prairie",11,11,"11_to_11",84,0.13
"Juniper_Prairie",11,31,"11_to_31",1,0
"Juniper_Prairie",11,42,"11_to_42",2,0
"Juniper_Prairie",11,71,"11_to_71",1,0
"Juniper_Prairie",11,90,"11_to_90",15,0.02
"Juniper_Prairie",11,95,"11_to_95",8,0.01
"Juniper_Prairie",21,21,"21_to_21",303,0.47
"Juniper_Prairie",21,22,"21_to_22",38,0.06
"Juniper_Prairie",21,42,"21_to_42",21,0.03
"Juniper_Prairie",21,52,"21_to_52",1,0
"Juniper_Prairie",21,71,"21_to_71",6,0.01
"Juniper_Prairie",21,81,"21_to_81",5,0.01
"Juniper_Prairie",21,90,"21_to_90",2,0
"Juniper_Prairie",22,21,"22_to_21",11,0.02
"Juniper_Prairie",22,22,"22_to_22",445,0.68
"Juniper_Prairie",22,23,"22_to_23",1,0
"Juniper_Prairie",22,81,"22_to_81",1,0
"Juniper_Prairie",22,82,"22_to_82",1,0
"Juniper_Prairie",31,11,"31_to_11",6,0.01
"Juniper_Prairie",31,31,"31_to_31",3,0
"Juniper_Prairie",31,42,"31_to_42",4,0.01
"Juniper_Prairie",31,71,"31_to_71",10,0.02
"Juniper_Prairie",31,81,"31_to_81",1,0
"Juniper_Prairie",31,82,"31_to_82",1,0
"Juniper_Prairie",31,95,"31_to_95",10,0.02
"Juniper_Prairie",42,11,"42_to_11",4,0.01
"Juniper_Prairie",42,21,"42_to_21",98,0.15
"Juniper_Prairie",42,22,"42_to_22",30,0.05
"Juniper_Prairie",42,31,"42_to_31",1,0
"Juniper_Prairie",42,42,"42_to_42",38485,59.2
"Juniper_Prairie",42,52,"42_to_52",1868,2.87
"Juniper_Prairie",42,71,"42_to_71",9838,15.13
"Juniper_Prairie",42,81,"42_to_81",170,0.26
"Juniper_Prairie",42,82,"42_to_82",1257,1.93
"Juniper_Prairie",42,90,"42_to_90",68,0.1
"Juniper_Prairie",52,22,"52_to_22",1,0
"Juniper_Prairie",52,42,"52_to_42",58,0.09
"Juniper_Prairie",52,52,"52_to_52",39,0.06
"Juniper_Prairie",52,71,"52_to_71",79,0.12
"Juniper_Prairie",52,81,"52_to_81",35,0.05
"Juniper_Prairie",52,82,"52_to_82",35,0.05
"Juniper_Prairie",52,90,"52_to_90",1,0
"Juniper_Prairie",71,11,"71_to_11",13,0.02
"Juniper_Prairie",71,22,"71_to_22",2,0
"Juniper_Prairie",71,31,"71_to_31",2,0
"Juniper_Prairie",71,42,"71_to_42",63,0.1
"Juniper_Prairie",71,52,"71_to_52",11,0.02
"Juniper_Prairie",71,71,"71_to_71",35,0.05
"Juniper_Prairie",71,81,"71_to_81",43,0.07
"Juniper_Prairie",71,82,"71_to_82",2,0
"Juniper_Prairie",71,90,"71_to_90",2,0
"Juniper_Prairie",71,95,"71_to_95",2,0
"Juniper_Prairie",81,31,"81_to_31",2,0
"Juniper_Prairie",81,42,"81_to_42",8,0.01
"Juniper_Prairie",81,52,"81_to_52",1,0
"Juniper_Prairie",81,71,"81_to_71",18,0.03
"Juniper_Prairie",81,81,"81_to_81",44,0.07
"Juniper_Prairie",81,82,"81_to_82",7,0.01
"Juniper_Prairie",82,82,"82_to_82",5,0.01
"Juniper_Prairie",90,22,"90_to_22",1,0
"Juniper_Prairie",90,42,"90_to_42",30,0.05
"Juniper_Prairie",90,52,"90_to_52",5,0.01
"Juniper_Prairie",90,71,"90_to_71",10,0.02
"Juniper_Prairie",90,81,"90_to_81",9,0.01
"Juniper_Prairie",90,82,"90_to_82",28,0.04
"Juniper_Prairie",90,90,"90_to_90",9525,14.65
"Juniper_Prairie",90,95,"90_to_95",156,0.24
"Juniper_Prairie",95,11,"95_to_11",26,0.04
"Juniper_Prairie",95,81,"95_to_81",5,0.01
"Juniper_Prairie",95,82,"95_to_82",5,0.01
"Juniper_Prairie",95,90,"95_to_90",803,1.24
"Juniper_Prairie",95,95,"95_to_95",1093,1.68
"Kachina_Peaks",21,21,"21_to_21",27,0.03
"Kachina_Peaks",21,22,"21_to_22",1,0
"Kachina_Peaks",21,42,"21_to_42",1,0
"Kachina_Peaks",21,52,"21_to_52",1,0
"Kachina_Peaks",21,71,"21_to_71",1,0
"Kachina_Peaks",22,22,"22_to_22",3,0
"Kachina_Peaks",31,31,"31_to_31",2915,3.39
"Kachina_Peaks",31,42,"31_to_42",43,0.05
"Kachina_Peaks",31,52,"31_to_52",163,0.19
"Kachina_Peaks",31,71,"31_to_71",1,0
"Kachina_Peaks",41,21,"41_to_21",21,0.02
"Kachina_Peaks",41,22,"41_to_22",10,0.01
"Kachina_Peaks",41,23,"41_to_23",9,0.01
"Kachina_Peaks",41,41,"41_to_41",4551,5.29
"Kachina_Peaks",41,42,"41_to_42",655,0.76
"Kachina_Peaks",41,43,"41_to_43",719,0.84
"Kachina_Peaks",41,52,"41_to_52",330,0.38
"Kachina_Peaks",41,71,"41_to_71",2181,2.54
"Kachina_Peaks",42,21,"42_to_21",98,0.11
"Kachina_Peaks",42,22,"42_to_22",29,0.03
"Kachina_Peaks",42,31,"42_to_31",267,0.31
"Kachina_Peaks",42,41,"42_to_41",66,0.08
"Kachina_Peaks",42,42,"42_to_42",40227,46.76
"Kachina_Peaks",42,43,"42_to_43",513,0.6
"Kachina_Peaks",42,52,"42_to_52",3912,4.55
"Kachina_Peaks",42,71,"42_to_71",8045,9.35
"Kachina_Peaks",43,21,"43_to_21",20,0.02
"Kachina_Peaks",43,22,"43_to_22",25,0.03
"Kachina_Peaks",43,23,"43_to_23",7,0.01
"Kachina_Peaks",43,41,"43_to_41",29,0.03
"Kachina_Peaks",43,42,"43_to_42",1491,1.73
"Kachina_Peaks",43,43,"43_to_43",12672,14.73
"Kachina_Peaks",43,52,"43_to_52",328,0.38
"Kachina_Peaks",43,71,"43_to_71",3263,3.79
"Kachina_Peaks",52,21,"52_to_21",2,0
"Kachina_Peaks",52,22,"52_to_22",1,0
"Kachina_Peaks",52,31,"52_to_31",37,0.04
"Kachina_Peaks",52,41,"52_to_41",42,0.05
"Kachina_Peaks",52,42,"52_to_42",369,0.43
"Kachina_Peaks",52,52,"52_to_52",1581,1.84
"Kachina_Peaks",52,71,"52_to_71",536,0.62
"Kachina_Peaks",71,22,"71_to_22",1,0
"Kachina_Peaks",71,31,"71_to_31",2,0
"Kachina_Peaks",71,41,"71_to_41",24,0.03
"Kachina_Peaks",71,42,"71_to_42",96,0.11
"Kachina_Peaks",71,52,"71_to_52",12,0.01
"Kachina_Peaks",71,71,"71_to_71",641,0.75
"Kachina_Peaks",90,22,"90_to_22",4,0
"Kachina_Peaks",90,23,"90_to_23",2,0
"Kachina_Peaks",90,71,"90_to_71",24,0.03
"Kachina_Peaks",90,90,"90_to_90",28,0.03
"Kachina_Peaks",90,95,"90_to_95",3,0
"Kachina_Peaks",95,90,"95_to_90",2,0
"Kaiser",11,11,"11_to_11",263,0.26
"Kaiser",11,42,"11_to_42",5,0.01
"Kaiser",11,52,"11_to_52",2,0
"Kaiser",11,71,"11_to_71",1,0
"Kaiser",21,21,"21_to_21",66,0.07
"Kaiser",21,42,"21_to_42",19,0.02
"Kaiser",21,71,"21_to_71",34,0.03
"Kaiser",22,22,"22_to_22",40,0.04
"Kaiser",31,31,"31_to_31",1060,1.06
"Kaiser",31,42,"31_to_42",31,0.03
"Kaiser",31,52,"31_to_52",169,0.17
"Kaiser",31,71,"31_to_71",5,0.01
"Kaiser",41,41,"41_to_41",2,0
"Kaiser",41,42,"41_to_42",1,0
"Kaiser",41,52,"41_to_52",1,0
"Kaiser",42,11,"42_to_11",7,0.01
"Kaiser",42,21,"42_to_21",12,0.01
"Kaiser",42,22,"42_to_22",3,0
"Kaiser",42,31,"42_to_31",51,0.05
"Kaiser",42,42,"42_to_42",47106,47.11
"Kaiser",42,52,"42_to_52",2283,2.28
"Kaiser",42,71,"42_to_71",20058,20.06
"Kaiser",42,90,"42_to_90",71,0.07
"Kaiser",42,95,"42_to_95",2,0
"Kaiser",52,11,"52_to_11",1,0
"Kaiser",52,21,"52_to_21",1,0
"Kaiser",52,31,"52_to_31",728,0.73
"Kaiser",52,41,"52_to_41",2,0
"Kaiser",52,42,"52_to_42",1404,1.4
"Kaiser",52,52,"52_to_52",24875,24.88
"Kaiser",52,71,"52_to_71",733,0.73
"Kaiser",52,90,"52_to_90",7,0.01
"Kaiser",71,31,"71_to_31",13,0.01
"Kaiser",71,42,"71_to_42",1,0
"Kaiser",71,52,"71_to_52",118,0.12
"Kaiser",71,71,"71_to_71",360,0.36
"Kaiser",90,42,"90_to_42",17,0.02
"Kaiser",90,52,"90_to_52",4,0
"Kaiser",90,71,"90_to_71",3,0
"Kaiser",90,90,"90_to_90",343,0.34
"Kaiser",90,95,"90_to_95",16,0.02
"Kaiser",95,90,"95_to_90",32,0.03
"Kaiser",95,95,"95_to_95",35,0.04
"Kalmiopsis",11,11,"11_to_11",568,0.07
"Kalmiopsis",11,31,"11_to_31",20,0
"Kalmiopsis",11,42,"11_to_42",313,0.04
"Kalmiopsis",11,52,"11_to_52",189,0.02
"Kalmiopsis",11,71,"11_to_71",14,0
"Kalmiopsis",11,90,"11_to_90",7,0
"Kalmiopsis",11,95,"11_to_95",8,0
"Kalmiopsis",21,21,"21_to_21",153,0.02
"Kalmiopsis",21,22,"21_to_22",28,0
"Kalmiopsis",21,23,"21_to_23",3,0
"Kalmiopsis",21,42,"21_to_42",32,0
"Kalmiopsis",21,43,"21_to_43",1,0
"Kalmiopsis",21,52,"21_to_52",95,0.01
"Kalmiopsis",22,21,"22_to_21",2,0
"Kalmiopsis",22,22,"22_to_22",101,0.01
"Kalmiopsis",22,42,"22_to_42",5,0
"Kalmiopsis",22,52,"22_to_52",6,0
"Kalmiopsis",23,23,"23_to_23",1,0
"Kalmiopsis",31,11,"31_to_11",13,0
"Kalmiopsis",31,21,"31_to_21",1,0
"Kalmiopsis",31,31,"31_to_31",367,0.05
"Kalmiopsis",31,42,"31_to_42",11,0
"Kalmiopsis",31,52,"31_to_52",197,0.02
"Kalmiopsis",31,71,"31_to_71",39,0
"Kalmiopsis",31,90,"31_to_90",1,0
"Kalmiopsis",31,95,"31_to_95",1,0
"Kalmiopsis",41,43,"41_to_43",1,0
"Kalmiopsis",42,11,"42_to_11",11,0
"Kalmiopsis",42,21,"42_to_21",65,0.01
"Kalmiopsis",42,22,"42_to_22",107,0.01
"Kalmiopsis",42,23,"42_to_23",6,0
"Kalmiopsis",42,31,"42_to_31",17,0
"Kalmiopsis",42,42,"42_to_42",181456,22.31
"Kalmiopsis",42,43,"42_to_43",223,0.03
"Kalmiopsis",42,52,"42_to_52",377109,46.37
"Kalmiopsis",42,71,"42_to_71",1751,0.22
"Kalmiopsis",42,81,"42_to_81",2,0
"Kalmiopsis",42,90,"42_to_90",39,0
"Kalmiopsis",42,95,"42_to_95",2,0
"Kalmiopsis",43,22,"43_to_22",1,0
"Kalmiopsis",43,42,"43_to_42",36,0
"Kalmiopsis",43,43,"43_to_43",235,0.03
"Kalmiopsis",43,52,"43_to_52",53,0.01
"Kalmiopsis",43,71,"43_to_71",2,0
"Kalmiopsis",52,11,"52_to_11",1,0
"Kalmiopsis",52,21,"52_to_21",39,0
"Kalmiopsis",52,22,"52_to_22",31,0
"Kalmiopsis",52,23,"52_to_23",2,0
"Kalmiopsis",52,31,"52_to_31",40,0
"Kalmiopsis",52,42,"52_to_42",7026,0.86
"Kalmiopsis",52,43,"52_to_43",362,0.04
"Kalmiopsis",52,52,"52_to_52",154498,19
"Kalmiopsis",52,71,"52_to_71",6208,0.76
"Kalmiopsis",52,81,"52_to_81",4,0
"Kalmiopsis",52,90,"52_to_90",3,0
"Kalmiopsis",52,95,"52_to_95",2,0
"Kalmiopsis",71,11,"71_to_11",9,0
"Kalmiopsis",71,21,"71_to_21",8,0
"Kalmiopsis",71,22,"71_to_22",38,0
"Kalmiopsis",71,23,"71_to_23",2,0
"Kalmiopsis",71,31,"71_to_31",2,0
"Kalmiopsis",71,42,"71_to_42",9892,1.22
"Kalmiopsis",71,43,"71_to_43",26,0
"Kalmiopsis",71,52,"71_to_52",69744,8.58
"Kalmiopsis",71,71,"71_to_71",1546,0.19
"Kalmiopsis",71,81,"71_to_81",3,0
"Kalmiopsis",71,90,"71_to_90",6,0
"Kalmiopsis",81,42,"81_to_42",1,0
"Kalmiopsis",81,52,"81_to_52",5,0
"Kalmiopsis",81,71,"81_to_71",5,0
"Kalmiopsis",81,81,"81_to_81",3,0
"Kalmiopsis",90,42,"90_to_42",2,0
"Kalmiopsis",90,52,"90_to_52",26,0
"Kalmiopsis",90,90,"90_to_90",192,0.02
"Kalmiopsis",90,95,"90_to_95",30,0
"Kalmiopsis",95,11,"95_to_11",2,0
"Kalmiopsis",95,42,"95_to_42",1,0
"Kalmiopsis",95,52,"95_to_52",1,0
"Kalmiopsis",95,90,"95_to_90",20,0
"Kalmiopsis",95,95,"95_to_95",240,0.03
"Kanab_Creek",21,21,"21_to_21",11,0
"Kanab_Creek",21,52,"21_to_52",5,0
"Kanab_Creek",31,31,"31_to_31",19681,6.27
"Kanab_Creek",31,52,"31_to_52",99,0.03
"Kanab_Creek",41,41,"41_to_41",6,0
"Kanab_Creek",41,42,"41_to_42",2,0
"Kanab_Creek",41,52,"41_to_52",7,0
"Kanab_Creek",42,41,"42_to_41",50,0.02
"Kanab_Creek",42,42,"42_to_42",29680,9.45
"Kanab_Creek",42,52,"42_to_52",5302,1.69
"Kanab_Creek",42,71,"42_to_71",1,0
"Kanab_Creek",52,21,"52_to_21",9,0
"Kanab_Creek",52,31,"52_to_31",62,0.02
"Kanab_Creek",52,41,"52_to_41",2,0
"Kanab_Creek",52,42,"52_to_42",3690,1.18
"Kanab_Creek",52,52,"52_to_52",254777,81.15
"Kanab_Creek",52,71,"52_to_71",137,0.04
"Kanab_Creek",52,90,"52_to_90",19,0.01
"Kanab_Creek",52,95,"52_to_95",2,0
"Kanab_Creek",81,81,"81_to_81",1,0
"Kanab_Creek",90,52,"90_to_52",1,0
"Kanab_Creek",90,90,"90_to_90",409,0.13
"Kanab_Creek",90,95,"90_to_95",1,0
"Kanab_Creek",95,90,"95_to_90",2,0
"Kanab_Creek",95,95,"95_to_95",6,0
"Kelso_Dunes",22,22,"22_to_22",87,0.01
"Kelso_Dunes",22,23,"22_to_23",10,0
"Kelso_Dunes",23,23,"23_to_23",60,0.01
"Kelso_Dunes",31,22,"31_to_22",42,0.01
"Kelso_Dunes",31,23,"31_to_23",29,0
"Kelso_Dunes",31,31,"31_to_31",47046,6.76
"Kelso_Dunes",31,52,"31_to_52",5037,0.72
"Kelso_Dunes",52,21,"52_to_21",3,0
"Kelso_Dunes",52,22,"52_to_22",2,0
"Kelso_Dunes",52,31,"52_to_31",15031,2.16
"Kelso_Dunes",52,52,"52_to_52",629017,90.33
"Kendrick_Mountain",21,21,"21_to_21",2,0.01
"Kendrick_Mountain",21,22,"21_to_22",3,0.01
"Kendrick_Mountain",22,22,"22_to_22",1,0
"Kendrick_Mountain",41,41,"41_to_41",47,0.15
"Kendrick_Mountain",41,42,"41_to_42",123,0.4
"Kendrick_Mountain",41,43,"41_to_43",35,0.11
"Kendrick_Mountain",41,52,"41_to_52",232,0.75
"Kendrick_Mountain",41,71,"41_to_71",5,0.02
"Kendrick_Mountain",42,21,"42_to_21",17,0.06
"Kendrick_Mountain",42,22,"42_to_22",57,0.19
"Kendrick_Mountain",42,23,"42_to_23",1,0
"Kendrick_Mountain",42,41,"42_to_41",14,0.05
"Kendrick_Mountain",42,42,"42_to_42",8949,29.1
"Kendrick_Mountain",42,43,"42_to_43",3,0.01
"Kendrick_Mountain",42,52,"42_to_52",19206,62.45
"Kendrick_Mountain",42,71,"42_to_71",97,0.32
"Kendrick_Mountain",43,41,"43_to_41",16,0.05
"Kendrick_Mountain",43,42,"43_to_42",69,0.22
"Kendrick_Mountain",43,43,"43_to_43",63,0.2
"Kendrick_Mountain",43,52,"43_to_52",1631,5.3
"Kendrick_Mountain",43,71,"43_to_71",14,0.05
"Kendrick_Mountain",52,42,"52_to_42",36,0.12
"Kendrick_Mountain",52,52,"52_to_52",128,0.42
"Kendrick_Mountain",52,71,"52_to_71",1,0
"Kendrick_Mountain",71,52,"71_to_52",4,0.01
"Kiavah",21,21,"21_to_21",96,0.02
"Kiavah",21,22,"21_to_22",2,0
"Kiavah",21,52,"21_to_52",43,0.01
"Kiavah",21,71,"21_to_71",9,0
"Kiavah",22,22,"22_to_22",3,0
"Kiavah",22,52,"22_to_52",1,0
"Kiavah",31,31,"31_to_31",69,0.02
"Kiavah",31,52,"31_to_52",94,0.02
"Kiavah",31,71,"31_to_71",38,0.01
"Kiavah",42,21,"42_to_21",47,0.01
"Kiavah",42,22,"42_to_22",2,0
"Kiavah",42,42,"42_to_42",76375,19.16
"Kiavah",42,43,"42_to_43",2,0
"Kiavah",42,52,"42_to_52",21822,5.47
"Kiavah",42,71,"42_to_71",409,0.1
"Kiavah",42,90,"42_to_90",1,0
"Kiavah",43,42,"43_to_42",8,0
"Kiavah",43,43,"43_to_43",3,0
"Kiavah",43,52,"43_to_52",1,0
"Kiavah",43,71,"43_to_71",1,0
"Kiavah",52,21,"52_to_21",54,0.01
"Kiavah",52,22,"52_to_22",1,0
"Kiavah",52,31,"52_to_31",109,0.03
"Kiavah",52,42,"52_to_42",4883,1.22
"Kiavah",52,43,"52_to_43",6,0
"Kiavah",52,52,"52_to_52",250856,62.92
"Kiavah",52,71,"52_to_71",19055,4.78
"Kiavah",52,90,"52_to_90",8,0
"Kiavah",52,95,"52_to_95",4,0
"Kiavah",71,21,"71_to_21",31,0.01
"Kiavah",71,22,"71_to_22",1,0
"Kiavah",71,31,"71_to_31",9,0
"Kiavah",71,42,"71_to_42",7,0
"Kiavah",71,52,"71_to_52",5652,1.42
"Kiavah",71,71,"71_to_71",18776,4.71
"Kiavah",90,42,"90_to_42",12,0
"Kiavah",90,52,"90_to_52",1,0
"Kiavah",90,90,"90_to_90",176,0.04
"Kiavah",90,95,"90_to_95",1,0
"Kiavah",95,90,"95_to_90",11,0
"Kiavah",95,95,"95_to_95",19,0
"Kimberling_Creek",21,21,"21_to_21",70,0.26
"Kimberling_Creek",41,41,"41_to_41",10632,39.04
"Kimberling_Creek",41,43,"41_to_43",76,0.28
"Kimberling_Creek",42,42,"42_to_42",709,2.6
"Kimberling_Creek",42,43,"42_to_43",30,0.11
"Kimberling_Creek",43,41,"43_to_41",20,0.07
"Kimberling_Creek",43,43,"43_to_43",15692,57.62
"Kimberling_Creek",81,81,"81_to_81",4,0.01
"King_Range",11,11,"11_to_11",1417,0.72
"King_Range",11,31,"11_to_31",97,0.05
"King_Range",11,42,"11_to_42",7,0
"King_Range",21,21,"21_to_21",586,0.3
"King_Range",21,22,"21_to_22",10,0.01
"King_Range",21,42,"21_to_42",88,0.04
"King_Range",21,43,"21_to_43",1,0
"King_Range",21,52,"21_to_52",33,0.02
"King_Range",21,71,"21_to_71",3,0
"King_Range",22,21,"22_to_21",49,0.02
"King_Range",22,22,"22_to_22",292,0.15
"King_Range",22,23,"22_to_23",1,0
"King_Range",22,42,"22_to_42",5,0
"King_Range",22,43,"22_to_43",1,0
"King_Range",22,52,"22_to_52",4,0
"King_Range",23,21,"23_to_21",14,0.01
"King_Range",23,22,"23_to_22",19,0.01
"King_Range",23,23,"23_to_23",24,0.01
"King_Range",23,42,"23_to_42",1,0
"King_Range",23,52,"23_to_52",2,0
"King_Range",31,11,"31_to_11",540,0.27
"King_Range",31,21,"31_to_21",1,0
"King_Range",31,22,"31_to_22",6,0
"King_Range",31,23,"31_to_23",5,0
"King_Range",31,31,"31_to_31",3622,1.83
"King_Range",31,42,"31_to_42",26,0.01
"King_Range",31,43,"31_to_43",2,0
"King_Range",31,52,"31_to_52",527,0.27
"King_Range",31,71,"31_to_71",54,0.03
"King_Range",31,95,"31_to_95",2,0
"King_Range",41,41,"41_to_41",60,0.03
"King_Range",41,42,"41_to_42",23,0.01
"King_Range",41,43,"41_to_43",6,0
"King_Range",41,52,"41_to_52",8,0
"King_Range",42,11,"42_to_11",1,0
"King_Range",42,21,"42_to_21",159,0.08
"King_Range",42,22,"42_to_22",17,0.01
"King_Range",42,31,"42_to_31",128,0.06
"King_Range",42,41,"42_to_41",66,0.03
"King_Range",42,42,"42_to_42",146110,73.84
"King_Range",42,43,"42_to_43",87,0.04
"King_Range",42,52,"42_to_52",6507,3.29
"King_Range",42,71,"42_to_71",4,0
"King_Range",43,22,"43_to_22",2,0
"King_Range",43,41,"43_to_41",22,0.01
"King_Range",43,42,"43_to_42",86,0.04
"King_Range",43,43,"43_to_43",528,0.27
"King_Range",43,52,"43_to_52",21,0.01
"King_Range",52,11,"52_to_11",5,0
"King_Range",52,21,"52_to_21",64,0.03
"King_Range",52,22,"52_to_22",20,0.01
"King_Range",52,23,"52_to_23",3,0
"King_Range",52,31,"52_to_31",263,0.13
"King_Range",52,41,"52_to_41",22,0.01
"King_Range",52,42,"52_to_42",7792,3.94
"King_Range",52,43,"52_to_43",345,0.17
"King_Range",52,52,"52_to_52",18254,9.23
"King_Range",52,71,"52_to_71",50,0.03
"King_Range",71,21,"71_to_21",35,0.02
"King_Range",71,22,"71_to_22",1,0
"King_Range",71,31,"71_to_31",16,0.01
"King_Range",71,41,"71_to_41",5,0
"King_Range",71,42,"71_to_42",3756,1.9
"King_Range",71,52,"71_to_52",977,0.49
"King_Range",71,71,"71_to_71",4860,2.46
"King_Range",90,90,"90_to_90",3,0
"King_Range",90,95,"90_to_95",7,0
"King_Range",95,11,"95_to_11",1,0
"King_Range",95,95,"95_to_95",114,0.06
"Kingston_Range",11,52,"11_to_52",1,0
"Kingston_Range",21,21,"21_to_21",16,0
"Kingston_Range",21,22,"21_to_22",8,0
"Kingston_Range",22,22,"22_to_22",239,0.02
"Kingston_Range",23,23,"23_to_23",2,0
"Kingston_Range",31,11,"31_to_11",1,0
"Kingston_Range",31,21,"31_to_21",1,0
"Kingston_Range",31,22,"31_to_22",22,0
"Kingston_Range",31,23,"31_to_23",3,0
"Kingston_Range",31,31,"31_to_31",126754,10.52
"Kingston_Range",31,52,"31_to_52",38924,3.23
"Kingston_Range",31,71,"31_to_71",1458,0.12
"Kingston_Range",42,42,"42_to_42",9127,0.76
"Kingston_Range",42,52,"42_to_52",290,0.02
"Kingston_Range",52,21,"52_to_21",16,0
"Kingston_Range",52,22,"52_to_22",102,0.01
"Kingston_Range",52,31,"52_to_31",10582,0.88
"Kingston_Range",52,42,"52_to_42",88,0.01
"Kingston_Range",52,52,"52_to_52",1015255,84.27
"Kingston_Range",52,71,"52_to_71",1317,0.11
"Kingston_Range",52,90,"52_to_90",5,0
"Kingston_Range",71,52,"71_to_52",18,0
"Kingston_Range",71,71,"71_to_71",174,0.01
"Kingston_Range",90,52,"90_to_52",1,0
"Kingston_Range",90,90,"90_to_90",278,0.02
"Kingston_Range",95,90,"95_to_90",79,0.01
"Kingston_Range",95,95,"95_to_95",13,0
"Kisatchie_Hills",21,21,"21_to_21",4,0.01
"Kisatchie_Hills",21,42,"21_to_42",4,0.01
"Kisatchie_Hills",31,31,"31_to_31",8,0.02
"Kisatchie_Hills",31,42,"31_to_42",2,0.01
"Kisatchie_Hills",41,41,"41_to_41",61,0.15
"Kisatchie_Hills",41,42,"41_to_42",67,0.17
"Kisatchie_Hills",41,43,"41_to_43",53,0.13
"Kisatchie_Hills",41,90,"41_to_90",1,0
"Kisatchie_Hills",42,21,"42_to_21",2,0.01
"Kisatchie_Hills",42,42,"42_to_42",24723,62.08
"Kisatchie_Hills",42,43,"42_to_43",92,0.23
"Kisatchie_Hills",42,52,"42_to_52",124,0.31
"Kisatchie_Hills",42,81,"42_to_81",1,0
"Kisatchie_Hills",42,90,"42_to_90",53,0.13
"Kisatchie_Hills",43,42,"43_to_42",83,0.21
"Kisatchie_Hills",43,43,"43_to_43",590,1.48
"Kisatchie_Hills",43,90,"43_to_90",4,0.01
"Kisatchie_Hills",52,41,"52_to_41",5,0.01
"Kisatchie_Hills",52,42,"52_to_42",4228,10.62
"Kisatchie_Hills",52,43,"52_to_43",78,0.2
"Kisatchie_Hills",52,52,"52_to_52",124,0.31
"Kisatchie_Hills",52,90,"52_to_90",37,0.09
"Kisatchie_Hills",71,42,"71_to_42",1574,3.95
"Kisatchie_Hills",71,52,"71_to_52",8,0.02
"Kisatchie_Hills",71,90,"71_to_90",11,0.03
"Kisatchie_Hills",81,42,"81_to_42",21,0.05
"Kisatchie_Hills",81,81,"81_to_81",6,0.02
"Kisatchie_Hills",90,42,"90_to_42",149,0.37
"Kisatchie_Hills",90,43,"90_to_43",12,0.03
"Kisatchie_Hills",90,90,"90_to_90",7685,19.3
"Kisatchie_Hills",90,95,"90_to_95",11,0.03
"Kisatchie_Hills",95,90,"95_to_90",4,0.01
"Kofa",11,52,"11_to_52",5,0
"Kofa",21,21,"21_to_21",3,0
"Kofa",21,52,"21_to_52",19,0
"Kofa",22,22,"22_to_22",69,0
"Kofa",23,22,"23_to_22",1,0
"Kofa",23,23,"23_to_23",3,0
"Kofa",31,21,"31_to_21",1,0
"Kofa",31,31,"31_to_31",2094,0.08
"Kofa",31,52,"31_to_52",233,0.01
"Kofa",31,71,"31_to_71",47,0
"Kofa",52,21,"52_to_21",43,0
"Kofa",52,22,"52_to_22",11,0
"Kofa",52,31,"52_to_31",14923,0.6
"Kofa",52,52,"52_to_52",2439859,98.27
"Kofa",52,71,"52_to_71",24333,0.98
"Kofa",52,90,"52_to_90",3,0
"Kofa",71,31,"71_to_31",199,0.01
"Kofa",71,52,"71_to_52",49,0
"Kofa",71,71,"71_to_71",837,0.03
"Kofa",90,90,"90_to_90",10,0
"La_Garita",11,11,"11_to_11",106,0.02
"La_Garita",11,31,"11_to_31",1,0
"La_Garita",11,71,"11_to_71",2,0
"La_Garita",11,90,"11_to_90",2,0
"La_Garita",12,12,"12_to_12",3,0
"La_Garita",21,21,"21_to_21",101,0.02
"La_Garita",21,22,"21_to_22",8,0
"La_Garita",21,42,"21_to_42",2,0
"La_Garita",21,71,"21_to_71",1,0
"La_Garita",22,21,"22_to_21",4,0
"La_Garita",22,22,"22_to_22",36,0.01
"La_Garita",22,23,"22_to_23",1,0
"La_Garita",23,23,"23_to_23",1,0
"La_Garita",31,11,"31_to_11",3,0
"La_Garita",31,31,"31_to_31",55929,9.76
"La_Garita",31,42,"31_to_42",398,0.07
"La_Garita",31,52,"31_to_52",605,0.11
"La_Garita",31,71,"31_to_71",245,0.04
"La_Garita",41,21,"41_to_21",1,0
"La_Garita",41,22,"41_to_22",19,0
"La_Garita",41,23,"41_to_23",8,0
"La_Garita",41,41,"41_to_41",19181,3.35
"La_Garita",41,42,"41_to_42",860,0.15
"La_Garita",41,43,"41_to_43",58,0.01
"La_Garita",41,52,"41_to_52",267,0.05
"La_Garita",41,71,"41_to_71",159,0.03
"La_Garita",41,90,"41_to_90",2,0
"La_Garita",42,21,"42_to_21",5,0
"La_Garita",42,22,"42_to_22",9,0
"La_Garita",42,23,"42_to_23",3,0
"La_Garita",42,31,"42_to_31",218,0.04
"La_Garita",42,41,"42_to_41",283,0.05
"La_Garita",42,42,"42_to_42",250743,43.76
"La_Garita",42,43,"42_to_43",39,0.01
"La_Garita",42,52,"42_to_52",9415,1.64
"La_Garita",42,71,"42_to_71",1073,0.19
"La_Garita",42,90,"42_to_90",568,0.1
"La_Garita",42,95,"42_to_95",1,0
"La_Garita",43,41,"43_to_41",58,0.01
"La_Garita",43,42,"43_to_42",215,0.04
"La_Garita",43,43,"43_to_43",662,0.12
"La_Garita",52,21,"52_to_21",47,0.01
"La_Garita",52,22,"52_to_22",12,0
"La_Garita",52,31,"52_to_31",260,0.05
"La_Garita",52,41,"52_to_41",582,0.1
"La_Garita",52,42,"52_to_42",6206,1.08
"La_Garita",52,52,"52_to_52",77592,13.54
"La_Garita",52,71,"52_to_71",3977,0.69
"La_Garita",52,90,"52_to_90",83,0.01
"La_Garita",52,95,"52_to_95",19,0
"La_Garita",71,11,"71_to_11",3,0
"La_Garita",71,21,"71_to_21",49,0.01
"La_Garita",71,22,"71_to_22",7,0
"La_Garita",71,31,"71_to_31",792,0.14
"La_Garita",71,41,"71_to_41",323,0.06
"La_Garita",71,42,"71_to_42",863,0.15
"La_Garita",71,52,"71_to_52",872,0.15
"La_Garita",71,71,"71_to_71",106805,18.64
"La_Garita",71,90,"71_to_90",13,0
"La_Garita",71,95,"71_to_95",8,0
"La_Garita",90,22,"90_to_22",6,0
"La_Garita",90,23,"90_to_23",3,0
"La_Garita",90,41,"90_to_41",3,0
"La_Garita",90,42,"90_to_42",44,0.01
"La_Garita",90,52,"90_to_52",18,0
"La_Garita",90,71,"90_to_71",5,0
"La_Garita",90,90,"90_to_90",23439,4.09
"La_Garita",90,95,"90_to_95",140,0.02
"La_Garita",95,52,"95_to_52",13,0
"La_Garita",95,71,"95_to_71",33,0.01
"La_Garita",95,90,"95_to_90",288,0.05
"La_Garita",95,95,"95_to_95",9244,1.61
"La_Madre_Mountain",21,21,"21_to_21",42,0.02
"La_Madre_Mountain",21,22,"21_to_22",1,0
"La_Madre_Mountain",22,21,"22_to_21",1,0
"La_Madre_Mountain",22,22,"22_to_22",354,0.17
"La_Madre_Mountain",22,23,"22_to_23",5,0
"La_Madre_Mountain",31,31,"31_to_31",667,0.31
"La_Madre_Mountain",41,22,"41_to_22",1,0
"La_Madre_Mountain",41,23,"41_to_23",1,0
"La_Madre_Mountain",41,41,"41_to_41",5,0
"La_Madre_Mountain",41,52,"41_to_52",85,0.04
"La_Madre_Mountain",42,21,"42_to_21",137,0.06
"La_Madre_Mountain",42,22,"42_to_22",134,0.06
"La_Madre_Mountain",42,23,"42_to_23",16,0.01
"La_Madre_Mountain",42,42,"42_to_42",78973,36.86
"La_Madre_Mountain",42,52,"42_to_52",37344,17.43
"La_Madre_Mountain",42,71,"42_to_71",152,0.07
"La_Madre_Mountain",52,21,"52_to_21",36,0.02
"La_Madre_Mountain",52,22,"52_to_22",5,0
"La_Madre_Mountain",52,23,"52_to_23",1,0
"La_Madre_Mountain",52,31,"52_to_31",5,0
"La_Madre_Mountain",52,42,"52_to_42",1029,0.48
"La_Madre_Mountain",52,52,"52_to_52",95207,44.44
"La_Madre_Mountain",52,71,"52_to_71",40,0.02
"La_Madre_Mountain",71,42,"71_to_42",7,0
"Labyrinth_Canyon",11,11,"11_to_11",1074,0.39
"Labyrinth_Canyon",11,52,"11_to_52",166,0.06
"Labyrinth_Canyon",11,81,"11_to_81",2,0
"Labyrinth_Canyon",11,90,"11_to_90",81,0.03
"Labyrinth_Canyon",22,22,"22_to_22",26,0.01
"Labyrinth_Canyon",22,23,"22_to_23",19,0.01
"Labyrinth_Canyon",23,22,"23_to_22",6,0
"Labyrinth_Canyon",23,23,"23_to_23",155,0.06
"Labyrinth_Canyon",23,24,"23_to_24",2,0
"Labyrinth_Canyon",23,52,"23_to_52",1,0
"Labyrinth_Canyon",24,22,"24_to_22",1,0
"Labyrinth_Canyon",24,23,"24_to_23",1,0
"Labyrinth_Canyon",24,24,"24_to_24",41,0.01
"Labyrinth_Canyon",31,31,"31_to_31",6617,2.4
"Labyrinth_Canyon",31,52,"31_to_52",161,0.06
"Labyrinth_Canyon",42,42,"42_to_42",5,0
"Labyrinth_Canyon",42,52,"42_to_52",2,0
"Labyrinth_Canyon",52,11,"52_to_11",61,0.02
"Labyrinth_Canyon",52,22,"52_to_22",1,0
"Labyrinth_Canyon",52,23,"52_to_23",5,0
"Labyrinth_Canyon",52,31,"52_to_31",35,0.01
"Labyrinth_Canyon",52,42,"52_to_42",5,0
"Labyrinth_Canyon",52,52,"52_to_52",262298,95.19
"Labyrinth_Canyon",52,81,"52_to_81",12,0
"Labyrinth_Canyon",52,82,"52_to_82",9,0
"Labyrinth_Canyon",52,90,"52_to_90",4,0
"Labyrinth_Canyon",52,95,"52_to_95",2,0
"Labyrinth_Canyon",71,23,"71_to_23",1,0
"Labyrinth_Canyon",81,52,"81_to_52",40,0.01
"Labyrinth_Canyon",81,81,"81_to_81",13,0
"Labyrinth_Canyon",81,90,"81_to_90",2,0
"Labyrinth_Canyon",90,11,"90_to_11",20,0.01
"Labyrinth_Canyon",90,52,"90_to_52",2,0
"Labyrinth_Canyon",90,90,"90_to_90",4678,1.7
"Labyrinth_Canyon",95,90,"95_to_90",2,0
"Lacassine",11,11,"11_to_11",156,1.02
"Lacassine",11,95,"11_to_95",13,0.09
"Lacassine",90,90,"90_to_90",1,0.01
"Lacassine",95,11,"95_to_11",102,0.67
"Lacassine",95,95,"95_to_95",14990,98.22
"Lake_Chelan_Sawtooth",11,11,"11_to_11",853,0.12
"Lake_Chelan_Sawtooth",11,22,"11_to_22",1,0
"Lake_Chelan_Sawtooth",11,31,"11_to_31",27,0
"Lake_Chelan_Sawtooth",11,42,"11_to_42",171,0.02
"Lake_Chelan_Sawtooth",11,52,"11_to_52",111,0.02
"Lake_Chelan_Sawtooth",11,71,"11_to_71",30,0
"Lake_Chelan_Sawtooth",12,12,"12_to_12",2577,0.37
"Lake_Chelan_Sawtooth",21,21,"21_to_21",27,0
"Lake_Chelan_Sawtooth",21,22,"21_to_22",1,0
"Lake_Chelan_Sawtooth",21,42,"21_to_42",2,0
"Lake_Chelan_Sawtooth",21,52,"21_to_52",1,0
"Lake_Chelan_Sawtooth",22,21,"22_to_21",7,0
"Lake_Chelan_Sawtooth",22,22,"22_to_22",155,0.02
"Lake_Chelan_Sawtooth",23,21,"23_to_21",1,0
"Lake_Chelan_Sawtooth",23,22,"23_to_22",2,0
"Lake_Chelan_Sawtooth",31,11,"31_to_11",45,0.01
"Lake_Chelan_Sawtooth",31,31,"31_to_31",56610,8.16
"Lake_Chelan_Sawtooth",31,42,"31_to_42",471,0.07
"Lake_Chelan_Sawtooth",31,52,"31_to_52",360,0.05
"Lake_Chelan_Sawtooth",31,71,"31_to_71",479,0.07
"Lake_Chelan_Sawtooth",41,41,"41_to_41",2,0
"Lake_Chelan_Sawtooth",41,42,"41_to_42",9,0
"Lake_Chelan_Sawtooth",41,52,"41_to_52",14,0
"Lake_Chelan_Sawtooth",42,11,"42_to_11",73,0.01
"Lake_Chelan_Sawtooth",42,21,"42_to_21",16,0
"Lake_Chelan_Sawtooth",42,22,"42_to_22",123,0.02
"Lake_Chelan_Sawtooth",42,23,"42_to_23",28,0
"Lake_Chelan_Sawtooth",42,31,"42_to_31",4670,0.67
"Lake_Chelan_Sawtooth",42,42,"42_to_42",237840,34.29
"Lake_Chelan_Sawtooth",42,52,"42_to_52",64840,9.35
"Lake_Chelan_Sawtooth",42,71,"42_to_71",120755,17.41
"Lake_Chelan_Sawtooth",42,81,"42_to_81",17,0
"Lake_Chelan_Sawtooth",42,82,"42_to_82",1,0
"Lake_Chelan_Sawtooth",42,90,"42_to_90",82,0.01
"Lake_Chelan_Sawtooth",42,95,"42_to_95",10,0
"Lake_Chelan_Sawtooth",43,42,"43_to_42",6,0
"Lake_Chelan_Sawtooth",43,52,"43_to_52",1,0
"Lake_Chelan_Sawtooth",43,71,"43_to_71",1,0
"Lake_Chelan_Sawtooth",52,11,"52_to_11",8,0
"Lake_Chelan_Sawtooth",52,21,"52_to_21",16,0
"Lake_Chelan_Sawtooth",52,22,"52_to_22",4,0
"Lake_Chelan_Sawtooth",52,31,"52_to_31",1315,0.19
"Lake_Chelan_Sawtooth",52,41,"52_to_41",11,0
"Lake_Chelan_Sawtooth",52,42,"52_to_42",8051,1.16
"Lake_Chelan_Sawtooth",52,43,"52_to_43",4,0
"Lake_Chelan_Sawtooth",52,52,"52_to_52",103256,14.89
"Lake_Chelan_Sawtooth",52,71,"52_to_71",29212,4.21
"Lake_Chelan_Sawtooth",52,81,"52_to_81",23,0
"Lake_Chelan_Sawtooth",52,82,"52_to_82",1,0
"Lake_Chelan_Sawtooth",52,90,"52_to_90",6,0
"Lake_Chelan_Sawtooth",71,21,"71_to_21",2,0
"Lake_Chelan_Sawtooth",71,31,"71_to_31",796,0.11
"Lake_Chelan_Sawtooth",71,41,"71_to_41",2,0
"Lake_Chelan_Sawtooth",71,42,"71_to_42",2240,0.32
"Lake_Chelan_Sawtooth",71,52,"71_to_52",3741,0.54
"Lake_Chelan_Sawtooth",71,71,"71_to_71",53545,7.72
"Lake_Chelan_Sawtooth",71,81,"71_to_81",1,0
"Lake_Chelan_Sawtooth",81,52,"81_to_52",1,0
"Lake_Chelan_Sawtooth",81,71,"81_to_71",2,0
"Lake_Chelan_Sawtooth",82,42,"82_to_42",1,0
"Lake_Chelan_Sawtooth",90,42,"90_to_42",37,0.01
"Lake_Chelan_Sawtooth",90,71,"90_to_71",1,0
"Lake_Chelan_Sawtooth",90,90,"90_to_90",800,0.12
"Lake_Chelan_Sawtooth",90,95,"90_to_95",19,0
"Lake_Chelan_Sawtooth",95,90,"95_to_90",14,0
"Lake_Chelan_Sawtooth",95,95,"95_to_95",71,0.01
"Lake_Woodruff",11,11,"11_to_11",224,4.67
"Lake_Woodruff",11,90,"11_to_90",8,0.17
"Lake_Woodruff",11,95,"11_to_95",6,0.12
"Lake_Woodruff",42,11,"42_to_11",4,0.08
"Lake_Woodruff",42,42,"42_to_42",3,0.06
"Lake_Woodruff",90,11,"90_to_11",27,0.56
"Lake_Woodruff",90,90,"90_to_90",4462,92.96
"Lake_Woodruff",90,95,"90_to_95",6,0.12
"Lake_Woodruff",95,11,"95_to_11",31,0.65
"Lake_Woodruff",95,90,"95_to_90",13,0.27
"Lake_Woodruff",95,95,"95_to_95",16,0.33
"Lassen_Volcanic",11,11,"11_to_11",3938,1.1
"Lassen_Volcanic",11,22,"11_to_22",5,0
"Lassen_Volcanic",11,23,"11_to_23",3,0
"Lassen_Volcanic",11,31,"11_to_31",2,0
"Lassen_Volcanic",11,42,"11_to_42",49,0.01
"Lassen_Volcanic",11,52,"11_to_52",52,0.01
"Lassen_Volcanic",11,71,"11_to_71",151,0.04
"Lassen_Volcanic",11,90,"11_to_90",14,0
"Lassen_Volcanic",11,95,"11_to_95",2,0
"Lassen_Volcanic",12,12,"12_to_12",73,0.02
"Lassen_Volcanic",21,21,"21_to_21",212,0.06
"Lassen_Volcanic",21,42,"21_to_42",13,0
"Lassen_Volcanic",21,52,"21_to_52",15,0
"Lassen_Volcanic",21,71,"21_to_71",19,0.01
"Lassen_Volcanic",22,21,"22_to_21",6,0
"Lassen_Volcanic",22,22,"22_to_22",346,0.1
"Lassen_Volcanic",22,23,"22_to_23",3,0
"Lassen_Volcanic",22,42,"22_to_42",1,0
"Lassen_Volcanic",22,71,"22_to_71",1,0
"Lassen_Volcanic",23,22,"23_to_22",14,0
"Lassen_Volcanic",23,23,"23_to_23",42,0.01
"Lassen_Volcanic",31,11,"31_to_11",15,0
"Lassen_Volcanic",31,23,"31_to_23",1,0
"Lassen_Volcanic",31,31,"31_to_31",24445,6.84
"Lassen_Volcanic",31,42,"31_to_42",205,0.06
"Lassen_Volcanic",31,52,"31_to_52",2246,0.63
"Lassen_Volcanic",31,71,"31_to_71",389,0.11
"Lassen_Volcanic",31,95,"31_to_95",1,0
"Lassen_Volcanic",41,42,"41_to_42",3,0
"Lassen_Volcanic",41,71,"41_to_71",2,0
"Lassen_Volcanic",42,11,"42_to_11",27,0.01
"Lassen_Volcanic",42,21,"42_to_21",82,0.02
"Lassen_Volcanic",42,22,"42_to_22",34,0.01
"Lassen_Volcanic",42,23,"42_to_23",3,0
"Lassen_Volcanic",42,31,"42_to_31",135,0.04
"Lassen_Volcanic",42,41,"42_to_41",5,0
"Lassen_Volcanic",42,42,"42_to_42",58837,16.46
"Lassen_Volcanic",42,52,"42_to_52",9511,2.66
"Lassen_Volcanic",42,71,"42_to_71",117159,32.77
"Lassen_Volcanic",42,90,"42_to_90",63,0.02
"Lassen_Volcanic",42,95,"42_to_95",37,0.01
"Lassen_Volcanic",52,11,"52_to_11",34,0.01
"Lassen_Volcanic",52,21,"52_to_21",92,0.03
"Lassen_Volcanic",52,22,"52_to_22",63,0.02
"Lassen_Volcanic",52,23,"52_to_23",20,0.01
"Lassen_Volcanic",52,31,"52_to_31",1977,0.55
"Lassen_Volcanic",52,42,"52_to_42",18838,5.27
"Lassen_Volcanic",52,52,"52_to_52",33368,9.33
"Lassen_Volcanic",52,71,"52_to_71",75130,21.01
"Lassen_Volcanic",52,90,"52_to_90",12,0
"Lassen_Volcanic",52,95,"52_to_95",15,0
"Lassen_Volcanic",71,11,"71_to_11",3,0
"Lassen_Volcanic",71,21,"71_to_21",1,0
"Lassen_Volcanic",71,31,"71_to_31",82,0.02
"Lassen_Volcanic",71,42,"71_to_42",329,0.09
"Lassen_Volcanic",71,52,"71_to_52",1883,0.53
"Lassen_Volcanic",71,71,"71_to_71",2721,0.76
"Lassen_Volcanic",71,95,"71_to_95",7,0
"Lassen_Volcanic",90,11,"90_to_11",13,0
"Lassen_Volcanic",90,42,"90_to_42",130,0.04
"Lassen_Volcanic",90,52,"90_to_52",17,0
"Lassen_Volcanic",90,71,"90_to_71",365,0.1
"Lassen_Volcanic",90,90,"90_to_90",3562,1
"Lassen_Volcanic",90,95,"90_to_95",303,0.08
"Lassen_Volcanic",95,11,"95_to_11",3,0
"Lassen_Volcanic",95,42,"95_to_42",2,0
"Lassen_Volcanic",95,52,"95_to_52",1,0
"Lassen_Volcanic",95,81,"95_to_81",1,0
"Lassen_Volcanic",95,90,"95_to_90",119,0.03
"Lassen_Volcanic",95,95,"95_to_95",278,0.08
"Latir_Peak",11,11,"11_to_11",11,0.01
"Latir_Peak",11,42,"11_to_42",1,0
"Latir_Peak",31,31,"31_to_31",3800,4.08
"Latir_Peak",31,52,"31_to_52",11,0.01
"Latir_Peak",31,71,"31_to_71",27,0.03
"Latir_Peak",41,41,"41_to_41",2926,3.15
"Latir_Peak",41,42,"41_to_42",565,0.61
"Latir_Peak",41,43,"41_to_43",17,0.02
"Latir_Peak",41,52,"41_to_52",17,0.02
"Latir_Peak",42,31,"42_to_31",13,0.01
"Latir_Peak",42,41,"42_to_41",95,0.1
"Latir_Peak",42,42,"42_to_42",64349,69.17
"Latir_Peak",42,43,"42_to_43",15,0.02
"Latir_Peak",42,52,"42_to_52",265,0.28
"Latir_Peak",42,71,"42_to_71",2,0
"Latir_Peak",42,90,"42_to_90",1,0
"Latir_Peak",43,41,"43_to_41",2,0
"Latir_Peak",43,42,"43_to_42",48,0.05
"Latir_Peak",43,43,"43_to_43",644,0.69
"Latir_Peak",52,31,"52_to_31",361,0.39
"Latir_Peak",52,41,"52_to_41",1741,1.87
"Latir_Peak",52,42,"52_to_42",3578,3.85
"Latir_Peak",52,43,"52_to_43",2,0
"Latir_Peak",52,52,"52_to_52",10715,11.52
"Latir_Peak",52,71,"52_to_71",266,0.29
"Latir_Peak",52,90,"52_to_90",7,0.01
"Latir_Peak",71,31,"71_to_31",62,0.07
"Latir_Peak",71,41,"71_to_41",4,0
"Latir_Peak",71,42,"71_to_42",55,0.06
"Latir_Peak",71,52,"71_to_52",33,0.04
"Latir_Peak",71,71,"71_to_71",3352,3.6
"Latir_Peak",90,42,"90_to_42",4,0
"Latir_Peak",90,52,"90_to_52",2,0
"Latir_Peak",90,90,"90_to_90",39,0.04
"Latir_Peak",90,95,"90_to_95",1,0
"Latir_Peak",95,95,"95_to_95",1,0
"Laurel_Fork_North",31,31,"31_to_31",43,0.16
"Laurel_Fork_North",31,41,"31_to_41",8,0.03
"Laurel_Fork_North",41,41,"41_to_41",27223,98.14
"Laurel_Fork_North",41,43,"41_to_43",3,0.01
"Laurel_Fork_North",41,71,"41_to_71",5,0.02
"Laurel_Fork_North",41,81,"41_to_81",2,0.01
"Laurel_Fork_North",42,42,"42_to_42",14,0.05
"Laurel_Fork_North",43,43,"43_to_43",380,1.37
"Laurel_Fork_North",81,41,"81_to_41",1,0
"Laurel_Fork_North",81,81,"81_to_81",35,0.13
"Laurel_Fork_North",90,90,"90_to_90",25,0.09
"Laurel_Fork_South",11,31,"11_to_31",2,0.01
"Laurel_Fork_South",11,41,"11_to_41",1,0
"Laurel_Fork_South",31,31,"31_to_31",2,0.01
"Laurel_Fork_South",41,31,"41_to_31",2,0.01
"Laurel_Fork_South",41,41,"41_to_41",18717,69.73
"Laurel_Fork_South",41,42,"41_to_42",2,0.01
"Laurel_Fork_South",41,43,"41_to_43",13,0.05
"Laurel_Fork_South",41,71,"41_to_71",1,0
"Laurel_Fork_South",42,42,"42_to_42",822,3.06
"Laurel_Fork_South",42,43,"42_to_43",7,0.03
"Laurel_Fork_South",42,90,"42_to_90",1,0
"Laurel_Fork_South",43,41,"43_to_41",12,0.04
"Laurel_Fork_South",43,42,"43_to_42",9,0.03
"Laurel_Fork_South",43,43,"43_to_43",7042,26.23
"Laurel_Fork_South",43,90,"43_to_90",3,0.01
"Laurel_Fork_South",81,81,"81_to_81",1,0
"Laurel_Fork_South",90,31,"90_to_31",1,0
"Laurel_Fork_South",90,41,"90_to_41",3,0.01
"Laurel_Fork_South",90,42,"90_to_42",1,0
"Laurel_Fork_South",90,43,"90_to_43",1,0
"Laurel_Fork_South",90,90,"90_to_90",196,0.73
"Laurel_Fork_South",95,95,"95_to_95",4,0.01
"Lava_Beds",21,21,"21_to_21",4,0
"Lava_Beds",31,31,"31_to_31",7239,5.66
"Lava_Beds",31,52,"31_to_52",1499,1.17
"Lava_Beds",42,22,"42_to_22",1,0
"Lava_Beds",42,31,"42_to_31",143,0.11
"Lava_Beds",42,42,"42_to_42",731,0.57
"Lava_Beds",42,52,"42_to_52",536,0.42
"Lava_Beds",42,71,"42_to_71",5845,4.57
"Lava_Beds",52,21,"52_to_21",1,0
"Lava_Beds",52,31,"52_to_31",1760,1.38
"Lava_Beds",52,42,"52_to_42",30,0.02
"Lava_Beds",52,52,"52_to_52",37659,29.45
"Lava_Beds",52,71,"52_to_71",66972,52.38
"Lava_Beds",71,21,"71_to_21",1,0
"Lava_Beds",71,31,"71_to_31",5,0
"Lava_Beds",71,42,"71_to_42",1,0
"Lava_Beds",71,52,"71_to_52",1237,0.97
"Lava_Beds",71,71,"71_to_71",4204,3.29
"LaVerkin_Creek",41,41,"41_to_41",207,9.41
"LaVerkin_Creek",41,42,"41_to_42",136,6.18
"LaVerkin_Creek",42,41,"42_to_41",1,0.05
"LaVerkin_Creek",42,42,"42_to_42",1499,68.14
"LaVerkin_Creek",42,52,"42_to_52",1,0.05
"LaVerkin_Creek",52,41,"52_to_41",37,1.68
"LaVerkin_Creek",52,42,"52_to_42",116,5.27
"LaVerkin_Creek",52,52,"52_to_52",203,9.23
"Leaf",21,21,"21_to_21",30,0.65
"Leaf",21,90,"21_to_90",1,0.02
"Leaf",22,22,"22_to_22",5,0.11
"Leaf",41,42,"41_to_42",2,0.04
"Leaf",41,43,"41_to_43",1,0.02
"Leaf",42,42,"42_to_42",73,1.58
"Leaf",42,43,"42_to_43",1,0.02
"Leaf",43,42,"43_to_42",145,3.14
"Leaf",43,43,"43_to_43",154,3.34
"Leaf",90,21,"90_to_21",1,0.02
"Leaf",90,42,"90_to_42",1,0.02
"Leaf",90,43,"90_to_43",2,0.04
"Leaf",90,90,"90_to_90",4200,90.99
"Leatherwood",21,21,"21_to_21",360,0.47
"Leatherwood",21,41,"21_to_41",8,0.01
"Leatherwood",21,42,"21_to_42",2,0
"Leatherwood",21,43,"21_to_43",1,0
"Leatherwood",22,22,"22_to_22",5,0.01
"Leatherwood",41,21,"41_to_21",4,0.01
"Leatherwood",41,41,"41_to_41",59058,77.22
"Leatherwood",41,42,"41_to_42",2,0
"Leatherwood",41,43,"41_to_43",168,0.22
"Leatherwood",42,21,"42_to_21",2,0
"Leatherwood",42,41,"42_to_41",67,0.09
"Leatherwood",42,42,"42_to_42",4414,5.77
"Leatherwood",42,43,"42_to_43",389,0.51
"Leatherwood",43,21,"43_to_21",1,0
"Leatherwood",43,41,"43_to_41",551,0.72
"Leatherwood",43,42,"43_to_42",36,0.05
"Leatherwood",43,43,"43_to_43",11366,14.86
"Leatherwood",52,41,"52_to_41",22,0.03
"Leatherwood",52,43,"52_to_43",6,0.01
"Leatherwood",81,21,"81_to_21",1,0
"Leatherwood",81,42,"81_to_42",1,0
"Leatherwood",81,81,"81_to_81",14,0.02
"Lee_Metcalf",11,11,"11_to_11",2013,0.18
"Lee_Metcalf",11,31,"11_to_31",10,0
"Lee_Metcalf",11,42,"11_to_42",40,0
"Lee_Metcalf",11,52,"11_to_52",2,0
"Lee_Metcalf",11,71,"11_to_71",5,0
"Lee_Metcalf",12,12,"12_to_12",18,0
"Lee_Metcalf",21,21,"21_to_21",155,0.01
"Lee_Metcalf",21,22,"21_to_22",12,0
"Lee_Metcalf",21,42,"21_to_42",3,0
"Lee_Metcalf",21,71,"21_to_71",2,0
"Lee_Metcalf",22,21,"22_to_21",19,0
"Lee_Metcalf",22,22,"22_to_22",420,0.04
"Lee_Metcalf",22,23,"22_to_23",1,0
"Lee_Metcalf",23,22,"23_to_22",11,0
"Lee_Metcalf",23,23,"23_to_23",10,0
"Lee_Metcalf",31,11,"31_to_11",27,0
"Lee_Metcalf",31,31,"31_to_31",68009,6.16
"Lee_Metcalf",31,42,"31_to_42",69,0.01
"Lee_Metcalf",31,52,"31_to_52",216,0.02
"Lee_Metcalf",31,71,"31_to_71",139,0.01
"Lee_Metcalf",41,41,"41_to_41",207,0.02
"Lee_Metcalf",41,42,"41_to_42",14,0
"Lee_Metcalf",41,52,"41_to_52",14,0
"Lee_Metcalf",41,71,"41_to_71",1,0
"Lee_Metcalf",42,11,"42_to_11",139,0.01
"Lee_Metcalf",42,21,"42_to_21",16,0
"Lee_Metcalf",42,22,"42_to_22",31,0
"Lee_Metcalf",42,31,"42_to_31",3218,0.29
"Lee_Metcalf",42,41,"42_to_41",1,0
"Lee_Metcalf",42,42,"42_to_42",669359,60.59
"Lee_Metcalf",42,52,"42_to_52",10090,0.91
"Lee_Metcalf",42,71,"42_to_71",9085,0.82
"Lee_Metcalf",42,90,"42_to_90",15,0
"Lee_Metcalf",43,42,"43_to_42",1,0
"Lee_Metcalf",43,43,"43_to_43",7,0
"Lee_Metcalf",43,52,"43_to_52",7,0
"Lee_Metcalf",52,11,"52_to_11",47,0
"Lee_Metcalf",52,21,"52_to_21",63,0.01
"Lee_Metcalf",52,22,"52_to_22",26,0
"Lee_Metcalf",52,31,"52_to_31",3955,0.36
"Lee_Metcalf",52,41,"52_to_41",71,0.01
"Lee_Metcalf",52,42,"52_to_42",15053,1.36
"Lee_Metcalf",52,43,"52_to_43",9,0
"Lee_Metcalf",52,52,"52_to_52",248136,22.46
"Lee_Metcalf",52,71,"52_to_71",2341,0.21
"Lee_Metcalf",52,90,"52_to_90",25,0
"Lee_Metcalf",52,95,"52_to_95",4,0
"Lee_Metcalf",71,11,"71_to_11",6,0
"Lee_Metcalf",71,21,"71_to_21",4,0
"Lee_Metcalf",71,22,"71_to_22",8,0
"Lee_Metcalf",71,31,"71_to_31",4247,0.38
"Lee_Metcalf",71,42,"71_to_42",182,0.02
"Lee_Metcalf",71,52,"71_to_52",589,0.05
"Lee_Metcalf",71,71,"71_to_71",63009,5.7
"Lee_Metcalf",81,81,"81_to_81",19,0
"Lee_Metcalf",90,42,"90_to_42",36,0
"Lee_Metcalf",90,52,"90_to_52",15,0
"Lee_Metcalf",90,71,"90_to_71",3,0
"Lee_Metcalf",90,90,"90_to_90",3094,0.28
"Lee_Metcalf",95,52,"95_to_52",6,0
"Lee_Metcalf",95,90,"95_to_90",7,0
"Lee_Metcalf",95,95,"95_to_95",379,0.03
"Lewis_Fork",31,31,"31_to_31",50,0.18
"Lewis_Fork",31,41,"31_to_41",9,0.03
"Lewis_Fork",31,52,"31_to_52",23,0.08
"Lewis_Fork",31,81,"31_to_81",2,0.01
"Lewis_Fork",41,41,"41_to_41",20285,72.46
"Lewis_Fork",41,42,"41_to_42",1,0
"Lewis_Fork",41,43,"41_to_43",26,0.09
"Lewis_Fork",41,52,"41_to_52",1,0
"Lewis_Fork",42,42,"42_to_42",2064,7.37
"Lewis_Fork",42,43,"42_to_43",7,0.03
"Lewis_Fork",43,41,"43_to_41",30,0.11
"Lewis_Fork",43,42,"43_to_42",2,0.01
"Lewis_Fork",43,43,"43_to_43",5155,18.42
"Lewis_Fork",52,41,"52_to_41",104,0.37
"Lewis_Fork",52,42,"52_to_42",1,0
"Lewis_Fork",52,43,"52_to_43",5,0.02
"Lewis_Fork",52,52,"52_to_52",219,0.78
"Lewis_Fork",81,41,"81_to_41",1,0
"Lewis_Fork",81,81,"81_to_81",8,0.03
"Lime_Canyon",21,21,"21_to_21",10,0.01
"Lime_Canyon",31,31,"31_to_31",153,0.14
"Lime_Canyon",31,52,"31_to_52",44,0.04
"Lime_Canyon",31,71,"31_to_71",2,0
"Lime_Canyon",52,31,"52_to_31",1,0
"Lime_Canyon",52,52,"52_to_52",88931,82.49
"Lime_Canyon",52,71,"52_to_71",607,0.56
"Lime_Canyon",71,21,"71_to_21",6,0.01
"Lime_Canyon",71,31,"71_to_31",7,0.01
"Lime_Canyon",71,52,"71_to_52",2284,2.12
"Lime_Canyon",71,71,"71_to_71",15766,14.62
"Linville_Gorge",11,11,"11_to_11",2,0
"Linville_Gorge",11,41,"11_to_41",7,0.01
"Linville_Gorge",11,42,"11_to_42",3,0.01
"Linville_Gorge",11,43,"11_to_43",2,0
"Linville_Gorge",21,21,"21_to_21",503,0.92
"Linville_Gorge",21,22,"21_to_22",45,0.08
"Linville_Gorge",21,41,"21_to_41",11,0.02
"Linville_Gorge",21,43,"21_to_43",1,0
"Linville_Gorge",22,22,"22_to_22",115,0.21
"Linville_Gorge",22,23,"22_to_23",2,0
"Linville_Gorge",31,31,"31_to_31",71,0.13
"Linville_Gorge",31,41,"31_to_41",2,0
"Linville_Gorge",31,52,"31_to_52",2,0
"Linville_Gorge",31,71,"31_to_71",3,0.01
"Linville_Gorge",41,31,"41_to_31",73,0.13
"Linville_Gorge",41,41,"41_to_41",15475,28.36
"Linville_Gorge",41,42,"41_to_42",422,0.77
"Linville_Gorge",41,43,"41_to_43",245,0.45
"Linville_Gorge",41,52,"41_to_52",67,0.12
"Linville_Gorge",41,71,"41_to_71",33,0.06
"Linville_Gorge",41,81,"41_to_81",2,0
"Linville_Gorge",42,11,"42_to_11",5,0.01
"Linville_Gorge",42,21,"42_to_21",1,0
"Linville_Gorge",42,22,"42_to_22",1,0
"Linville_Gorge",42,31,"42_to_31",37,0.07
"Linville_Gorge",42,41,"42_to_41",1120,2.05
"Linville_Gorge",42,42,"42_to_42",2554,4.68
"Linville_Gorge",42,43,"42_to_43",347,0.64
"Linville_Gorge",42,52,"42_to_52",328,0.6
"Linville_Gorge",42,71,"42_to_71",3,0.01
"Linville_Gorge",43,11,"43_to_11",1,0
"Linville_Gorge",43,21,"43_to_21",13,0.02
"Linville_Gorge",43,31,"43_to_31",39,0.07
"Linville_Gorge",43,41,"43_to_41",6263,11.48
"Linville_Gorge",43,42,"43_to_42",2129,3.9
"Linville_Gorge",43,43,"43_to_43",23922,43.84
"Linville_Gorge",43,52,"43_to_52",358,0.66
"Linville_Gorge",43,71,"43_to_71",37,0.07
"Linville_Gorge",52,31,"52_to_31",11,0.02
"Linville_Gorge",52,41,"52_to_41",1,0
"Linville_Gorge",52,43,"52_to_43",1,0
"Linville_Gorge",52,52,"52_to_52",7,0.01
"Linville_Gorge",52,71,"52_to_71",1,0
"Linville_Gorge",71,31,"71_to_31",11,0.02
"Linville_Gorge",71,41,"71_to_41",101,0.19
"Linville_Gorge",71,42,"71_to_42",10,0.02
"Linville_Gorge",71,43,"71_to_43",7,0.01
"Linville_Gorge",71,71,"71_to_71",51,0.09
"Linville_Gorge",81,31,"81_to_31",4,0.01
"Linville_Gorge",81,41,"81_to_41",18,0.03
"Linville_Gorge",81,71,"81_to_71",24,0.04
"Linville_Gorge",81,81,"81_to_81",81,0.15
"Little_Chuckwalla_Mountains",22,22,"22_to_22",12,0.01
"Little_Chuckwalla_Mountains",22,23,"22_to_23",1,0
"Little_Chuckwalla_Mountains",23,23,"23_to_23",7,0.01
"Little_Chuckwalla_Mountains",31,31,"31_to_31",201,0.15
"Little_Chuckwalla_Mountains",52,22,"52_to_22",1,0
"Little_Chuckwalla_Mountains",52,52,"52_to_52",130194,99.83
"Little_Dry_Run",21,21,"21_to_21",2,0.02
"Little_Dry_Run",41,41,"41_to_41",4585,34.81
"Little_Dry_Run",41,43,"41_to_43",41,0.31
"Little_Dry_Run",42,42,"42_to_42",286,2.17
"Little_Dry_Run",42,43,"42_to_43",23,0.17
"Little_Dry_Run",43,41,"43_to_41",16,0.12
"Little_Dry_Run",43,42,"43_to_42",11,0.08
"Little_Dry_Run",43,43,"43_to_43",8176,62.07
"Little_Dry_Run",81,81,"81_to_81",33,0.25
"Little_Frog_Mountain",21,21,"21_to_21",3,0.01
"Little_Frog_Mountain",22,21,"22_to_21",1,0
"Little_Frog_Mountain",22,22,"22_to_22",7,0.03
"Little_Frog_Mountain",41,41,"41_to_41",13660,52.63
"Little_Frog_Mountain",41,42,"41_to_42",4,0.02
"Little_Frog_Mountain",41,43,"41_to_43",118,0.45
"Little_Frog_Mountain",41,52,"41_to_52",2,0.01
"Little_Frog_Mountain",41,71,"41_to_71",1,0
"Little_Frog_Mountain",42,41,"42_to_41",7,0.03
"Little_Frog_Mountain",42,42,"42_to_42",1678,6.46
"Little_Frog_Mountain",42,43,"42_to_43",270,1.04
"Little_Frog_Mountain",43,41,"43_to_41",887,3.42
"Little_Frog_Mountain",43,42,"43_to_42",38,0.15
"Little_Frog_Mountain",43,43,"43_to_43",9268,35.71
"Little_Frog_Mountain",43,52,"43_to_52",2,0.01
"Little_Frog_Mountain",43,71,"43_to_71",4,0.02
"Little_Frog_Mountain",43,81,"43_to_81",2,0.01
"Little_Frog_Mountain",71,43,"71_to_43",1,0
"Little_Frog_Mountain",81,43,"81_to_43",4,0.02
"Little_High_Rock_Canyon",31,31,"31_to_31",209,0.1
"Little_High_Rock_Canyon",31,52,"31_to_52",209,0.1
"Little_High_Rock_Canyon",42,31,"42_to_31",3,0
"Little_High_Rock_Canyon",42,42,"42_to_42",103,0.05
"Little_High_Rock_Canyon",42,52,"42_to_52",13,0.01
"Little_High_Rock_Canyon",42,71,"42_to_71",2,0
"Little_High_Rock_Canyon",52,31,"52_to_31",17,0.01
"Little_High_Rock_Canyon",52,42,"52_to_42",50,0.02
"Little_High_Rock_Canyon",52,52,"52_to_52",181693,82.84
"Little_High_Rock_Canyon",52,71,"52_to_71",33004,15.05
"Little_High_Rock_Canyon",52,90,"52_to_90",4,0
"Little_High_Rock_Canyon",71,52,"71_to_52",281,0.13
"Little_High_Rock_Canyon",71,71,"71_to_71",3586,1.63
"Little_High_Rock_Canyon",90,52,"90_to_52",2,0
"Little_High_Rock_Canyon",90,90,"90_to_90",158,0.07
"Little_Jacks_Creek",22,22,"22_to_22",133,0.05
"Little_Jacks_Creek",42,42,"42_to_42",52,0.02
"Little_Jacks_Creek",42,52,"42_to_52",49,0.02
"Little_Jacks_Creek",42,71,"42_to_71",1,0
"Little_Jacks_Creek",52,22,"52_to_22",9,0
"Little_Jacks_Creek",52,42,"52_to_42",103,0.04
"Little_Jacks_Creek",52,52,"52_to_52",181827,72.99
"Little_Jacks_Creek",52,71,"52_to_71",43313,17.39
"Little_Jacks_Creek",71,22,"71_to_22",1,0
"Little_Jacks_Creek",71,42,"71_to_42",1,0
"Little_Jacks_Creek",71,52,"71_to_52",18119,7.27
"Little_Jacks_Creek",71,71,"71_to_71",5486,2.2
"Little_Jacks_Creek",90,90,"90_to_90",6,0
"Little_Jacks_Creek",95,90,"95_to_90",1,0
"Little_Lake_Creek",21,21,"21_to_21",162,0.89
"Little_Lake_Creek",21,22,"21_to_22",5,0.03
"Little_Lake_Creek",21,42,"21_to_42",71,0.39
"Little_Lake_Creek",22,22,"22_to_22",11,0.06
"Little_Lake_Creek",42,21,"42_to_21",39,0.21
"Little_Lake_Creek",42,42,"42_to_42",9112,50
"Little_Lake_Creek",42,43,"42_to_43",2431,13.34
"Little_Lake_Creek",42,90,"42_to_90",112,0.61
"Little_Lake_Creek",43,42,"43_to_42",92,0.5
"Little_Lake_Creek",43,43,"43_to_43",1498,8.22
"Little_Lake_Creek",43,81,"43_to_81",1,0.01
"Little_Lake_Creek",52,42,"52_to_42",50,0.27
"Little_Lake_Creek",52,43,"52_to_43",7,0.04
"Little_Lake_Creek",81,81,"81_to_81",3,0.02
"Little_Lake_Creek",90,42,"90_to_42",27,0.15
"Little_Lake_Creek",90,90,"90_to_90",4604,25.26
"Little_Lake_George",11,11,"11_to_11",84,0.64
"Little_Lake_George",11,95,"11_to_95",1,0.01
"Little_Lake_George",21,21,"21_to_21",53,0.4
"Little_Lake_George",21,42,"21_to_42",40,0.31
"Little_Lake_George",22,22,"22_to_22",4,0.03
"Little_Lake_George",42,11,"42_to_11",3,0.02
"Little_Lake_George",42,21,"42_to_21",4,0.03
"Little_Lake_George",42,42,"42_to_42",2514,19.18
"Little_Lake_George",42,52,"42_to_52",2,0.02
"Little_Lake_George",42,90,"42_to_90",4,0.03
"Little_Lake_George",52,42,"52_to_42",1,0.01
"Little_Lake_George",90,11,"90_to_11",15,0.11
"Little_Lake_George",90,42,"90_to_42",4,0.03
"Little_Lake_George",90,90,"90_to_90",10334,78.83
"Little_Lake_George",90,95,"90_to_95",35,0.27
"Little_Lake_George",95,11,"95_to_11",4,0.03
"Little_Lake_George",95,95,"95_to_95",7,0.05
"Little_Ocean_Draw",31,31,"31_to_31",2153,2.06
"Little_Ocean_Draw",31,52,"31_to_52",288,0.28
"Little_Ocean_Draw",52,21,"52_to_21",1,0
"Little_Ocean_Draw",52,31,"52_to_31",80,0.08
"Little_Ocean_Draw",52,42,"52_to_42",4,0
"Little_Ocean_Draw",52,52,"52_to_52",102134,97.58
"Little_Ocean_Draw",71,52,"71_to_52",5,0
"Little_Picacho",31,31,"31_to_31",19754,11.14
"Little_Picacho",31,52,"31_to_52",584,0.33
"Little_Picacho",52,31,"52_to_31",2841,1.6
"Little_Picacho",52,52,"52_to_52",154114,86.88
"Little_Picacho",52,71,"52_to_71",2,0
"Little_Picacho",52,90,"52_to_90",18,0.01
"Little_Picacho",52,95,"52_to_95",2,0
"Little_Picacho",71,31,"71_to_31",14,0.01
"Little_Picacho",71,52,"71_to_52",2,0
"Little_Picacho",71,71,"71_to_71",24,0.01
"Little_Picacho",90,52,"90_to_52",1,0
"Little_Picacho",90,90,"90_to_90",30,0.02
"Little_Picacho",90,95,"90_to_95",2,0
"Little_Picacho",95,90,"95_to_90",2,0
"Little_Picacho",95,95,"95_to_95",4,0
"Little_Wambaw_Swamp",21,21,"21_to_21",7,0.03
"Little_Wambaw_Swamp",42,42,"42_to_42",157,0.68
"Little_Wambaw_Swamp",42,71,"42_to_71",1,0
"Little_Wambaw_Swamp",52,42,"52_to_42",8,0.03
"Little_Wambaw_Swamp",90,90,"90_to_90",22748,99.25
"Little_Wild_Horse_Canyon",31,31,"31_to_31",972,3.38
"Little_Wild_Horse_Canyon",31,52,"31_to_52",212,0.74
"Little_Wild_Horse_Canyon",52,31,"52_to_31",40,0.14
"Little_Wild_Horse_Canyon",52,42,"52_to_42",1,0
"Little_Wild_Horse_Canyon",52,52,"52_to_52",27526,95.74
"Little_Wilson_Creek",21,21,"21_to_21",14,0.06
"Little_Wilson_Creek",31,31,"31_to_31",8,0.03
"Little_Wilson_Creek",31,41,"31_to_41",3,0.01
"Little_Wilson_Creek",31,52,"31_to_52",4,0.02
"Little_Wilson_Creek",41,41,"41_to_41",21870,86.61
"Little_Wilson_Creek",41,43,"41_to_43",42,0.17
"Little_Wilson_Creek",42,42,"42_to_42",2,0.01
"Little_Wilson_Creek",43,41,"43_to_41",3,0.01
"Little_Wilson_Creek",43,43,"43_to_43",3135,12.42
"Little_Wilson_Creek",52,41,"52_to_41",19,0.08
"Little_Wilson_Creek",52,52,"52_to_52",32,0.13
"Little_Wilson_Creek",71,41,"71_to_41",62,0.25
"Little_Wilson_Creek",81,41,"81_to_41",10,0.04
"Little_Wilson_Creek",81,81,"81_to_81",46,0.18
"Lizard_Head",11,11,"11_to_11",34,0.02
"Lizard_Head",11,31,"11_to_31",1,0
"Lizard_Head",11,42,"11_to_42",4,0
"Lizard_Head",12,12,"12_to_12",53,0.03
"Lizard_Head",21,21,"21_to_21",9,0
"Lizard_Head",22,22,"22_to_22",15,0.01
"Lizard_Head",23,22,"23_to_22",1,0
"Lizard_Head",31,31,"31_to_31",38034,20.13
"Lizard_Head",31,42,"31_to_42",39,0.02
"Lizard_Head",31,52,"31_to_52",75,0.04
"Lizard_Head",31,71,"31_to_71",9,0
"Lizard_Head",41,41,"41_to_41",12116,6.41
"Lizard_Head",41,42,"41_to_42",44,0.02
"Lizard_Head",41,43,"41_to_43",147,0.08
"Lizard_Head",41,52,"41_to_52",31,0.02
"Lizard_Head",41,71,"41_to_71",27,0.01
"Lizard_Head",41,90,"41_to_90",2,0
"Lizard_Head",42,22,"42_to_22",1,0
"Lizard_Head",42,31,"42_to_31",72,0.04
"Lizard_Head",42,41,"42_to_41",231,0.12
"Lizard_Head",42,42,"42_to_42",94770,50.16
"Lizard_Head",42,43,"42_to_43",169,0.09
"Lizard_Head",42,52,"42_to_52",103,0.05
"Lizard_Head",42,71,"42_to_71",72,0.04
"Lizard_Head",42,90,"42_to_90",10,0.01
"Lizard_Head",43,41,"43_to_41",20,0.01
"Lizard_Head",43,42,"43_to_42",349,0.18
"Lizard_Head",43,43,"43_to_43",5775,3.06
"Lizard_Head",52,21,"52_to_21",3,0
"Lizard_Head",52,22,"52_to_22",1,0
"Lizard_Head",52,31,"52_to_31",235,0.12
"Lizard_Head",52,41,"52_to_41",369,0.2
"Lizard_Head",52,42,"52_to_42",899,0.48
"Lizard_Head",52,52,"52_to_52",16687,8.83
"Lizard_Head",52,71,"52_to_71",815,0.43
"Lizard_Head",52,90,"52_to_90",7,0
"Lizard_Head",52,95,"52_to_95",1,0
"Lizard_Head",71,11,"71_to_11",2,0
"Lizard_Head",71,31,"71_to_31",405,0.21
"Lizard_Head",71,41,"71_to_41",14,0.01
"Lizard_Head",71,42,"71_to_42",248,0.13
"Lizard_Head",71,52,"71_to_52",191,0.1
"Lizard_Head",71,71,"71_to_71",14629,7.74
"Lizard_Head",90,41,"90_to_41",2,0
"Lizard_Head",90,42,"90_to_42",14,0.01
"Lizard_Head",90,52,"90_to_52",4,0
"Lizard_Head",90,71,"90_to_71",2,0
"Lizard_Head",90,90,"90_to_90",1658,0.88
"Lizard_Head",90,95,"90_to_95",12,0.01
"Lizard_Head",95,90,"95_to_90",6,0
"Lizard_Head",95,95,"95_to_95",511,0.27
"Lone_Peak",11,11,"11_to_11",86,0.06
"Lone_Peak",11,31,"11_to_31",5,0
"Lone_Peak",12,12,"12_to_12",291,0.21
"Lone_Peak",21,21,"21_to_21",3,0
"Lone_Peak",21,22,"21_to_22",3,0
"Lone_Peak",22,22,"22_to_22",37,0.03
"Lone_Peak",22,52,"22_to_52",1,0
"Lone_Peak",23,23,"23_to_23",2,0
"Lone_Peak",23,41,"23_to_41",1,0
"Lone_Peak",31,31,"31_to_31",9242,6.65
"Lone_Peak",31,42,"31_to_42",24,0.02
"Lone_Peak",31,52,"31_to_52",151,0.11
"Lone_Peak",31,71,"31_to_71",19,0.01
"Lone_Peak",41,22,"41_to_22",2,0
"Lone_Peak",41,41,"41_to_41",12990,9.34
"Lone_Peak",41,42,"41_to_42",732,0.53
"Lone_Peak",41,43,"41_to_43",2,0
"Lone_Peak",41,52,"41_to_52",859,0.62
"Lone_Peak",41,71,"41_to_71",3,0
"Lone_Peak",42,11,"42_to_11",4,0
"Lone_Peak",42,21,"42_to_21",1,0
"Lone_Peak",42,22,"42_to_22",3,0
"Lone_Peak",42,31,"42_to_31",90,0.06
"Lone_Peak",42,41,"42_to_41",616,0.44
"Lone_Peak",42,42,"42_to_42",52572,37.81
"Lone_Peak",42,43,"42_to_43",6,0
"Lone_Peak",42,52,"42_to_52",7502,5.4
"Lone_Peak",42,71,"42_to_71",7,0.01
"Lone_Peak",43,42,"43_to_42",2,0
"Lone_Peak",43,43,"43_to_43",29,0.02
"Lone_Peak",52,11,"52_to_11",8,0.01
"Lone_Peak",52,21,"52_to_21",8,0.01
"Lone_Peak",52,22,"52_to_22",25,0.02
"Lone_Peak",52,23,"52_to_23",4,0
"Lone_Peak",52,31,"52_to_31",300,0.22
"Lone_Peak",52,41,"52_to_41",2523,1.81
"Lone_Peak",52,42,"52_to_42",2041,1.47
"Lone_Peak",52,52,"52_to_52",45489,32.72
"Lone_Peak",52,71,"52_to_71",188,0.14
"Lone_Peak",71,31,"71_to_31",175,0.13
"Lone_Peak",71,41,"71_to_41",35,0.03
"Lone_Peak",71,42,"71_to_42",25,0.02
"Lone_Peak",71,52,"71_to_52",1321,0.95
"Lone_Peak",71,71,"71_to_71",1577,1.13
"Lone_Peak",90,42,"90_to_42",1,0
"Lone_Peak",90,52,"90_to_52",2,0
"Lone_Peak",90,90,"90_to_90",30,0.02
"Lost_Creek",21,21,"21_to_21",43,0.01
"Lost_Creek",21,71,"21_to_71",1,0
"Lost_Creek",31,31,"31_to_31",771,0.15
"Lost_Creek",31,52,"31_to_52",5,0
"Lost_Creek",31,71,"31_to_71",1,0
"Lost_Creek",41,41,"41_to_41",12179,2.34
"Lost_Creek",41,42,"41_to_42",749,0.14
"Lost_Creek",41,43,"41_to_43",276,0.05
"Lost_Creek",41,52,"41_to_52",545,0.1
"Lost_Creek",41,71,"41_to_71",2,0
"Lost_Creek",41,90,"41_to_90",10,0
"Lost_Creek",42,21,"42_to_21",4,0
"Lost_Creek",42,31,"42_to_31",14,0
"Lost_Creek",42,41,"42_to_41",167,0.03
"Lost_Creek",42,42,"42_to_42",373002,71.56
"Lost_Creek",42,43,"42_to_43",170,0.03
"Lost_Creek",42,52,"42_to_52",17520,3.36
"Lost_Creek",42,71,"42_to_71",1473,0.28
"Lost_Creek",42,90,"42_to_90",35,0.01
"Lost_Creek",42,95,"42_to_95",5,0
"Lost_Creek",43,41,"43_to_41",3,0
"Lost_Creek",43,42,"43_to_42",51,0.01
"Lost_Creek",43,43,"43_to_43",2988,0.57
"Lost_Creek",43,52,"43_to_52",17,0
"Lost_Creek",52,21,"52_to_21",10,0
"Lost_Creek",52,31,"52_to_31",5,0
"Lost_Creek",52,41,"52_to_41",2385,0.46
"Lost_Creek",52,42,"52_to_42",13607,2.61
"Lost_Creek",52,43,"52_to_43",1,0
"Lost_Creek",52,52,"52_to_52",59294,11.38
"Lost_Creek",52,71,"52_to_71",458,0.09
"Lost_Creek",52,90,"52_to_90",35,0.01
"Lost_Creek",71,21,"71_to_21",2,0
"Lost_Creek",71,31,"71_to_31",7,0
"Lost_Creek",71,41,"71_to_41",152,0.03
"Lost_Creek",71,42,"71_to_42",1400,0.27
"Lost_Creek",71,52,"71_to_52",230,0.04
"Lost_Creek",71,71,"71_to_71",16978,3.26
"Lost_Creek",90,41,"90_to_41",9,0
"Lost_Creek",90,42,"90_to_42",97,0.02
"Lost_Creek",90,52,"90_to_52",37,0.01
"Lost_Creek",90,90,"90_to_90",8237,1.58
"Lost_Creek",90,95,"90_to_95",189,0.04
"Lost_Creek",95,52,"95_to_52",2,0
"Lost_Creek",95,90,"95_to_90",113,0.02
"Lost_Creek",95,95,"95_to_95",7982,1.53
"Lostwood",11,11,"11_to_11",23,0.09
"Lostwood",21,21,"21_to_21",103,0.41
"Lostwood",21,22,"21_to_22",30,0.12
"Lostwood",21,71,"21_to_71",9,0.04
"Lostwood",21,95,"21_to_95",1,0
"Lostwood",22,21,"22_to_21",1,0
"Lostwood",22,22,"22_to_22",36,0.14
"Lostwood",22,23,"22_to_23",4,0.02
"Lostwood",23,23,"23_to_23",3,0.01
"Lostwood",41,41,"41_to_41",2,0.01
"Lostwood",41,71,"41_to_71",35,0.14
"Lostwood",71,11,"71_to_11",179,0.71
"Lostwood",71,21,"71_to_21",24,0.1
"Lostwood",71,22,"71_to_22",4,0.02
"Lostwood",71,23,"71_to_23",1,0
"Lostwood",71,71,"71_to_71",22084,87.74
"Lostwood",71,95,"71_to_95",252,1
"Lostwood",90,71,"90_to_71",1,0
"Lostwood",90,90,"90_to_90",5,0.02
"Lostwood",90,95,"90_to_95",2,0.01
"Lostwood",95,11,"95_to_11",281,1.12
"Lostwood",95,71,"95_to_71",64,0.25
"Lostwood",95,95,"95_to_95",2026,8.05
"Lower_Last_Chance",21,21,"21_to_21",84,0.09
"Lower_Last_Chance",21,22,"21_to_22",1,0
"Lower_Last_Chance",21,52,"21_to_52",1,0
"Lower_Last_Chance",22,21,"22_to_21",1,0
"Lower_Last_Chance",22,22,"22_to_22",80,0.08
"Lower_Last_Chance",22,23,"22_to_23",1,0
"Lower_Last_Chance",31,31,"31_to_31",9953,10.13
"Lower_Last_Chance",31,52,"31_to_52",2895,2.95
"Lower_Last_Chance",52,21,"52_to_21",27,0.03
"Lower_Last_Chance",52,22,"52_to_22",3,0
"Lower_Last_Chance",52,31,"52_to_31",33,0.03
"Lower_Last_Chance",52,42,"52_to_42",9,0.01
"Lower_Last_Chance",52,52,"52_to_52",85144,86.68
"Lower_White_River",21,21,"21_to_21",9,0.07
"Lower_White_River",21,42,"21_to_42",1,0.01
"Lower_White_River",22,22,"22_to_22",5,0.04
"Lower_White_River",42,21,"42_to_21",13,0.09
"Lower_White_River",42,22,"42_to_22",5,0.04
"Lower_White_River",42,42,"42_to_42",1512,11.04
"Lower_White_River",42,52,"42_to_52",1881,13.73
"Lower_White_River",42,71,"42_to_71",6811,49.73
"Lower_White_River",52,21,"52_to_21",10,0.07
"Lower_White_River",52,22,"52_to_22",3,0.02
"Lower_White_River",52,42,"52_to_42",130,0.95
"Lower_White_River",52,52,"52_to_52",229,1.67
"Lower_White_River",52,71,"52_to_71",1728,12.62
"Lower_White_River",71,42,"71_to_42",40,0.29
"Lower_White_River",71,52,"71_to_52",3,0.02
"Lower_White_River",71,71,"71_to_71",1317,9.62
"Lusk_Creek",11,41,"11_to_41",1,0
"Lusk_Creek",21,21,"21_to_21",106,0.35
"Lusk_Creek",22,22,"22_to_22",3,0.01
"Lusk_Creek",41,21,"41_to_21",2,0.01
"Lusk_Creek",41,41,"41_to_41",20465,66.92
"Lusk_Creek",41,42,"41_to_42",3,0.01
"Lusk_Creek",41,43,"41_to_43",129,0.42
"Lusk_Creek",41,81,"41_to_81",1,0
"Lusk_Creek",42,42,"42_to_42",5888,19.25
"Lusk_Creek",42,43,"42_to_43",70,0.23
"Lusk_Creek",43,11,"43_to_11",1,0
"Lusk_Creek",43,41,"43_to_41",6,0.02
"Lusk_Creek",43,42,"43_to_42",42,0.14
"Lusk_Creek",43,43,"43_to_43",3853,12.6
"Lusk_Creek",81,41,"81_to_41",1,0
"Lusk_Creek",81,81,"81_to_81",10,0.03
"Lye_Brook",11,11,"11_to_11",261,0.32
"Lye_Brook",11,41,"11_to_41",3,0
"Lye_Brook",11,42,"11_to_42",9,0.01
"Lye_Brook",11,43,"11_to_43",7,0.01
"Lye_Brook",11,71,"11_to_71",5,0.01
"Lye_Brook",11,90,"11_to_90",81,0.1
"Lye_Brook",11,95,"11_to_95",13,0.02
"Lye_Brook",21,21,"21_to_21",13,0.02
"Lye_Brook",21,22,"21_to_22",6,0.01
"Lye_Brook",22,22,"22_to_22",11,0.01
"Lye_Brook",31,31,"31_to_31",18,0.02
"Lye_Brook",41,21,"41_to_21",6,0.01
"Lye_Brook",41,22,"41_to_22",4,0
"Lye_Brook",41,31,"41_to_31",4,0
"Lye_Brook",41,41,"41_to_41",48206,58.4
"Lye_Brook",41,43,"41_to_43",149,0.18
"Lye_Brook",41,90,"41_to_90",4,0
"Lye_Brook",42,11,"42_to_11",7,0.01
"Lye_Brook",42,41,"42_to_41",9,0.01
"Lye_Brook",42,42,"42_to_42",8615,10.44
"Lye_Brook",42,43,"42_to_43",143,0.17
"Lye_Brook",42,71,"42_to_71",1,0
"Lye_Brook",42,90,"42_to_90",2,0
"Lye_Brook",43,11,"43_to_11",1,0
"Lye_Brook",43,41,"43_to_41",213,0.26
"Lye_Brook",43,42,"43_to_42",77,0.09
"Lye_Brook",43,43,"43_to_43",14720,17.83
"Lye_Brook",43,90,"43_to_90",7,0.01
"Lye_Brook",52,52,"52_to_52",1,0
"Lye_Brook",71,90,"71_to_90",1,0
"Lye_Brook",90,11,"90_to_11",5,0.01
"Lye_Brook",90,41,"90_to_41",1,0
"Lye_Brook",90,42,"90_to_42",1,0
"Lye_Brook",90,43,"90_to_43",2,0
"Lye_Brook",90,90,"90_to_90",9813,11.89
"Lye_Brook",90,95,"90_to_95",34,0.04
"Lye_Brook",95,90,"95_to_90",63,0.08
"Lye_Brook",95,95,"95_to_95",34,0.04
"Machesna_Mountain",41,41,"41_to_41",1,0
"Machesna_Mountain",41,43,"41_to_43",1,0
"Machesna_Mountain",42,42,"42_to_42",355,0.42
"Machesna_Mountain",42,43,"42_to_43",1542,1.83
"Machesna_Mountain",42,52,"42_to_52",3231,3.83
"Machesna_Mountain",43,42,"43_to_42",26,0.03
"Machesna_Mountain",43,43,"43_to_43",3251,3.86
"Machesna_Mountain",43,52,"43_to_52",20501,24.33
"Machesna_Mountain",52,43,"52_to_43",53,0.06
"Machesna_Mountain",52,52,"52_to_52",53018,62.91
"Machesna_Mountain",52,71,"52_to_71",114,0.14
"Machesna_Mountain",71,43,"71_to_43",1,0
"Machesna_Mountain",71,52,"71_to_52",310,0.37
"Machesna_Mountain",71,71,"71_to_71",1873,2.22
"Mackinac",11,11,"11_to_11",8,0.02
"Mackinac",11,90,"11_to_90",8,0.02
"Mackinac",11,95,"11_to_95",23,0.04
"Mackinac",21,21,"21_to_21",191,0.37
"Mackinac",21,22,"21_to_22",7,0.01
"Mackinac",21,42,"21_to_42",1,0
"Mackinac",21,90,"21_to_90",1,0
"Mackinac",22,21,"22_to_21",2,0
"Mackinac",22,22,"22_to_22",64,0.12
"Mackinac",41,21,"41_to_21",2,0
"Mackinac",41,41,"41_to_41",4519,8.7
"Mackinac",41,42,"41_to_42",22,0.04
"Mackinac",41,43,"41_to_43",294,0.57
"Mackinac",41,52,"41_to_52",1,0
"Mackinac",41,71,"41_to_71",1,0
"Mackinac",41,90,"41_to_90",3,0.01
"Mackinac",42,42,"42_to_42",3730,7.18
"Mackinac",42,43,"42_to_43",6,0.01
"Mackinac",42,90,"42_to_90",2,0
"Mackinac",43,21,"43_to_21",1,0
"Mackinac",43,22,"43_to_22",1,0
"Mackinac",43,41,"43_to_41",33,0.06
"Mackinac",43,42,"43_to_42",581,1.12
"Mackinac",43,43,"43_to_43",6398,12.31
"Mackinac",43,71,"43_to_71",4,0.01
"Mackinac",43,90,"43_to_90",10,0.02
"Mackinac",52,41,"52_to_41",4,0.01
"Mackinac",52,43,"52_to_43",6,0.01
"Mackinac",71,71,"71_to_71",1,0
"Mackinac",90,11,"90_to_11",12,0.02
"Mackinac",90,21,"90_to_21",3,0.01
"Mackinac",90,41,"90_to_41",1,0
"Mackinac",90,42,"90_to_42",14,0.03
"Mackinac",90,43,"90_to_43",5,0.01
"Mackinac",90,90,"90_to_90",35750,68.79
"Mackinac",90,95,"90_to_95",28,0.05
"Mackinac",95,11,"95_to_11",8,0.02
"Mackinac",95,90,"95_to_90",133,0.26
"Mackinac",95,95,"95_to_95",90,0.17
"Magic_Mountain",21,22,"21_to_22",1,0
"Magic_Mountain",21,52,"21_to_52",2,0
"Magic_Mountain",22,22,"22_to_22",14,0.03
"Magic_Mountain",42,52,"42_to_52",2921,5.22
"Magic_Mountain",42,71,"42_to_71",1,0
"Magic_Mountain",43,43,"43_to_43",4,0.01
"Magic_Mountain",43,52,"43_to_52",12277,21.95
"Magic_Mountain",43,71,"43_to_71",2922,5.22
"Magic_Mountain",52,22,"52_to_22",1,0
"Magic_Mountain",52,43,"52_to_43",7,0.01
"Magic_Mountain",52,52,"52_to_52",25342,45.31
"Magic_Mountain",52,71,"52_to_71",11646,20.82
"Magic_Mountain",71,52,"71_to_52",610,1.09
"Magic_Mountain",71,71,"71_to_71",108,0.19
"Magic_Mountain",90,52,"90_to_52",9,0.02
"Magic_Mountain",90,90,"90_to_90",63,0.11
"Malpais_Mesa",21,21,"21_to_21",2,0
"Malpais_Mesa",21,52,"21_to_52",1,0
"Malpais_Mesa",22,22,"22_to_22",77,0.05
"Malpais_Mesa",31,31,"31_to_31",71,0.05
"Malpais_Mesa",31,52,"31_to_52",2,0
"Malpais_Mesa",52,21,"52_to_21",2,0
"Malpais_Mesa",52,22,"52_to_22",27,0.02
"Malpais_Mesa",52,31,"52_to_31",9,0.01
"Malpais_Mesa",52,42,"52_to_42",1,0
"Malpais_Mesa",52,52,"52_to_52",141282,96.95
"Malpais_Mesa",52,71,"52_to_71",4246,2.91
"Manly_Peak",31,31,"31_to_31",897,1.53
"Manly_Peak",31,52,"31_to_52",2,0
"Manly_Peak",42,42,"42_to_42",341,0.58
"Manly_Peak",42,52,"42_to_52",1,0
"Manly_Peak",52,42,"52_to_42",14,0.02
"Manly_Peak",52,52,"52_to_52",57508,97.86
"Manly_Peak",90,90,"90_to_90",1,0
"Manzano_Mountain",21,21,"21_to_21",8,0
"Manzano_Mountain",22,22,"22_to_22",11,0.01
"Manzano_Mountain",41,21,"41_to_21",4,0
"Manzano_Mountain",41,41,"41_to_41",17371,10.31
"Manzano_Mountain",41,42,"41_to_42",1753,1.04
"Manzano_Mountain",41,43,"41_to_43",502,0.3
"Manzano_Mountain",41,52,"41_to_52",1021,0.61
"Manzano_Mountain",41,71,"41_to_71",1,0
"Manzano_Mountain",42,21,"42_to_21",5,0
"Manzano_Mountain",42,41,"42_to_41",31,0.02
"Manzano_Mountain",42,42,"42_to_42",112012,66.51
"Manzano_Mountain",42,43,"42_to_43",24,0.01
"Manzano_Mountain",42,52,"42_to_52",4466,2.65
"Manzano_Mountain",42,71,"42_to_71",58,0.03
"Manzano_Mountain",42,81,"42_to_81",1,0
"Manzano_Mountain",43,41,"43_to_41",21,0.01
"Manzano_Mountain",43,42,"43_to_42",1053,0.63
"Manzano_Mountain",43,43,"43_to_43",6720,3.99
"Manzano_Mountain",43,52,"43_to_52",114,0.07
"Manzano_Mountain",52,21,"52_to_21",14,0.01
"Manzano_Mountain",52,22,"52_to_22",1,0
"Manzano_Mountain",52,41,"52_to_41",763,0.45
"Manzano_Mountain",52,42,"52_to_42",895,0.53
"Manzano_Mountain",52,52,"52_to_52",21553,12.8
"Manzano_Mountain",52,71,"52_to_71",13,0.01
"Manzano_Mountain",71,42,"71_to_42",1,0
"Manzano_Mountain",71,52,"71_to_52",5,0
"Marble_Mountain",11,11,"11_to_11",1855,0.18
"Marble_Mountain",11,31,"11_to_31",14,0
"Marble_Mountain",11,42,"11_to_42",71,0.01
"Marble_Mountain",11,52,"11_to_52",8,0
"Marble_Mountain",11,71,"11_to_71",38,0
"Marble_Mountain",11,90,"11_to_90",16,0
"Marble_Mountain",11,95,"11_to_95",4,0
"Marble_Mountain",12,12,"12_to_12",9,0
"Marble_Mountain",21,21,"21_to_21",694,0.07
"Marble_Mountain",21,22,"21_to_22",35,0
"Marble_Mountain",21,42,"21_to_42",311,0.03
"Marble_Mountain",21,52,"21_to_52",301,0.03
"Marble_Mountain",21,71,"21_to_71",57,0.01
"Marble_Mountain",22,21,"22_to_21",18,0
"Marble_Mountain",22,22,"22_to_22",376,0.04
"Marble_Mountain",22,23,"22_to_23",1,0
"Marble_Mountain",22,42,"22_to_42",12,0
"Marble_Mountain",22,52,"22_to_52",30,0
"Marble_Mountain",22,71,"22_to_71",1,0
"Marble_Mountain",23,22,"23_to_22",2,0
"Marble_Mountain",23,23,"23_to_23",5,0
"Marble_Mountain",31,11,"31_to_11",5,0
"Marble_Mountain",31,31,"31_to_31",9464,0.93
"Marble_Mountain",31,42,"31_to_42",353,0.03
"Marble_Mountain",31,52,"31_to_52",680,0.07
"Marble_Mountain",31,71,"31_to_71",734,0.07
"Marble_Mountain",41,21,"41_to_21",1,0
"Marble_Mountain",41,41,"41_to_41",285,0.03
"Marble_Mountain",41,42,"41_to_42",340,0.03
"Marble_Mountain",41,52,"41_to_52",754,0.07
"Marble_Mountain",41,71,"41_to_71",12,0
"Marble_Mountain",41,90,"41_to_90",1,0
"Marble_Mountain",42,11,"42_to_11",59,0.01
"Marble_Mountain",42,21,"42_to_21",174,0.02
"Marble_Mountain",42,22,"42_to_22",140,0.01
"Marble_Mountain",42,23,"42_to_23",9,0
"Marble_Mountain",42,31,"42_to_31",573,0.06
"Marble_Mountain",42,41,"42_to_41",26,0
"Marble_Mountain",42,42,"42_to_42",419104,41.21
"Marble_Mountain",42,52,"42_to_52",283315,27.86
"Marble_Mountain",42,71,"42_to_71",128523,12.64
"Marble_Mountain",42,90,"42_to_90",41,0
"Marble_Mountain",42,95,"42_to_95",12,0
"Marble_Mountain",43,42,"43_to_42",2,0
"Marble_Mountain",52,11,"52_to_11",2,0
"Marble_Mountain",52,21,"52_to_21",87,0.01
"Marble_Mountain",52,22,"52_to_22",12,0
"Marble_Mountain",52,23,"52_to_23",1,0
"Marble_Mountain",52,31,"52_to_31",907,0.09
"Marble_Mountain",52,41,"52_to_41",163,0.02
"Marble_Mountain",52,42,"52_to_42",12038,1.18
"Marble_Mountain",52,52,"52_to_52",92111,9.06
"Marble_Mountain",52,71,"52_to_71",13674,1.34
"Marble_Mountain",52,90,"52_to_90",14,0
"Marble_Mountain",52,95,"52_to_95",1,0
"Marble_Mountain",71,21,"71_to_21",13,0
"Marble_Mountain",71,22,"71_to_22",7,0
"Marble_Mountain",71,31,"71_to_31",23,0
"Marble_Mountain",71,41,"71_to_41",7,0
"Marble_Mountain",71,42,"71_to_42",8121,0.8
"Marble_Mountain",71,52,"71_to_52",34031,3.35
"Marble_Mountain",71,71,"71_to_71",6546,0.64
"Marble_Mountain",90,11,"90_to_11",3,0
"Marble_Mountain",90,42,"90_to_42",20,0
"Marble_Mountain",90,52,"90_to_52",9,0
"Marble_Mountain",90,71,"90_to_71",2,0
"Marble_Mountain",90,90,"90_to_90",771,0.08
"Marble_Mountain",90,95,"90_to_95",2,0
"Marble_Mountain",95,90,"95_to_90",1,0
"Marjory_Stoneman_Douglas",11,11,"11_to_11",2523958,41.79
"Marjory_Stoneman_Douglas",11,31,"11_to_31",180,0
"Marjory_Stoneman_Douglas",11,42,"11_to_42",69,0
"Marjory_Stoneman_Douglas",11,71,"11_to_71",18,0
"Marjory_Stoneman_Douglas",11,90,"11_to_90",1078,0.02
"Marjory_Stoneman_Douglas",11,95,"11_to_95",18231,0.3
"Marjory_Stoneman_Douglas",21,21,"21_to_21",44,0
"Marjory_Stoneman_Douglas",21,22,"21_to_22",148,0
"Marjory_Stoneman_Douglas",21,23,"21_to_23",3,0
"Marjory_Stoneman_Douglas",21,31,"21_to_31",3,0
"Marjory_Stoneman_Douglas",21,95,"21_to_95",1,0
"Marjory_Stoneman_Douglas",22,11,"22_to_11",2,0
"Marjory_Stoneman_Douglas",22,21,"22_to_21",4,0
"Marjory_Stoneman_Douglas",22,22,"22_to_22",117,0
"Marjory_Stoneman_Douglas",22,23,"22_to_23",37,0
"Marjory_Stoneman_Douglas",23,22,"23_to_22",2,0
"Marjory_Stoneman_Douglas",23,23,"23_to_23",86,0
"Marjory_Stoneman_Douglas",24,24,"24_to_24",2,0
"Marjory_Stoneman_Douglas",31,11,"31_to_11",1252,0.02
"Marjory_Stoneman_Douglas",31,22,"31_to_22",1,0
"Marjory_Stoneman_Douglas",31,31,"31_to_31",188,0
"Marjory_Stoneman_Douglas",31,52,"31_to_52",11,0
"Marjory_Stoneman_Douglas",31,71,"31_to_71",13,0
"Marjory_Stoneman_Douglas",31,81,"31_to_81",2,0
"Marjory_Stoneman_Douglas",31,90,"31_to_90",2,0
"Marjory_Stoneman_Douglas",31,95,"31_to_95",3,0
"Marjory_Stoneman_Douglas",41,42,"41_to_42",1,0
"Marjory_Stoneman_Douglas",42,11,"42_to_11",23,0
"Marjory_Stoneman_Douglas",42,21,"42_to_21",1,0
"Marjory_Stoneman_Douglas",42,31,"42_to_31",40,0
"Marjory_Stoneman_Douglas",42,42,"42_to_42",7782,0.13
"Marjory_Stoneman_Douglas",42,43,"42_to_43",1665,0.03
"Marjory_Stoneman_Douglas",42,52,"42_to_52",2548,0.04
"Marjory_Stoneman_Douglas",42,71,"42_to_71",8,0
"Marjory_Stoneman_Douglas",42,81,"42_to_81",49,0
"Marjory_Stoneman_Douglas",42,82,"42_to_82",2,0
"Marjory_Stoneman_Douglas",42,90,"42_to_90",17,0
"Marjory_Stoneman_Douglas",43,42,"43_to_42",379,0.01
"Marjory_Stoneman_Douglas",43,43,"43_to_43",1689,0.03
"Marjory_Stoneman_Douglas",43,52,"43_to_52",494,0.01
"Marjory_Stoneman_Douglas",43,81,"43_to_81",23,0
"Marjory_Stoneman_Douglas",43,90,"43_to_90",3,0
"Marjory_Stoneman_Douglas",52,42,"52_to_42",1786,0.03
"Marjory_Stoneman_Douglas",52,43,"52_to_43",2021,0.03
"Marjory_Stoneman_Douglas",52,52,"52_to_52",5374,0.09
"Marjory_Stoneman_Douglas",52,71,"52_to_71",45,0
"Marjory_Stoneman_Douglas",52,81,"52_to_81",628,0.01
"Marjory_Stoneman_Douglas",52,90,"52_to_90",24,0
"Marjory_Stoneman_Douglas",71,11,"71_to_11",49,0
"Marjory_Stoneman_Douglas",71,22,"71_to_22",1,0
"Marjory_Stoneman_Douglas",71,31,"71_to_31",235,0
"Marjory_Stoneman_Douglas",71,42,"71_to_42",58,0
"Marjory_Stoneman_Douglas",71,52,"71_to_52",124,0
"Marjory_Stoneman_Douglas",71,71,"71_to_71",491,0.01
"Marjory_Stoneman_Douglas",71,81,"71_to_81",128,0
"Marjory_Stoneman_Douglas",71,82,"71_to_82",35,0
"Marjory_Stoneman_Douglas",71,90,"71_to_90",34,0
"Marjory_Stoneman_Douglas",71,95,"71_to_95",6,0
"Marjory_Stoneman_Douglas",81,31,"81_to_31",3,0
"Marjory_Stoneman_Douglas",81,42,"81_to_42",1,0
"Marjory_Stoneman_Douglas",81,52,"81_to_52",2,0
"Marjory_Stoneman_Douglas",81,71,"81_to_71",4,0
"Marjory_Stoneman_Douglas",81,81,"81_to_81",4,0
"Marjory_Stoneman_Douglas",81,95,"81_to_95",1,0
"Marjory_Stoneman_Douglas",82,22,"82_to_22",4,0
"Marjory_Stoneman_Douglas",82,71,"82_to_71",1,0
"Marjory_Stoneman_Douglas",82,81,"82_to_81",1,0
"Marjory_Stoneman_Douglas",82,95,"82_to_95",2,0
"Marjory_Stoneman_Douglas",90,11,"90_to_11",627,0.01
"Marjory_Stoneman_Douglas",90,22,"90_to_22",1,0
"Marjory_Stoneman_Douglas",90,31,"90_to_31",18,0
"Marjory_Stoneman_Douglas",90,42,"90_to_42",2,0
"Marjory_Stoneman_Douglas",90,52,"90_to_52",2,0
"Marjory_Stoneman_Douglas",90,71,"90_to_71",6,0
"Marjory_Stoneman_Douglas",90,81,"90_to_81",5,0
"Marjory_Stoneman_Douglas",90,90,"90_to_90",1127993,18.68
"Marjory_Stoneman_Douglas",90,95,"90_to_95",117136,1.94
"Marjory_Stoneman_Douglas",95,11,"95_to_11",9880,0.16
"Marjory_Stoneman_Douglas",95,22,"95_to_22",5,0
"Marjory_Stoneman_Douglas",95,23,"95_to_23",43,0
"Marjory_Stoneman_Douglas",95,24,"95_to_24",27,0
"Marjory_Stoneman_Douglas",95,31,"95_to_31",126,0
"Marjory_Stoneman_Douglas",95,81,"95_to_81",2,0
"Marjory_Stoneman_Douglas",95,90,"95_to_90",78519,1.3
"Marjory_Stoneman_Douglas",95,95,"95_to_95",2133629,35.33
"Mark_O_Hatfield",11,11,"11_to_11",375,0.13
"Mark_O_Hatfield",11,42,"11_to_42",457,0.15
"Mark_O_Hatfield",11,52,"11_to_52",70,0.02
"Mark_O_Hatfield",11,71,"11_to_71",29,0.01
"Mark_O_Hatfield",21,21,"21_to_21",38,0.01
"Mark_O_Hatfield",21,22,"21_to_22",2,0
"Mark_O_Hatfield",21,23,"21_to_23",1,0
"Mark_O_Hatfield",21,42,"21_to_42",6,0
"Mark_O_Hatfield",21,52,"21_to_52",9,0
"Mark_O_Hatfield",21,71,"21_to_71",18,0.01
"Mark_O_Hatfield",22,21,"22_to_21",2,0
"Mark_O_Hatfield",22,22,"22_to_22",41,0.01
"Mark_O_Hatfield",23,22,"23_to_22",2,0
"Mark_O_Hatfield",31,31,"31_to_31",379,0.13
"Mark_O_Hatfield",31,42,"31_to_42",38,0.01
"Mark_O_Hatfield",31,52,"31_to_52",21,0.01
"Mark_O_Hatfield",31,71,"31_to_71",62,0.02
"Mark_O_Hatfield",41,41,"41_to_41",10,0
"Mark_O_Hatfield",41,42,"41_to_42",2,0
"Mark_O_Hatfield",41,52,"41_to_52",7,0
"Mark_O_Hatfield",41,81,"41_to_81",2,0
"Mark_O_Hatfield",42,11,"42_to_11",8,0
"Mark_O_Hatfield",42,21,"42_to_21",14,0
"Mark_O_Hatfield",42,22,"42_to_22",44,0.01
"Mark_O_Hatfield",42,23,"42_to_23",5,0
"Mark_O_Hatfield",42,31,"42_to_31",29,0.01
"Mark_O_Hatfield",42,42,"42_to_42",160925,54.08
"Mark_O_Hatfield",42,43,"42_to_43",31,0.01
"Mark_O_Hatfield",42,52,"42_to_52",88233,29.65
"Mark_O_Hatfield",42,71,"42_to_71",31103,10.45
"Mark_O_Hatfield",42,81,"42_to_81",8,0
"Mark_O_Hatfield",42,90,"42_to_90",2,0
"Mark_O_Hatfield",43,21,"43_to_21",1,0
"Mark_O_Hatfield",43,22,"43_to_22",3,0
"Mark_O_Hatfield",43,42,"43_to_42",225,0.08
"Mark_O_Hatfield",43,43,"43_to_43",314,0.11
"Mark_O_Hatfield",43,52,"43_to_52",1193,0.4
"Mark_O_Hatfield",43,71,"43_to_71",145,0.05
"Mark_O_Hatfield",43,81,"43_to_81",12,0
"Mark_O_Hatfield",52,21,"52_to_21",19,0.01
"Mark_O_Hatfield",52,22,"52_to_22",3,0
"Mark_O_Hatfield",52,23,"52_to_23",4,0
"Mark_O_Hatfield",52,31,"52_to_31",3,0
"Mark_O_Hatfield",52,41,"52_to_41",46,0.02
"Mark_O_Hatfield",52,42,"52_to_42",3878,1.3
"Mark_O_Hatfield",52,43,"52_to_43",42,0.01
"Mark_O_Hatfield",52,52,"52_to_52",6504,2.19
"Mark_O_Hatfield",52,71,"52_to_71",1835,0.62
"Mark_O_Hatfield",52,81,"52_to_81",14,0
"Mark_O_Hatfield",52,90,"52_to_90",1,0
"Mark_O_Hatfield",71,31,"71_to_31",87,0.03
"Mark_O_Hatfield",71,42,"71_to_42",401,0.13
"Mark_O_Hatfield",71,52,"71_to_52",392,0.13
"Mark_O_Hatfield",71,71,"71_to_71",299,0.1
"Mark_O_Hatfield",81,71,"81_to_71",4,0
"Mark_O_Hatfield",81,81,"81_to_81",5,0
"Mark_O_Hatfield",90,11,"90_to_11",1,0
"Mark_O_Hatfield",90,42,"90_to_42",3,0
"Mark_O_Hatfield",90,52,"90_to_52",3,0
"Mark_O_Hatfield",90,90,"90_to_90",177,0.06
"Mark_Trail",21,21,"21_to_21",368,0.48
"Mark_Trail",21,22,"21_to_22",3,0
"Mark_Trail",22,21,"22_to_21",3,0
"Mark_Trail",22,22,"22_to_22",23,0.03
"Mark_Trail",23,22,"23_to_22",6,0.01
"Mark_Trail",23,23,"23_to_23",2,0
"Mark_Trail",41,41,"41_to_41",51588,67.66
"Mark_Trail",41,43,"41_to_43",207,0.27
"Mark_Trail",41,81,"41_to_81",4,0.01
"Mark_Trail",42,21,"42_to_21",2,0
"Mark_Trail",42,41,"42_to_41",1,0
"Mark_Trail",42,42,"42_to_42",1593,2.09
"Mark_Trail",42,43,"42_to_43",128,0.17
"Mark_Trail",43,21,"43_to_21",19,0.02
"Mark_Trail",43,41,"43_to_41",164,0.22
"Mark_Trail",43,42,"43_to_42",10,0.01
"Mark_Trail",43,43,"43_to_43",22110,29
"Mark_Trail",43,81,"43_to_81",2,0
"Mark_Trail",81,81,"81_to_81",10,0.01
"Maroon_Bells_Snowmass",11,11,"11_to_11",997,0.12
"Maroon_Bells_Snowmass",11,31,"11_to_31",111,0.01
"Maroon_Bells_Snowmass",11,42,"11_to_42",34,0
"Maroon_Bells_Snowmass",11,52,"11_to_52",18,0
"Maroon_Bells_Snowmass",11,71,"11_to_71",4,0
"Maroon_Bells_Snowmass",11,90,"11_to_90",26,0
"Maroon_Bells_Snowmass",11,95,"11_to_95",1,0
"Maroon_Bells_Snowmass",12,12,"12_to_12",2364,0.29
"Maroon_Bells_Snowmass",21,21,"21_to_21",116,0.01
"Maroon_Bells_Snowmass",21,22,"21_to_22",3,0
"Maroon_Bells_Snowmass",21,41,"21_to_41",1,0
"Maroon_Bells_Snowmass",21,42,"21_to_42",1,0
"Maroon_Bells_Snowmass",21,52,"21_to_52",1,0
"Maroon_Bells_Snowmass",22,21,"22_to_21",5,0
"Maroon_Bells_Snowmass",22,22,"22_to_22",173,0.02
"Maroon_Bells_Snowmass",22,42,"22_to_42",1,0
"Maroon_Bells_Snowmass",22,52,"22_to_52",3,0
"Maroon_Bells_Snowmass",23,22,"23_to_22",1,0
"Maroon_Bells_Snowmass",31,11,"31_to_11",3,0
"Maroon_Bells_Snowmass",31,31,"31_to_31",155176,18.77
"Maroon_Bells_Snowmass",31,42,"31_to_42",241,0.03
"Maroon_Bells_Snowmass",31,52,"31_to_52",757,0.09
"Maroon_Bells_Snowmass",31,71,"31_to_71",27,0
"Maroon_Bells_Snowmass",41,21,"41_to_21",5,0
"Maroon_Bells_Snowmass",41,22,"41_to_22",3,0
"Maroon_Bells_Snowmass",41,41,"41_to_41",69546,8.41
"Maroon_Bells_Snowmass",41,42,"41_to_42",1318,0.16
"Maroon_Bells_Snowmass",41,43,"41_to_43",467,0.06
"Maroon_Bells_Snowmass",41,52,"41_to_52",366,0.04
"Maroon_Bells_Snowmass",41,71,"41_to_71",2,0
"Maroon_Bells_Snowmass",41,90,"41_to_90",4,0
"Maroon_Bells_Snowmass",42,11,"42_to_11",9,0
"Maroon_Bells_Snowmass",42,21,"42_to_21",3,0
"Maroon_Bells_Snowmass",42,22,"42_to_22",4,0
"Maroon_Bells_Snowmass",42,31,"42_to_31",333,0.04
"Maroon_Bells_Snowmass",42,41,"42_to_41",260,0.03
"Maroon_Bells_Snowmass",42,42,"42_to_42",257931,31.2
"Maroon_Bells_Snowmass",42,43,"42_to_43",111,0.01
"Maroon_Bells_Snowmass",42,52,"42_to_52",624,0.08
"Maroon_Bells_Snowmass",42,71,"42_to_71",16,0
"Maroon_Bells_Snowmass",42,90,"42_to_90",22,0
"Maroon_Bells_Snowmass",43,21,"43_to_21",2,0
"Maroon_Bells_Snowmass",43,41,"43_to_41",35,0
"Maroon_Bells_Snowmass",43,42,"43_to_42",974,0.12
"Maroon_Bells_Snowmass",43,43,"43_to_43",8598,1.04
"Maroon_Bells_Snowmass",52,11,"52_to_11",6,0
"Maroon_Bells_Snowmass",52,21,"52_to_21",9,0
"Maroon_Bells_Snowmass",52,22,"52_to_22",12,0
"Maroon_Bells_Snowmass",52,31,"52_to_31",505,0.06
"Maroon_Bells_Snowmass",52,41,"52_to_41",6368,0.77
"Maroon_Bells_Snowmass",52,42,"52_to_42",9186,1.11
"Maroon_Bells_Snowmass",52,52,"52_to_52",226821,27.44
"Maroon_Bells_Snowmass",52,71,"52_to_71",156,0.02
"Maroon_Bells_Snowmass",52,90,"52_to_90",68,0.01
"Maroon_Bells_Snowmass",52,95,"52_to_95",2,0
"Maroon_Bells_Snowmass",71,31,"71_to_31",392,0.05
"Maroon_Bells_Snowmass",71,41,"71_to_41",5,0
"Maroon_Bells_Snowmass",71,42,"71_to_42",36,0
"Maroon_Bells_Snowmass",71,52,"71_to_52",183,0.02
"Maroon_Bells_Snowmass",71,71,"71_to_71",53033,6.42
"Maroon_Bells_Snowmass",81,81,"81_to_81",1,0
"Maroon_Bells_Snowmass",90,11,"90_to_11",13,0
"Maroon_Bells_Snowmass",90,41,"90_to_41",2,0
"Maroon_Bells_Snowmass",90,42,"90_to_42",26,0
"Maroon_Bells_Snowmass",90,52,"90_to_52",16,0
"Maroon_Bells_Snowmass",90,81,"90_to_81",1,0
"Maroon_Bells_Snowmass",90,90,"90_to_90",25822,3.12
"Maroon_Bells_Snowmass",90,95,"90_to_95",31,0
"Maroon_Bells_Snowmass",95,11,"95_to_11",10,0
"Maroon_Bells_Snowmass",95,52,"95_to_52",3,0
"Maroon_Bells_Snowmass",95,90,"95_to_90",22,0
"Maroon_Bells_Snowmass",95,95,"95_to_95",3144,0.38
"Matilija",21,21,"21_to_21",22,0.02
"Matilija",21,22,"21_to_22",10,0.01
"Matilija",21,52,"21_to_52",1,0
"Matilija",22,21,"22_to_21",1,0
"Matilija",22,22,"22_to_22",56,0.04
"Matilija",41,41,"41_to_41",4,0
"Matilija",41,42,"41_to_42",6,0
"Matilija",41,52,"41_to_52",17,0.01
"Matilija",42,21,"42_to_21",3,0
"Matilija",42,22,"42_to_22",10,0.01
"Matilija",42,41,"42_to_41",1,0
"Matilija",42,42,"42_to_42",5903,4.39
"Matilija",42,43,"42_to_43",659,0.49
"Matilija",42,52,"42_to_52",5622,4.18
"Matilija",42,71,"42_to_71",17,0.01
"Matilija",42,90,"42_to_90",3,0
"Matilija",43,21,"43_to_21",1,0
"Matilija",43,42,"43_to_42",1,0
"Matilija",43,43,"43_to_43",879,0.65
"Matilija",43,52,"43_to_52",639,0.47
"Matilija",43,71,"43_to_71",5,0
"Matilija",52,21,"52_to_21",327,0.24
"Matilija",52,22,"52_to_22",103,0.08
"Matilija",52,41,"52_to_41",1,0
"Matilija",52,42,"52_to_42",3190,2.37
"Matilija",52,43,"52_to_43",1247,0.93
"Matilija",52,52,"52_to_52",75394,56.01
"Matilija",52,71,"52_to_71",3936,2.92
"Matilija",52,90,"52_to_90",9,0.01
"Matilija",52,95,"52_to_95",7,0.01
"Matilija",71,21,"71_to_21",3,0
"Matilija",71,41,"71_to_41",3,0
"Matilija",71,42,"71_to_42",8015,5.95
"Matilija",71,43,"71_to_43",1346,1
"Matilija",71,52,"71_to_52",24261,18.02
"Matilija",71,71,"71_to_71",2614,1.94
"Matilija",71,90,"71_to_90",1,0
"Matilija",90,21,"90_to_21",4,0
"Matilija",90,22,"90_to_22",3,0
"Matilija",90,42,"90_to_42",1,0
"Matilija",90,52,"90_to_52",55,0.04
"Matilija",90,90,"90_to_90",175,0.13
"Matilija",90,95,"90_to_95",41,0.03
"Matilija",95,90,"95_to_90",1,0
"Matilija",95,95,"95_to_95",9,0.01
"Mazatzal",11,11,"11_to_11",192,0.02
"Mazatzal",11,23,"11_to_23",1,0
"Mazatzal",11,42,"11_to_42",15,0
"Mazatzal",11,52,"11_to_52",717,0.06
"Mazatzal",11,90,"11_to_90",77,0.01
"Mazatzal",21,21,"21_to_21",145,0.01
"Mazatzal",21,22,"21_to_22",6,0
"Mazatzal",21,42,"21_to_42",11,0
"Mazatzal",21,52,"21_to_52",88,0.01
"Mazatzal",22,21,"22_to_21",2,0
"Mazatzal",22,22,"22_to_22",294,0.03
"Mazatzal",22,42,"22_to_42",1,0
"Mazatzal",22,52,"22_to_52",5,0
"Mazatzal",23,22,"23_to_22",4,0
"Mazatzal",23,23,"23_to_23",33,0
"Mazatzal",41,41,"41_to_41",1,0
"Mazatzal",41,42,"41_to_42",14,0
"Mazatzal",41,52,"41_to_52",20,0
"Mazatzal",42,21,"42_to_21",81,0.01
"Mazatzal",42,22,"42_to_22",78,0.01
"Mazatzal",42,41,"42_to_41",18,0
"Mazatzal",42,42,"42_to_42",229649,20.28
"Mazatzal",42,43,"42_to_43",8,0
"Mazatzal",42,52,"42_to_52",153852,13.59
"Mazatzal",42,71,"42_to_71",9,0
"Mazatzal",42,90,"42_to_90",76,0.01
"Mazatzal",43,43,"43_to_43",40,0
"Mazatzal",43,52,"43_to_52",133,0.01
"Mazatzal",52,11,"52_to_11",74,0.01
"Mazatzal",52,21,"52_to_21",8,0
"Mazatzal",52,22,"52_to_22",4,0
"Mazatzal",52,23,"52_to_23",9,0
"Mazatzal",52,41,"52_to_41",2,0
"Mazatzal",52,42,"52_to_42",3616,0.32
"Mazatzal",52,43,"52_to_43",22,0
"Mazatzal",52,52,"52_to_52",737282,65.12
"Mazatzal",52,71,"52_to_71",326,0.03
"Mazatzal",52,81,"52_to_81",2,0
"Mazatzal",52,90,"52_to_90",4,0
"Mazatzal",52,95,"52_to_95",11,0
"Mazatzal",71,42,"71_to_42",1,0
"Mazatzal",71,52,"71_to_52",209,0.02
"Mazatzal",90,11,"90_to_11",10,0
"Mazatzal",90,42,"90_to_42",2,0
"Mazatzal",90,52,"90_to_52",24,0
"Mazatzal",90,90,"90_to_90",4495,0.4
"Mazatzal",90,95,"90_to_95",192,0.02
"Mazatzal",95,11,"95_to_11",2,0
"Mazatzal",95,52,"95_to_52",3,0
"Mazatzal",95,90,"95_to_90",65,0.01
"Mazatzal",95,95,"95_to_95",336,0.03
"McCormick",11,11,"11_to_11",2992,3.83
"McCormick",11,42,"11_to_42",34,0.04
"McCormick",11,43,"11_to_43",23,0.03
"McCormick",11,71,"11_to_71",4,0.01
"McCormick",11,90,"11_to_90",54,0.07
"McCormick",11,95,"11_to_95",7,0.01
"McCormick",21,21,"21_to_21",5,0.01
"McCormick",22,22,"22_to_22",4,0.01
"McCormick",41,41,"41_to_41",19606,25.13
"McCormick",41,42,"41_to_42",1,0
"McCormick",41,43,"41_to_43",117,0.15
"McCormick",41,52,"41_to_52",2,0
"McCormick",42,11,"42_to_11",15,0.02
"McCormick",42,41,"42_to_41",1,0
"McCormick",42,42,"42_to_42",1048,1.34
"McCormick",42,43,"42_to_43",119,0.15
"McCormick",42,71,"42_to_71",20,0.03
"McCormick",43,11,"43_to_11",30,0.04
"McCormick",43,41,"43_to_41",47,0.06
"McCormick",43,42,"43_to_42",57,0.07
"McCormick",43,43,"43_to_43",32903,42.17
"McCormick",43,52,"43_to_52",8,0.01
"McCormick",43,71,"43_to_71",7,0.01
"McCormick",43,90,"43_to_90",21,0.03
"McCormick",52,42,"52_to_42",1,0
"McCormick",71,11,"71_to_11",3,0
"McCormick",71,41,"71_to_41",1,0
"McCormick",71,42,"71_to_42",4,0.01
"McCormick",71,43,"71_to_43",2,0
"McCormick",71,71,"71_to_71",4,0.01
"McCormick",90,11,"90_to_11",18,0.02
"McCormick",90,41,"90_to_41",4,0.01
"McCormick",90,42,"90_to_42",1,0
"McCormick",90,43,"90_to_43",11,0.01
"McCormick",90,71,"90_to_71",1,0
"McCormick",90,90,"90_to_90",20752,26.59
"McCormick",90,95,"90_to_95",3,0
"McCormick",95,11,"95_to_11",20,0.03
"McCormick",95,90,"95_to_90",27,0.03
"McCormick",95,95,"95_to_95",56,0.07
"Meadow_Valley_Range",21,21,"21_to_21",1,0
"Meadow_Valley_Range",22,21,"22_to_21",2,0
"Meadow_Valley_Range",22,22,"22_to_22",165,0.03
"Meadow_Valley_Range",31,31,"31_to_31",952,0.17
"Meadow_Valley_Range",31,52,"31_to_52",35,0.01
"Meadow_Valley_Range",31,71,"31_to_71",4,0
"Meadow_Valley_Range",42,52,"42_to_52",32,0.01
"Meadow_Valley_Range",42,71,"42_to_71",79,0.01
"Meadow_Valley_Range",52,21,"52_to_21",48,0.01
"Meadow_Valley_Range",52,22,"52_to_22",76,0.01
"Meadow_Valley_Range",52,31,"52_to_31",393,0.07
"Meadow_Valley_Range",52,42,"52_to_42",1,0
"Meadow_Valley_Range",52,52,"52_to_52",438476,77.55
"Meadow_Valley_Range",52,71,"52_to_71",121930,21.56
"Meadow_Valley_Range",71,52,"71_to_52",1135,0.2
"Meadow_Valley_Range",71,71,"71_to_71",2092,0.37
"Mecca_Hills",31,31,"31_to_31",81070,58.16
"Mecca_Hills",31,52,"31_to_52",7172,5.15
"Mecca_Hills",52,31,"52_to_31",763,0.55
"Mecca_Hills",52,52,"52_to_52",50348,36.12
"Mecca_Hills",71,31,"71_to_31",2,0
"Mecca_Hills",71,52,"71_to_52",36,0.03
"Medicine_Lake",11,11,"11_to_11",39109,72.35
"Medicine_Lake",11,22,"11_to_22",5,0.01
"Medicine_Lake",11,23,"11_to_23",6,0.01
"Medicine_Lake",11,31,"11_to_31",14,0.03
"Medicine_Lake",11,71,"11_to_71",147,0.27
"Medicine_Lake",11,95,"11_to_95",9,0.02
"Medicine_Lake",21,21,"21_to_21",25,0.05
"Medicine_Lake",21,22,"21_to_22",13,0.02
"Medicine_Lake",21,71,"21_to_71",5,0.01
"Medicine_Lake",22,21,"22_to_21",2,0
"Medicine_Lake",22,22,"22_to_22",24,0.04
"Medicine_Lake",23,22,"23_to_22",5,0.01
"Medicine_Lake",23,23,"23_to_23",9,0.02
"Medicine_Lake",24,23,"24_to_23",1,0
"Medicine_Lake",31,11,"31_to_11",7,0.01
"Medicine_Lake",31,31,"31_to_31",8,0.01
"Medicine_Lake",31,71,"31_to_71",17,0.03
"Medicine_Lake",41,41,"41_to_41",8,0.01
"Medicine_Lake",41,52,"41_to_52",1,0
"Medicine_Lake",41,71,"41_to_71",1,0
"Medicine_Lake",43,43,"43_to_43",2,0
"Medicine_Lake",43,71,"43_to_71",1,0
"Medicine_Lake",52,41,"52_to_41",1,0
"Medicine_Lake",52,43,"52_to_43",2,0
"Medicine_Lake",52,52,"52_to_52",33,0.06
"Medicine_Lake",52,71,"52_to_71",23,0.04
"Medicine_Lake",52,95,"52_to_95",1,0
"Medicine_Lake",71,11,"71_to_11",45,0.08
"Medicine_Lake",71,21,"71_to_21",61,0.11
"Medicine_Lake",71,22,"71_to_22",30,0.06
"Medicine_Lake",71,23,"71_to_23",8,0.01
"Medicine_Lake",71,31,"71_to_31",6,0.01
"Medicine_Lake",71,52,"71_to_52",4,0.01
"Medicine_Lake",71,71,"71_to_71",13018,24.08
"Medicine_Lake",71,95,"71_to_95",28,0.05
"Medicine_Lake",82,21,"82_to_21",2,0
"Medicine_Lake",90,71,"90_to_71",1,0
"Medicine_Lake",90,90,"90_to_90",2,0
"Medicine_Lake",95,52,"95_to_52",1,0
"Medicine_Lake",95,71,"95_to_71",114,0.21
"Medicine_Lake",95,95,"95_to_95",1256,2.32
"Menagerie",11,42,"11_to_42",4,0.02
"Menagerie",21,21,"21_to_21",8,0.04
"Menagerie",21,42,"21_to_42",1,0
"Menagerie",42,42,"42_to_42",22623,99.05
"Menagerie",42,43,"42_to_43",5,0.02
"Menagerie",42,52,"42_to_52",4,0.02
"Menagerie",52,42,"52_to_42",154,0.67
"Menagerie",52,52,"52_to_52",22,0.1
"Menagerie",71,42,"71_to_42",19,0.08
"Mesa_Verde",21,21,"21_to_21",1,0
"Mesa_Verde",22,22,"22_to_22",1,0
"Mesa_Verde",41,41,"41_to_41",2049,5.18
"Mesa_Verde",41,42,"41_to_42",536,1.35
"Mesa_Verde",41,43,"41_to_43",1,0
"Mesa_Verde",41,52,"41_to_52",5753,14.53
"Mesa_Verde",41,71,"41_to_71",297,0.75
"Mesa_Verde",42,21,"42_to_21",3,0.01
"Mesa_Verde",42,41,"42_to_41",220,0.56
"Mesa_Verde",42,42,"42_to_42",9972,25.19
"Mesa_Verde",42,52,"42_to_52",8627,21.79
"Mesa_Verde",42,71,"42_to_71",402,1.02
"Mesa_Verde",42,90,"42_to_90",1,0
"Mesa_Verde",43,41,"43_to_41",46,0.12
"Mesa_Verde",43,42,"43_to_42",54,0.14
"Mesa_Verde",43,43,"43_to_43",9,0.02
"Mesa_Verde",43,52,"43_to_52",265,0.67
"Mesa_Verde",43,71,"43_to_71",2,0.01
"Mesa_Verde",52,22,"52_to_22",1,0
"Mesa_Verde",52,41,"52_to_41",83,0.21
"Mesa_Verde",52,42,"52_to_42",249,0.63
"Mesa_Verde",52,52,"52_to_52",10317,26.06
"Mesa_Verde",52,71,"52_to_71",598,1.51
"Mesa_Verde",71,41,"71_to_41",39,0.1
"Mesa_Verde",71,42,"71_to_42",15,0.04
"Mesa_Verde",71,52,"71_to_52",47,0.12
"Mesa_Verde",71,71,"71_to_71",1,0
"Mesa_Verde",90,90,"90_to_90",4,0.01
"Mesquite",22,22,"22_to_22",1,0
"Mesquite",31,31,"31_to_31",3,0
"Mesquite",52,52,"52_to_52",218700,100
"Mexican_Mountain",21,21,"21_to_21",1,0
"Mexican_Mountain",23,52,"23_to_52",2,0
"Mexican_Mountain",31,31,"31_to_31",13316,3.5
"Mexican_Mountain",31,42,"31_to_42",1,0
"Mexican_Mountain",31,52,"31_to_52",1430,0.38
"Mexican_Mountain",42,42,"42_to_42",6,0
"Mexican_Mountain",42,52,"42_to_52",9,0
"Mexican_Mountain",52,21,"52_to_21",7,0
"Mexican_Mountain",52,31,"52_to_31",373,0.1
"Mexican_Mountain",52,42,"52_to_42",130,0.03
"Mexican_Mountain",52,52,"52_to_52",363550,95.46
"Mexican_Mountain",52,90,"52_to_90",13,0
"Mexican_Mountain",90,52,"90_to_52",3,0
"Mexican_Mountain",90,90,"90_to_90",2008,0.53
"Mexican_Mountain",95,52,"95_to_52",1,0
"Middle_Prong",21,21,"21_to_21",197,0.57
"Middle_Prong",21,22,"21_to_22",1,0
"Middle_Prong",21,41,"21_to_41",2,0.01
"Middle_Prong",22,22,"22_to_22",3,0.01
"Middle_Prong",41,41,"41_to_41",11419,33.19
"Middle_Prong",41,42,"41_to_42",1,0
"Middle_Prong",41,43,"41_to_43",244,0.71
"Middle_Prong",41,81,"41_to_81",2,0.01
"Middle_Prong",42,41,"42_to_41",31,0.09
"Middle_Prong",42,42,"42_to_42",2384,6.93
"Middle_Prong",42,43,"42_to_43",649,1.89
"Middle_Prong",43,21,"43_to_21",1,0
"Middle_Prong",43,41,"43_to_41",551,1.6
"Middle_Prong",43,42,"43_to_42",50,0.15
"Middle_Prong",43,43,"43_to_43",18701,54.36
"Middle_Prong",52,41,"52_to_41",78,0.23
"Middle_Prong",52,42,"52_to_42",5,0.01
"Middle_Prong",52,43,"52_to_43",38,0.11
"Middle_Prong",52,52,"52_to_52",4,0.01
"Middle_Prong",52,81,"52_to_81",1,0
"Middle_Prong",71,52,"71_to_52",1,0
"Middle_Prong",81,41,"81_to_41",5,0.01
"Middle_Prong",81,43,"81_to_43",1,0
"Middle_Prong",81,52,"81_to_52",1,0
"Middle_Prong",81,81,"81_to_81",33,0.1
"Middle_Santiam",11,11,"11_to_11",7,0.02
"Middle_Santiam",11,42,"11_to_42",4,0.01
"Middle_Santiam",11,52,"11_to_52",5,0.01
"Middle_Santiam",21,21,"21_to_21",21,0.05
"Middle_Santiam",21,22,"21_to_22",1,0
"Middle_Santiam",22,21,"22_to_21",3,0.01
"Middle_Santiam",22,22,"22_to_22",54,0.14
"Middle_Santiam",22,23,"22_to_23",6,0.02
"Middle_Santiam",23,22,"23_to_22",3,0.01
"Middle_Santiam",23,23,"23_to_23",19,0.05
"Middle_Santiam",31,22,"31_to_22",1,0
"Middle_Santiam",31,23,"31_to_23",1,0
"Middle_Santiam",31,31,"31_to_31",1,0
"Middle_Santiam",31,42,"31_to_42",1,0
"Middle_Santiam",31,52,"31_to_52",11,0.03
"Middle_Santiam",42,11,"42_to_11",1,0
"Middle_Santiam",42,21,"42_to_21",6,0.02
"Middle_Santiam",42,22,"42_to_22",24,0.06
"Middle_Santiam",42,23,"42_to_23",16,0.04
"Middle_Santiam",42,31,"42_to_31",5,0.01
"Middle_Santiam",42,42,"42_to_42",39331,98.37
"Middle_Santiam",42,52,"42_to_52",34,0.09
"Middle_Santiam",42,71,"42_to_71",2,0.01
"Middle_Santiam",43,43,"43_to_43",11,0.03
"Middle_Santiam",52,21,"52_to_21",2,0.01
"Middle_Santiam",52,22,"52_to_22",2,0.01
"Middle_Santiam",52,23,"52_to_23",5,0.01
"Middle_Santiam",52,42,"52_to_42",231,0.58
"Middle_Santiam",52,43,"52_to_43",1,0
"Middle_Santiam",52,52,"52_to_52",121,0.3
"Middle_Santiam",52,90,"52_to_90",1,0
"Middle_Santiam",71,42,"71_to_42",31,0.08
"Middle_Santiam",90,90,"90_to_90",19,0.05
"Middle_Wild_Horse_Mesa",22,22,"22_to_22",2,0
"Middle_Wild_Horse_Mesa",22,23,"22_to_23",1,0
"Middle_Wild_Horse_Mesa",23,23,"23_to_23",1,0
"Middle_Wild_Horse_Mesa",31,31,"31_to_31",26053,32.63
"Middle_Wild_Horse_Mesa",31,52,"31_to_52",6729,8.43
"Middle_Wild_Horse_Mesa",31,71,"31_to_71",27,0.03
"Middle_Wild_Horse_Mesa",52,31,"52_to_31",917,1.15
"Middle_Wild_Horse_Mesa",52,52,"52_to_52",46022,57.65
"Middle_Wild_Horse_Mesa",52,71,"52_to_71",3,0
"Middle_Wild_Horse_Mesa",52,90,"52_to_90",3,0
"Middle_Wild_Horse_Mesa",90,52,"90_to_52",3,0
"Middle_Wild_Horse_Mesa",90,90,"90_to_90",71,0.09
"Middle_Wild_Horse_Mesa",95,90,"95_to_90",1,0
"Middle_Wild_Horse_Mesa",95,95,"95_to_95",1,0
"Mill_Creek",21,21,"21_to_21",198,0.25
"Mill_Creek",21,22,"21_to_22",4,0.01
"Mill_Creek",21,42,"21_to_42",7,0.01
"Mill_Creek",21,52,"21_to_52",5,0.01
"Mill_Creek",22,22,"22_to_22",32,0.04
"Mill_Creek",42,21,"42_to_21",75,0.1
"Mill_Creek",42,22,"42_to_22",39,0.05
"Mill_Creek",42,42,"42_to_42",38906,49.73
"Mill_Creek",42,52,"42_to_52",31675,40.49
"Mill_Creek",42,71,"42_to_71",557,0.71
"Mill_Creek",42,90,"42_to_90",8,0.01
"Mill_Creek",52,21,"52_to_21",44,0.06
"Mill_Creek",52,22,"52_to_22",7,0.01
"Mill_Creek",52,42,"52_to_42",716,0.92
"Mill_Creek",52,52,"52_to_52",3163,4.04
"Mill_Creek",52,71,"52_to_71",143,0.18
"Mill_Creek",52,90,"52_to_90",1,0
"Mill_Creek",71,21,"71_to_21",5,0.01
"Mill_Creek",71,42,"71_to_42",1201,1.54
"Mill_Creek",71,52,"71_to_52",903,1.15
"Mill_Creek",71,71,"71_to_71",342,0.44
"Mill_Creek",90,42,"90_to_42",1,0
"Mill_Creek",90,52,"90_to_52",1,0
"Mill_Creek",90,90,"90_to_90",57,0.07
"Mill_Creek",90,95,"90_to_95",7,0.01
"Mill_Creek",95,90,"95_to_90",2,0
"Mill_Creek",95,95,"95_to_95",134,0.17
"Miller_Peak",21,21,"21_to_21",34,0.04
"Miller_Peak",21,42,"21_to_42",9,0.01
"Miller_Peak",22,22,"22_to_22",23,0.02
"Miller_Peak",41,41,"41_to_41",3,0
"Miller_Peak",41,42,"41_to_42",12,0.01
"Miller_Peak",41,52,"41_to_52",4,0
"Miller_Peak",42,21,"42_to_21",3,0
"Miller_Peak",42,22,"42_to_22",5,0.01
"Miller_Peak",42,41,"42_to_41",1,0
"Miller_Peak",42,42,"42_to_42",60680,65.66
"Miller_Peak",42,43,"42_to_43",3,0
"Miller_Peak",42,52,"42_to_52",9829,10.64
"Miller_Peak",43,42,"43_to_42",2,0
"Miller_Peak",43,52,"43_to_52",1,0
"Miller_Peak",52,21,"52_to_21",5,0.01
"Miller_Peak",52,22,"52_to_22",2,0
"Miller_Peak",52,41,"52_to_41",14,0.02
"Miller_Peak",52,42,"52_to_42",5470,5.92
"Miller_Peak",52,43,"52_to_43",5,0.01
"Miller_Peak",52,52,"52_to_52",15062,16.3
"Miller_Peak",52,71,"52_to_71",6,0.01
"Miller_Peak",71,42,"71_to_42",66,0.07
"Miller_Peak",71,52,"71_to_52",1178,1.27
"Milpitas_Wash",31,31,"31_to_31",495,0.61
"Milpitas_Wash",52,22,"52_to_22",1,0
"Milpitas_Wash",52,31,"52_to_31",114,0.14
"Milpitas_Wash",52,52,"52_to_52",80142,99.24
"Mingo",11,11,"11_to_11",13,0.04
"Mingo",11,90,"11_to_90",1,0
"Mingo",11,95,"11_to_95",421,1.16
"Mingo",21,21,"21_to_21",85,0.23
"Mingo",21,90,"21_to_90",1,0
"Mingo",41,21,"41_to_21",2,0.01
"Mingo",41,41,"41_to_41",680,1.88
"Mingo",71,90,"71_to_90",1,0
"Mingo",81,81,"81_to_81",3,0.01
"Mingo",81,90,"81_to_90",5,0.01
"Mingo",82,82,"82_to_82",5,0.01
"Mingo",82,95,"82_to_95",2,0.01
"Mingo",90,11,"90_to_11",4,0.01
"Mingo",90,21,"90_to_21",2,0.01
"Mingo",90,41,"90_to_41",2,0.01
"Mingo",90,90,"90_to_90",23810,65.82
"Mingo",90,95,"90_to_95",127,0.35
"Mingo",95,11,"95_to_11",9,0.02
"Mingo",95,82,"95_to_82",1,0
"Mingo",95,90,"95_to_90",3672,10.15
"Mingo",95,95,"95_to_95",7326,20.25
"Mission_Mountains",11,11,"11_to_11",8677,2.51
"Mission_Mountains",11,31,"11_to_31",12,0
"Mission_Mountains",11,42,"11_to_42",135,0.04
"Mission_Mountains",11,52,"11_to_52",4,0
"Mission_Mountains",12,12,"12_to_12",2522,0.73
"Mission_Mountains",21,11,"21_to_11",1,0
"Mission_Mountains",21,21,"21_to_21",13,0
"Mission_Mountains",21,22,"21_to_22",1,0
"Mission_Mountains",21,23,"21_to_23",1,0
"Mission_Mountains",21,52,"21_to_52",1,0
"Mission_Mountains",22,11,"22_to_11",3,0
"Mission_Mountains",22,22,"22_to_22",36,0.01
"Mission_Mountains",22,23,"22_to_23",4,0
"Mission_Mountains",23,22,"23_to_22",1,0
"Mission_Mountains",23,23,"23_to_23",2,0
"Mission_Mountains",31,11,"31_to_11",18,0.01
"Mission_Mountains",31,31,"31_to_31",13558,3.93
"Mission_Mountains",31,42,"31_to_42",15,0
"Mission_Mountains",31,52,"31_to_52",45,0.01
"Mission_Mountains",31,71,"31_to_71",13,0
"Mission_Mountains",31,81,"31_to_81",1,0
"Mission_Mountains",41,41,"41_to_41",2,0
"Mission_Mountains",41,42,"41_to_42",1,0
"Mission_Mountains",41,52,"41_to_52",2,0
"Mission_Mountains",42,11,"42_to_11",806,0.23
"Mission_Mountains",42,31,"42_to_31",471,0.14
"Mission_Mountains",42,41,"42_to_41",4,0
"Mission_Mountains",42,42,"42_to_42",221447,64.15
"Mission_Mountains",42,43,"42_to_43",2,0
"Mission_Mountains",42,52,"42_to_52",17643,5.11
"Mission_Mountains",42,71,"42_to_71",1889,0.55
"Mission_Mountains",42,90,"42_to_90",12,0
"Mission_Mountains",42,95,"42_to_95",2,0
"Mission_Mountains",43,42,"43_to_42",1,0
"Mission_Mountains",43,43,"43_to_43",31,0.01
"Mission_Mountains",43,52,"43_to_52",2,0
"Mission_Mountains",52,11,"52_to_11",5,0
"Mission_Mountains",52,21,"52_to_21",6,0
"Mission_Mountains",52,22,"52_to_22",5,0
"Mission_Mountains",52,23,"52_to_23",2,0
"Mission_Mountains",52,31,"52_to_31",103,0.03
"Mission_Mountains",52,41,"52_to_41",13,0
"Mission_Mountains",52,42,"52_to_42",4332,1.25
"Mission_Mountains",52,43,"52_to_43",19,0.01
"Mission_Mountains",52,52,"52_to_52",68586,19.87
"Mission_Mountains",52,71,"52_to_71",497,0.14
"Mission_Mountains",71,11,"71_to_11",5,0
"Mission_Mountains",71,31,"71_to_31",6,0
"Mission_Mountains",71,42,"71_to_42",88,0.03
"Mission_Mountains",71,52,"71_to_52",292,0.08
"Mission_Mountains",71,71,"71_to_71",3629,1.05
"Mission_Mountains",90,42,"90_to_42",12,0
"Mission_Mountains",90,52,"90_to_52",1,0
"Mission_Mountains",90,90,"90_to_90",225,0.07
"Mission_Mountains",95,11,"95_to_11",6,0
"Mission_Mountains",95,31,"95_to_31",1,0
"Mojave",21,21,"21_to_21",1196,0.03
"Mojave",21,22,"21_to_22",66,0
"Mojave",21,52,"21_to_52",87,0
"Mojave",22,21,"22_to_21",9,0
"Mojave",22,22,"22_to_22",1242,0.03
"Mojave",22,23,"22_to_23",17,0
"Mojave",22,52,"22_to_52",4,0
"Mojave",23,22,"23_to_22",4,0
"Mojave",23,23,"23_to_23",266,0.01
"Mojave",24,23,"24_to_23",1,0
"Mojave",24,24,"24_to_24",1,0
"Mojave",31,21,"31_to_21",31,0
"Mojave",31,22,"31_to_22",86,0
"Mojave",31,23,"31_to_23",36,0
"Mojave",31,31,"31_to_31",410426,11.55
"Mojave",31,42,"31_to_42",4,0
"Mojave",31,52,"31_to_52",48776,1.37
"Mojave",31,71,"31_to_71",1,0
"Mojave",31,82,"31_to_82",36,0
"Mojave",31,90,"31_to_90",2,0
"Mojave",31,95,"31_to_95",1993,0.06
"Mojave",42,31,"42_to_31",19,0
"Mojave",42,42,"42_to_42",18847,0.53
"Mojave",42,52,"42_to_52",1980,0.06
"Mojave",42,71,"42_to_71",1293,0.04
"Mojave",42,90,"42_to_90",2,0
"Mojave",52,21,"52_to_21",847,0.02
"Mojave",52,22,"52_to_22",133,0
"Mojave",52,23,"52_to_23",17,0
"Mojave",52,31,"52_to_31",15426,0.43
"Mojave",52,42,"52_to_42",2481,0.07
"Mojave",52,52,"52_to_52",2963541,83.4
"Mojave",52,71,"52_to_71",81162,2.28
"Mojave",52,82,"52_to_82",3,0
"Mojave",52,90,"52_to_90",13,0
"Mojave",52,95,"52_to_95",10,0
"Mojave",71,31,"71_to_31",5,0
"Mojave",71,52,"71_to_52",2131,0.06
"Mojave",71,71,"71_to_71",456,0.01
"Mojave",90,42,"90_to_42",3,0
"Mojave",90,90,"90_to_90",173,0
"Mojave",90,95,"90_to_95",7,0
"Mojave",95,31,"95_to_31",6,0
"Mojave",95,52,"95_to_52",3,0
"Mojave",95,90,"95_to_90",38,0
"Mojave",95,95,"95_to_95",377,0.01
"Mokelumne",11,11,"11_to_11",588,0.12
"Mokelumne",11,42,"11_to_42",8,0
"Mokelumne",11,52,"11_to_52",5,0
"Mokelumne",11,90,"11_to_90",1,0
"Mokelumne",12,12,"12_to_12",52,0.01
"Mokelumne",21,21,"21_to_21",112,0.02
"Mokelumne",21,22,"21_to_22",4,0
"Mokelumne",21,42,"21_to_42",10,0
"Mokelumne",21,52,"21_to_52",6,0
"Mokelumne",22,22,"22_to_22",371,0.08
"Mokelumne",22,23,"22_to_23",3,0
"Mokelumne",22,42,"22_to_42",1,0
"Mokelumne",22,52,"22_to_52",3,0
"Mokelumne",23,22,"23_to_22",14,0
"Mokelumne",23,23,"23_to_23",14,0
"Mokelumne",23,42,"23_to_42",1,0
"Mokelumne",31,11,"31_to_11",3,0
"Mokelumne",31,31,"31_to_31",13582,2.87
"Mokelumne",31,42,"31_to_42",136,0.03
"Mokelumne",31,52,"31_to_52",632,0.13
"Mokelumne",31,71,"31_to_71",21,0
"Mokelumne",41,41,"41_to_41",295,0.06
"Mokelumne",41,42,"41_to_42",148,0.03
"Mokelumne",41,52,"41_to_52",93,0.02
"Mokelumne",41,71,"41_to_71",2,0
"Mokelumne",42,11,"42_to_11",20,0
"Mokelumne",42,21,"42_to_21",17,0
"Mokelumne",42,22,"42_to_22",9,0
"Mokelumne",42,23,"42_to_23",6,0
"Mokelumne",42,31,"42_to_31",241,0.05
"Mokelumne",42,41,"42_to_41",52,0.01
"Mokelumne",42,42,"42_to_42",189426,40.01
"Mokelumne",42,52,"42_to_52",12210,2.58
"Mokelumne",42,71,"42_to_71",12924,2.73
"Mokelumne",42,90,"42_to_90",15,0
"Mokelumne",42,95,"42_to_95",1,0
"Mokelumne",52,11,"52_to_11",11,0
"Mokelumne",52,21,"52_to_21",19,0
"Mokelumne",52,22,"52_to_22",15,0
"Mokelumne",52,23,"52_to_23",4,0
"Mokelumne",52,31,"52_to_31",2312,0.49
"Mokelumne",52,41,"52_to_41",134,0.03
"Mokelumne",52,42,"52_to_42",12123,2.56
"Mokelumne",52,52,"52_to_52",218105,46.07
"Mokelumne",52,71,"52_to_71",4257,0.9
"Mokelumne",52,90,"52_to_90",50,0.01
"Mokelumne",52,95,"52_to_95",5,0
"Mokelumne",71,31,"71_to_31",32,0.01
"Mokelumne",71,42,"71_to_42",5,0
"Mokelumne",71,52,"71_to_52",64,0.01
"Mokelumne",71,71,"71_to_71",1473,0.31
"Mokelumne",90,41,"90_to_41",1,0
"Mokelumne",90,42,"90_to_42",80,0.02
"Mokelumne",90,52,"90_to_52",102,0.02
"Mokelumne",90,90,"90_to_90",3128,0.66
"Mokelumne",90,95,"90_to_95",20,0
"Mokelumne",95,90,"95_to_90",29,0.01
"Mokelumne",95,95,"95_to_95",417,0.09
"Monarch",11,11,"11_to_11",5,0
"Monarch",11,42,"11_to_42",1,0
"Monarch",11,52,"11_to_52",9,0
"Monarch",21,21,"21_to_21",142,0.07
"Monarch",21,22,"21_to_22",2,0
"Monarch",21,41,"21_to_41",2,0
"Monarch",21,42,"21_to_42",119,0.06
"Monarch",21,52,"21_to_52",89,0.04
"Monarch",22,21,"22_to_21",2,0
"Monarch",22,22,"22_to_22",193,0.1
"Monarch",22,42,"22_to_42",1,0
"Monarch",22,52,"22_to_52",2,0
"Monarch",23,23,"23_to_23",1,0
"Monarch",31,31,"31_to_31",1165,0.58
"Monarch",31,42,"31_to_42",15,0.01
"Monarch",31,52,"31_to_52",86,0.04
"Monarch",31,71,"31_to_71",6,0
"Monarch",41,41,"41_to_41",254,0.13
"Monarch",41,42,"41_to_42",200,0.1
"Monarch",41,52,"41_to_52",2695,1.34
"Monarch",41,71,"41_to_71",4,0
"Monarch",42,11,"42_to_11",3,0
"Monarch",42,21,"42_to_21",34,0.02
"Monarch",42,22,"42_to_22",33,0.02
"Monarch",42,31,"42_to_31",18,0.01
"Monarch",42,41,"42_to_41",112,0.06
"Monarch",42,42,"42_to_42",66337,32.99
"Monarch",42,52,"42_to_52",64310,31.98
"Monarch",42,71,"42_to_71",171,0.09
"Monarch",42,90,"42_to_90",8,0
"Monarch",43,42,"43_to_42",3,0
"Monarch",43,52,"43_to_52",187,0.09
"Monarch",52,11,"52_to_11",1,0
"Monarch",52,21,"52_to_21",45,0.02
"Monarch",52,22,"52_to_22",3,0
"Monarch",52,31,"52_to_31",80,0.04
"Monarch",52,41,"52_to_41",31,0.02
"Monarch",52,42,"52_to_42",1538,0.76
"Monarch",52,43,"52_to_43",2,0
"Monarch",52,52,"52_to_52",55019,27.36
"Monarch",52,71,"52_to_71",1752,0.87
"Monarch",52,90,"52_to_90",6,0
"Monarch",71,22,"71_to_22",1,0
"Monarch",71,31,"71_to_31",9,0
"Monarch",71,42,"71_to_42",156,0.08
"Monarch",71,52,"71_to_52",4958,2.47
"Monarch",71,71,"71_to_71",1011,0.5
"Monarch",90,41,"90_to_41",1,0
"Monarch",90,42,"90_to_42",2,0
"Monarch",90,52,"90_to_52",4,0
"Monarch",90,90,"90_to_90",283,0.14
"Monarch",95,90,"95_to_90",1,0
"Monomoy",11,11,"11_to_11",6291,39.1
"Monomoy",11,31,"11_to_31",1746,10.85
"Monomoy",11,71,"11_to_71",1,0.01
"Monomoy",11,95,"11_to_95",31,0.19
"Monomoy",31,11,"31_to_11",1014,6.3
"Monomoy",31,31,"31_to_31",5487,34.11
"Monomoy",31,71,"31_to_71",12,0.07
"Monomoy",31,95,"31_to_95",11,0.07
"Monomoy",71,11,"71_to_11",2,0.01
"Monomoy",71,31,"71_to_31",4,0.02
"Monomoy",71,71,"71_to_71",48,0.3
"Monomoy",82,31,"82_to_31",1,0.01
"Monomoy",82,82,"82_to_82",1,0.01
"Monomoy",82,95,"82_to_95",1,0.01
"Monomoy",95,11,"95_to_11",12,0.07
"Monomoy",95,31,"95_to_31",33,0.21
"Monomoy",95,95,"95_to_95",1393,8.66
"Monument_Rock",21,21,"21_to_21",43,0.05
"Monument_Rock",21,22,"21_to_22",1,0
"Monument_Rock",21,23,"21_to_23",1,0
"Monument_Rock",21,42,"21_to_42",6,0.01
"Monument_Rock",21,52,"21_to_52",36,0.04
"Monument_Rock",21,71,"21_to_71",26,0.03
"Monument_Rock",22,21,"22_to_21",12,0.01
"Monument_Rock",22,22,"22_to_22",63,0.07
"Monument_Rock",22,23,"22_to_23",4,0
"Monument_Rock",22,52,"22_to_52",1,0
"Monument_Rock",23,22,"23_to_22",1,0
"Monument_Rock",42,21,"42_to_21",52,0.06
"Monument_Rock",42,22,"42_to_22",13,0.01
"Monument_Rock",42,42,"42_to_42",9297,10.06
"Monument_Rock",42,52,"42_to_52",58780,63.61
"Monument_Rock",42,71,"42_to_71",8849,9.58
"Monument_Rock",42,90,"42_to_90",4,0
"Monument_Rock",52,21,"52_to_21",37,0.04
"Monument_Rock",52,22,"52_to_22",3,0
"Monument_Rock",52,42,"52_to_42",1421,1.54
"Monument_Rock",52,52,"52_to_52",9201,9.96
"Monument_Rock",52,71,"52_to_71",520,0.56
"Monument_Rock",71,21,"71_to_21",6,0.01
"Monument_Rock",71,22,"71_to_22",1,0
"Monument_Rock",71,42,"71_to_42",388,0.42
"Monument_Rock",71,52,"71_to_52",3296,3.57
"Monument_Rock",71,71,"71_to_71",341,0.37
"Monument_Rock",71,95,"71_to_95",1,0
"Monument_Rock",90,90,"90_to_90",3,0
"Moosehorn",11,11,"11_to_11",146,1.15
"Moosehorn",11,42,"11_to_42",10,0.08
"Moosehorn",11,71,"11_to_71",7,0.06
"Moosehorn",11,90,"11_to_90",3,0.02
"Moosehorn",11,95,"11_to_95",25,0.2
"Moosehorn",21,21,"21_to_21",7,0.06
"Moosehorn",21,42,"21_to_42",1,0.01
"Moosehorn",22,22,"22_to_22",10,0.08
"Moosehorn",41,41,"41_to_41",24,0.19
"Moosehorn",42,21,"42_to_21",10,0.08
"Moosehorn",42,42,"42_to_42",8133,64.2
"Moosehorn",42,43,"42_to_43",65,0.51
"Moosehorn",42,52,"42_to_52",1,0.01
"Moosehorn",42,90,"42_to_90",1,0.01
"Moosehorn",43,41,"43_to_41",1,0.01
"Moosehorn",43,42,"43_to_42",13,0.1
"Moosehorn",43,43,"43_to_43",1598,12.61
"Moosehorn",52,41,"52_to_41",59,0.47
"Moosehorn",52,43,"52_to_43",3,0.02
"Moosehorn",52,52,"52_to_52",9,0.07
"Moosehorn",71,41,"71_to_41",507,4
"Moosehorn",71,42,"71_to_42",2,0.02
"Moosehorn",71,43,"71_to_43",452,3.57
"Moosehorn",71,52,"71_to_52",37,0.29
"Moosehorn",71,71,"71_to_71",1,0.01
"Moosehorn",82,82,"82_to_82",1,0.01
"Moosehorn",90,22,"90_to_22",1,0.01
"Moosehorn",90,42,"90_to_42",1,0.01
"Moosehorn",90,43,"90_to_43",1,0.01
"Moosehorn",90,90,"90_to_90",1235,9.75
"Moosehorn",90,95,"90_to_95",21,0.17
"Moosehorn",95,11,"95_to_11",1,0.01
"Moosehorn",95,90,"95_to_90",69,0.54
"Moosehorn",95,95,"95_to_95",214,1.69
"Moosehorn_Baring_Unit",11,11,"11_to_11",1561,7.12
"Moosehorn_Baring_Unit",11,42,"11_to_42",32,0.15
"Moosehorn_Baring_Unit",11,71,"11_to_71",2,0.01
"Moosehorn_Baring_Unit",11,90,"11_to_90",15,0.07
"Moosehorn_Baring_Unit",11,95,"11_to_95",14,0.06
"Moosehorn_Baring_Unit",21,21,"21_to_21",65,0.3
"Moosehorn_Baring_Unit",21,43,"21_to_43",3,0.01
"Moosehorn_Baring_Unit",22,21,"22_to_21",1,0
"Moosehorn_Baring_Unit",22,22,"22_to_22",168,0.77
"Moosehorn_Baring_Unit",41,41,"41_to_41",14,0.06
"Moosehorn_Baring_Unit",41,43,"41_to_43",2,0.01
"Moosehorn_Baring_Unit",42,11,"42_to_11",12,0.05
"Moosehorn_Baring_Unit",42,42,"42_to_42",14339,65.44
"Moosehorn_Baring_Unit",42,43,"42_to_43",64,0.29
"Moosehorn_Baring_Unit",43,41,"43_to_41",6,0.03
"Moosehorn_Baring_Unit",43,42,"43_to_42",90,0.41
"Moosehorn_Baring_Unit",43,43,"43_to_43",2712,12.38
"Moosehorn_Baring_Unit",52,41,"52_to_41",24,0.11
"Moosehorn_Baring_Unit",52,42,"52_to_42",1,0
"Moosehorn_Baring_Unit",52,43,"52_to_43",74,0.34
"Moosehorn_Baring_Unit",52,52,"52_to_52",1,0
"Moosehorn_Baring_Unit",71,42,"71_to_42",2,0.01
"Moosehorn_Baring_Unit",71,43,"71_to_43",1,0
"Moosehorn_Baring_Unit",90,11,"90_to_11",2,0.01
"Moosehorn_Baring_Unit",90,42,"90_to_42",9,0.04
"Moosehorn_Baring_Unit",90,43,"90_to_43",5,0.02
"Moosehorn_Baring_Unit",90,90,"90_to_90",2395,10.93
"Moosehorn_Baring_Unit",90,95,"90_to_95",32,0.15
"Moosehorn_Baring_Unit",95,11,"95_to_11",6,0.03
"Moosehorn_Baring_Unit",95,90,"95_to_90",91,0.42
"Moosehorn_Baring_Unit",95,95,"95_to_95",170,0.78
"Mormon_Mountains",21,21,"21_to_21",125,0.02
"Mormon_Mountains",21,52,"21_to_52",12,0
"Mormon_Mountains",22,21,"22_to_21",9,0
"Mormon_Mountains",22,22,"22_to_22",300,0.04
"Mormon_Mountains",22,23,"22_to_23",1,0
"Mormon_Mountains",22,52,"22_to_52",8,0
"Mormon_Mountains",23,23,"23_to_23",3,0
"Mormon_Mountains",31,31,"31_to_31",329,0.05
"Mormon_Mountains",31,42,"31_to_42",2,0
"Mormon_Mountains",31,52,"31_to_52",122,0.02
"Mormon_Mountains",31,90,"31_to_90",1,0
"Mormon_Mountains",42,42,"42_to_42",21267,2.98
"Mormon_Mountains",42,52,"42_to_52",2837,0.4
"Mormon_Mountains",42,71,"42_to_71",44,0.01
"Mormon_Mountains",52,21,"52_to_21",803,0.11
"Mormon_Mountains",52,22,"52_to_22",46,0.01
"Mormon_Mountains",52,23,"52_to_23",3,0
"Mormon_Mountains",52,31,"52_to_31",12,0
"Mormon_Mountains",52,42,"52_to_42",1545,0.22
"Mormon_Mountains",52,52,"52_to_52",607350,85.13
"Mormon_Mountains",52,71,"52_to_71",33706,4.72
"Mormon_Mountains",52,81,"52_to_81",1,0
"Mormon_Mountains",52,90,"52_to_90",2,0
"Mormon_Mountains",71,21,"71_to_21",92,0.01
"Mormon_Mountains",71,22,"71_to_22",1,0
"Mormon_Mountains",71,31,"71_to_31",4,0
"Mormon_Mountains",71,42,"71_to_42",9,0
"Mormon_Mountains",71,52,"71_to_52",24426,3.42
"Mormon_Mountains",71,71,"71_to_71",20389,2.86
"Mormon_Mountains",90,52,"90_to_52",1,0
"Mormon_Mountains",90,90,"90_to_90",3,0
"Mount_Adams",11,11,"11_to_11",33,0.02
"Mount_Adams",11,31,"11_to_31",8,0
"Mount_Adams",11,42,"11_to_42",16,0.01
"Mount_Adams",11,52,"11_to_52",5,0
"Mount_Adams",11,90,"11_to_90",4,0
"Mount_Adams",12,12,"12_to_12",9948,4.66
"Mount_Adams",21,21,"21_to_21",24,0.01
"Mount_Adams",21,22,"21_to_22",12,0.01
"Mount_Adams",21,23,"21_to_23",4,0
"Mount_Adams",21,31,"21_to_31",3,0
"Mount_Adams",21,42,"21_to_42",21,0.01
"Mount_Adams",21,52,"21_to_52",3,0
"Mount_Adams",22,22,"22_to_22",103,0.05
"Mount_Adams",22,23,"22_to_23",7,0
"Mount_Adams",22,52,"22_to_52",1,0
"Mount_Adams",23,22,"23_to_22",2,0
"Mount_Adams",23,23,"23_to_23",1,0
"Mount_Adams",31,31,"31_to_31",53010,24.83
"Mount_Adams",31,42,"31_to_42",5,0
"Mount_Adams",31,52,"31_to_52",14,0.01
"Mount_Adams",31,71,"31_to_71",1,0
"Mount_Adams",42,11,"42_to_11",3,0
"Mount_Adams",42,21,"42_to_21",35,0.02
"Mount_Adams",42,22,"42_to_22",24,0.01
"Mount_Adams",42,23,"42_to_23",8,0
"Mount_Adams",42,31,"42_to_31",21,0.01
"Mount_Adams",42,41,"42_to_41",1,0
"Mount_Adams",42,42,"42_to_42",97986,45.9
"Mount_Adams",42,52,"42_to_52",36117,16.92
"Mount_Adams",42,71,"42_to_71",591,0.28
"Mount_Adams",42,81,"42_to_81",1,0
"Mount_Adams",42,90,"42_to_90",52,0.02
"Mount_Adams",42,95,"42_to_95",1,0
"Mount_Adams",52,22,"52_to_22",7,0
"Mount_Adams",52,31,"52_to_31",86,0.04
"Mount_Adams",52,42,"52_to_42",1702,0.8
"Mount_Adams",52,52,"52_to_52",9047,4.24
"Mount_Adams",52,71,"52_to_71",322,0.15
"Mount_Adams",52,90,"52_to_90",1,0
"Mount_Adams",71,31,"71_to_31",1,0
"Mount_Adams",71,42,"71_to_42",328,0.15
"Mount_Adams",71,52,"71_to_52",582,0.27
"Mount_Adams",71,71,"71_to_71",45,0.02
"Mount_Adams",82,82,"82_to_82",1,0
"Mount_Adams",90,42,"90_to_42",11,0.01
"Mount_Adams",90,81,"90_to_81",1,0
"Mount_Adams",90,90,"90_to_90",3110,1.46
"Mount_Adams",90,95,"90_to_95",24,0.01
"Mount_Adams",95,90,"95_to_90",14,0.01
"Mount_Adams",95,95,"95_to_95",135,0.06
"Mount_Baker",11,11,"11_to_11",886,0.16
"Mount_Baker",11,31,"11_to_31",104,0.02
"Mount_Baker",11,42,"11_to_42",43,0.01
"Mount_Baker",11,52,"11_to_52",1,0
"Mount_Baker",11,90,"11_to_90",1,0
"Mount_Baker",11,95,"11_to_95",5,0
"Mount_Baker",12,12,"12_to_12",50404,9.24
"Mount_Baker",21,21,"21_to_21",58,0.01
"Mount_Baker",21,22,"21_to_22",10,0
"Mount_Baker",21,23,"21_to_23",4,0
"Mount_Baker",21,31,"21_to_31",2,0
"Mount_Baker",21,42,"21_to_42",15,0
"Mount_Baker",21,52,"21_to_52",2,0
"Mount_Baker",22,21,"22_to_21",21,0
"Mount_Baker",22,22,"22_to_22",215,0.04
"Mount_Baker",22,23,"22_to_23",17,0
"Mount_Baker",23,21,"23_to_21",4,0
"Mount_Baker",23,22,"23_to_22",5,0
"Mount_Baker",23,23,"23_to_23",68,0.01
"Mount_Baker",23,42,"23_to_42",2,0
"Mount_Baker",24,24,"24_to_24",1,0
"Mount_Baker",31,11,"31_to_11",93,0.02
"Mount_Baker",31,22,"31_to_22",1,0
"Mount_Baker",31,23,"31_to_23",2,0
"Mount_Baker",31,31,"31_to_31",103627,19
"Mount_Baker",31,42,"31_to_42",943,0.17
"Mount_Baker",31,52,"31_to_52",590,0.11
"Mount_Baker",31,71,"31_to_71",237,0.04
"Mount_Baker",41,41,"41_to_41",19,0
"Mount_Baker",41,43,"41_to_43",1,0
"Mount_Baker",42,11,"42_to_11",23,0
"Mount_Baker",42,21,"42_to_21",67,0.01
"Mount_Baker",42,22,"42_to_22",64,0.01
"Mount_Baker",42,23,"42_to_23",27,0
"Mount_Baker",42,31,"42_to_31",738,0.14
"Mount_Baker",42,41,"42_to_41",21,0
"Mount_Baker",42,42,"42_to_42",295855,54.24
"Mount_Baker",42,43,"42_to_43",34,0.01
"Mount_Baker",42,52,"42_to_52",1343,0.25
"Mount_Baker",42,71,"42_to_71",2471,0.45
"Mount_Baker",43,41,"43_to_41",4,0
"Mount_Baker",43,42,"43_to_42",2,0
"Mount_Baker",43,43,"43_to_43",71,0.01
"Mount_Baker",52,11,"52_to_11",1,0
"Mount_Baker",52,21,"52_to_21",14,0
"Mount_Baker",52,22,"52_to_22",27,0
"Mount_Baker",52,23,"52_to_23",21,0
"Mount_Baker",52,31,"52_to_31",569,0.1
"Mount_Baker",52,41,"52_to_41",229,0.04
"Mount_Baker",52,42,"52_to_42",15236,2.79
"Mount_Baker",52,43,"52_to_43",15,0
"Mount_Baker",52,52,"52_to_52",67927,12.45
"Mount_Baker",52,71,"52_to_71",232,0.04
"Mount_Baker",52,81,"52_to_81",1,0
"Mount_Baker",71,31,"71_to_31",33,0.01
"Mount_Baker",71,42,"71_to_42",46,0.01
"Mount_Baker",71,52,"71_to_52",116,0.02
"Mount_Baker",71,71,"71_to_71",2679,0.49
"Mount_Baker",81,42,"81_to_42",3,0
"Mount_Baker",81,52,"81_to_52",15,0
"Mount_Baker",81,71,"81_to_71",4,0
"Mount_Baker",81,81,"81_to_81",2,0
"Mount_Baker",90,11,"90_to_11",1,0
"Mount_Baker",90,21,"90_to_21",1,0
"Mount_Baker",90,23,"90_to_23",1,0
"Mount_Baker",90,31,"90_to_31",2,0
"Mount_Baker",90,90,"90_to_90",149,0.03
"Mount_Baker",90,95,"90_to_95",1,0
"Mount_Baker",95,11,"95_to_11",1,0
"Mount_Baker",95,31,"95_to_31",2,0
"Mount_Baker",95,90,"95_to_90",15,0
"Mount_Baker",95,95,"95_to_95",26,0
"Mount_Baldy",31,31,"31_to_31",5,0.02
"Mount_Baldy",41,41,"41_to_41",169,0.54
"Mount_Baldy",41,42,"41_to_42",55,0.18
"Mount_Baldy",41,43,"41_to_43",34,0.11
"Mount_Baldy",41,52,"41_to_52",19,0.06
"Mount_Baldy",41,71,"41_to_71",15,0.05
"Mount_Baldy",42,41,"42_to_41",10,0.03
"Mount_Baldy",42,42,"42_to_42",27759,88.95
"Mount_Baldy",42,43,"42_to_43",10,0.03
"Mount_Baldy",42,52,"42_to_52",95,0.3
"Mount_Baldy",42,71,"42_to_71",80,0.26
"Mount_Baldy",43,41,"43_to_41",3,0.01
"Mount_Baldy",43,42,"43_to_42",246,0.79
"Mount_Baldy",43,43,"43_to_43",1419,4.55
"Mount_Baldy",52,21,"52_to_21",1,0
"Mount_Baldy",52,22,"52_to_22",1,0
"Mount_Baldy",52,41,"52_to_41",1,0
"Mount_Baldy",52,42,"52_to_42",36,0.12
"Mount_Baldy",52,52,"52_to_52",1035,3.32
"Mount_Baldy",52,71,"52_to_71",3,0.01
"Mount_Baldy",71,42,"71_to_42",6,0.02
"Mount_Baldy",71,52,"71_to_52",15,0.05
"Mount_Baldy",71,71,"71_to_71",62,0.2
"Mount_Baldy",81,52,"81_to_52",2,0.01
"Mount_Baldy",90,90,"90_to_90",19,0.06
"Mount_Baldy",90,95,"90_to_95",1,0
"Mount_Baldy",95,95,"95_to_95",106,0.34
"Mount_Evans",11,11,"11_to_11",302,0.09
"Mount_Evans",11,31,"11_to_31",17,0.01
"Mount_Evans",11,42,"11_to_42",4,0
"Mount_Evans",11,52,"11_to_52",2,0
"Mount_Evans",11,90,"11_to_90",1,0
"Mount_Evans",12,12,"12_to_12",6,0
"Mount_Evans",21,22,"21_to_22",1,0
"Mount_Evans",22,22,"22_to_22",5,0
"Mount_Evans",31,11,"31_to_11",1,0
"Mount_Evans",31,31,"31_to_31",16511,4.96
"Mount_Evans",31,42,"31_to_42",39,0.01
"Mount_Evans",31,52,"31_to_52",78,0.02
"Mount_Evans",31,71,"31_to_71",81,0.02
"Mount_Evans",41,41,"41_to_41",3959,1.19
"Mount_Evans",41,42,"41_to_42",61,0.02
"Mount_Evans",41,43,"41_to_43",1,0
"Mount_Evans",41,52,"41_to_52",30,0.01
"Mount_Evans",42,11,"42_to_11",4,0
"Mount_Evans",42,31,"42_to_31",43,0.01
"Mount_Evans",42,41,"42_to_41",62,0.02
"Mount_Evans",42,42,"42_to_42",174269,52.35
"Mount_Evans",42,52,"42_to_52",455,0.14
"Mount_Evans",42,71,"42_to_71",6,0
"Mount_Evans",42,90,"42_to_90",4,0
"Mount_Evans",43,42,"43_to_42",6,0
"Mount_Evans",43,43,"43_to_43",235,0.07
"Mount_Evans",52,11,"52_to_11",2,0
"Mount_Evans",52,31,"52_to_31",412,0.12
"Mount_Evans",52,41,"52_to_41",1086,0.33
"Mount_Evans",52,42,"52_to_42",9293,2.79
"Mount_Evans",52,52,"52_to_52",39604,11.9
"Mount_Evans",52,71,"52_to_71",129,0.04
"Mount_Evans",52,90,"52_to_90",20,0.01
"Mount_Evans",52,95,"52_to_95",33,0.01
"Mount_Evans",71,11,"71_to_11",6,0
"Mount_Evans",71,31,"71_to_31",104,0.03
"Mount_Evans",71,41,"71_to_41",179,0.05
"Mount_Evans",71,42,"71_to_42",1149,0.35
"Mount_Evans",71,52,"71_to_52",301,0.09
"Mount_Evans",71,71,"71_to_71",66879,20.09
"Mount_Evans",71,90,"71_to_90",3,0
"Mount_Evans",71,95,"71_to_95",2,0
"Mount_Evans",90,11,"90_to_11",6,0
"Mount_Evans",90,42,"90_to_42",64,0.02
"Mount_Evans",90,52,"90_to_52",5,0
"Mount_Evans",90,90,"90_to_90",6848,2.06
"Mount_Evans",90,95,"90_to_95",46,0.01
"Mount_Evans",95,52,"95_to_52",6,0
"Mount_Evans",95,90,"95_to_90",109,0.03
"Mount_Evans",95,95,"95_to_95",10405,3.13
"Mount_Grafton",21,21,"21_to_21",105,0.03
"Mount_Grafton",21,52,"21_to_52",1,0
"Mount_Grafton",22,22,"22_to_22",174,0.05
"Mount_Grafton",41,41,"41_to_41",1064,0.3
"Mount_Grafton",41,42,"41_to_42",99,0.03
"Mount_Grafton",41,43,"41_to_43",2,0
"Mount_Grafton",41,52,"41_to_52",116,0.03
"Mount_Grafton",42,21,"42_to_21",2,0
"Mount_Grafton",42,41,"42_to_41",67,0.02
"Mount_Grafton",42,42,"42_to_42",199226,55.61
"Mount_Grafton",42,43,"42_to_43",19,0.01
"Mount_Grafton",42,52,"42_to_52",10590,2.96
"Mount_Grafton",42,71,"42_to_71",308,0.09
"Mount_Grafton",42,90,"42_to_90",2,0
"Mount_Grafton",43,41,"43_to_41",3,0
"Mount_Grafton",43,42,"43_to_42",13,0
"Mount_Grafton",43,43,"43_to_43",167,0.05
"Mount_Grafton",43,52,"43_to_52",1,0
"Mount_Grafton",52,21,"52_to_21",88,0.02
"Mount_Grafton",52,22,"52_to_22",16,0
"Mount_Grafton",52,41,"52_to_41",168,0.05
"Mount_Grafton",52,42,"52_to_42",26607,7.43
"Mount_Grafton",52,52,"52_to_52",118524,33.08
"Mount_Grafton",52,71,"52_to_71",81,0.02
"Mount_Grafton",52,90,"52_to_90",5,0
"Mount_Grafton",52,95,"52_to_95",31,0.01
"Mount_Grafton",71,42,"71_to_42",1,0
"Mount_Grafton",71,52,"71_to_52",679,0.19
"Mount_Grafton",90,42,"90_to_42",4,0
"Mount_Grafton",90,90,"90_to_90",76,0.02
"Mount_Grafton",95,95,"95_to_95",12,0
"Mount_Hood",11,11,"11_to_11",49,0.02
"Mount_Hood",11,42,"11_to_42",5,0
"Mount_Hood",12,12,"12_to_12",9293,3.14
"Mount_Hood",21,21,"21_to_21",324,0.11
"Mount_Hood",21,22,"21_to_22",34,0.01
"Mount_Hood",21,23,"21_to_23",53,0.02
"Mount_Hood",21,24,"21_to_24",1,0
"Mount_Hood",21,31,"21_to_31",1,0
"Mount_Hood",21,42,"21_to_42",46,0.02
"Mount_Hood",21,52,"21_to_52",16,0.01
"Mount_Hood",22,21,"22_to_21",14,0
"Mount_Hood",22,22,"22_to_22",412,0.14
"Mount_Hood",22,23,"22_to_23",103,0.03
"Mount_Hood",22,24,"22_to_24",1,0
"Mount_Hood",22,42,"22_to_42",2,0
"Mount_Hood",23,22,"23_to_22",41,0.01
"Mount_Hood",23,23,"23_to_23",116,0.04
"Mount_Hood",23,31,"23_to_31",1,0
"Mount_Hood",23,42,"23_to_42",1,0
"Mount_Hood",23,52,"23_to_52",2,0
"Mount_Hood",24,22,"24_to_22",1,0
"Mount_Hood",24,23,"24_to_23",1,0
"Mount_Hood",24,24,"24_to_24",2,0
"Mount_Hood",31,31,"31_to_31",36117,12.22
"Mount_Hood",31,42,"31_to_42",44,0.01
"Mount_Hood",31,52,"31_to_52",40,0.01
"Mount_Hood",41,41,"41_to_41",42,0.01
"Mount_Hood",41,42,"41_to_42",38,0.01
"Mount_Hood",41,43,"41_to_43",1,0
"Mount_Hood",41,52,"41_to_52",3,0
"Mount_Hood",42,11,"42_to_11",2,0
"Mount_Hood",42,21,"42_to_21",80,0.03
"Mount_Hood",42,22,"42_to_22",219,0.07
"Mount_Hood",42,23,"42_to_23",535,0.18
"Mount_Hood",42,24,"42_to_24",5,0
"Mount_Hood",42,31,"42_to_31",335,0.11
"Mount_Hood",42,42,"42_to_42",209545,70.89
"Mount_Hood",42,43,"42_to_43",19,0.01
"Mount_Hood",42,52,"42_to_52",24489,8.28
"Mount_Hood",42,71,"42_to_71",171,0.06
"Mount_Hood",42,90,"42_to_90",43,0.01
"Mount_Hood",43,21,"43_to_21",1,0
"Mount_Hood",43,22,"43_to_22",2,0
"Mount_Hood",43,23,"43_to_23",5,0
"Mount_Hood",43,42,"43_to_42",35,0.01
"Mount_Hood",43,43,"43_to_43",127,0.04
"Mount_Hood",43,52,"43_to_52",1,0
"Mount_Hood",52,21,"52_to_21",6,0
"Mount_Hood",52,22,"52_to_22",3,0
"Mount_Hood",52,23,"52_to_23",19,0.01
"Mount_Hood",52,31,"52_to_31",135,0.05
"Mount_Hood",52,41,"52_to_41",45,0.02
"Mount_Hood",52,42,"52_to_42",3488,1.18
"Mount_Hood",52,43,"52_to_43",19,0.01
"Mount_Hood",52,52,"52_to_52",8714,2.95
"Mount_Hood",52,71,"52_to_71",8,0
"Mount_Hood",71,31,"71_to_31",6,0
"Mount_Hood",71,42,"71_to_42",91,0.03
"Mount_Hood",71,52,"71_to_52",14,0
"Mount_Hood",71,71,"71_to_71",52,0.02
"Mount_Hood",90,22,"90_to_22",8,0
"Mount_Hood",90,23,"90_to_23",46,0.02
"Mount_Hood",90,42,"90_to_42",35,0.01
"Mount_Hood",90,90,"90_to_90",428,0.14
"Mount_Hood",90,95,"90_to_95",4,0
"Mount_Hood",95,90,"95_to_90",28,0.01
"Mount_Hood",95,95,"95_to_95",25,0.01
"Mount_Jefferson",11,11,"11_to_11",3546,0.72
"Mount_Jefferson",11,31,"11_to_31",7,0
"Mount_Jefferson",11,42,"11_to_42",304,0.06
"Mount_Jefferson",11,52,"11_to_52",107,0.02
"Mount_Jefferson",11,71,"11_to_71",146,0.03
"Mount_Jefferson",11,90,"11_to_90",17,0
"Mount_Jefferson",11,95,"11_to_95",1,0
"Mount_Jefferson",12,12,"12_to_12",2608,0.53
"Mount_Jefferson",21,21,"21_to_21",184,0.04
"Mount_Jefferson",21,22,"21_to_22",59,0.01
"Mount_Jefferson",21,23,"21_to_23",1,0
"Mount_Jefferson",21,42,"21_to_42",9,0
"Mount_Jefferson",21,52,"21_to_52",3,0
"Mount_Jefferson",21,71,"21_to_71",47,0.01
"Mount_Jefferson",22,21,"22_to_21",20,0
"Mount_Jefferson",22,22,"22_to_22",306,0.06
"Mount_Jefferson",22,23,"22_to_23",7,0
"Mount_Jefferson",22,42,"22_to_42",2,0
"Mount_Jefferson",22,52,"22_to_52",2,0
"Mount_Jefferson",22,71,"22_to_71",5,0
"Mount_Jefferson",23,22,"23_to_22",2,0
"Mount_Jefferson",23,23,"23_to_23",11,0
"Mount_Jefferson",31,31,"31_to_31",25217,5.11
"Mount_Jefferson",31,42,"31_to_42",62,0.01
"Mount_Jefferson",31,52,"31_to_52",167,0.03
"Mount_Jefferson",31,71,"31_to_71",333,0.07
"Mount_Jefferson",31,81,"31_to_81",1,0
"Mount_Jefferson",41,71,"41_to_71",1,0
"Mount_Jefferson",42,11,"42_to_11",28,0.01
"Mount_Jefferson",42,21,"42_to_21",92,0.02
"Mount_Jefferson",42,22,"42_to_22",145,0.03
"Mount_Jefferson",42,23,"42_to_23",8,0
"Mount_Jefferson",42,31,"42_to_31",1864,0.38
"Mount_Jefferson",42,42,"42_to_42",215786,43.71
"Mount_Jefferson",42,52,"42_to_52",137964,27.94
"Mount_Jefferson",42,71,"42_to_71",75244,15.24
"Mount_Jefferson",42,90,"42_to_90",312,0.06
"Mount_Jefferson",42,95,"42_to_95",21,0
"Mount_Jefferson",52,11,"52_to_11",1,0
"Mount_Jefferson",52,21,"52_to_21",19,0
"Mount_Jefferson",52,22,"52_to_22",28,0.01
"Mount_Jefferson",52,23,"52_to_23",2,0
"Mount_Jefferson",52,31,"52_to_31",354,0.07
"Mount_Jefferson",52,42,"52_to_42",2279,0.46
"Mount_Jefferson",52,52,"52_to_52",14164,2.87
"Mount_Jefferson",52,71,"52_to_71",3506,0.71
"Mount_Jefferson",71,21,"71_to_21",23,0
"Mount_Jefferson",71,22,"71_to_22",1,0
"Mount_Jefferson",71,31,"71_to_31",221,0.04
"Mount_Jefferson",71,42,"71_to_42",1304,0.26
"Mount_Jefferson",71,52,"71_to_52",5139,1.04
"Mount_Jefferson",71,71,"71_to_71",1045,0.21
"Mount_Jefferson",81,42,"81_to_42",1,0
"Mount_Jefferson",81,52,"81_to_52",2,0
"Mount_Jefferson",81,71,"81_to_71",1,0
"Mount_Jefferson",82,42,"82_to_42",1,0
"Mount_Jefferson",82,52,"82_to_52",1,0
"Mount_Jefferson",82,71,"82_to_71",1,0
"Mount_Jefferson",90,11,"90_to_11",1,0
"Mount_Jefferson",90,42,"90_to_42",19,0
"Mount_Jefferson",90,52,"90_to_52",1,0
"Mount_Jefferson",90,71,"90_to_71",5,0
"Mount_Jefferson",90,90,"90_to_90",886,0.18
"Mount_Jefferson",90,95,"90_to_95",11,0
"Mount_Jefferson",95,90,"95_to_90",28,0.01
"Mount_Jefferson",95,95,"95_to_95",30,0.01
"Mount_Lassic",21,21,"21_to_21",274,0.81
"Mount_Lassic",21,22,"21_to_22",2,0.01
"Mount_Lassic",21,42,"21_to_42",28,0.08
"Mount_Lassic",21,52,"21_to_52",154,0.46
"Mount_Lassic",22,21,"22_to_21",42,0.12
"Mount_Lassic",22,22,"22_to_22",164,0.49
"Mount_Lassic",22,42,"22_to_42",5,0.01
"Mount_Lassic",22,52,"22_to_52",7,0.02
"Mount_Lassic",23,21,"23_to_21",5,0.01
"Mount_Lassic",23,22,"23_to_22",12,0.04
"Mount_Lassic",23,42,"23_to_42",2,0.01
"Mount_Lassic",23,52,"23_to_52",1,0
"Mount_Lassic",31,31,"31_to_31",27,0.08
"Mount_Lassic",31,42,"31_to_42",3,0.01
"Mount_Lassic",31,52,"31_to_52",20,0.06
"Mount_Lassic",41,41,"41_to_41",142,0.42
"Mount_Lassic",41,42,"41_to_42",15,0.04
"Mount_Lassic",41,52,"41_to_52",21,0.06
"Mount_Lassic",42,21,"42_to_21",28,0.08
"Mount_Lassic",42,22,"42_to_22",3,0.01
"Mount_Lassic",42,41,"42_to_41",1,0
"Mount_Lassic",42,42,"42_to_42",20570,61.1
"Mount_Lassic",42,52,"42_to_52",9969,29.61
"Mount_Lassic",42,71,"42_to_71",7,0.02
"Mount_Lassic",52,21,"52_to_21",3,0.01
"Mount_Lassic",52,22,"52_to_22",1,0
"Mount_Lassic",52,41,"52_to_41",10,0.03
"Mount_Lassic",52,42,"52_to_42",169,0.5
"Mount_Lassic",52,52,"52_to_52",1667,4.95
"Mount_Lassic",52,71,"52_to_71",3,0.01
"Mount_Lassic",71,21,"71_to_21",13,0.04
"Mount_Lassic",71,42,"71_to_42",115,0.34
"Mount_Lassic",71,52,"71_to_52",147,0.44
"Mount_Lassic",71,71,"71_to_71",34,0.1
"Mount_Logan",22,22,"22_to_22",3,0
"Mount_Logan",31,31,"31_to_31",26,0.04
"Mount_Logan",31,52,"31_to_52",13,0.02
"Mount_Logan",41,41,"41_to_41",280,0.42
"Mount_Logan",41,42,"41_to_42",210,0.31
"Mount_Logan",41,52,"41_to_52",1,0
"Mount_Logan",42,41,"42_to_41",43,0.06
"Mount_Logan",42,42,"42_to_42",54464,80.73
"Mount_Logan",42,52,"42_to_52",654,0.97
"Mount_Logan",52,31,"52_to_31",2,0
"Mount_Logan",52,42,"52_to_42",3275,4.85
"Mount_Logan",52,52,"52_to_52",8443,12.52
"Mount_Logan",71,42,"71_to_42",38,0.06
"Mount_Logan",71,52,"71_to_52",10,0.01
"Mount_Massive",11,11,"11_to_11",239,0.2
"Mount_Massive",11,42,"11_to_42",7,0.01
"Mount_Massive",11,52,"11_to_52",1,0
"Mount_Massive",11,71,"11_to_71",1,0
"Mount_Massive",11,90,"11_to_90",4,0
"Mount_Massive",11,95,"11_to_95",2,0
"Mount_Massive",12,12,"12_to_12",121,0.1
"Mount_Massive",31,11,"31_to_11",4,0
"Mount_Massive",31,31,"31_to_31",17574,14.6
"Mount_Massive",31,42,"31_to_42",3,0
"Mount_Massive",31,52,"31_to_52",43,0.04
"Mount_Massive",31,71,"31_to_71",58,0.05
"Mount_Massive",41,41,"41_to_41",221,0.18
"Mount_Massive",41,42,"41_to_42",2,0
"Mount_Massive",41,90,"41_to_90",2,0
"Mount_Massive",42,11,"42_to_11",5,0
"Mount_Massive",42,41,"42_to_41",6,0
"Mount_Massive",42,42,"42_to_42",44949,37.34
"Mount_Massive",42,52,"42_to_52",59,0.05
"Mount_Massive",42,71,"42_to_71",1,0
"Mount_Massive",42,90,"42_to_90",5,0
"Mount_Massive",52,11,"52_to_11",4,0
"Mount_Massive",52,31,"52_to_31",100,0.08
"Mount_Massive",52,41,"52_to_41",218,0.18
"Mount_Massive",52,42,"52_to_42",2273,1.89
"Mount_Massive",52,52,"52_to_52",32480,26.98
"Mount_Massive",52,71,"52_to_71",48,0.04
"Mount_Massive",52,90,"52_to_90",9,0.01
"Mount_Massive",52,95,"52_to_95",2,0
"Mount_Massive",71,11,"71_to_11",2,0
"Mount_Massive",71,31,"71_to_31",37,0.03
"Mount_Massive",71,41,"71_to_41",75,0.06
"Mount_Massive",71,42,"71_to_42",332,0.28
"Mount_Massive",71,52,"71_to_52",38,0.03
"Mount_Massive",71,71,"71_to_71",18280,15.19
"Mount_Massive",71,90,"71_to_90",1,0
"Mount_Massive",90,41,"90_to_41",13,0.01
"Mount_Massive",90,42,"90_to_42",12,0.01
"Mount_Massive",90,52,"90_to_52",3,0
"Mount_Massive",90,90,"90_to_90",2068,1.72
"Mount_Massive",90,95,"90_to_95",33,0.03
"Mount_Massive",95,90,"95_to_90",10,0.01
"Mount_Massive",95,95,"95_to_95",1035,0.86
"Mount_Naomi",21,21,"21_to_21",10,0
"Mount_Naomi",21,22,"21_to_22",1,0
"Mount_Naomi",22,21,"22_to_21",3,0
"Mount_Naomi",22,22,"22_to_22",47,0.02
"Mount_Naomi",23,22,"23_to_22",1,0
"Mount_Naomi",41,41,"41_to_41",2287,1.13
"Mount_Naomi",41,42,"41_to_42",206,0.1
"Mount_Naomi",41,52,"41_to_52",72,0.04
"Mount_Naomi",42,11,"42_to_11",3,0
"Mount_Naomi",42,41,"42_to_41",283,0.14
"Mount_Naomi",42,42,"42_to_42",85815,42.24
"Mount_Naomi",42,52,"42_to_52",1865,0.92
"Mount_Naomi",42,71,"42_to_71",11,0.01
"Mount_Naomi",52,21,"52_to_21",15,0.01
"Mount_Naomi",52,22,"52_to_22",5,0
"Mount_Naomi",52,41,"52_to_41",3635,1.79
"Mount_Naomi",52,42,"52_to_42",17756,8.74
"Mount_Naomi",52,52,"52_to_52",76154,37.48
"Mount_Naomi",52,71,"52_to_71",363,0.18
"Mount_Naomi",71,21,"71_to_21",1,0
"Mount_Naomi",71,41,"71_to_41",23,0.01
"Mount_Naomi",71,42,"71_to_42",44,0.02
"Mount_Naomi",71,52,"71_to_52",10153,5
"Mount_Naomi",71,71,"71_to_71",4406,2.17
"Mount_Nebo",21,21,"21_to_21",8,0.01
"Mount_Nebo",21,22,"21_to_22",1,0
"Mount_Nebo",21,52,"21_to_52",1,0
"Mount_Nebo",22,22,"22_to_22",44,0.04
"Mount_Nebo",22,23,"22_to_23",1,0
"Mount_Nebo",22,41,"22_to_41",1,0
"Mount_Nebo",23,22,"23_to_22",4,0
"Mount_Nebo",23,23,"23_to_23",4,0
"Mount_Nebo",31,31,"31_to_31",1291,1.04
"Mount_Nebo",31,42,"31_to_42",10,0.01
"Mount_Nebo",31,52,"31_to_52",18,0.01
"Mount_Nebo",31,71,"31_to_71",4,0
"Mount_Nebo",41,21,"41_to_21",3,0
"Mount_Nebo",41,22,"41_to_22",1,0
"Mount_Nebo",41,41,"41_to_41",8949,7.22
"Mount_Nebo",41,42,"41_to_42",682,0.55
"Mount_Nebo",41,43,"41_to_43",3,0
"Mount_Nebo",41,52,"41_to_52",4163,3.36
"Mount_Nebo",41,71,"41_to_71",93,0.08
"Mount_Nebo",42,22,"42_to_22",4,0
"Mount_Nebo",42,31,"42_to_31",25,0.02
"Mount_Nebo",42,41,"42_to_41",549,0.44
"Mount_Nebo",42,42,"42_to_42",43130,34.8
"Mount_Nebo",42,43,"42_to_43",9,0.01
"Mount_Nebo",42,52,"42_to_52",20081,16.2
"Mount_Nebo",42,71,"42_to_71",979,0.79
"Mount_Nebo",42,90,"42_to_90",1,0
"Mount_Nebo",43,42,"43_to_42",47,0.04
"Mount_Nebo",43,43,"43_to_43",117,0.09
"Mount_Nebo",43,52,"43_to_52",313,0.25
"Mount_Nebo",43,71,"43_to_71",1,0
"Mount_Nebo",52,21,"52_to_21",9,0.01
"Mount_Nebo",52,22,"52_to_22",15,0.01
"Mount_Nebo",52,23,"52_to_23",2,0
"Mount_Nebo",52,31,"52_to_31",331,0.27
"Mount_Nebo",52,41,"52_to_41",2538,2.05
"Mount_Nebo",52,42,"52_to_42",1824,1.47
"Mount_Nebo",52,52,"52_to_52",35516,28.65
"Mount_Nebo",52,71,"52_to_71",2170,1.75
"Mount_Nebo",52,90,"52_to_90",2,0
"Mount_Nebo",71,31,"71_to_31",100,0.08
"Mount_Nebo",71,41,"71_to_41",1,0
"Mount_Nebo",71,42,"71_to_42",7,0.01
"Mount_Nebo",71,52,"71_to_52",219,0.18
"Mount_Nebo",71,71,"71_to_71",665,0.54
"Mount_Nebo",90,52,"90_to_52",5,0
"Mount_Nebo",90,90,"90_to_90",3,0
"Mount_Nutt",31,31,"31_to_31",79,0.06
"Mount_Nutt",31,52,"31_to_52",1,0
"Mount_Nutt",52,21,"52_to_21",5,0
"Mount_Nutt",52,31,"52_to_31",2,0
"Mount_Nutt",52,52,"52_to_52",127446,99.76
"Mount_Nutt",52,71,"52_to_71",4,0
"Mount_Nutt",71,52,"71_to_52",222,0.17
"Mount_Olympus",21,21,"21_to_21",5,0.01
"Mount_Olympus",21,41,"21_to_41",1,0
"Mount_Olympus",22,22,"22_to_22",11,0.02
"Mount_Olympus",41,41,"41_to_41",9638,13.73
"Mount_Olympus",41,42,"41_to_42",568,0.81
"Mount_Olympus",41,43,"41_to_43",1,0
"Mount_Olympus",41,52,"41_to_52",184,0.26
"Mount_Olympus",42,41,"42_to_41",413,0.59
"Mount_Olympus",42,42,"42_to_42",35120,50.03
"Mount_Olympus",42,52,"42_to_52",289,0.41
"Mount_Olympus",42,71,"42_to_71",9,0.01
"Mount_Olympus",43,42,"43_to_42",35,0.05
"Mount_Olympus",43,43,"43_to_43",36,0.05
"Mount_Olympus",52,22,"52_to_22",8,0.01
"Mount_Olympus",52,23,"52_to_23",1,0
"Mount_Olympus",52,41,"52_to_41",3152,4.49
"Mount_Olympus",52,42,"52_to_42",4070,5.8
"Mount_Olympus",52,52,"52_to_52",15788,22.49
"Mount_Olympus",52,71,"52_to_71",15,0.02
"Mount_Olympus",52,81,"52_to_81",1,0
"Mount_Olympus",71,31,"71_to_31",1,0
"Mount_Olympus",71,41,"71_to_41",4,0.01
"Mount_Olympus",71,52,"71_to_52",505,0.72
"Mount_Olympus",71,71,"71_to_71",341,0.49
"Mount_Rainier",11,11,"11_to_11",3078,0.3
"Mount_Rainier",11,22,"11_to_22",2,0
"Mount_Rainier",11,23,"11_to_23",15,0
"Mount_Rainier",11,31,"11_to_31",1229,0.12
"Mount_Rainier",11,42,"11_to_42",454,0.04
"Mount_Rainier",11,52,"11_to_52",159,0.02
"Mount_Rainier",11,71,"11_to_71",2,0
"Mount_Rainier",11,90,"11_to_90",74,0.01
"Mount_Rainier",11,95,"11_to_95",28,0
"Mount_Rainier",12,12,"12_to_12",80507,7.82
"Mount_Rainier",21,11,"21_to_11",1,0
"Mount_Rainier",21,21,"21_to_21",389,0.04
"Mount_Rainier",21,22,"21_to_22",63,0.01
"Mount_Rainier",21,23,"21_to_23",31,0
"Mount_Rainier",21,42,"21_to_42",75,0.01
"Mount_Rainier",21,52,"21_to_52",1,0
"Mount_Rainier",21,90,"21_to_90",4,0
"Mount_Rainier",21,95,"21_to_95",5,0
"Mount_Rainier",22,11,"22_to_11",1,0
"Mount_Rainier",22,21,"22_to_21",32,0
"Mount_Rainier",22,22,"22_to_22",472,0.05
"Mount_Rainier",22,23,"22_to_23",61,0.01
"Mount_Rainier",22,42,"22_to_42",3,0
"Mount_Rainier",23,11,"23_to_11",1,0
"Mount_Rainier",23,22,"23_to_22",24,0
"Mount_Rainier",23,23,"23_to_23",249,0.02
"Mount_Rainier",23,31,"23_to_31",1,0
"Mount_Rainier",23,42,"23_to_42",4,0
"Mount_Rainier",23,52,"23_to_52",2,0
"Mount_Rainier",24,24,"24_to_24",3,0
"Mount_Rainier",31,11,"31_to_11",120,0.01
"Mount_Rainier",31,22,"31_to_22",2,0
"Mount_Rainier",31,23,"31_to_23",15,0
"Mount_Rainier",31,31,"31_to_31",143040,13.89
"Mount_Rainier",31,42,"31_to_42",607,0.06
"Mount_Rainier",31,52,"31_to_52",391,0.04
"Mount_Rainier",31,71,"31_to_71",18,0
"Mount_Rainier",31,90,"31_to_90",10,0
"Mount_Rainier",31,95,"31_to_95",2,0
"Mount_Rainier",41,41,"41_to_41",1,0
"Mount_Rainier",42,11,"42_to_11",344,0.03
"Mount_Rainier",42,21,"42_to_21",183,0.02
"Mount_Rainier",42,22,"42_to_22",249,0.02
"Mount_Rainier",42,23,"42_to_23",169,0.02
"Mount_Rainier",42,31,"42_to_31",2050,0.2
"Mount_Rainier",42,42,"42_to_42",677447,65.77
"Mount_Rainier",42,43,"42_to_43",1,0
"Mount_Rainier",42,52,"42_to_52",1699,0.16
"Mount_Rainier",42,71,"42_to_71",154,0.01
"Mount_Rainier",42,90,"42_to_90",167,0.02
"Mount_Rainier",42,95,"42_to_95",18,0
"Mount_Rainier",43,42,"43_to_42",1,0
"Mount_Rainier",43,43,"43_to_43",33,0
"Mount_Rainier",52,11,"52_to_11",52,0.01
"Mount_Rainier",52,21,"52_to_21",23,0
"Mount_Rainier",52,22,"52_to_22",24,0
"Mount_Rainier",52,23,"52_to_23",37,0
"Mount_Rainier",52,31,"52_to_31",435,0.04
"Mount_Rainier",52,41,"52_to_41",2,0
"Mount_Rainier",52,42,"52_to_42",25837,2.51
"Mount_Rainier",52,52,"52_to_52",82030,7.96
"Mount_Rainier",52,71,"52_to_71",79,0.01
"Mount_Rainier",52,90,"52_to_90",4,0
"Mount_Rainier",52,95,"52_to_95",1,0
"Mount_Rainier",71,23,"71_to_23",7,0
"Mount_Rainier",71,31,"71_to_31",27,0
"Mount_Rainier",71,42,"71_to_42",287,0.03
"Mount_Rainier",71,52,"71_to_52",243,0.02
"Mount_Rainier",71,71,"71_to_71",1285,0.12
"Mount_Rainier",81,42,"81_to_42",1,0
"Mount_Rainier",81,52,"81_to_52",4,0
"Mount_Rainier",81,81,"81_to_81",2,0
"Mount_Rainier",90,11,"90_to_11",36,0
"Mount_Rainier",90,21,"90_to_21",1,0
"Mount_Rainier",90,22,"90_to_22",7,0
"Mount_Rainier",90,23,"90_to_23",15,0
"Mount_Rainier",90,31,"90_to_31",128,0.01
"Mount_Rainier",90,42,"90_to_42",67,0.01
"Mount_Rainier",90,52,"90_to_52",2,0
"Mount_Rainier",90,90,"90_to_90",4103,0.4
"Mount_Rainier",90,95,"90_to_95",355,0.03
"Mount_Rainier",95,11,"95_to_11",6,0
"Mount_Rainier",95,23,"95_to_23",1,0
"Mount_Rainier",95,31,"95_to_31",66,0.01
"Mount_Rainier",95,42,"95_to_42",1,0
"Mount_Rainier",95,90,"95_to_90",130,0.01
"Mount_Rainier",95,95,"95_to_95",1003,0.1
"Mount_Riley",21,21,"21_to_21",2,0.01
"Mount_Riley",22,52,"22_to_52",1,0
"Mount_Riley",52,21,"52_to_21",42,0.11
"Mount_Riley",52,42,"52_to_42",10,0.03
"Mount_Riley",52,52,"52_to_52",35528,92.83
"Mount_Riley",52,71,"52_to_71",2579,6.74
"Mount_Riley",71,52,"71_to_52",37,0.1
"Mount_Riley",71,71,"71_to_71",74,0.19
"Mount_Skokomish",11,11,"11_to_11",265,0.44
"Mount_Skokomish",11,31,"11_to_31",31,0.05
"Mount_Skokomish",11,42,"11_to_42",11,0.02
"Mount_Skokomish",11,52,"11_to_52",1,0
"Mount_Skokomish",12,12,"12_to_12",129,0.21
"Mount_Skokomish",22,22,"22_to_22",1,0
"Mount_Skokomish",31,11,"31_to_11",8,0.01
"Mount_Skokomish",31,31,"31_to_31",4496,7.39
"Mount_Skokomish",31,42,"31_to_42",45,0.07
"Mount_Skokomish",31,52,"31_to_52",12,0.02
"Mount_Skokomish",31,71,"31_to_71",1,0
"Mount_Skokomish",42,11,"42_to_11",18,0.03
"Mount_Skokomish",42,31,"42_to_31",25,0.04
"Mount_Skokomish",42,42,"42_to_42",41335,67.98
"Mount_Skokomish",42,52,"42_to_52",387,0.64
"Mount_Skokomish",42,71,"42_to_71",1,0
"Mount_Skokomish",43,43,"43_to_43",4,0.01
"Mount_Skokomish",52,11,"52_to_11",1,0
"Mount_Skokomish",52,21,"52_to_21",2,0
"Mount_Skokomish",52,31,"52_to_31",14,0.02
"Mount_Skokomish",52,42,"52_to_42",2263,3.72
"Mount_Skokomish",52,43,"52_to_43",2,0
"Mount_Skokomish",52,52,"52_to_52",11447,18.83
"Mount_Skokomish",52,71,"52_to_71",2,0
"Mount_Skokomish",71,31,"71_to_31",1,0
"Mount_Skokomish",71,42,"71_to_42",2,0
"Mount_Skokomish",71,52,"71_to_52",10,0.02
"Mount_Skokomish",71,71,"71_to_71",267,0.44
"Mount_Skokomish",90,90,"90_to_90",17,0.03
"Mount_Skokomish",95,11,"95_to_11",2,0
"Mount_Skokomish",95,95,"95_to_95",1,0
"Mount_Sneffels",11,11,"11_to_11",74,0.1
"Mount_Sneffels",11,31,"11_to_31",2,0
"Mount_Sneffels",11,90,"11_to_90",1,0
"Mount_Sneffels",12,12,"12_to_12",29,0.04
"Mount_Sneffels",21,21,"21_to_21",2,0
"Mount_Sneffels",22,22,"22_to_22",7,0.01
"Mount_Sneffels",23,22,"23_to_22",3,0
"Mount_Sneffels",23,23,"23_to_23",1,0
"Mount_Sneffels",23,41,"23_to_41",1,0
"Mount_Sneffels",31,11,"31_to_11",1,0
"Mount_Sneffels",31,31,"31_to_31",35355,47.06
"Mount_Sneffels",31,42,"31_to_42",32,0.04
"Mount_Sneffels",31,52,"31_to_52",36,0.05
"Mount_Sneffels",31,71,"31_to_71",3,0
"Mount_Sneffels",41,41,"41_to_41",1811,2.41
"Mount_Sneffels",41,42,"41_to_42",70,0.09
"Mount_Sneffels",41,43,"41_to_43",27,0.04
"Mount_Sneffels",41,52,"41_to_52",18,0.02
"Mount_Sneffels",41,90,"41_to_90",1,0
"Mount_Sneffels",42,11,"42_to_11",2,0
"Mount_Sneffels",42,31,"42_to_31",141,0.19
"Mount_Sneffels",42,41,"42_to_41",22,0.03
"Mount_Sneffels",42,42,"42_to_42",24442,32.53
"Mount_Sneffels",42,43,"42_to_43",32,0.04
"Mount_Sneffels",42,52,"42_to_52",31,0.04
"Mount_Sneffels",42,71,"42_to_71",2,0
"Mount_Sneffels",42,90,"42_to_90",2,0
"Mount_Sneffels",43,41,"43_to_41",14,0.02
"Mount_Sneffels",43,42,"43_to_42",133,0.18
"Mount_Sneffels",43,43,"43_to_43",881,1.17
"Mount_Sneffels",52,21,"52_to_21",1,0
"Mount_Sneffels",52,22,"52_to_22",2,0
"Mount_Sneffels",52,31,"52_to_31",198,0.26
"Mount_Sneffels",52,41,"52_to_41",104,0.14
"Mount_Sneffels",52,42,"52_to_42",333,0.44
"Mount_Sneffels",52,52,"52_to_52",9165,12.2
"Mount_Sneffels",52,71,"52_to_71",103,0.14
"Mount_Sneffels",52,90,"52_to_90",7,0.01
"Mount_Sneffels",71,31,"71_to_31",34,0.05
"Mount_Sneffels",71,41,"71_to_41",1,0
"Mount_Sneffels",71,42,"71_to_42",4,0.01
"Mount_Sneffels",71,52,"71_to_52",27,0.04
"Mount_Sneffels",71,71,"71_to_71",1712,2.28
"Mount_Sneffels",90,11,"90_to_11",2,0
"Mount_Sneffels",90,42,"90_to_42",3,0
"Mount_Sneffels",90,52,"90_to_52",5,0.01
"Mount_Sneffels",90,90,"90_to_90",210,0.28
"Mount_Sneffels",95,95,"95_to_95",43,0.06
"Mount_Thielsen",11,11,"11_to_11",134,0.05
"Mount_Thielsen",11,42,"11_to_42",3,0
"Mount_Thielsen",12,12,"12_to_12",61,0.02
"Mount_Thielsen",21,21,"21_to_21",128,0.05
"Mount_Thielsen",21,42,"21_to_42",8,0
"Mount_Thielsen",22,21,"22_to_21",14,0.01
"Mount_Thielsen",22,22,"22_to_22",60,0.02
"Mount_Thielsen",23,22,"23_to_22",3,0
"Mount_Thielsen",23,23,"23_to_23",4,0
"Mount_Thielsen",31,31,"31_to_31",5573,2.23
"Mount_Thielsen",31,42,"31_to_42",11,0
"Mount_Thielsen",31,52,"31_to_52",23,0.01
"Mount_Thielsen",31,71,"31_to_71",1,0
"Mount_Thielsen",42,11,"42_to_11",1,0
"Mount_Thielsen",42,21,"42_to_21",15,0.01
"Mount_Thielsen",42,31,"42_to_31",97,0.04
"Mount_Thielsen",42,42,"42_to_42",230892,92.41
"Mount_Thielsen",42,52,"42_to_52",387,0.15
"Mount_Thielsen",42,71,"42_to_71",1046,0.42
"Mount_Thielsen",52,21,"52_to_21",19,0.01
"Mount_Thielsen",52,22,"52_to_22",4,0
"Mount_Thielsen",52,31,"52_to_31",49,0.02
"Mount_Thielsen",52,42,"52_to_42",1996,0.8
"Mount_Thielsen",52,52,"52_to_52",8938,3.58
"Mount_Thielsen",71,31,"71_to_31",37,0.01
"Mount_Thielsen",71,42,"71_to_42",36,0.01
"Mount_Thielsen",71,52,"71_to_52",51,0.02
"Mount_Thielsen",71,71,"71_to_71",193,0.08
"Mount_Thielsen",90,42,"90_to_42",11,0
"Mount_Thielsen",90,90,"90_to_90",65,0.03
"Mount_Timpanogos",12,12,"12_to_12",21,0.04
"Mount_Timpanogos",21,21,"21_to_21",5,0.01
"Mount_Timpanogos",21,41,"21_to_41",2,0
"Mount_Timpanogos",22,22,"22_to_22",16,0.03
"Mount_Timpanogos",22,52,"22_to_52",1,0
"Mount_Timpanogos",31,31,"31_to_31",5310,11.09
"Mount_Timpanogos",31,42,"31_to_42",23,0.05
"Mount_Timpanogos",31,52,"31_to_52",175,0.37
"Mount_Timpanogos",31,71,"31_to_71",27,0.06
"Mount_Timpanogos",41,21,"41_to_21",5,0.01
"Mount_Timpanogos",41,22,"41_to_22",1,0
"Mount_Timpanogos",41,41,"41_to_41",5012,10.46
"Mount_Timpanogos",41,42,"41_to_42",181,0.38
"Mount_Timpanogos",41,43,"41_to_43",4,0.01
"Mount_Timpanogos",41,52,"41_to_52",1165,2.43
"Mount_Timpanogos",41,71,"41_to_71",26,0.05
"Mount_Timpanogos",42,22,"42_to_22",1,0
"Mount_Timpanogos",42,31,"42_to_31",94,0.2
"Mount_Timpanogos",42,41,"42_to_41",182,0.38
"Mount_Timpanogos",42,42,"42_to_42",11218,23.42
"Mount_Timpanogos",42,43,"42_to_43",4,0.01
"Mount_Timpanogos",42,52,"42_to_52",244,0.51
"Mount_Timpanogos",42,71,"42_to_71",3,0.01
"Mount_Timpanogos",42,90,"42_to_90",2,0
"Mount_Timpanogos",43,42,"43_to_42",2,0
"Mount_Timpanogos",43,43,"43_to_43",8,0.02
"Mount_Timpanogos",52,21,"52_to_21",11,0.02
"Mount_Timpanogos",52,22,"52_to_22",4,0.01
"Mount_Timpanogos",52,31,"52_to_31",356,0.74
"Mount_Timpanogos",52,41,"52_to_41",1191,2.49
"Mount_Timpanogos",52,42,"52_to_42",407,0.85
"Mount_Timpanogos",52,52,"52_to_52",21018,43.88
"Mount_Timpanogos",52,71,"52_to_71",161,0.34
"Mount_Timpanogos",52,90,"52_to_90",5,0.01
"Mount_Timpanogos",52,95,"52_to_95",1,0
"Mount_Timpanogos",71,31,"71_to_31",178,0.37
"Mount_Timpanogos",71,42,"71_to_42",1,0
"Mount_Timpanogos",71,52,"71_to_52",102,0.21
"Mount_Timpanogos",71,71,"71_to_71",691,1.44
"Mount_Timpanogos",90,90,"90_to_90",39,0.08
"Mount_Tipton",22,22,"22_to_22",1,0
"Mount_Tipton",31,52,"31_to_52",1,0
"Mount_Tipton",42,42,"42_to_42",40048,26.72
"Mount_Tipton",42,52,"42_to_52",596,0.4
"Mount_Tipton",52,42,"52_to_42",213,0.14
"Mount_Tipton",52,52,"52_to_52",109027,72.74
"Mount_Trumbull",21,21,"21_to_21",14,0.04
"Mount_Trumbull",22,22,"22_to_22",15,0.04
"Mount_Trumbull",41,41,"41_to_41",168,0.46
"Mount_Trumbull",41,42,"41_to_42",198,0.54
"Mount_Trumbull",41,52,"41_to_52",47,0.13
"Mount_Trumbull",42,21,"42_to_21",6,0.02
"Mount_Trumbull",42,41,"42_to_41",7,0.02
"Mount_Trumbull",42,42,"42_to_42",33878,92.86
"Mount_Trumbull",42,52,"42_to_52",1212,3.32
"Mount_Trumbull",42,71,"42_to_71",2,0.01
"Mount_Trumbull",52,21,"52_to_21",2,0.01
"Mount_Trumbull",52,41,"52_to_41",1,0
"Mount_Trumbull",52,42,"52_to_42",204,0.56
"Mount_Trumbull",52,52,"52_to_52",727,1.99
"Mount_Trumbull",71,42,"71_to_42",1,0
"Mount_Washington",11,11,"11_to_11",361,0.15
"Mount_Washington",11,31,"11_to_31",7,0
"Mount_Washington",11,42,"11_to_42",23,0.01
"Mount_Washington",11,52,"11_to_52",15,0.01
"Mount_Washington",11,71,"11_to_71",7,0
"Mount_Washington",12,12,"12_to_12",65,0.03
"Mount_Washington",21,21,"21_to_21",11,0
"Mount_Washington",22,22,"22_to_22",10,0
"Mount_Washington",23,23,"23_to_23",2,0
"Mount_Washington",31,11,"31_to_11",4,0
"Mount_Washington",31,31,"31_to_31",67029,27.24
"Mount_Washington",31,42,"31_to_42",726,0.29
"Mount_Washington",31,52,"31_to_52",410,0.17
"Mount_Washington",31,71,"31_to_71",514,0.21
"Mount_Washington",42,11,"42_to_11",6,0
"Mount_Washington",42,21,"42_to_21",6,0
"Mount_Washington",42,31,"42_to_31",4301,1.75
"Mount_Washington",42,42,"42_to_42",113339,46.05
"Mount_Washington",42,52,"42_to_52",52534,21.35
"Mount_Washington",42,71,"42_to_71",925,0.38
"Mount_Washington",42,81,"42_to_81",1,0
"Mount_Washington",42,90,"42_to_90",17,0.01
"Mount_Washington",52,11,"52_to_11",1,0
"Mount_Washington",52,31,"52_to_31",102,0.04
"Mount_Washington",52,42,"52_to_42",866,0.35
"Mount_Washington",52,52,"52_to_52",3075,1.25
"Mount_Washington",52,71,"52_to_71",44,0.02
"Mount_Washington",71,31,"71_to_31",813,0.33
"Mount_Washington",71,42,"71_to_42",439,0.18
"Mount_Washington",71,52,"71_to_52",193,0.08
"Mount_Washington",71,71,"71_to_71",206,0.08
"Mount_Washington",90,42,"90_to_42",2,0
"Mount_Washington",90,90,"90_to_90",50,0.02
"Mount_Wilson",22,22,"22_to_22",8,0.01
"Mount_Wilson",52,22,"52_to_22",3,0
"Mount_Wilson",52,52,"52_to_52",109369,99.99
"Mount_Zirkel",11,11,"11_to_11",2664,0.37
"Mount_Zirkel",11,31,"11_to_31",4,0
"Mount_Zirkel",11,42,"11_to_42",121,0.02
"Mount_Zirkel",11,52,"11_to_52",7,0
"Mount_Zirkel",11,71,"11_to_71",22,0
"Mount_Zirkel",11,90,"11_to_90",37,0.01
"Mount_Zirkel",12,12,"12_to_12",769,0.11
"Mount_Zirkel",21,21,"21_to_21",99,0.01
"Mount_Zirkel",21,42,"21_to_42",1,0
"Mount_Zirkel",21,52,"21_to_52",1,0
"Mount_Zirkel",22,21,"22_to_21",10,0
"Mount_Zirkel",22,22,"22_to_22",23,0
"Mount_Zirkel",31,11,"31_to_11",3,0
"Mount_Zirkel",31,31,"31_to_31",22594,3.11
"Mount_Zirkel",31,42,"31_to_42",15,0
"Mount_Zirkel",31,52,"31_to_52",80,0.01
"Mount_Zirkel",31,71,"31_to_71",94,0.01
"Mount_Zirkel",41,41,"41_to_41",7680,1.06
"Mount_Zirkel",41,42,"41_to_42",208,0.03
"Mount_Zirkel",41,43,"41_to_43",38,0.01
"Mount_Zirkel",41,52,"41_to_52",1581,0.22
"Mount_Zirkel",41,71,"41_to_71",1886,0.26
"Mount_Zirkel",41,90,"41_to_90",6,0
"Mount_Zirkel",42,11,"42_to_11",32,0
"Mount_Zirkel",42,21,"42_to_21",2,0
"Mount_Zirkel",42,22,"42_to_22",1,0
"Mount_Zirkel",42,31,"42_to_31",133,0.02
"Mount_Zirkel",42,41,"42_to_41",36,0
"Mount_Zirkel",42,42,"42_to_42",330973,45.61
"Mount_Zirkel",42,43,"42_to_43",63,0.01
"Mount_Zirkel",42,52,"42_to_52",50244,6.92
"Mount_Zirkel",42,71,"42_to_71",77763,10.72
"Mount_Zirkel",42,90,"42_to_90",533,0.07
"Mount_Zirkel",42,95,"42_to_95",94,0.01
"Mount_Zirkel",43,41,"43_to_41",3,0
"Mount_Zirkel",43,42,"43_to_42",146,0.02
"Mount_Zirkel",43,43,"43_to_43",1230,0.17
"Mount_Zirkel",43,52,"43_to_52",21,0
"Mount_Zirkel",43,71,"43_to_71",520,0.07
"Mount_Zirkel",52,11,"52_to_11",7,0
"Mount_Zirkel",52,21,"52_to_21",45,0.01
"Mount_Zirkel",52,22,"52_to_22",3,0
"Mount_Zirkel",52,31,"52_to_31",337,0.05
"Mount_Zirkel",52,41,"52_to_41",516,0.07
"Mount_Zirkel",52,42,"52_to_42",6406,0.88
"Mount_Zirkel",52,43,"52_to_43",3,0
"Mount_Zirkel",52,52,"52_to_52",150539,20.75
"Mount_Zirkel",52,71,"52_to_71",4163,0.57
"Mount_Zirkel",52,90,"52_to_90",27,0
"Mount_Zirkel",52,95,"52_to_95",4,0
"Mount_Zirkel",71,11,"71_to_11",4,0
"Mount_Zirkel",71,21,"71_to_21",14,0
"Mount_Zirkel",71,31,"71_to_31",7,0
"Mount_Zirkel",71,41,"71_to_41",1,0
"Mount_Zirkel",71,42,"71_to_42",1696,0.23
"Mount_Zirkel",71,52,"71_to_52",703,0.1
"Mount_Zirkel",71,71,"71_to_71",28238,3.89
"Mount_Zirkel",90,11,"90_to_11",6,0
"Mount_Zirkel",90,41,"90_to_41",1,0
"Mount_Zirkel",90,42,"90_to_42",22,0
"Mount_Zirkel",90,52,"90_to_52",75,0.01
"Mount_Zirkel",90,71,"90_to_71",528,0.07
"Mount_Zirkel",90,90,"90_to_90",21020,2.9
"Mount_Zirkel",90,95,"90_to_95",325,0.04
"Mount_Zirkel",95,42,"95_to_42",4,0
"Mount_Zirkel",95,52,"95_to_52",3,0
"Mount_Zirkel",95,71,"95_to_71",96,0.01
"Mount_Zirkel",95,90,"95_to_90",78,0.01
"Mount_Zirkel",95,95,"95_to_95",11030,1.52
"Mountain_Lake",11,41,"11_to_41",1,0
"Mountain_Lake",11,90,"11_to_90",1,0
"Mountain_Lake",21,21,"21_to_21",10,0.01
"Mountain_Lake",41,41,"41_to_41",61818,81.51
"Mountain_Lake",41,43,"41_to_43",200,0.26
"Mountain_Lake",41,52,"41_to_52",1,0
"Mountain_Lake",41,71,"41_to_71",1,0
"Mountain_Lake",42,42,"42_to_42",687,0.91
"Mountain_Lake",42,43,"42_to_43",71,0.09
"Mountain_Lake",43,41,"43_to_41",80,0.11
"Mountain_Lake",43,43,"43_to_43",12920,17.03
"Mountain_Lake",52,41,"52_to_41",37,0.05
"Mountain_Lake",71,41,"71_to_41",7,0.01
"Mountain_Lake",81,81,"81_to_81",6,0.01
"Mountain_Lake",90,90,"90_to_90",4,0.01
"Mountain_Lakes",11,11,"11_to_11",300,0.29
"Mountain_Lakes",11,42,"11_to_42",11,0.01
"Mountain_Lakes",11,52,"11_to_52",1,0
"Mountain_Lakes",21,21,"21_to_21",39,0.04
"Mountain_Lakes",21,42,"21_to_42",18,0.02
"Mountain_Lakes",22,21,"22_to_21",1,0
"Mountain_Lakes",22,22,"22_to_22",35,0.03
"Mountain_Lakes",31,11,"31_to_11",1,0
"Mountain_Lakes",31,31,"31_to_31",3382,3.24
"Mountain_Lakes",31,42,"31_to_42",2,0
"Mountain_Lakes",31,52,"31_to_52",45,0.04
"Mountain_Lakes",31,71,"31_to_71",25,0.02
"Mountain_Lakes",42,11,"42_to_11",9,0.01
"Mountain_Lakes",42,21,"42_to_21",17,0.02
"Mountain_Lakes",42,31,"42_to_31",270,0.26
"Mountain_Lakes",42,42,"42_to_42",95985,91.96
"Mountain_Lakes",42,52,"42_to_52",135,0.13
"Mountain_Lakes",42,71,"42_to_71",24,0.02
"Mountain_Lakes",52,21,"52_to_21",2,0
"Mountain_Lakes",52,31,"52_to_31",172,0.16
"Mountain_Lakes",52,42,"52_to_42",748,0.72
"Mountain_Lakes",52,52,"52_to_52",2946,2.82
"Mountain_Lakes",71,31,"71_to_31",41,0.04
"Mountain_Lakes",71,42,"71_to_42",22,0.02
"Mountain_Lakes",71,52,"71_to_52",11,0.01
"Mountain_Lakes",71,71,"71_to_71",132,0.13
"Mountain_Lakes",90,42,"90_to_42",1,0
"Mountain_Lakes",90,90,"90_to_90",6,0.01
"Mt_Charleston",22,22,"22_to_22",27,0.01
"Mt_Charleston",23,23,"23_to_23",1,0
"Mt_Charleston",31,31,"31_to_31",1862,0.72
"Mt_Charleston",31,52,"31_to_52",23,0.01
"Mt_Charleston",41,23,"41_to_23",1,0
"Mt_Charleston",41,41,"41_to_41",43,0.02
"Mt_Charleston",41,42,"41_to_42",14,0.01
"Mt_Charleston",41,52,"41_to_52",145,0.06
"Mt_Charleston",41,71,"41_to_71",9,0
"Mt_Charleston",42,21,"42_to_21",34,0.01
"Mt_Charleston",42,22,"42_to_22",54,0.02
"Mt_Charleston",42,23,"42_to_23",3,0
"Mt_Charleston",42,31,"42_to_31",579,0.22
"Mt_Charleston",42,42,"42_to_42",164333,63.11
"Mt_Charleston",42,52,"42_to_52",30126,11.57
"Mt_Charleston",42,71,"42_to_71",2270,0.87
"Mt_Charleston",42,90,"42_to_90",2,0
"Mt_Charleston",52,22,"52_to_22",1,0
"Mt_Charleston",52,31,"52_to_31",414,0.16
"Mt_Charleston",52,41,"52_to_41",4,0
"Mt_Charleston",52,42,"52_to_42",1506,0.58
"Mt_Charleston",52,43,"52_to_43",1,0
"Mt_Charleston",52,52,"52_to_52",58164,22.34
"Mt_Charleston",52,71,"52_to_71",760,0.29
"Mt_Charleston",71,42,"71_to_42",3,0
"Mt_Charleston",71,52,"71_to_52",3,0
"Mt_Charleston",90,90,"90_to_90",2,0
"Mt_Charleston",90,95,"90_to_95",2,0
"Mt_Irish",22,22,"22_to_22",23,0.02
"Mt_Irish",31,31,"31_to_31",86,0.07
"Mt_Irish",42,42,"42_to_42",34101,25.83
"Mt_Irish",42,52,"42_to_52",12,0.01
"Mt_Irish",52,42,"52_to_42",878,0.67
"Mt_Irish",52,52,"52_to_52",96761,73.3
"Mt_Irish",90,90,"90_to_90",137,0.1
"Mt_Moriah",31,31,"31_to_31",1736,0.43
"Mt_Moriah",31,42,"31_to_42",3,0
"Mt_Moriah",31,52,"31_to_52",42,0.01
"Mt_Moriah",41,41,"41_to_41",2245,0.56
"Mt_Moriah",41,42,"41_to_42",187,0.05
"Mt_Moriah",41,43,"41_to_43",21,0.01
"Mt_Moriah",41,52,"41_to_52",195,0.05
"Mt_Moriah",42,31,"42_to_31",4,0
"Mt_Moriah",42,41,"42_to_41",54,0.01
"Mt_Moriah",42,42,"42_to_42",223236,55.49
"Mt_Moriah",42,43,"42_to_43",45,0.01
"Mt_Moriah",42,52,"42_to_52",35697,8.87
"Mt_Moriah",42,71,"42_to_71",2286,0.57
"Mt_Moriah",43,41,"43_to_41",1,0
"Mt_Moriah",43,42,"43_to_42",85,0.02
"Mt_Moriah",43,43,"43_to_43",349,0.09
"Mt_Moriah",43,52,"43_to_52",35,0.01
"Mt_Moriah",52,22,"52_to_22",2,0
"Mt_Moriah",52,31,"52_to_31",343,0.09
"Mt_Moriah",52,41,"52_to_41",136,0.03
"Mt_Moriah",52,42,"52_to_42",21623,5.38
"Mt_Moriah",52,43,"52_to_43",1,0
"Mt_Moriah",52,52,"52_to_52",111811,27.8
"Mt_Moriah",52,71,"52_to_71",636,0.16
"Mt_Moriah",52,90,"52_to_90",2,0
"Mt_Moriah",52,95,"52_to_95",2,0
"Mt_Moriah",71,31,"71_to_31",484,0.12
"Mt_Moriah",71,42,"71_to_42",13,0
"Mt_Moriah",71,52,"71_to_52",239,0.06
"Mt_Moriah",71,71,"71_to_71",702,0.17
"Mt_Moriah",90,42,"90_to_42",1,0
"Mt_Moriah",90,52,"90_to_52",2,0
"Mt_Moriah",90,90,"90_to_90",46,0.01
"Mt_Moriah",95,52,"95_to_52",1,0
"Mt_Moriah",95,95,"95_to_95",5,0
"Mt_Rose",21,21,"21_to_21",43,0.03
"Mt_Rose",21,22,"21_to_22",2,0
"Mt_Rose",21,42,"21_to_42",2,0
"Mt_Rose",22,21,"22_to_21",1,0
"Mt_Rose",22,22,"22_to_22",33,0.02
"Mt_Rose",23,22,"23_to_22",1,0
"Mt_Rose",31,31,"31_to_31",2071,1.45
"Mt_Rose",31,42,"31_to_42",30,0.02
"Mt_Rose",31,52,"31_to_52",60,0.04
"Mt_Rose",31,71,"31_to_71",1,0
"Mt_Rose",41,41,"41_to_41",1484,1.04
"Mt_Rose",41,42,"41_to_42",239,0.17
"Mt_Rose",41,52,"41_to_52",103,0.07
"Mt_Rose",42,11,"42_to_11",2,0
"Mt_Rose",42,31,"42_to_31",255,0.18
"Mt_Rose",42,41,"42_to_41",263,0.18
"Mt_Rose",42,42,"42_to_42",73005,51.03
"Mt_Rose",42,52,"42_to_52",3671,2.57
"Mt_Rose",42,71,"42_to_71",35,0.02
"Mt_Rose",52,21,"52_to_21",10,0.01
"Mt_Rose",52,22,"52_to_22",3,0
"Mt_Rose",52,31,"52_to_31",248,0.17
"Mt_Rose",52,41,"52_to_41",1214,0.85
"Mt_Rose",52,42,"52_to_42",20304,14.19
"Mt_Rose",52,52,"52_to_52",37683,26.34
"Mt_Rose",52,71,"52_to_71",1504,1.05
"Mt_Rose",71,41,"71_to_41",4,0
"Mt_Rose",71,42,"71_to_42",171,0.12
"Mt_Rose",71,52,"71_to_52",184,0.13
"Mt_Rose",71,71,"71_to_71",311,0.22
"Mt_Rose",90,42,"90_to_42",1,0
"Mt_Rose",90,90,"90_to_90",120,0.08
"Mt_Rose",95,95,"95_to_95",10,0.01
"Mt_Shasta",12,12,"12_to_12",3960,2.32
"Mt_Shasta",21,21,"21_to_21",104,0.06
"Mt_Shasta",21,22,"21_to_22",2,0
"Mt_Shasta",21,23,"21_to_23",2,0
"Mt_Shasta",21,42,"21_to_42",2,0
"Mt_Shasta",21,52,"21_to_52",3,0
"Mt_Shasta",21,71,"21_to_71",1,0
"Mt_Shasta",22,21,"22_to_21",12,0.01
"Mt_Shasta",22,22,"22_to_22",488,0.29
"Mt_Shasta",22,23,"22_to_23",9,0.01
"Mt_Shasta",22,52,"22_to_52",10,0.01
"Mt_Shasta",23,22,"23_to_22",19,0.01
"Mt_Shasta",23,23,"23_to_23",74,0.04
"Mt_Shasta",31,21,"31_to_21",1,0
"Mt_Shasta",31,22,"31_to_22",2,0
"Mt_Shasta",31,23,"31_to_23",1,0
"Mt_Shasta",31,31,"31_to_31",64879,38.01
"Mt_Shasta",31,42,"31_to_42",170,0.1
"Mt_Shasta",31,52,"31_to_52",675,0.4
"Mt_Shasta",31,71,"31_to_71",399,0.23
"Mt_Shasta",41,52,"41_to_52",1,0
"Mt_Shasta",42,21,"42_to_21",31,0.02
"Mt_Shasta",42,22,"42_to_22",40,0.02
"Mt_Shasta",42,23,"42_to_23",24,0.01
"Mt_Shasta",42,31,"42_to_31",576,0.34
"Mt_Shasta",42,42,"42_to_42",45862,26.87
"Mt_Shasta",42,52,"42_to_52",3943,2.31
"Mt_Shasta",42,71,"42_to_71",26917,15.77
"Mt_Shasta",52,21,"52_to_21",16,0.01
"Mt_Shasta",52,22,"52_to_22",18,0.01
"Mt_Shasta",52,23,"52_to_23",4,0
"Mt_Shasta",52,31,"52_to_31",744,0.44
"Mt_Shasta",52,42,"52_to_42",3024,1.77
"Mt_Shasta",52,52,"52_to_52",16163,9.47
"Mt_Shasta",52,71,"52_to_71",1965,1.15
"Mt_Shasta",52,90,"52_to_90",2,0
"Mt_Shasta",52,95,"52_to_95",1,0
"Mt_Shasta",71,31,"71_to_31",22,0.01
"Mt_Shasta",71,42,"71_to_42",124,0.07
"Mt_Shasta",71,52,"71_to_52",60,0.04
"Mt_Shasta",71,71,"71_to_71",299,0.18
"Mt_Shasta",90,52,"90_to_52",1,0
"Mt_Shasta",90,90,"90_to_90",28,0.02
"Mt_Shasta",95,42,"95_to_42",3,0
"Mt_Shasta",95,71,"95_to_71",1,0
"Mt_Wrightson",21,21,"21_to_21",13,0.01
"Mt_Wrightson",22,22,"22_to_22",2,0
"Mt_Wrightson",42,42,"42_to_42",76473,66.67
"Mt_Wrightson",42,52,"42_to_52",9741,8.49
"Mt_Wrightson",52,42,"52_to_42",1136,0.99
"Mt_Wrightson",52,52,"52_to_52",27343,23.84
"Mud_Swamp_New_River",11,11,"11_to_11",2,0.01
"Mud_Swamp_New_River",11,42,"11_to_42",1,0
"Mud_Swamp_New_River",11,95,"11_to_95",2,0.01
"Mud_Swamp_New_River",21,21,"21_to_21",455,1.23
"Mud_Swamp_New_River",21,22,"21_to_22",16,0.04
"Mud_Swamp_New_River",21,42,"21_to_42",6,0.02
"Mud_Swamp_New_River",22,21,"22_to_21",3,0.01
"Mud_Swamp_New_River",22,22,"22_to_22",225,0.61
"Mud_Swamp_New_River",42,21,"42_to_21",4,0.01
"Mud_Swamp_New_River",42,22,"42_to_22",2,0.01
"Mud_Swamp_New_River",42,42,"42_to_42",5275,14.22
"Mud_Swamp_New_River",42,90,"42_to_90",5,0.01
"Mud_Swamp_New_River",52,42,"52_to_42",2,0.01
"Mud_Swamp_New_River",52,52,"52_to_52",1,0
"Mud_Swamp_New_River",71,42,"71_to_42",20,0.05
"Mud_Swamp_New_River",71,71,"71_to_71",2,0.01
"Mud_Swamp_New_River",90,21,"90_to_21",3,0.01
"Mud_Swamp_New_River",90,22,"90_to_22",1,0
"Mud_Swamp_New_River",90,42,"90_to_42",11,0.03
"Mud_Swamp_New_River",90,90,"90_to_90",30963,83.44
"Mud_Swamp_New_River",95,90,"95_to_90",14,0.04
"Mud_Swamp_New_River",95,95,"95_to_95",94,0.25
"Muddy_Creek",11,52,"11_to_52",1,0
"Muddy_Creek",21,22,"21_to_22",1,0
"Muddy_Creek",21,52,"21_to_52",3,0
"Muddy_Creek",22,22,"22_to_22",4,0
"Muddy_Creek",22,31,"22_to_31",1,0
"Muddy_Creek",23,23,"23_to_23",6,0
"Muddy_Creek",31,22,"31_to_22",8,0
"Muddy_Creek",31,23,"31_to_23",16,0
"Muddy_Creek",31,31,"31_to_31",65971,13.16
"Muddy_Creek",31,52,"31_to_52",7478,1.49
"Muddy_Creek",52,21,"52_to_21",3,0
"Muddy_Creek",52,31,"52_to_31",2339,0.47
"Muddy_Creek",52,42,"52_to_42",43,0.01
"Muddy_Creek",52,52,"52_to_52",425529,84.86
"Muddy_Creek",52,71,"52_to_71",3,0
"Muddy_Creek",52,90,"52_to_90",6,0
"Muddy_Creek",71,52,"71_to_52",9,0
"Muddy_Creek",90,52,"90_to_52",2,0
"Muddy_Creek",90,90,"90_to_90",15,0
"Muddy_Creek",95,52,"95_to_52",3,0
"Muddy_Creek",95,90,"95_to_90",3,0
"Muddy_Mountains",21,21,"21_to_21",4,0
"Muddy_Mountains",22,22,"22_to_22",20,0.01
"Muddy_Mountains",31,31,"31_to_31",5310,2.43
"Muddy_Mountains",31,52,"31_to_52",125,0.06
"Muddy_Mountains",31,71,"31_to_71",134,0.06
"Muddy_Mountains",52,21,"52_to_21",10,0
"Muddy_Mountains",52,22,"52_to_22",30,0.01
"Muddy_Mountains",52,31,"52_to_31",947,0.43
"Muddy_Mountains",52,52,"52_to_52",195877,89.56
"Muddy_Mountains",52,71,"52_to_71",3965,1.81
"Muddy_Mountains",71,21,"71_to_21",1,0
"Muddy_Mountains",71,31,"71_to_31",206,0.09
"Muddy_Mountains",71,52,"71_to_52",181,0.08
"Muddy_Mountains",71,71,"71_to_71",11894,5.44
"Muggins_Mountain",31,31,"31_to_31",719,2.04
"Muggins_Mountain",31,52,"31_to_52",8,0.02
"Muggins_Mountain",52,31,"52_to_31",18,0.05
"Muggins_Mountain",52,52,"52_to_52",34573,97.89
"Munds_Mountain",21,21,"21_to_21",55,0.07
"Munds_Mountain",22,22,"22_to_22",545,0.66
"Munds_Mountain",23,23,"23_to_23",5,0.01
"Munds_Mountain",31,42,"31_to_42",1,0
"Munds_Mountain",41,41,"41_to_41",71,0.09
"Munds_Mountain",41,42,"41_to_42",100,0.12
"Munds_Mountain",41,52,"41_to_52",40,0.05
"Munds_Mountain",41,71,"41_to_71",9,0.01
"Munds_Mountain",42,21,"42_to_21",11,0.01
"Munds_Mountain",42,22,"42_to_22",5,0.01
"Munds_Mountain",42,41,"42_to_41",7,0.01
"Munds_Mountain",42,42,"42_to_42",53516,64.39
"Munds_Mountain",42,43,"42_to_43",2,0
"Munds_Mountain",42,52,"42_to_52",1968,2.37
"Munds_Mountain",42,71,"42_to_71",120,0.14
"Munds_Mountain",43,42,"43_to_42",2,0
"Munds_Mountain",43,52,"43_to_52",2,0
"Munds_Mountain",52,21,"52_to_21",18,0.02
"Munds_Mountain",52,22,"52_to_22",6,0.01
"Munds_Mountain",52,42,"52_to_42",1504,1.81
"Munds_Mountain",52,43,"52_to_43",2,0
"Munds_Mountain",52,52,"52_to_52",25108,30.21
"Munds_Mountain",52,71,"52_to_71",3,0
"Munds_Mountain",90,90,"90_to_90",17,0.02
"Needles_Eye",11,11,"11_to_11",5,0.01
"Needles_Eye",11,52,"11_to_52",8,0.02
"Needles_Eye",11,90,"11_to_90",12,0.03
"Needles_Eye",11,95,"11_to_95",1,0
"Needles_Eye",42,90,"42_to_90",1,0
"Needles_Eye",52,11,"52_to_11",3,0.01
"Needles_Eye",52,52,"52_to_52",38536,96.29
"Needles_Eye",52,71,"52_to_71",187,0.47
"Needles_Eye",52,90,"52_to_90",29,0.07
"Needles_Eye",90,11,"90_to_11",12,0.03
"Needles_Eye",90,52,"90_to_52",236,0.59
"Needles_Eye",90,90,"90_to_90",985,2.46
"Needles_Eye",90,95,"90_to_95",5,0.01
"Nellis_Wash",52,22,"52_to_22",14,0.02
"Nellis_Wash",52,52,"52_to_52",75902,99.98
"Nelson_Mountain",22,22,"22_to_22",1,0
"Nelson_Mountain",31,31,"31_to_31",1387,4.03
"Nelson_Mountain",31,52,"31_to_52",176,0.51
"Nelson_Mountain",41,41,"41_to_41",3,0.01
"Nelson_Mountain",42,42,"42_to_42",11697,33.96
"Nelson_Mountain",42,52,"42_to_52",731,2.12
"Nelson_Mountain",52,31,"52_to_31",41,0.12
"Nelson_Mountain",52,42,"52_to_42",1895,5.5
"Nelson_Mountain",52,52,"52_to_52",18501,53.71
"Nelson_Mountain",71,52,"71_to_52",7,0.02
"Nelson_Mountain",90,90,"90_to_90",5,0.01
"Neota",11,11,"11_to_11",9,0.02
"Neota",12,12,"12_to_12",37,0.08
"Neota",22,21,"22_to_21",4,0.01
"Neota",22,22,"22_to_22",9,0.02
"Neota",31,31,"31_to_31",3213,7.06
"Neota",31,42,"31_to_42",5,0.01
"Neota",31,52,"31_to_52",16,0.04
"Neota",31,71,"31_to_71",14,0.03
"Neota",42,11,"42_to_11",1,0
"Neota",42,42,"42_to_42",29420,64.66
"Neota",42,52,"42_to_52",7,0.02
"Neota",42,71,"42_to_71",15,0.03
"Neota",52,21,"52_to_21",1,0
"Neota",52,22,"52_to_22",1,0
"Neota",52,31,"52_to_31",53,0.12
"Neota",52,42,"52_to_42",721,1.58
"Neota",52,52,"52_to_52",8652,19.01
"Neota",52,71,"52_to_71",10,0.02
"Neota",71,31,"71_to_31",3,0.01
"Neota",71,42,"71_to_42",12,0.03
"Neota",71,52,"71_to_52",3,0.01
"Neota",71,71,"71_to_71",1891,4.16
"Neota",90,42,"90_to_42",2,0
"Neota",90,90,"90_to_90",905,1.99
"Neota",90,95,"90_to_95",3,0.01
"Neota",95,90,"95_to_90",2,0
"Neota",95,95,"95_to_95",492,1.08
"Never_Summer",11,11,"11_to_11",62,0.07
"Never_Summer",11,42,"11_to_42",2,0
"Never_Summer",12,12,"12_to_12",12,0.01
"Never_Summer",22,22,"22_to_22",2,0
"Never_Summer",31,31,"31_to_31",10712,11.26
"Never_Summer",31,42,"31_to_42",19,0.02
"Never_Summer",31,52,"31_to_52",49,0.05
"Never_Summer",31,71,"31_to_71",24,0.03
"Never_Summer",41,41,"41_to_41",10,0.01
"Never_Summer",42,11,"42_to_11",3,0
"Never_Summer",42,31,"42_to_31",4,0
"Never_Summer",42,42,"42_to_42",56139,58.99
"Never_Summer",42,52,"42_to_52",279,0.29
"Never_Summer",42,71,"42_to_71",2105,2.21
"Never_Summer",42,90,"42_to_90",5,0.01
"Never_Summer",52,11,"52_to_11",2,0
"Never_Summer",52,31,"52_to_31",97,0.1
"Never_Summer",52,41,"52_to_41",12,0.01
"Never_Summer",52,42,"52_to_42",1220,1.28
"Never_Summer",52,52,"52_to_52",14246,14.97
"Never_Summer",52,71,"52_to_71",296,0.31
"Never_Summer",71,31,"71_to_31",7,0.01
"Never_Summer",71,42,"71_to_42",113,0.12
"Never_Summer",71,52,"71_to_52",6,0.01
"Never_Summer",71,71,"71_to_71",8922,9.37
"Never_Summer",90,42,"90_to_42",3,0
"Never_Summer",90,90,"90_to_90",617,0.65
"Never_Summer",90,95,"90_to_95",5,0.01
"Never_Summer",95,95,"95_to_95",196,0.21
"New_Water_Mountains",22,22,"22_to_22",1,0
"New_Water_Mountains",31,31,"31_to_31",5,0
"New_Water_Mountains",52,52,"52_to_52",112030,99.99
"Newberry_Mountains",22,22,"22_to_22",1,0
"Newberry_Mountains",31,31,"31_to_31",101,0.08
"Newberry_Mountains",31,52,"31_to_52",7,0.01
"Newberry_Mountains",31,71,"31_to_71",3,0
"Newberry_Mountains",52,31,"52_to_31",35,0.03
"Newberry_Mountains",52,52,"52_to_52",125837,99.83
"Newberry_Mountains",52,71,"52_to_71",14,0.01
"Newberry_Mountains",71,31,"71_to_31",5,0
"Newberry_Mountains",71,52,"71_to_52",16,0.01
"Newberry_Mountains",71,71,"71_to_71",30,0.02
"Noisy_Diobsud",11,11,"11_to_11",255,0.39
"Noisy_Diobsud",11,31,"11_to_31",2,0
"Noisy_Diobsud",11,42,"11_to_42",17,0.03
"Noisy_Diobsud",12,12,"12_to_12",171,0.26
"Noisy_Diobsud",21,21,"21_to_21",8,0.01
"Noisy_Diobsud",21,22,"21_to_22",4,0.01
"Noisy_Diobsud",21,23,"21_to_23",1,0
"Noisy_Diobsud",22,22,"22_to_22",8,0.01
"Noisy_Diobsud",23,23,"23_to_23",1,0
"Noisy_Diobsud",31,11,"31_to_11",4,0.01
"Noisy_Diobsud",31,31,"31_to_31",1649,2.53
"Noisy_Diobsud",31,42,"31_to_42",30,0.05
"Noisy_Diobsud",31,52,"31_to_52",8,0.01
"Noisy_Diobsud",31,71,"31_to_71",6,0.01
"Noisy_Diobsud",42,11,"42_to_11",12,0.02
"Noisy_Diobsud",42,21,"42_to_21",28,0.04
"Noisy_Diobsud",42,22,"42_to_22",32,0.05
"Noisy_Diobsud",42,23,"42_to_23",6,0.01
"Noisy_Diobsud",42,31,"42_to_31",12,0.02
"Noisy_Diobsud",42,42,"42_to_42",56965,87.23
"Noisy_Diobsud",42,43,"42_to_43",5,0.01
"Noisy_Diobsud",42,52,"42_to_52",114,0.17
"Noisy_Diobsud",43,43,"43_to_43",9,0.01
"Noisy_Diobsud",52,31,"52_to_31",5,0.01
"Noisy_Diobsud",52,41,"52_to_41",5,0.01
"Noisy_Diobsud",52,42,"52_to_42",1117,1.71
"Noisy_Diobsud",52,43,"52_to_43",2,0
"Noisy_Diobsud",52,52,"52_to_52",4132,6.33
"Noisy_Diobsud",52,71,"52_to_71",32,0.05
"Noisy_Diobsud",71,31,"71_to_31",7,0.01
"Noisy_Diobsud",71,42,"71_to_42",19,0.03
"Noisy_Diobsud",71,52,"71_to_52",13,0.02
"Noisy_Diobsud",71,71,"71_to_71",520,0.8
"Noisy_Diobsud",82,42,"82_to_42",3,0
"Noisy_Diobsud",90,90,"90_to_90",97,0.15
"Noisy_Diobsud",90,95,"90_to_95",2,0
"Nopah_Range",22,22,"22_to_22",290,0.06
"Nopah_Range",23,22,"23_to_22",4,0
"Nopah_Range",23,23,"23_to_23",136,0.03
"Nopah_Range",31,31,"31_to_31",26069,5.17
"Nopah_Range",31,52,"31_to_52",2931,0.58
"Nopah_Range",31,81,"31_to_81",1,0
"Nopah_Range",31,95,"31_to_95",767,0.15
"Nopah_Range",52,22,"52_to_22",13,0
"Nopah_Range",52,23,"52_to_23",24,0
"Nopah_Range",52,31,"52_to_31",4025,0.8
"Nopah_Range",52,52,"52_to_52",467432,92.73
"Nopah_Range",52,71,"52_to_71",6,0
"Nopah_Range",52,90,"52_to_90",17,0
"Nopah_Range",52,95,"52_to_95",128,0.03
"Nopah_Range",71,31,"71_to_31",2,0
"Nopah_Range",90,52,"90_to_52",7,0
"Nopah_Range",90,90,"90_to_90",223,0.04
"Nopah_Range",90,95,"90_to_95",27,0.01
"Nopah_Range",95,31,"95_to_31",722,0.14
"Nopah_Range",95,52,"95_to_52",9,0
"Nopah_Range",95,90,"95_to_90",56,0.01
"Nopah_Range",95,95,"95_to_95",1181,0.23
"Nordhouse_Dunes",11,11,"11_to_11",94,0.62
"Nordhouse_Dunes",11,31,"11_to_31",31,0.21
"Nordhouse_Dunes",11,42,"11_to_42",1,0.01
"Nordhouse_Dunes",11,71,"11_to_71",3,0.02
"Nordhouse_Dunes",11,90,"11_to_90",1,0.01
"Nordhouse_Dunes",11,95,"11_to_95",41,0.27
"Nordhouse_Dunes",21,21,"21_to_21",80,0.53
"Nordhouse_Dunes",22,22,"22_to_22",3,0.02
"Nordhouse_Dunes",31,11,"31_to_11",18,0.12
"Nordhouse_Dunes",31,31,"31_to_31",3190,21.15
"Nordhouse_Dunes",31,41,"31_to_41",1,0.01
"Nordhouse_Dunes",31,71,"31_to_71",7,0.05
"Nordhouse_Dunes",41,41,"41_to_41",5079,33.67
"Nordhouse_Dunes",41,42,"41_to_42",32,0.21
"Nordhouse_Dunes",41,43,"41_to_43",109,0.72
"Nordhouse_Dunes",41,71,"41_to_71",10,0.07
"Nordhouse_Dunes",41,90,"41_to_90",7,0.05
"Nordhouse_Dunes",42,42,"42_to_42",591,3.92
"Nordhouse_Dunes",42,43,"42_to_43",1,0.01
"Nordhouse_Dunes",43,31,"43_to_31",2,0.01
"Nordhouse_Dunes",43,41,"43_to_41",17,0.11
"Nordhouse_Dunes",43,42,"43_to_42",52,0.34
"Nordhouse_Dunes",43,43,"43_to_43",2375,15.75
"Nordhouse_Dunes",52,41,"52_to_41",5,0.03
"Nordhouse_Dunes",52,42,"52_to_42",1,0.01
"Nordhouse_Dunes",52,52,"52_to_52",1,0.01
"Nordhouse_Dunes",71,31,"71_to_31",3,0.02
"Nordhouse_Dunes",71,41,"71_to_41",1,0.01
"Nordhouse_Dunes",71,42,"71_to_42",2,0.01
"Nordhouse_Dunes",71,52,"71_to_52",1,0.01
"Nordhouse_Dunes",71,71,"71_to_71",5,0.03
"Nordhouse_Dunes",90,41,"90_to_41",6,0.04
"Nordhouse_Dunes",90,43,"90_to_43",1,0.01
"Nordhouse_Dunes",90,90,"90_to_90",3252,21.56
"Nordhouse_Dunes",90,95,"90_to_95",11,0.07
"Nordhouse_Dunes",95,31,"95_to_31",5,0.03
"Nordhouse_Dunes",95,90,"95_to_90",6,0.04
"Nordhouse_Dunes",95,95,"95_to_95",39,0.26
"Norse_Peak",11,11,"11_to_11",379,0.16
"Norse_Peak",11,42,"11_to_42",18,0.01
"Norse_Peak",11,52,"11_to_52",1,0
"Norse_Peak",11,71,"11_to_71",71,0.03
"Norse_Peak",11,90,"11_to_90",3,0
"Norse_Peak",11,95,"11_to_95",2,0
"Norse_Peak",12,12,"12_to_12",4,0
"Norse_Peak",21,21,"21_to_21",54,0.02
"Norse_Peak",21,22,"21_to_22",1,0
"Norse_Peak",21,42,"21_to_42",3,0
"Norse_Peak",21,71,"21_to_71",27,0.01
"Norse_Peak",22,22,"22_to_22",27,0.01
"Norse_Peak",31,31,"31_to_31",1495,0.63
"Norse_Peak",31,42,"31_to_42",14,0.01
"Norse_Peak",31,52,"31_to_52",5,0
"Norse_Peak",31,71,"31_to_71",83,0.04
"Norse_Peak",42,11,"42_to_11",9,0
"Norse_Peak",42,21,"42_to_21",4,0
"Norse_Peak",42,22,"42_to_22",7,0
"Norse_Peak",42,31,"42_to_31",254,0.11
"Norse_Peak",42,42,"42_to_42",74620,31.5
"Norse_Peak",42,52,"42_to_52",2770,1.17
"Norse_Peak",42,71,"42_to_71",130048,54.9
"Norse_Peak",42,81,"42_to_81",2,0
"Norse_Peak",42,90,"42_to_90",69,0.03
"Norse_Peak",42,95,"42_to_95",10,0
"Norse_Peak",52,11,"52_to_11",1,0
"Norse_Peak",52,21,"52_to_21",32,0.01
"Norse_Peak",52,22,"52_to_22",2,0
"Norse_Peak",52,31,"52_to_31",39,0.02
"Norse_Peak",52,42,"52_to_42",2997,1.27
"Norse_Peak",52,52,"52_to_52",8676,3.66
"Norse_Peak",52,71,"52_to_71",10887,4.6
"Norse_Peak",52,81,"52_to_81",4,0
"Norse_Peak",52,90,"52_to_90",2,0
"Norse_Peak",52,95,"52_to_95",1,0
"Norse_Peak",71,21,"71_to_21",5,0
"Norse_Peak",71,31,"71_to_31",14,0.01
"Norse_Peak",71,42,"71_to_42",176,0.07
"Norse_Peak",71,52,"71_to_52",281,0.12
"Norse_Peak",71,71,"71_to_71",2431,1.03
"Norse_Peak",81,42,"81_to_42",1,0
"Norse_Peak",81,52,"81_to_52",2,0
"Norse_Peak",81,71,"81_to_71",2,0
"Norse_Peak",81,81,"81_to_81",7,0
"Norse_Peak",90,42,"90_to_42",3,0
"Norse_Peak",90,52,"90_to_52",22,0.01
"Norse_Peak",90,71,"90_to_71",23,0.01
"Norse_Peak",90,90,"90_to_90",1082,0.46
"Norse_Peak",90,95,"90_to_95",40,0.02
"Norse_Peak",95,11,"95_to_11",3,0
"Norse_Peak",95,52,"95_to_52",1,0
"Norse_Peak",95,90,"95_to_90",21,0.01
"Norse_Peak",95,95,"95_to_95",160,0.07
"North_Absaroka",11,11,"11_to_11",60,0
"North_Absaroka",11,42,"11_to_42",1,0
"North_Absaroka",11,52,"11_to_52",8,0
"North_Absaroka",12,12,"12_to_12",187,0.01
"North_Absaroka",21,21,"21_to_21",306,0.02
"North_Absaroka",21,22,"21_to_22",53,0
"North_Absaroka",21,23,"21_to_23",2,0
"North_Absaroka",21,42,"21_to_42",2,0
"North_Absaroka",21,52,"21_to_52",5,0
"North_Absaroka",22,21,"22_to_21",25,0
"North_Absaroka",22,22,"22_to_22",1261,0.08
"North_Absaroka",22,23,"22_to_23",18,0
"North_Absaroka",22,52,"22_to_52",1,0
"North_Absaroka",23,22,"23_to_22",15,0
"North_Absaroka",23,23,"23_to_23",30,0
"North_Absaroka",23,42,"23_to_42",1,0
"North_Absaroka",31,11,"31_to_11",11,0
"North_Absaroka",31,31,"31_to_31",175892,11.24
"North_Absaroka",31,42,"31_to_42",533,0.03
"North_Absaroka",31,52,"31_to_52",631,0.04
"North_Absaroka",31,71,"31_to_71",511,0.03
"North_Absaroka",42,11,"42_to_11",8,0
"North_Absaroka",42,21,"42_to_21",25,0
"North_Absaroka",42,22,"42_to_22",104,0.01
"North_Absaroka",42,23,"42_to_23",24,0
"North_Absaroka",42,31,"42_to_31",5966,0.38
"North_Absaroka",42,42,"42_to_42",520633,33.27
"North_Absaroka",42,52,"42_to_52",131607,8.41
"North_Absaroka",42,71,"42_to_71",11156,0.71
"North_Absaroka",42,90,"42_to_90",21,0
"North_Absaroka",52,11,"52_to_11",3,0
"North_Absaroka",52,21,"52_to_21",104,0.01
"North_Absaroka",52,22,"52_to_22",41,0
"North_Absaroka",52,23,"52_to_23",11,0
"North_Absaroka",52,31,"52_to_31",2526,0.16
"North_Absaroka",52,42,"52_to_42",21349,1.36
"North_Absaroka",52,43,"52_to_43",1,0
"North_Absaroka",52,52,"52_to_52",413859,26.45
"North_Absaroka",52,71,"52_to_71",1980,0.13
"North_Absaroka",52,90,"52_to_90",7,0
"North_Absaroka",52,95,"52_to_95",2,0
"North_Absaroka",71,11,"71_to_11",4,0
"North_Absaroka",71,21,"71_to_21",355,0.02
"North_Absaroka",71,22,"71_to_22",273,0.02
"North_Absaroka",71,23,"71_to_23",8,0
"North_Absaroka",71,31,"71_to_31",925,0.06
"North_Absaroka",71,42,"71_to_42",24970,1.6
"North_Absaroka",71,52,"71_to_52",219082,14
"North_Absaroka",71,71,"71_to_71",26519,1.69
"North_Absaroka",71,90,"71_to_90",671,0.04
"North_Absaroka",71,95,"71_to_95",3,0
"North_Absaroka",81,81,"81_to_81",16,0
"North_Absaroka",90,22,"90_to_22",1,0
"North_Absaroka",90,23,"90_to_23",1,0
"North_Absaroka",90,42,"90_to_42",7,0
"North_Absaroka",90,52,"90_to_52",5,0
"North_Absaroka",90,71,"90_to_71",2,0
"North_Absaroka",90,90,"90_to_90",2246,0.14
"North_Absaroka",90,95,"90_to_95",35,0
"North_Absaroka",95,90,"95_to_90",14,0
"North_Absaroka",95,95,"95_to_95",573,0.04
"North_Algodones_Dunes",21,21,"21_to_21",3,0
"North_Algodones_Dunes",31,21,"31_to_21",2,0
"North_Algodones_Dunes",31,31,"31_to_31",76775,64.29
"North_Algodones_Dunes",31,52,"31_to_52",2228,1.87
"North_Algodones_Dunes",31,71,"31_to_71",60,0.05
"North_Algodones_Dunes",31,82,"31_to_82",32,0.03
"North_Algodones_Dunes",52,21,"52_to_21",6,0.01
"North_Algodones_Dunes",52,31,"52_to_31",3161,2.65
"North_Algodones_Dunes",52,52,"52_to_52",37024,31
"North_Algodones_Dunes",52,71,"52_to_71",87,0.07
"North_Algodones_Dunes",52,82,"52_to_82",9,0.01
"North_Algodones_Dunes",52,90,"52_to_90",10,0.01
"North_Algodones_Dunes",52,95,"52_to_95",1,0
"North_Algodones_Dunes",71,31,"71_to_31",8,0.01
"North_Algodones_Dunes",71,52,"71_to_52",12,0.01
"North_Algodones_Dunes",90,90,"90_to_90",7,0.01
"North_Black_Rock_Range",22,22,"22_to_22",4,0
"North_Black_Rock_Range",31,31,"31_to_31",115,0.08
"North_Black_Rock_Range",31,52,"31_to_52",12,0.01
"North_Black_Rock_Range",41,41,"41_to_41",436,0.31
"North_Black_Rock_Range",41,42,"41_to_42",12,0.01
"North_Black_Rock_Range",41,52,"41_to_52",127,0.09
"North_Black_Rock_Range",41,90,"41_to_90",4,0
"North_Black_Rock_Range",42,41,"42_to_41",3,0
"North_Black_Rock_Range",42,42,"42_to_42",115,0.08
"North_Black_Rock_Range",42,52,"42_to_52",26,0.02
"North_Black_Rock_Range",52,21,"52_to_21",1,0
"North_Black_Rock_Range",52,22,"52_to_22",2,0
"North_Black_Rock_Range",52,23,"52_to_23",1,0
"North_Black_Rock_Range",52,31,"52_to_31",5,0
"North_Black_Rock_Range",52,41,"52_to_41",116,0.08
"North_Black_Rock_Range",52,42,"52_to_42",658,0.47
"North_Black_Rock_Range",52,52,"52_to_52",137160,98.41
"North_Black_Rock_Range",52,71,"52_to_71",19,0.01
"North_Black_Rock_Range",52,90,"52_to_90",8,0.01
"North_Black_Rock_Range",71,52,"71_to_52",215,0.15
"North_Black_Rock_Range",71,71,"71_to_71",26,0.02
"North_Black_Rock_Range",90,41,"90_to_41",25,0.02
"North_Black_Rock_Range",90,52,"90_to_52",3,0
"North_Black_Rock_Range",90,90,"90_to_90",289,0.21
"North_Fork",21,21,"21_to_21",87,0.23
"North_Fork",21,22,"21_to_22",1,0
"North_Fork",21,42,"21_to_42",2,0.01
"North_Fork",21,52,"21_to_52",1,0
"North_Fork",21,71,"21_to_71",4,0.01
"North_Fork",22,21,"22_to_21",4,0.01
"North_Fork",22,22,"22_to_22",147,0.38
"North_Fork",22,52,"22_to_52",2,0.01
"North_Fork",23,22,"23_to_22",2,0.01
"North_Fork",23,23,"23_to_23",8,0.02
"North_Fork",41,41,"41_to_41",33,0.09
"North_Fork",41,42,"41_to_42",73,0.19
"North_Fork",41,52,"41_to_52",384,1.01
"North_Fork",41,71,"41_to_71",796,2.08
"North_Fork",42,21,"42_to_21",3,0.01
"North_Fork",42,22,"42_to_22",1,0
"North_Fork",42,42,"42_to_42",2674,7
"North_Fork",42,52,"42_to_52",3954,10.35
"North_Fork",42,71,"42_to_71",16390,42.91
"North_Fork",43,42,"43_to_42",7,0.02
"North_Fork",43,52,"43_to_52",54,0.14
"North_Fork",43,71,"43_to_71",49,0.13
"North_Fork",52,21,"52_to_21",31,0.08
"North_Fork",52,22,"52_to_22",34,0.09
"North_Fork",52,31,"52_to_31",1,0
"North_Fork",52,41,"52_to_41",15,0.04
"North_Fork",52,42,"52_to_42",63,0.16
"North_Fork",52,43,"52_to_43",1,0
"North_Fork",52,52,"52_to_52",2886,7.56
"North_Fork",52,71,"52_to_71",9553,25.01
"North_Fork",71,42,"71_to_42",1,0
"North_Fork",71,52,"71_to_52",50,0.13
"North_Fork",71,71,"71_to_71",886,2.32
"North_Fork_John_Day",11,11,"11_to_11",135,0.02
"North_Fork_John_Day",11,42,"11_to_42",4,0
"North_Fork_John_Day",12,12,"12_to_12",7,0
"North_Fork_John_Day",21,21,"21_to_21",283,0.05
"North_Fork_John_Day",21,22,"21_to_22",10,0
"North_Fork_John_Day",21,42,"21_to_42",5,0
"North_Fork_John_Day",21,52,"21_to_52",5,0
"North_Fork_John_Day",22,21,"22_to_21",2,0
"North_Fork_John_Day",22,22,"22_to_22",126,0.02
"North_Fork_John_Day",23,23,"23_to_23",3,0
"North_Fork_John_Day",31,31,"31_to_31",227,0.04
"North_Fork_John_Day",31,42,"31_to_42",5,0
"North_Fork_John_Day",31,52,"31_to_52",36,0.01
"North_Fork_John_Day",31,71,"31_to_71",2,0
"North_Fork_John_Day",42,11,"42_to_11",6,0
"North_Fork_John_Day",42,21,"42_to_21",121,0.02
"North_Fork_John_Day",42,22,"42_to_22",58,0.01
"North_Fork_John_Day",42,31,"42_to_31",12,0
"North_Fork_John_Day",42,42,"42_to_42",402239,73.26
"North_Fork_John_Day",42,52,"42_to_52",60457,11.01
"North_Fork_John_Day",42,71,"42_to_71",163,0.03
"North_Fork_John_Day",42,90,"42_to_90",74,0.01
"North_Fork_John_Day",42,95,"42_to_95",2,0
"North_Fork_John_Day",52,21,"52_to_21",78,0.01
"North_Fork_John_Day",52,22,"52_to_22",3,0
"North_Fork_John_Day",52,31,"52_to_31",7,0
"North_Fork_John_Day",52,42,"52_to_42",16148,2.94
"North_Fork_John_Day",52,52,"52_to_52",17097,3.11
"North_Fork_John_Day",52,71,"52_to_71",110,0.02
"North_Fork_John_Day",52,95,"52_to_95",3,0
"North_Fork_John_Day",71,21,"71_to_21",20,0
"North_Fork_John_Day",71,22,"71_to_22",3,0
"North_Fork_John_Day",71,31,"71_to_31",8,0
"North_Fork_John_Day",71,42,"71_to_42",39758,7.24
"North_Fork_John_Day",71,52,"71_to_52",7875,1.43
"North_Fork_John_Day",71,71,"71_to_71",1558,0.28
"North_Fork_John_Day",71,90,"71_to_90",1,0
"North_Fork_John_Day",90,21,"90_to_21",5,0
"North_Fork_John_Day",90,42,"90_to_42",16,0
"North_Fork_John_Day",90,52,"90_to_52",3,0
"North_Fork_John_Day",90,90,"90_to_90",1493,0.27
"North_Fork_John_Day",90,95,"90_to_95",60,0.01
"North_Fork_John_Day",95,90,"95_to_90",2,0
"North_Fork_John_Day",95,95,"95_to_95",859,0.16
"North_Fork_Owyhee",11,11,"11_to_11",11,0.01
"North_Fork_Owyhee",21,21,"21_to_21",39,0.02
"North_Fork_Owyhee",21,71,"21_to_71",1,0
"North_Fork_Owyhee",22,22,"22_to_22",13,0.01
"North_Fork_Owyhee",23,22,"23_to_22",2,0
"North_Fork_Owyhee",31,52,"31_to_52",7,0
"North_Fork_Owyhee",31,71,"31_to_71",1,0
"North_Fork_Owyhee",41,41,"41_to_41",215,0.11
"North_Fork_Owyhee",42,41,"42_to_41",1,0
"North_Fork_Owyhee",42,42,"42_to_42",47563,23.48
"North_Fork_Owyhee",42,52,"42_to_52",351,0.17
"North_Fork_Owyhee",42,71,"42_to_71",28,0.01
"North_Fork_Owyhee",52,11,"52_to_11",4,0
"North_Fork_Owyhee",52,21,"52_to_21",51,0.03
"North_Fork_Owyhee",52,22,"52_to_22",1,0
"North_Fork_Owyhee",52,42,"52_to_42",1742,0.86
"North_Fork_Owyhee",52,52,"52_to_52",144781,71.46
"North_Fork_Owyhee",52,71,"52_to_71",443,0.22
"North_Fork_Owyhee",52,90,"52_to_90",11,0.01
"North_Fork_Owyhee",71,21,"71_to_21",16,0.01
"North_Fork_Owyhee",71,42,"71_to_42",27,0.01
"North_Fork_Owyhee",71,52,"71_to_52",456,0.23
"North_Fork_Owyhee",71,71,"71_to_71",6547,3.23
"North_Fork_Owyhee",90,42,"90_to_42",1,0
"North_Fork_Owyhee",90,52,"90_to_52",1,0
"North_Fork_Owyhee",90,90,"90_to_90",188,0.09
"North_Fork_Owyhee",90,95,"90_to_95",12,0.01
"North_Fork_Owyhee",95,90,"95_to_90",2,0
"North_Fork_Owyhee",95,95,"95_to_95",95,0.05
"North_Fork_Umatilla",21,21,"21_to_21",51,0.06
"North_Fork_Umatilla",21,22,"21_to_22",1,0
"North_Fork_Umatilla",22,21,"22_to_21",1,0
"North_Fork_Umatilla",22,22,"22_to_22",16,0.02
"North_Fork_Umatilla",42,21,"42_to_21",17,0.02
"North_Fork_Umatilla",42,22,"42_to_22",5,0.01
"North_Fork_Umatilla",42,42,"42_to_42",62036,67.05
"North_Fork_Umatilla",42,52,"42_to_52",303,0.33
"North_Fork_Umatilla",42,71,"42_to_71",353,0.38
"North_Fork_Umatilla",52,21,"52_to_21",28,0.03
"North_Fork_Umatilla",52,22,"52_to_22",3,0
"North_Fork_Umatilla",52,41,"52_to_41",5,0.01
"North_Fork_Umatilla",52,42,"52_to_42",1816,1.96
"North_Fork_Umatilla",52,52,"52_to_52",4928,5.33
"North_Fork_Umatilla",52,71,"52_to_71",90,0.1
"North_Fork_Umatilla",71,21,"71_to_21",19,0.02
"North_Fork_Umatilla",71,42,"71_to_42",393,0.42
"North_Fork_Umatilla",71,43,"71_to_43",1,0
"North_Fork_Umatilla",71,52,"71_to_52",334,0.36
"North_Fork_Umatilla",71,71,"71_to_71",22127,23.91
"North_Jackson_Mountains",22,22,"22_to_22",68,0.06
"North_Jackson_Mountains",22,23,"22_to_23",3,0
"North_Jackson_Mountains",23,23,"23_to_23",11,0.01
"North_Jackson_Mountains",31,31,"31_to_31",56,0.05
"North_Jackson_Mountains",31,42,"31_to_42",8,0.01
"North_Jackson_Mountains",41,41,"41_to_41",213,0.2
"North_Jackson_Mountains",41,42,"41_to_42",26,0.02
"North_Jackson_Mountains",41,52,"41_to_52",30,0.03
"North_Jackson_Mountains",42,31,"42_to_31",7,0.01
"North_Jackson_Mountains",42,42,"42_to_42",13214,12.32
"North_Jackson_Mountains",42,52,"42_to_52",241,0.22
"North_Jackson_Mountains",52,22,"52_to_22",4,0
"North_Jackson_Mountains",52,23,"52_to_23",2,0
"North_Jackson_Mountains",52,31,"52_to_31",11,0.01
"North_Jackson_Mountains",52,41,"52_to_41",144,0.13
"North_Jackson_Mountains",52,42,"52_to_42",2374,2.21
"North_Jackson_Mountains",52,52,"52_to_52",90664,84.52
"North_Jackson_Mountains",52,81,"52_to_81",1,0
"North_Jackson_Mountains",52,90,"52_to_90",2,0
"North_Jackson_Mountains",71,52,"71_to_52",3,0
"North_Jackson_Mountains",71,71,"71_to_71",3,0
"North_Jackson_Mountains",90,90,"90_to_90",185,0.17
"North_Maricopa_Mountains",52,21,"52_to_21",23,0.01
"North_Maricopa_Mountains",52,52,"52_to_52",290795,99.98
"North_Maricopa_Mountains",71,52,"71_to_52",14,0
"North_Maricopa_Mountains",71,71,"71_to_71",7,0
"North_McCullough",52,52,"52_to_52",67221,100
"North_McCullough",52,71,"52_to_71",2,0
"North_Mesquite_Mountains",21,21,"21_to_21",16,0.01
"North_Mesquite_Mountains",21,52,"21_to_52",1,0
"North_Mesquite_Mountains",22,22,"22_to_22",33,0.02
"North_Mesquite_Mountains",31,31,"31_to_31",28,0.02
"North_Mesquite_Mountains",31,52,"31_to_52",6,0
"North_Mesquite_Mountains",52,21,"52_to_21",56,0.04
"North_Mesquite_Mountains",52,22,"52_to_22",4,0
"North_Mesquite_Mountains",52,52,"52_to_52",135040,99.89
"North_Santa_Teresa",42,42,"42_to_42",5,0.02
"North_Santa_Teresa",42,52,"42_to_52",64,0.24
"North_Santa_Teresa",42,71,"42_to_71",1,0
"North_Santa_Teresa",52,21,"52_to_21",2,0.01
"North_Santa_Teresa",52,22,"52_to_22",4,0.01
"North_Santa_Teresa",52,42,"52_to_42",1,0
"North_Santa_Teresa",52,52,"52_to_52",23610,88.2
"North_Santa_Teresa",52,71,"52_to_71",3083,11.52
"Ojito",11,52,"11_to_52",7,0.01
"Ojito",31,31,"31_to_31",65,0.12
"Ojito",52,21,"52_to_21",1,0
"Ojito",52,52,"52_to_52",53832,99.78
"Ojito",52,81,"52_to_81",2,0
"Ojito",52,90,"52_to_90",2,0
"Ojito",52,95,"52_to_95",2,0
"Ojito",81,52,"81_to_52",14,0.03
"Ojito",81,81,"81_to_81",4,0.01
"Ojito",90,52,"90_to_52",1,0
"Ojito",90,90,"90_to_90",13,0.02
"Ojito",95,52,"95_to_52",2,0
"Ojito",95,90,"95_to_90",1,0
"Ojito",95,95,"95_to_95",2,0
"Okefenokee",11,11,"11_to_11",2879,0.18
"Okefenokee",11,42,"11_to_42",1108,0.07
"Okefenokee",11,71,"11_to_71",45,0
"Okefenokee",11,90,"11_to_90",133,0.01
"Okefenokee",11,95,"11_to_95",51,0
"Okefenokee",21,11,"21_to_11",3,0
"Okefenokee",21,21,"21_to_21",79,0
"Okefenokee",21,22,"21_to_22",26,0
"Okefenokee",21,42,"21_to_42",9,0
"Okefenokee",22,11,"22_to_11",1,0
"Okefenokee",22,21,"22_to_21",1,0
"Okefenokee",22,22,"22_to_22",57,0
"Okefenokee",22,23,"22_to_23",1,0
"Okefenokee",42,11,"42_to_11",273,0.02
"Okefenokee",42,21,"42_to_21",28,0
"Okefenokee",42,22,"42_to_22",6,0
"Okefenokee",42,42,"42_to_42",13062,0.83
"Okefenokee",42,52,"42_to_52",25,0
"Okefenokee",42,71,"42_to_71",37,0
"Okefenokee",42,81,"42_to_81",2,0
"Okefenokee",42,82,"42_to_82",2,0
"Okefenokee",42,90,"42_to_90",42,0
"Okefenokee",52,11,"52_to_11",2,0
"Okefenokee",52,42,"52_to_42",42,0
"Okefenokee",52,52,"52_to_52",2,0
"Okefenokee",52,71,"52_to_71",1,0
"Okefenokee",71,11,"71_to_11",269,0.02
"Okefenokee",71,42,"71_to_42",59,0
"Okefenokee",71,71,"71_to_71",8,0
"Okefenokee",71,90,"71_to_90",1,0
"Okefenokee",90,11,"90_to_11",17,0
"Okefenokee",90,42,"90_to_42",7,0
"Okefenokee",90,71,"90_to_71",1,0
"Okefenokee",90,90,"90_to_90",1508064,95.41
"Okefenokee",90,95,"90_to_95",10863,0.69
"Okefenokee",95,11,"95_to_11",3,0
"Okefenokee",95,42,"95_to_42",1,0
"Okefenokee",95,90,"95_to_90",26729,1.69
"Okefenokee",95,95,"95_to_95",16710,1.06
"Old_Woman_Mountains",21,21,"21_to_21",3,0
"Old_Woman_Mountains",31,31,"31_to_31",49199,5.93
"Old_Woman_Mountains",31,52,"31_to_52",266,0.03
"Old_Woman_Mountains",52,21,"52_to_21",6,0
"Old_Woman_Mountains",52,22,"52_to_22",15,0
"Old_Woman_Mountains",52,31,"52_to_31",24405,2.94
"Old_Woman_Mountains",52,52,"52_to_52",755702,91.09
"Opal_Creek",11,11,"11_to_11",36,0.04
"Opal_Creek",11,52,"11_to_52",1,0
"Opal_Creek",11,71,"11_to_71",24,0.03
"Opal_Creek",21,21,"21_to_21",57,0.06
"Opal_Creek",21,22,"21_to_22",69,0.07
"Opal_Creek",21,23,"21_to_23",5,0.01
"Opal_Creek",21,42,"21_to_42",10,0.01
"Opal_Creek",21,52,"21_to_52",1,0
"Opal_Creek",21,71,"21_to_71",14,0.01
"Opal_Creek",22,21,"22_to_21",4,0
"Opal_Creek",22,22,"22_to_22",57,0.06
"Opal_Creek",22,23,"22_to_23",3,0
"Opal_Creek",22,42,"22_to_42",1,0
"Opal_Creek",22,52,"22_to_52",1,0
"Opal_Creek",22,71,"22_to_71",4,0
"Opal_Creek",23,22,"23_to_22",3,0
"Opal_Creek",31,31,"31_to_31",2,0
"Opal_Creek",42,21,"42_to_21",8,0.01
"Opal_Creek",42,22,"42_to_22",2,0
"Opal_Creek",42,23,"42_to_23",1,0
"Opal_Creek",42,31,"42_to_31",3,0
"Opal_Creek",42,42,"42_to_42",20855,21.95
"Opal_Creek",42,52,"42_to_52",286,0.3
"Opal_Creek",42,71,"42_to_71",69508,73.16
"Opal_Creek",43,52,"43_to_52",4,0
"Opal_Creek",52,21,"52_to_21",6,0.01
"Opal_Creek",52,22,"52_to_22",3,0
"Opal_Creek",52,23,"52_to_23",2,0
"Opal_Creek",52,31,"52_to_31",18,0.02
"Opal_Creek",52,42,"52_to_42",1153,1.21
"Opal_Creek",52,52,"52_to_52",634,0.67
"Opal_Creek",52,71,"52_to_71",2129,2.24
"Opal_Creek",71,42,"71_to_42",9,0.01
"Opal_Creek",71,52,"71_to_52",6,0.01
"Opal_Creek",71,71,"71_to_71",93,0.1
"Oregon_Badlands",21,22,"21_to_22",2,0
"Oregon_Badlands",22,22,"22_to_22",86,0.06
"Oregon_Badlands",23,23,"23_to_23",1,0
"Oregon_Badlands",52,11,"52_to_11",5,0
"Oregon_Badlands",52,21,"52_to_21",1,0
"Oregon_Badlands",52,22,"52_to_22",10,0.01
"Oregon_Badlands",52,52,"52_to_52",132817,99.88
"Oregon_Badlands",52,81,"52_to_81",1,0
"Oregon_Badlands",52,82,"52_to_82",12,0.01
"Oregon_Badlands",52,90,"52_to_90",1,0
"Oregon_Badlands",52,95,"52_to_95",2,0
"Oregon_Badlands",81,52,"81_to_52",2,0
"Oregon_Badlands",82,52,"82_to_52",18,0.01
"Oregon_Badlands",82,82,"82_to_82",5,0
"Oregon_Badlands",90,90,"90_to_90",9,0.01
"Oregon_Islands",11,11,"11_to_11",6368,76.14
"Oregon_Islands",11,22,"11_to_22",4,0.05
"Oregon_Islands",11,23,"11_to_23",2,0.02
"Oregon_Islands",11,31,"11_to_31",215,2.57
"Oregon_Islands",11,42,"11_to_42",4,0.05
"Oregon_Islands",11,71,"11_to_71",1,0.01
"Oregon_Islands",11,95,"11_to_95",21,0.25
"Oregon_Islands",21,21,"21_to_21",3,0.04
"Oregon_Islands",22,11,"22_to_11",1,0.01
"Oregon_Islands",22,21,"22_to_21",1,0.01
"Oregon_Islands",22,22,"22_to_22",15,0.18
"Oregon_Islands",22,23,"22_to_23",3,0.04
"Oregon_Islands",22,31,"22_to_31",1,0.01
"Oregon_Islands",23,22,"23_to_22",2,0.02
"Oregon_Islands",23,23,"23_to_23",8,0.1
"Oregon_Islands",31,11,"31_to_11",301,3.6
"Oregon_Islands",31,22,"31_to_22",2,0.02
"Oregon_Islands",31,23,"31_to_23",2,0.02
"Oregon_Islands",31,31,"31_to_31",968,11.57
"Oregon_Islands",31,52,"31_to_52",1,0.01
"Oregon_Islands",31,71,"31_to_71",1,0.01
"Oregon_Islands",31,95,"31_to_95",4,0.05
"Oregon_Islands",42,11,"42_to_11",2,0.02
"Oregon_Islands",42,42,"42_to_42",8,0.1
"Oregon_Islands",42,52,"42_to_52",1,0.01
"Oregon_Islands",52,31,"52_to_31",1,0.01
"Oregon_Islands",52,52,"52_to_52",56,0.67
"Oregon_Islands",71,71,"71_to_71",13,0.16
"Oregon_Islands",95,11,"95_to_11",16,0.19
"Oregon_Islands",95,31,"95_to_31",1,0.01
"Oregon_Islands",95,95,"95_to_95",338,4.04
"Organ_Mountains",21,21,"21_to_21",18,0.02
"Organ_Mountains",21,42,"21_to_42",4,0
"Organ_Mountains",21,52,"21_to_52",1,0
"Organ_Mountains",22,22,"22_to_22",79,0.09
"Organ_Mountains",22,42,"22_to_42",5,0.01
"Organ_Mountains",23,22,"23_to_22",2,0
"Organ_Mountains",23,42,"23_to_42",4,0
"Organ_Mountains",23,52,"23_to_52",2,0
"Organ_Mountains",31,31,"31_to_31",20,0.02
"Organ_Mountains",31,52,"31_to_52",1,0
"Organ_Mountains",41,42,"41_to_42",15,0.02
"Organ_Mountains",41,52,"41_to_52",20,0.02
"Organ_Mountains",42,22,"42_to_22",2,0
"Organ_Mountains",42,42,"42_to_42",19485,21.44
"Organ_Mountains",42,52,"42_to_52",3383,3.72
"Organ_Mountains",52,21,"52_to_21",57,0.06
"Organ_Mountains",52,22,"52_to_22",11,0.01
"Organ_Mountains",52,42,"52_to_42",2155,2.37
"Organ_Mountains",52,52,"52_to_52",65402,71.95
"Organ_Mountains",52,71,"52_to_71",3,0
"Organ_Mountains",52,95,"52_to_95",9,0.01
"Organ_Mountains",71,42,"71_to_42",2,0
"Organ_Mountains",90,52,"90_to_52",1,0
"Organ_Mountains",90,90,"90_to_90",6,0.01
"Organ_Mountains",90,95,"90_to_95",2,0
"Organ_Mountains",95,52,"95_to_52",1,0
"Organ_Mountains",95,90,"95_to_90",12,0.01
"Organ_Mountains",95,95,"95_to_95",199,0.22
"Organ_Pipe_Cactus",11,11,"11_to_11",1,0
"Organ_Pipe_Cactus",11,52,"11_to_52",2,0
"Organ_Pipe_Cactus",21,21,"21_to_21",414,0.03
"Organ_Pipe_Cactus",21,22,"21_to_22",5,0
"Organ_Pipe_Cactus",21,52,"21_to_52",27,0
"Organ_Pipe_Cactus",22,22,"22_to_22",175,0.01
"Organ_Pipe_Cactus",22,52,"22_to_52",1,0
"Organ_Pipe_Cactus",31,31,"31_to_31",33,0
"Organ_Pipe_Cactus",31,52,"31_to_52",1,0
"Organ_Pipe_Cactus",31,71,"31_to_71",1,0
"Organ_Pipe_Cactus",52,21,"52_to_21",217,0.02
"Organ_Pipe_Cactus",52,22,"52_to_22",20,0
"Organ_Pipe_Cactus",52,23,"52_to_23",1,0
"Organ_Pipe_Cactus",52,31,"52_to_31",3,0
"Organ_Pipe_Cactus",52,52,"52_to_52",1361265,96.64
"Organ_Pipe_Cactus",52,71,"52_to_71",4183,0.3
"Organ_Pipe_Cactus",52,90,"52_to_90",3,0
"Organ_Pipe_Cactus",52,95,"52_to_95",16,0
"Organ_Pipe_Cactus",71,23,"71_to_23",1,0
"Organ_Pipe_Cactus",71,31,"71_to_31",2,0
"Organ_Pipe_Cactus",71,52,"71_to_52",11531,0.82
"Organ_Pipe_Cactus",71,71,"71_to_71",30497,2.17
"Organ_Pipe_Cactus",90,52,"90_to_52",6,0
"Organ_Pipe_Cactus",90,90,"90_to_90",51,0
"Organ_Pipe_Cactus",90,95,"90_to_95",6,0
"Organ_Pipe_Cactus",95,52,"95_to_52",13,0
"Organ_Pipe_Cactus",95,90,"95_to_90",63,0
"Organ_Pipe_Cactus",95,95,"95_to_95",46,0
"Orocopia_Mountains",31,31,"31_to_31",5396,2
"Orocopia_Mountains",31,52,"31_to_52",2666,0.99
"Orocopia_Mountains",52,21,"52_to_21",3,0
"Orocopia_Mountains",52,31,"52_to_31",64,0.02
"Orocopia_Mountains",52,52,"52_to_52",262226,96.97
"Orocopia_Mountains",71,31,"71_to_31",6,0
"Orocopia_Mountains",71,52,"71_to_52",52,0.02
"Otay_Mountain",21,21,"21_to_21",30,0.04
"Otay_Mountain",21,22,"21_to_22",9,0.01
"Otay_Mountain",21,52,"21_to_52",62,0.08
"Otay_Mountain",42,42,"42_to_42",56,0.07
"Otay_Mountain",42,43,"42_to_43",78,0.1
"Otay_Mountain",42,52,"42_to_52",2865,3.63
"Otay_Mountain",42,90,"42_to_90",1,0
"Otay_Mountain",43,42,"43_to_42",7,0.01
"Otay_Mountain",43,43,"43_to_43",393,0.5
"Otay_Mountain",43,52,"43_to_52",19108,24.21
"Otay_Mountain",43,90,"43_to_90",5,0.01
"Otay_Mountain",52,21,"52_to_21",12,0.02
"Otay_Mountain",52,22,"52_to_22",2,0
"Otay_Mountain",52,42,"52_to_42",7,0.01
"Otay_Mountain",52,43,"52_to_43",79,0.1
"Otay_Mountain",52,52,"52_to_52",54780,69.39
"Otay_Mountain",52,71,"52_to_71",177,0.22
"Otay_Mountain",71,43,"71_to_43",1,0
"Otay_Mountain",71,52,"71_to_52",1223,1.55
"Otay_Mountain",71,71,"71_to_71",33,0.04
"Otay_Mountain",90,52,"90_to_52",7,0.01
"Otay_Mountain",90,90,"90_to_90",5,0.01
"Otis_Pike_Fire_Island_High_Dune",11,11,"11_to_11",405,6.66
"Otis_Pike_Fire_Island_High_Dune",11,31,"11_to_31",11,0.18
"Otis_Pike_Fire_Island_High_Dune",11,95,"11_to_95",1,0.02
"Otis_Pike_Fire_Island_High_Dune",22,22,"22_to_22",16,0.26
"Otis_Pike_Fire_Island_High_Dune",22,31,"22_to_31",2,0.03
"Otis_Pike_Fire_Island_High_Dune",22,71,"22_to_71",1,0.02
"Otis_Pike_Fire_Island_High_Dune",23,22,"23_to_22",1,0.02
"Otis_Pike_Fire_Island_High_Dune",23,23,"23_to_23",10,0.16
"Otis_Pike_Fire_Island_High_Dune",23,31,"23_to_31",2,0.03
"Otis_Pike_Fire_Island_High_Dune",31,11,"31_to_11",4,0.07
"Otis_Pike_Fire_Island_High_Dune",31,31,"31_to_31",2269,37.31
"Otis_Pike_Fire_Island_High_Dune",31,71,"31_to_71",11,0.18
"Otis_Pike_Fire_Island_High_Dune",31,95,"31_to_95",6,0.1
"Otis_Pike_Fire_Island_High_Dune",71,31,"71_to_31",4,0.07
"Otis_Pike_Fire_Island_High_Dune",71,71,"71_to_71",47,0.77
"Otis_Pike_Fire_Island_High_Dune",90,90,"90_to_90",22,0.36
"Otis_Pike_Fire_Island_High_Dune",95,11,"95_to_11",52,0.86
"Otis_Pike_Fire_Island_High_Dune",95,31,"95_to_31",235,3.86
"Otis_Pike_Fire_Island_High_Dune",95,90,"95_to_90",47,0.77
"Otis_Pike_Fire_Island_High_Dune",95,95,"95_to_95",2935,48.27
"Otter_Creek",11,11,"11_to_11",2,0
"Otter_Creek",11,90,"11_to_90",1,0
"Otter_Creek",11,95,"11_to_95",5,0.01
"Otter_Creek",21,21,"21_to_21",42,0.04
"Otter_Creek",22,22,"22_to_22",1,0
"Otter_Creek",31,11,"31_to_11",1,0
"Otter_Creek",31,31,"31_to_31",2,0
"Otter_Creek",41,11,"41_to_11",4,0
"Otter_Creek",41,41,"41_to_41",32730,34.72
"Otter_Creek",41,43,"41_to_43",176,0.19
"Otter_Creek",41,71,"41_to_71",5,0.01
"Otter_Creek",42,41,"42_to_41",2,0
"Otter_Creek",42,42,"42_to_42",14751,15.65
"Otter_Creek",42,43,"42_to_43",67,0.07
"Otter_Creek",42,90,"42_to_90",4,0
"Otter_Creek",43,41,"43_to_41",431,0.46
"Otter_Creek",43,42,"43_to_42",225,0.24
"Otter_Creek",43,43,"43_to_43",45219,47.96
"Otter_Creek",52,41,"52_to_41",8,0.01
"Otter_Creek",71,41,"71_to_41",11,0.01
"Otter_Creek",90,42,"90_to_42",2,0
"Otter_Creek",90,43,"90_to_43",1,0
"Otter_Creek",90,90,"90_to_90",584,0.62
"Otter_Creek",90,95,"90_to_95",7,0.01
"Owens_Peak",21,21,"21_to_21",67,0.02
"Owens_Peak",21,42,"21_to_42",1,0
"Owens_Peak",21,52,"21_to_52",22,0.01
"Owens_Peak",21,71,"21_to_71",2,0
"Owens_Peak",22,22,"22_to_22",15,0
"Owens_Peak",31,21,"31_to_21",2,0
"Owens_Peak",31,31,"31_to_31",1913,0.55
"Owens_Peak",31,52,"31_to_52",1080,0.31
"Owens_Peak",31,71,"31_to_71",80,0.02
"Owens_Peak",41,41,"41_to_41",12,0
"Owens_Peak",41,52,"41_to_52",1,0
"Owens_Peak",42,21,"42_to_21",4,0
"Owens_Peak",42,41,"42_to_41",1,0
"Owens_Peak",42,42,"42_to_42",48992,13.99
"Owens_Peak",42,52,"42_to_52",6844,1.95
"Owens_Peak",42,71,"42_to_71",32,0.01
"Owens_Peak",43,42,"43_to_42",4,0
"Owens_Peak",43,43,"43_to_43",3,0
"Owens_Peak",43,52,"43_to_52",3,0
"Owens_Peak",52,21,"52_to_21",61,0.02
"Owens_Peak",52,22,"52_to_22",12,0
"Owens_Peak",52,23,"52_to_23",1,0
"Owens_Peak",52,31,"52_to_31",709,0.2
"Owens_Peak",52,41,"52_to_41",3,0
"Owens_Peak",52,42,"52_to_42",5212,1.49
"Owens_Peak",52,43,"52_to_43",17,0
"Owens_Peak",52,52,"52_to_52",266390,76.04
"Owens_Peak",52,71,"52_to_71",6852,1.96
"Owens_Peak",52,90,"52_to_90",17,0
"Owens_Peak",52,95,"52_to_95",4,0
"Owens_Peak",71,31,"71_to_31",185,0.05
"Owens_Peak",71,52,"71_to_52",8088,2.31
"Owens_Peak",71,71,"71_to_71",3196,0.91
"Owens_Peak",71,81,"71_to_81",1,0
"Owens_Peak",81,52,"81_to_52",10,0
"Owens_Peak",81,81,"81_to_81",4,0
"Owens_Peak",81,90,"81_to_90",2,0
"Owens_Peak",81,95,"81_to_95",1,0
"Owens_Peak",90,21,"90_to_21",1,0
"Owens_Peak",90,52,"90_to_52",10,0
"Owens_Peak",90,90,"90_to_90",226,0.06
"Owens_Peak",90,95,"90_to_95",33,0.01
"Owens_Peak",95,52,"95_to_52",2,0
"Owens_Peak",95,90,"95_to_90",67,0.02
"Owens_Peak",95,95,"95_to_95",125,0.04
"Owens_River_Headwaters",11,11,"11_to_11",10,0.01
"Owens_River_Headwaters",11,42,"11_to_42",2,0
"Owens_River_Headwaters",11,90,"11_to_90",1,0
"Owens_River_Headwaters",12,12,"12_to_12",6,0.01
"Owens_River_Headwaters",21,21,"21_to_21",12,0.02
"Owens_River_Headwaters",21,42,"21_to_42",1,0
"Owens_River_Headwaters",22,22,"22_to_22",42,0.06
"Owens_River_Headwaters",31,31,"31_to_31",5852,8.65
"Owens_River_Headwaters",31,42,"31_to_42",14,0.02
"Owens_River_Headwaters",31,52,"31_to_52",575,0.85
"Owens_River_Headwaters",31,71,"31_to_71",5,0.01
"Owens_River_Headwaters",41,41,"41_to_41",568,0.84
"Owens_River_Headwaters",41,42,"41_to_42",15,0.02
"Owens_River_Headwaters",41,52,"41_to_52",48,0.07
"Owens_River_Headwaters",42,11,"42_to_11",1,0
"Owens_River_Headwaters",42,21,"42_to_21",2,0
"Owens_River_Headwaters",42,31,"42_to_31",62,0.09
"Owens_River_Headwaters",42,41,"42_to_41",14,0.02
"Owens_River_Headwaters",42,42,"42_to_42",37843,55.95
"Owens_River_Headwaters",42,52,"42_to_52",515,0.76
"Owens_River_Headwaters",42,71,"42_to_71",2,0
"Owens_River_Headwaters",42,90,"42_to_90",2,0
"Owens_River_Headwaters",52,21,"52_to_21",3,0
"Owens_River_Headwaters",52,31,"52_to_31",402,0.59
"Owens_River_Headwaters",52,41,"52_to_41",280,0.41
"Owens_River_Headwaters",52,42,"52_to_42",2978,4.4
"Owens_River_Headwaters",52,52,"52_to_52",17745,26.24
"Owens_River_Headwaters",52,71,"52_to_71",2,0
"Owens_River_Headwaters",52,90,"52_to_90",5,0.01
"Owens_River_Headwaters",71,31,"71_to_31",15,0.02
"Owens_River_Headwaters",71,52,"71_to_52",40,0.06
"Owens_River_Headwaters",71,71,"71_to_71",56,0.08
"Owens_River_Headwaters",90,41,"90_to_41",1,0
"Owens_River_Headwaters",90,42,"90_to_42",25,0.04
"Owens_River_Headwaters",90,52,"90_to_52",3,0
"Owens_River_Headwaters",90,90,"90_to_90",268,0.4
"Owens_River_Headwaters",90,95,"90_to_95",8,0.01
"Owens_River_Headwaters",95,90,"95_to_90",32,0.05
"Owens_River_Headwaters",95,95,"95_to_95",179,0.26
"Owyhee_River",11,11,"11_to_11",36,0
"Owyhee_River",11,42,"11_to_42",12,0
"Owyhee_River",11,52,"11_to_52",27,0
"Owyhee_River",11,90,"11_to_90",1,0
"Owyhee_River",21,21,"21_to_21",28,0
"Owyhee_River",22,22,"22_to_22",61,0
"Owyhee_River",31,23,"31_to_23",1,0
"Owyhee_River",31,31,"31_to_31",320,0.03
"Owyhee_River",31,42,"31_to_42",42,0
"Owyhee_River",31,52,"31_to_52",473,0.04
"Owyhee_River",42,31,"42_to_31",30,0
"Owyhee_River",42,42,"42_to_42",3724,0.3
"Owyhee_River",42,52,"42_to_52",234,0.02
"Owyhee_River",42,71,"42_to_71",25,0
"Owyhee_River",42,90,"42_to_90",2,0
"Owyhee_River",52,11,"52_to_11",11,0
"Owyhee_River",52,21,"52_to_21",30,0
"Owyhee_River",52,22,"52_to_22",17,0
"Owyhee_River",52,23,"52_to_23",1,0
"Owyhee_River",52,31,"52_to_31",68,0.01
"Owyhee_River",52,42,"52_to_42",2225,0.18
"Owyhee_River",52,52,"52_to_52",1174112,95.61
"Owyhee_River",52,71,"52_to_71",22061,1.8
"Owyhee_River",52,90,"52_to_90",116,0.01
"Owyhee_River",52,95,"52_to_95",2,0
"Owyhee_River",71,11,"71_to_11",1,0
"Owyhee_River",71,21,"71_to_21",1,0
"Owyhee_River",71,52,"71_to_52",4807,0.39
"Owyhee_River",71,71,"71_to_71",17810,1.45
"Owyhee_River",81,81,"81_to_81",5,0
"Owyhee_River",90,42,"90_to_42",3,0
"Owyhee_River",90,52,"90_to_52",3,0
"Owyhee_River",90,90,"90_to_90",1657,0.13
"Owyhee_River",90,95,"90_to_95",1,0
"Owyhee_River",95,52,"95_to_52",10,0
"Owyhee_River",95,90,"95_to_90",27,0
"Owyhee_River",95,95,"95_to_95",2,0
"Paddy_Creek",21,21,"21_to_21",209,0.64
"Paddy_Creek",41,21,"41_to_21",7,0.02
"Paddy_Creek",41,41,"41_to_41",25019,77.06
"Paddy_Creek",41,42,"41_to_42",59,0.18
"Paddy_Creek",41,43,"41_to_43",188,0.58
"Paddy_Creek",41,81,"41_to_81",3,0.01
"Paddy_Creek",42,41,"42_to_41",3,0.01
"Paddy_Creek",42,42,"42_to_42",4575,14.09
"Paddy_Creek",42,43,"42_to_43",4,0.01
"Paddy_Creek",43,42,"43_to_42",40,0.12
"Paddy_Creek",43,43,"43_to_43",2327,7.17
"Paddy_Creek",81,21,"81_to_21",2,0.01
"Paddy_Creek",81,41,"81_to_41",5,0.02
"Paddy_Creek",81,42,"81_to_42",1,0
"Paddy_Creek",81,81,"81_to_81",26,0.08
"Pahrump_Valley",21,21,"21_to_21",1,0
"Pahrump_Valley",22,22,"22_to_22",54,0.02
"Pahrump_Valley",31,21,"31_to_21",4,0
"Pahrump_Valley",31,31,"31_to_31",2818,0.8
"Pahrump_Valley",31,52,"31_to_52",2060,0.59
"Pahrump_Valley",31,71,"31_to_71",5,0
"Pahrump_Valley",31,81,"31_to_81",16,0
"Pahrump_Valley",52,21,"52_to_21",18,0.01
"Pahrump_Valley",52,22,"52_to_22",14,0
"Pahrump_Valley",52,31,"52_to_31",1166,0.33
"Pahrump_Valley",52,52,"52_to_52",343974,98.19
"Pahrump_Valley",52,71,"52_to_71",104,0.03
"Pahrump_Valley",52,81,"52_to_81",8,0
"Pahrump_Valley",71,31,"71_to_31",9,0
"Pahrump_Valley",71,71,"71_to_71",10,0
"Pahrump_Valley",82,81,"82_to_81",6,0
"Pahrump_Valley",82,82,"82_to_82",19,0.01
"Pahrump_Valley",95,90,"95_to_90",1,0
"Pahrump_Valley",95,95,"95_to_95",32,0.01
"Pahute_Peak",22,22,"22_to_22",10,0
"Pahute_Peak",31,31,"31_to_31",4264,1.65
"Pahute_Peak",31,52,"31_to_52",762,0.29
"Pahute_Peak",41,41,"41_to_41",68,0.03
"Pahute_Peak",41,42,"41_to_42",2,0
"Pahute_Peak",41,52,"41_to_52",8,0
"Pahute_Peak",41,90,"41_to_90",16,0.01
"Pahute_Peak",42,41,"42_to_41",1,0
"Pahute_Peak",42,42,"42_to_42",56,0.02
"Pahute_Peak",42,52,"42_to_52",35,0.01
"Pahute_Peak",42,90,"42_to_90",1,0
"Pahute_Peak",52,31,"52_to_31",46,0.02
"Pahute_Peak",52,41,"52_to_41",2,0
"Pahute_Peak",52,42,"52_to_42",217,0.08
"Pahute_Peak",52,52,"52_to_52",252577,97.76
"Pahute_Peak",52,71,"52_to_71",90,0.03
"Pahute_Peak",52,90,"52_to_90",15,0.01
"Pahute_Peak",52,95,"52_to_95",1,0
"Pahute_Peak",71,42,"71_to_42",1,0
"Pahute_Peak",71,52,"71_to_52",52,0.02
"Pahute_Peak",71,71,"71_to_71",8,0
"Pahute_Peak",90,41,"90_to_41",13,0.01
"Pahute_Peak",90,42,"90_to_42",1,0
"Pahute_Peak",90,52,"90_to_52",2,0
"Pahute_Peak",90,90,"90_to_90",118,0.05
"Paiute",11,52,"11_to_52",2,0
"Paiute",11,90,"11_to_90",2,0
"Paiute",21,21,"21_to_21",133,0.03
"Paiute",21,42,"21_to_42",3,0
"Paiute",21,52,"21_to_52",3,0
"Paiute",22,22,"22_to_22",414,0.1
"Paiute",22,52,"22_to_52",1,0
"Paiute",31,31,"31_to_31",450,0.11
"Paiute",31,52,"31_to_52",36,0.01
"Paiute",41,21,"41_to_21",1,0
"Paiute",41,41,"41_to_41",1010,0.25
"Paiute",41,42,"41_to_42",160,0.04
"Paiute",41,52,"41_to_52",195,0.05
"Paiute",42,21,"42_to_21",10,0
"Paiute",42,22,"42_to_22",2,0
"Paiute",42,41,"42_to_41",266,0.07
"Paiute",42,42,"42_to_42",170665,42.8
"Paiute",42,52,"42_to_52",7429,1.86
"Paiute",42,71,"42_to_71",511,0.13
"Paiute",42,81,"42_to_81",1,0
"Paiute",52,21,"52_to_21",115,0.03
"Paiute",52,22,"52_to_22",19,0
"Paiute",52,31,"52_to_31",8,0
"Paiute",52,41,"52_to_41",65,0.02
"Paiute",52,42,"52_to_42",4172,1.05
"Paiute",52,52,"52_to_52",212268,53.23
"Paiute",52,71,"52_to_71",477,0.12
"Paiute",52,81,"52_to_81",1,0
"Paiute",52,90,"52_to_90",4,0
"Paiute",71,52,"71_to_52",81,0.02
"Paiute",71,71,"71_to_71",57,0.01
"Paiute",90,90,"90_to_90",216,0.05
"Paiute",90,95,"90_to_95",2,0
"Paiute",95,90,"95_to_90",11,0
"Paiute",95,95,"95_to_95",4,0
"Pajarita",22,22,"22_to_22",1,0
"Pajarita",42,42,"42_to_42",173,0.5
"Pajarita",42,52,"42_to_52",38,0.11
"Pajarita",43,42,"43_to_42",1,0
"Pajarita",52,22,"52_to_22",6,0.02
"Pajarita",52,42,"52_to_42",277,0.81
"Pajarita",52,43,"52_to_43",1,0
"Pajarita",52,52,"52_to_52",33457,97.37
"Pajarita",52,71,"52_to_71",365,1.06
"Pajarita",52,90,"52_to_90",2,0.01
"Pajarita",71,52,"71_to_52",3,0.01
"Pajarita",90,90,"90_to_90",37,0.11
"Palen_McCoy",21,22,"21_to_22",1,0
"Palen_McCoy",22,22,"22_to_22",19,0
"Palen_McCoy",31,31,"31_to_31",67705,6.07
"Palen_McCoy",31,52,"31_to_52",282,0.03
"Palen_McCoy",52,23,"52_to_23",1,0
"Palen_McCoy",52,31,"52_to_31",88177,7.91
"Palen_McCoy",52,52,"52_to_52",958330,85.98
"Palen_McCoy",52,71,"52_to_71",54,0
"Palen_McCoy",71,52,"71_to_52",1,0
"Palen_McCoy",71,71,"71_to_71",1,0
"Palen_McCoy",90,52,"90_to_52",3,0
"Palo_Verde_Mountains",31,31,"31_to_31",3010,1.59
"Palo_Verde_Mountains",52,52,"52_to_52",186808,98.41
"Palo_Verde_Mountains",71,71,"71_to_71",1,0
"Panther_Den",11,11,"11_to_11",22,0.56
"Panther_Den",11,41,"11_to_41",8,0.2
"Panther_Den",11,43,"11_to_43",4,0.1
"Panther_Den",11,71,"11_to_71",1,0.03
"Panther_Den",41,41,"41_to_41",3278,83.24
"Panther_Den",41,81,"41_to_81",10,0.25
"Panther_Den",42,42,"42_to_42",266,6.75
"Panther_Den",43,43,"43_to_43",335,8.51
"Panther_Den",81,81,"81_to_81",14,0.36
"Paria_Canyon_Vermilion_Cliffs",21,21,"21_to_21",50,0.01
"Paria_Canyon_Vermilion_Cliffs",22,22,"22_to_22",16,0
"Paria_Canyon_Vermilion_Cliffs",23,23,"23_to_23",8,0
"Paria_Canyon_Vermilion_Cliffs",31,31,"31_to_31",24529,4.88
"Paria_Canyon_Vermilion_Cliffs",31,52,"31_to_52",2194,0.44
"Paria_Canyon_Vermilion_Cliffs",31,71,"31_to_71",5,0
"Paria_Canyon_Vermilion_Cliffs",42,42,"42_to_42",13,0
"Paria_Canyon_Vermilion_Cliffs",52,21,"52_to_21",30,0.01
"Paria_Canyon_Vermilion_Cliffs",52,22,"52_to_22",10,0
"Paria_Canyon_Vermilion_Cliffs",52,23,"52_to_23",1,0
"Paria_Canyon_Vermilion_Cliffs",52,31,"52_to_31",1307,0.26
"Paria_Canyon_Vermilion_Cliffs",52,42,"52_to_42",18,0
"Paria_Canyon_Vermilion_Cliffs",52,52,"52_to_52",473332,94.25
"Paria_Canyon_Vermilion_Cliffs",52,71,"52_to_71",9,0
"Paria_Canyon_Vermilion_Cliffs",52,90,"52_to_90",11,0
"Paria_Canyon_Vermilion_Cliffs",52,95,"52_to_95",3,0
"Paria_Canyon_Vermilion_Cliffs",71,31,"71_to_31",4,0
"Paria_Canyon_Vermilion_Cliffs",71,71,"71_to_71",2,0
"Paria_Canyon_Vermilion_Cliffs",90,52,"90_to_52",21,0
"Paria_Canyon_Vermilion_Cliffs",90,90,"90_to_90",535,0.11
"Paria_Canyon_Vermilion_Cliffs",90,95,"90_to_95",5,0
"Paria_Canyon_Vermilion_Cliffs",95,31,"95_to_31",1,0
"Paria_Canyon_Vermilion_Cliffs",95,52,"95_to_52",10,0
"Paria_Canyon_Vermilion_Cliffs",95,90,"95_to_90",16,0
"Paria_Canyon_Vermilion_Cliffs",95,95,"95_to_95",72,0.01
"Parsnip_Peak",21,21,"21_to_21",21,0.01
"Parsnip_Peak",22,21,"22_to_21",2,0
"Parsnip_Peak",22,22,"22_to_22",70,0.04
"Parsnip_Peak",22,52,"22_to_52",1,0
"Parsnip_Peak",23,22,"23_to_22",2,0
"Parsnip_Peak",31,31,"31_to_31",34,0.02
"Parsnip_Peak",31,52,"31_to_52",1,0
"Parsnip_Peak",41,41,"41_to_41",401,0.2
"Parsnip_Peak",41,42,"41_to_42",1,0
"Parsnip_Peak",42,21,"42_to_21",6,0
"Parsnip_Peak",42,22,"42_to_22",3,0
"Parsnip_Peak",42,41,"42_to_41",318,0.16
"Parsnip_Peak",42,42,"42_to_42",137915,69.79
"Parsnip_Peak",42,52,"42_to_52",9732,4.92
"Parsnip_Peak",42,71,"42_to_71",5361,2.71
"Parsnip_Peak",52,21,"52_to_21",19,0.01
"Parsnip_Peak",52,22,"52_to_22",6,0
"Parsnip_Peak",52,31,"52_to_31",3,0
"Parsnip_Peak",52,41,"52_to_41",101,0.05
"Parsnip_Peak",52,42,"52_to_42",7318,3.7
"Parsnip_Peak",52,52,"52_to_52",35127,17.77
"Parsnip_Peak",52,71,"52_to_71",134,0.07
"Parsnip_Peak",71,42,"71_to_42",7,0
"Parsnip_Peak",71,52,"71_to_52",1000,0.51
"Parsnip_Peak",71,71,"71_to_71",31,0.02
"Parsnip_Peak",90,52,"90_to_52",2,0
"Parsnip_Peak",90,90,"90_to_90",6,0
"Parsnip_Peak",90,95,"90_to_95",1,0
"Pasayten",11,11,"11_to_11",1911,0.08
"Pasayten",11,31,"11_to_31",43,0
"Pasayten",11,42,"11_to_42",66,0
"Pasayten",11,52,"11_to_52",34,0
"Pasayten",11,71,"11_to_71",32,0
"Pasayten",11,90,"11_to_90",6,0
"Pasayten",11,95,"11_to_95",1,0
"Pasayten",12,12,"12_to_12",6744,0.28
"Pasayten",21,21,"21_to_21",173,0.01
"Pasayten",21,22,"21_to_22",18,0
"Pasayten",21,42,"21_to_42",8,0
"Pasayten",21,52,"21_to_52",20,0
"Pasayten",21,71,"21_to_71",110,0
"Pasayten",21,90,"21_to_90",1,0
"Pasayten",22,21,"22_to_21",12,0
"Pasayten",22,22,"22_to_22",406,0.02
"Pasayten",22,23,"22_to_23",6,0
"Pasayten",22,52,"22_to_52",8,0
"Pasayten",22,71,"22_to_71",8,0
"Pasayten",23,21,"23_to_21",1,0
"Pasayten",23,22,"23_to_22",7,0
"Pasayten",23,23,"23_to_23",6,0
"Pasayten",31,11,"31_to_11",66,0
"Pasayten",31,31,"31_to_31",159766,6.68
"Pasayten",31,42,"31_to_42",694,0.03
"Pasayten",31,52,"31_to_52",934,0.04
"Pasayten",31,71,"31_to_71",983,0.04
"Pasayten",41,31,"41_to_31",1,0
"Pasayten",41,41,"41_to_41",18,0
"Pasayten",41,42,"41_to_42",73,0
"Pasayten",41,52,"41_to_52",34,0
"Pasayten",41,71,"41_to_71",9,0
"Pasayten",42,11,"42_to_11",61,0
"Pasayten",42,21,"42_to_21",69,0
"Pasayten",42,22,"42_to_22",330,0.01
"Pasayten",42,23,"42_to_23",19,0
"Pasayten",42,31,"42_to_31",4821,0.2
"Pasayten",42,41,"42_to_41",7,0
"Pasayten",42,42,"42_to_42",903646,37.76
"Pasayten",42,43,"42_to_43",5,0
"Pasayten",42,52,"42_to_52",518758,21.68
"Pasayten",42,71,"42_to_71",343296,14.34
"Pasayten",42,81,"42_to_81",10,0
"Pasayten",42,82,"42_to_82",1,0
"Pasayten",42,90,"42_to_90",1750,0.07
"Pasayten",42,95,"42_to_95",141,0.01
"Pasayten",43,42,"43_to_42",33,0
"Pasayten",43,43,"43_to_43",57,0
"Pasayten",43,52,"43_to_52",5,0
"Pasayten",43,71,"43_to_71",27,0
"Pasayten",52,11,"52_to_11",17,0
"Pasayten",52,21,"52_to_21",56,0
"Pasayten",52,22,"52_to_22",28,0
"Pasayten",52,23,"52_to_23",5,0
"Pasayten",52,31,"52_to_31",2737,0.11
"Pasayten",52,41,"52_to_41",85,0
"Pasayten",52,42,"52_to_42",43201,1.81
"Pasayten",52,43,"52_to_43",76,0
"Pasayten",52,52,"52_to_52",260024,10.87
"Pasayten",52,71,"52_to_71",52603,2.2
"Pasayten",52,81,"52_to_81",11,0
"Pasayten",52,90,"52_to_90",23,0
"Pasayten",52,95,"52_to_95",8,0
"Pasayten",71,11,"71_to_11",23,0
"Pasayten",71,21,"71_to_21",4,0
"Pasayten",71,22,"71_to_22",5,0
"Pasayten",71,23,"71_to_23",2,0
"Pasayten",71,31,"71_to_31",748,0.03
"Pasayten",71,41,"71_to_41",1,0
"Pasayten",71,42,"71_to_42",3799,0.16
"Pasayten",71,43,"71_to_43",1,0
"Pasayten",71,52,"71_to_52",12385,0.52
"Pasayten",71,71,"71_to_71",49184,2.06
"Pasayten",81,42,"81_to_42",6,0
"Pasayten",81,52,"81_to_52",13,0
"Pasayten",81,71,"81_to_71",2,0
"Pasayten",81,81,"81_to_81",7,0
"Pasayten",82,52,"82_to_52",1,0
"Pasayten",82,71,"82_to_71",2,0
"Pasayten",90,11,"90_to_11",12,0
"Pasayten",90,21,"90_to_21",1,0
"Pasayten",90,22,"90_to_22",2,0
"Pasayten",90,31,"90_to_31",6,0
"Pasayten",90,42,"90_to_42",95,0
"Pasayten",90,52,"90_to_52",144,0.01
"Pasayten",90,71,"90_to_71",153,0.01
"Pasayten",90,81,"90_to_81",2,0
"Pasayten",90,90,"90_to_90",18006,0.75
"Pasayten",90,95,"90_to_95",732,0.03
"Pasayten",95,52,"95_to_52",2,0
"Pasayten",95,90,"95_to_90",55,0
"Pasayten",95,95,"95_to_95",3678,0.15
"Pecos",11,11,"11_to_11",164,0.02
"Pecos",11,42,"11_to_42",13,0
"Pecos",11,71,"11_to_71",6,0
"Pecos",21,21,"21_to_21",30,0
"Pecos",21,22,"21_to_22",2,0
"Pecos",22,22,"22_to_22",5,0
"Pecos",31,31,"31_to_31",17605,1.76
"Pecos",31,42,"31_to_42",92,0.01
"Pecos",31,52,"31_to_52",230,0.02
"Pecos",31,71,"31_to_71",210,0.02
"Pecos",41,31,"41_to_31",3,0
"Pecos",41,41,"41_to_41",40322,4.02
"Pecos",41,42,"41_to_42",2472,0.25
"Pecos",41,43,"41_to_43",490,0.05
"Pecos",41,52,"41_to_52",1905,0.19
"Pecos",41,71,"41_to_71",6955,0.69
"Pecos",41,90,"41_to_90",10,0
"Pecos",42,11,"42_to_11",14,0
"Pecos",42,21,"42_to_21",2,0
"Pecos",42,22,"42_to_22",18,0
"Pecos",42,23,"42_to_23",5,0
"Pecos",42,31,"42_to_31",503,0.05
"Pecos",42,41,"42_to_41",359,0.04
"Pecos",42,42,"42_to_42",549158,54.81
"Pecos",42,43,"42_to_43",180,0.02
"Pecos",42,52,"42_to_52",52179,5.21
"Pecos",42,71,"42_to_71",150083,14.98
"Pecos",42,81,"42_to_81",2,0
"Pecos",42,90,"42_to_90",57,0.01
"Pecos",42,95,"42_to_95",1,0
"Pecos",43,22,"43_to_22",7,0
"Pecos",43,23,"43_to_23",5,0
"Pecos",43,41,"43_to_41",987,0.1
"Pecos",43,42,"43_to_42",14465,1.44
"Pecos",43,43,"43_to_43",65842,6.57
"Pecos",43,52,"43_to_52",8114,0.81
"Pecos",43,71,"43_to_71",13602,1.36
"Pecos",43,81,"43_to_81",2,0
"Pecos",52,21,"52_to_21",16,0
"Pecos",52,22,"52_to_22",2,0
"Pecos",52,31,"52_to_31",77,0.01
"Pecos",52,41,"52_to_41",732,0.07
"Pecos",52,42,"52_to_42",1941,0.19
"Pecos",52,43,"52_to_43",3,0
"Pecos",52,52,"52_to_52",20094,2.01
"Pecos",52,71,"52_to_71",3003,0.3
"Pecos",52,90,"52_to_90",3,0
"Pecos",52,95,"52_to_95",22,0
"Pecos",71,11,"71_to_11",2,0
"Pecos",71,21,"71_to_21",1,0
"Pecos",71,22,"71_to_22",2,0
"Pecos",71,31,"71_to_31",1020,0.1
"Pecos",71,41,"71_to_41",143,0.01
"Pecos",71,42,"71_to_42",2747,0.27
"Pecos",71,43,"71_to_43",1,0
"Pecos",71,52,"71_to_52",133,0.01
"Pecos",71,71,"71_to_71",39756,3.97
"Pecos",81,41,"81_to_41",3,0
"Pecos",81,42,"81_to_42",1,0
"Pecos",81,52,"81_to_52",94,0.01
"Pecos",81,71,"81_to_71",10,0
"Pecos",81,81,"81_to_81",76,0.01
"Pecos",81,90,"81_to_90",2,0
"Pecos",81,95,"81_to_95",2,0
"Pecos",90,41,"90_to_41",3,0
"Pecos",90,42,"90_to_42",32,0
"Pecos",90,52,"90_to_52",15,0
"Pecos",90,71,"90_to_71",46,0
"Pecos",90,90,"90_to_90",3324,0.33
"Pecos",90,95,"90_to_95",327,0.03
"Pecos",95,52,"95_to_52",14,0
"Pecos",95,71,"95_to_71",10,0
"Pecos",95,81,"95_to_81",1,0
"Pecos",95,90,"95_to_90",33,0
"Pecos",95,95,"95_to_95",2214,0.22
"Pelican_Island",11,11,"11_to_11",16,50
"Pelican_Island",95,11,"95_to_11",1,3.12
"Pelican_Island",95,95,"95_to_95",15,46.88
"Peloncillo_Mountains",21,21,"21_to_21",4,0
"Peloncillo_Mountains",21,22,"21_to_22",1,0
"Peloncillo_Mountains",22,22,"22_to_22",44,0.05
"Peloncillo_Mountains",42,42,"42_to_42",474,0.53
"Peloncillo_Mountains",42,52,"42_to_52",23,0.03
"Peloncillo_Mountains",52,22,"52_to_22",1,0
"Peloncillo_Mountains",52,52,"52_to_52",89417,99.29
"Peloncillo_Mountains",52,71,"52_to_71",85,0.09
"Peloncillo_Mountains",90,90,"90_to_90",4,0
"Peloncillo_Mountains",95,95,"95_to_95",2,0
"Pemigewasset",11,11,"11_to_11",80,0.04
"Pemigewasset",11,42,"11_to_42",5,0
"Pemigewasset",11,71,"11_to_71",1,0
"Pemigewasset",11,90,"11_to_90",2,0
"Pemigewasset",21,21,"21_to_21",808,0.39
"Pemigewasset",21,22,"21_to_22",31,0.01
"Pemigewasset",21,41,"21_to_41",1,0
"Pemigewasset",21,42,"21_to_42",3,0
"Pemigewasset",21,43,"21_to_43",9,0
"Pemigewasset",22,21,"22_to_21",2,0
"Pemigewasset",22,22,"22_to_22",244,0.12
"Pemigewasset",22,23,"22_to_23",4,0
"Pemigewasset",22,31,"22_to_31",1,0
"Pemigewasset",22,52,"22_to_52",1,0
"Pemigewasset",31,31,"31_to_31",161,0.08
"Pemigewasset",31,42,"31_to_42",4,0
"Pemigewasset",31,71,"31_to_71",1,0
"Pemigewasset",41,21,"41_to_21",2,0
"Pemigewasset",41,41,"41_to_41",29351,14.14
"Pemigewasset",41,42,"41_to_42",16,0.01
"Pemigewasset",41,43,"41_to_43",626,0.3
"Pemigewasset",42,11,"42_to_11",3,0
"Pemigewasset",42,21,"42_to_21",13,0.01
"Pemigewasset",42,22,"42_to_22",22,0.01
"Pemigewasset",42,31,"42_to_31",66,0.03
"Pemigewasset",42,41,"42_to_41",1,0
"Pemigewasset",42,42,"42_to_42",126952,61.16
"Pemigewasset",42,43,"42_to_43",150,0.07
"Pemigewasset",42,52,"42_to_52",36,0.02
"Pemigewasset",42,71,"42_to_71",9,0
"Pemigewasset",42,90,"42_to_90",2,0
"Pemigewasset",43,21,"43_to_21",8,0
"Pemigewasset",43,22,"43_to_22",1,0
"Pemigewasset",43,31,"43_to_31",4,0
"Pemigewasset",43,41,"43_to_41",8,0
"Pemigewasset",43,42,"43_to_42",795,0.38
"Pemigewasset",43,43,"43_to_43",46536,22.42
"Pemigewasset",43,52,"43_to_52",2,0
"Pemigewasset",43,71,"43_to_71",2,0
"Pemigewasset",52,21,"52_to_21",2,0
"Pemigewasset",52,31,"52_to_31",4,0
"Pemigewasset",52,41,"52_to_41",44,0.02
"Pemigewasset",52,42,"52_to_42",203,0.1
"Pemigewasset",52,43,"52_to_43",73,0.04
"Pemigewasset",52,52,"52_to_52",315,0.15
"Pemigewasset",52,71,"52_to_71",5,0
"Pemigewasset",71,31,"71_to_31",1,0
"Pemigewasset",71,41,"71_to_41",1,0
"Pemigewasset",71,42,"71_to_42",17,0.01
"Pemigewasset",71,52,"71_to_52",6,0
"Pemigewasset",71,71,"71_to_71",39,0.02
"Pemigewasset",90,11,"90_to_11",1,0
"Pemigewasset",90,21,"90_to_21",1,0
"Pemigewasset",90,22,"90_to_22",2,0
"Pemigewasset",90,90,"90_to_90",899,0.43
"Pemigewasset",90,95,"90_to_95",7,0
"Peru_Peak",11,11,"11_to_11",73,0.2
"Peru_Peak",11,41,"11_to_41",2,0.01
"Peru_Peak",11,42,"11_to_42",2,0.01
"Peru_Peak",11,43,"11_to_43",2,0.01
"Peru_Peak",11,71,"11_to_71",1,0
"Peru_Peak",11,90,"11_to_90",22,0.06
"Peru_Peak",11,95,"11_to_95",4,0.01
"Peru_Peak",41,41,"41_to_41",25537,71.03
"Peru_Peak",41,43,"41_to_43",18,0.05
"Peru_Peak",41,90,"41_to_90",1,0
"Peru_Peak",42,11,"42_to_11",3,0.01
"Peru_Peak",42,41,"42_to_41",3,0.01
"Peru_Peak",42,42,"42_to_42",3334,9.27
"Peru_Peak",42,43,"42_to_43",4,0.01
"Peru_Peak",43,11,"43_to_11",1,0
"Peru_Peak",43,41,"43_to_41",8,0.02
"Peru_Peak",43,42,"43_to_42",23,0.06
"Peru_Peak",43,43,"43_to_43",5865,16.31
"Peru_Peak",43,71,"43_to_71",1,0
"Peru_Peak",52,41,"52_to_41",78,0.22
"Peru_Peak",52,43,"52_to_43",2,0.01
"Peru_Peak",71,41,"71_to_41",41,0.11
"Peru_Peak",90,11,"90_to_11",7,0.02
"Peru_Peak",90,41,"90_to_41",1,0
"Peru_Peak",90,90,"90_to_90",911,2.53
"Peru_Peak",90,95,"90_to_95",5,0.01
"Peru_Peak",95,90,"95_to_90",3,0.01
"Peru_Peak",95,95,"95_to_95",2,0.01
"Peters_Mountain",41,41,"41_to_41",17835,85.41
"Peters_Mountain",41,43,"41_to_43",110,0.53
"Peters_Mountain",41,71,"41_to_71",3,0.01
"Peters_Mountain",42,43,"42_to_43",5,0.02
"Peters_Mountain",43,41,"43_to_41",118,0.57
"Peters_Mountain",43,43,"43_to_43",2811,13.46
"PetrifiedForest",22,22,"22_to_22",3,0
"PetrifiedForest",31,31,"31_to_31",12743,5.34
"PetrifiedForest",31,52,"31_to_52",148,0.06
"PetrifiedForest",31,71,"31_to_71",69,0.03
"PetrifiedForest",52,31,"52_to_31",168,0.07
"PetrifiedForest",52,52,"52_to_52",132599,55.58
"PetrifiedForest",52,71,"52_to_71",694,0.29
"PetrifiedForest",71,31,"71_to_31",102,0.04
"PetrifiedForest",71,52,"71_to_52",19,0.01
"PetrifiedForest",71,71,"71_to_71",92046,38.58
"Phillip_Burton",11,11,"11_to_11",38118,24.73
"Phillip_Burton",11,31,"11_to_31",367,0.24
"Phillip_Burton",11,41,"11_to_41",1,0
"Phillip_Burton",11,42,"11_to_42",30,0.02
"Phillip_Burton",11,43,"11_to_43",3,0
"Phillip_Burton",11,52,"11_to_52",128,0.08
"Phillip_Burton",11,71,"11_to_71",7,0
"Phillip_Burton",11,90,"11_to_90",21,0.01
"Phillip_Burton",11,95,"11_to_95",69,0.04
"Phillip_Burton",21,21,"21_to_21",49,0.03
"Phillip_Burton",21,22,"21_to_22",7,0
"Phillip_Burton",21,23,"21_to_23",1,0
"Phillip_Burton",21,52,"21_to_52",20,0.01
"Phillip_Burton",21,71,"21_to_71",2,0
"Phillip_Burton",22,11,"22_to_11",1,0
"Phillip_Burton",22,22,"22_to_22",166,0.11
"Phillip_Burton",22,23,"22_to_23",9,0.01
"Phillip_Burton",22,31,"22_to_31",7,0
"Phillip_Burton",22,52,"22_to_52",18,0.01
"Phillip_Burton",22,82,"22_to_82",1,0
"Phillip_Burton",23,22,"23_to_22",10,0.01
"Phillip_Burton",23,23,"23_to_23",24,0.02
"Phillip_Burton",23,31,"23_to_31",1,0
"Phillip_Burton",31,11,"31_to_11",492,0.32
"Phillip_Burton",31,21,"31_to_21",4,0
"Phillip_Burton",31,22,"31_to_22",12,0.01
"Phillip_Burton",31,23,"31_to_23",6,0
"Phillip_Burton",31,31,"31_to_31",4543,2.95
"Phillip_Burton",31,52,"31_to_52",108,0.07
"Phillip_Burton",31,71,"31_to_71",22,0.01
"Phillip_Burton",31,95,"31_to_95",6,0
"Phillip_Burton",41,41,"41_to_41",477,0.31
"Phillip_Burton",41,42,"41_to_42",132,0.09
"Phillip_Burton",41,43,"41_to_43",331,0.21
"Phillip_Burton",41,52,"41_to_52",194,0.13
"Phillip_Burton",41,71,"41_to_71",5,0
"Phillip_Burton",41,90,"41_to_90",9,0.01
"Phillip_Burton",42,11,"42_to_11",2,0
"Phillip_Burton",42,21,"42_to_21",5,0
"Phillip_Burton",42,31,"42_to_31",1,0
"Phillip_Burton",42,41,"42_to_41",30,0.02
"Phillip_Burton",42,42,"42_to_42",48021,31.16
"Phillip_Burton",42,43,"42_to_43",501,0.33
"Phillip_Burton",42,52,"42_to_52",5585,3.62
"Phillip_Burton",42,71,"42_to_71",365,0.24
"Phillip_Burton",42,90,"42_to_90",40,0.03
"Phillip_Burton",43,11,"43_to_11",1,0
"Phillip_Burton",43,41,"43_to_41",156,0.1
"Phillip_Burton",43,42,"43_to_42",1383,0.9
"Phillip_Burton",43,43,"43_to_43",4262,2.77
"Phillip_Burton",43,52,"43_to_52",943,0.61
"Phillip_Burton",43,71,"43_to_71",9,0.01
"Phillip_Burton",43,90,"43_to_90",23,0.01
"Phillip_Burton",52,11,"52_to_11",45,0.03
"Phillip_Burton",52,21,"52_to_21",22,0.01
"Phillip_Burton",52,22,"52_to_22",21,0.01
"Phillip_Burton",52,31,"52_to_31",77,0.05
"Phillip_Burton",52,41,"52_to_41",58,0.04
"Phillip_Burton",52,42,"52_to_42",4691,3.04
"Phillip_Burton",52,43,"52_to_43",2786,1.81
"Phillip_Burton",52,52,"52_to_52",34467,22.36
"Phillip_Burton",52,71,"52_to_71",382,0.25
"Phillip_Burton",52,81,"52_to_81",16,0.01
"Phillip_Burton",52,82,"52_to_82",81,0.05
"Phillip_Burton",52,90,"52_to_90",146,0.09
"Phillip_Burton",71,11,"71_to_11",1,0
"Phillip_Burton",71,21,"71_to_21",14,0.01
"Phillip_Burton",71,22,"71_to_22",12,0.01
"Phillip_Burton",71,31,"71_to_31",15,0.01
"Phillip_Burton",71,42,"71_to_42",20,0.01
"Phillip_Burton",71,52,"71_to_52",544,0.35
"Phillip_Burton",71,71,"71_to_71",513,0.33
"Phillip_Burton",71,81,"71_to_81",3,0
"Phillip_Burton",71,82,"71_to_82",16,0.01
"Phillip_Burton",81,52,"81_to_52",1,0
"Phillip_Burton",81,90,"81_to_90",1,0
"Phillip_Burton",82,21,"82_to_21",5,0
"Phillip_Burton",82,52,"82_to_52",24,0.02
"Phillip_Burton",82,71,"82_to_71",1,0
"Phillip_Burton",82,82,"82_to_82",16,0.01
"Phillip_Burton",90,11,"90_to_11",1,0
"Phillip_Burton",90,42,"90_to_42",3,0
"Phillip_Burton",90,43,"90_to_43",2,0
"Phillip_Burton",90,52,"90_to_52",56,0.04
"Phillip_Burton",90,71,"90_to_71",2,0
"Phillip_Burton",90,90,"90_to_90",1575,1.02
"Phillip_Burton",90,95,"90_to_95",16,0.01
"Phillip_Burton",95,11,"95_to_11",78,0.05
"Phillip_Burton",95,31,"95_to_31",1,0
"Phillip_Burton",95,90,"95_to_90",63,0.04
"Phillip_Burton",95,95,"95_to_95",1620,1.05
"Picacho_Peak",31,31,"31_to_31",1361,3.37
"Picacho_Peak",52,52,"52_to_52",39084,96.63
"Pine_Creek",22,22,"22_to_22",1,0
"Pine_Creek",22,52,"22_to_52",1,0
"Pine_Creek",42,42,"42_to_42",1248,2.05
"Pine_Creek",42,43,"42_to_43",85,0.14
"Pine_Creek",42,52,"42_to_52",97,0.16
"Pine_Creek",43,43,"43_to_43",13817,22.74
"Pine_Creek",43,52,"43_to_52",1450,2.39
"Pine_Creek",43,71,"43_to_71",127,0.21
"Pine_Creek",52,42,"52_to_42",10,0.02
"Pine_Creek",52,43,"52_to_43",308,0.51
"Pine_Creek",52,52,"52_to_52",33744,55.53
"Pine_Creek",52,71,"52_to_71",8958,14.74
"Pine_Creek",71,52,"71_to_52",2,0
"Pine_Creek",71,71,"71_to_71",32,0.05
"Pine_Creek",90,52,"90_to_52",9,0.01
"Pine_Creek",90,90,"90_to_90",820,1.35
"Pine_Creek",90,95,"90_to_95",39,0.06
"Pine_Creek",95,90,"95_to_90",1,0
"Pine_Creek",95,95,"95_to_95",20,0.03
"Pine_Forest_Range",11,11,"11_to_11",60,0.05
"Pine_Forest_Range",41,41,"41_to_41",6616,5.26
"Pine_Forest_Range",41,42,"41_to_42",1046,0.83
"Pine_Forest_Range",41,52,"41_to_52",82,0.07
"Pine_Forest_Range",42,11,"42_to_11",2,0
"Pine_Forest_Range",42,41,"42_to_41",161,0.13
"Pine_Forest_Range",42,42,"42_to_42",7056,5.61
"Pine_Forest_Range",42,52,"42_to_52",34,0.03
"Pine_Forest_Range",42,71,"42_to_71",9,0.01
"Pine_Forest_Range",52,11,"52_to_11",40,0.03
"Pine_Forest_Range",52,41,"52_to_41",3236,2.57
"Pine_Forest_Range",52,42,"52_to_42",2681,2.13
"Pine_Forest_Range",52,52,"52_to_52",91810,73.04
"Pine_Forest_Range",52,71,"52_to_71",7268,5.78
"Pine_Forest_Range",52,90,"52_to_90",71,0.06
"Pine_Forest_Range",52,95,"52_to_95",12,0.01
"Pine_Forest_Range",71,11,"71_to_11",2,0
"Pine_Forest_Range",71,52,"71_to_52",1576,1.25
"Pine_Forest_Range",71,71,"71_to_71",2936,2.34
"Pine_Forest_Range",81,52,"81_to_52",1,0
"Pine_Forest_Range",90,41,"90_to_41",14,0.01
"Pine_Forest_Range",90,42,"90_to_42",8,0.01
"Pine_Forest_Range",90,52,"90_to_52",18,0.01
"Pine_Forest_Range",90,90,"90_to_90",637,0.51
"Pine_Forest_Range",90,95,"90_to_95",42,0.03
"Pine_Forest_Range",95,52,"95_to_52",6,0
"Pine_Forest_Range",95,90,"95_to_90",35,0.03
"Pine_Forest_Range",95,95,"95_to_95",243,0.19
"Pine_Mountain",21,21,"21_to_21",17,0.02
"Pine_Mountain",21,22,"21_to_22",1,0
"Pine_Mountain",21,42,"21_to_42",2,0
"Pine_Mountain",22,22,"22_to_22",33,0.04
"Pine_Mountain",41,42,"41_to_42",13,0.01
"Pine_Mountain",41,52,"41_to_52",1,0
"Pine_Mountain",42,21,"42_to_21",13,0.01
"Pine_Mountain",42,22,"42_to_22",2,0
"Pine_Mountain",42,41,"42_to_41",18,0.02
"Pine_Mountain",42,42,"42_to_42",45855,50.39
"Pine_Mountain",42,43,"42_to_43",12,0.01
"Pine_Mountain",42,52,"42_to_52",10395,11.42
"Pine_Mountain",42,90,"42_to_90",4,0
"Pine_Mountain",43,42,"43_to_42",35,0.04
"Pine_Mountain",43,43,"43_to_43",11,0.01
"Pine_Mountain",43,52,"43_to_52",49,0.05
"Pine_Mountain",52,21,"52_to_21",2,0
"Pine_Mountain",52,42,"52_to_42",1253,1.38
"Pine_Mountain",52,43,"52_to_43",13,0.01
"Pine_Mountain",52,52,"52_to_52",33140,36.42
"Pine_Mountain",71,41,"71_to_41",3,0
"Pine_Mountain",71,42,"71_to_42",98,0.11
"Pine_Mountain",90,42,"90_to_42",2,0
"Pine_Mountain",90,90,"90_to_90",32,0.04
"Pine_Valley_Mountain",21,21,"21_to_21",9,0
"Pine_Valley_Mountain",21,22,"21_to_22",1,0
"Pine_Valley_Mountain",21,41,"21_to_41",1,0
"Pine_Valley_Mountain",21,52,"21_to_52",2,0
"Pine_Valley_Mountain",22,21,"22_to_21",4,0
"Pine_Valley_Mountain",22,22,"22_to_22",40,0.02
"Pine_Valley_Mountain",31,52,"31_to_52",1,0
"Pine_Valley_Mountain",41,21,"41_to_21",16,0.01
"Pine_Valley_Mountain",41,22,"41_to_22",9,0
"Pine_Valley_Mountain",41,41,"41_to_41",15842,6.95
"Pine_Valley_Mountain",41,42,"41_to_42",805,0.35
"Pine_Valley_Mountain",41,43,"41_to_43",10,0
"Pine_Valley_Mountain",41,52,"41_to_52",6726,2.95
"Pine_Valley_Mountain",41,71,"41_to_71",483,0.21
"Pine_Valley_Mountain",42,21,"42_to_21",49,0.02
"Pine_Valley_Mountain",42,22,"42_to_22",61,0.03
"Pine_Valley_Mountain",42,41,"42_to_41",770,0.34
"Pine_Valley_Mountain",42,42,"42_to_42",96513,42.32
"Pine_Valley_Mountain",42,43,"42_to_43",32,0.01
"Pine_Valley_Mountain",42,52,"42_to_52",82011,35.96
"Pine_Valley_Mountain",42,71,"42_to_71",241,0.11
"Pine_Valley_Mountain",43,41,"43_to_41",64,0.03
"Pine_Valley_Mountain",43,42,"43_to_42",166,0.07
"Pine_Valley_Mountain",43,43,"43_to_43",1521,0.67
"Pine_Valley_Mountain",43,52,"43_to_52",1234,0.54
"Pine_Valley_Mountain",43,71,"43_to_71",12,0.01
"Pine_Valley_Mountain",52,21,"52_to_21",11,0
"Pine_Valley_Mountain",52,41,"52_to_41",756,0.33
"Pine_Valley_Mountain",52,42,"52_to_42",1460,0.64
"Pine_Valley_Mountain",52,52,"52_to_52",18139,7.95
"Pine_Valley_Mountain",52,71,"52_to_71",148,0.06
"Pine_Valley_Mountain",71,41,"71_to_41",126,0.06
"Pine_Valley_Mountain",71,42,"71_to_42",112,0.05
"Pine_Valley_Mountain",71,52,"71_to_52",508,0.22
"Pine_Valley_Mountain",71,71,"71_to_71",122,0.05
"Pine_Valley_Mountain",81,41,"81_to_41",3,0
"Pine_Valley_Mountain",82,52,"82_to_52",1,0
"Pine_Valley_Mountain",90,90,"90_to_90",5,0
"Pine_Valley_Mountain",95,90,"95_to_90",4,0
"Pine_Valley_Mountain",95,95,"95_to_95",26,0.01
"Piney_Creek",11,11,"11_to_11",110,0.29
"Piney_Creek",11,41,"11_to_41",5,0.01
"Piney_Creek",21,21,"21_to_21",437,1.17
"Piney_Creek",21,22,"21_to_22",1,0
"Piney_Creek",21,41,"21_to_41",3,0.01
"Piney_Creek",21,42,"21_to_42",3,0.01
"Piney_Creek",31,11,"31_to_11",9,0.02
"Piney_Creek",31,31,"31_to_31",3,0.01
"Piney_Creek",31,41,"31_to_41",3,0.01
"Piney_Creek",41,11,"41_to_11",7,0.02
"Piney_Creek",41,31,"41_to_31",3,0.01
"Piney_Creek",41,41,"41_to_41",25862,68.97
"Piney_Creek",41,43,"41_to_43",9,0.02
"Piney_Creek",41,71,"41_to_71",1,0
"Piney_Creek",42,41,"42_to_41",1,0
"Piney_Creek",42,42,"42_to_42",5506,14.68
"Piney_Creek",42,43,"42_to_43",2,0.01
"Piney_Creek",43,41,"43_to_41",3,0.01
"Piney_Creek",43,43,"43_to_43",5517,14.71
"Piney_Creek",71,11,"71_to_11",6,0.02
"Piney_Creek",71,41,"71_to_41",1,0
"Piney_Creek",81,31,"81_to_31",1,0
"Piney_Creek",81,41,"81_to_41",3,0.01
"Piney_Creek",81,81,"81_to_81",2,0.01
"Piney_Creek",90,90,"90_to_90",1,0
"Piney_Creek",95,95,"95_to_95",1,0
"Pinto_Mountains",31,31,"31_to_31",7,0.01
"Pinto_Mountains",31,52,"31_to_52",2,0
"Pinto_Mountains",52,31,"52_to_31",2,0
"Pinto_Mountains",52,52,"52_to_52",113698,99.99
"Pinto_Mountains",71,52,"71_to_52",1,0
"Pinto_Valley",21,52,"21_to_52",1,0
"Pinto_Valley",22,52,"22_to_52",1,0
"Pinto_Valley",31,31,"31_to_31",3152,1.76
"Pinto_Valley",31,52,"31_to_52",1350,0.75
"Pinto_Valley",31,71,"31_to_71",21,0.01
"Pinto_Valley",52,31,"52_to_31",196,0.11
"Pinto_Valley",52,52,"52_to_52",173512,97.03
"Pinto_Valley",52,71,"52_to_71",64,0.04
"Pinto_Valley",71,31,"71_to_31",14,0.01
"Pinto_Valley",71,52,"71_to_52",36,0.02
"Pinto_Valley",71,71,"71_to_71",468,0.26
"Piper_Mountain",22,22,"22_to_22",156,0.05
"Piper_Mountain",23,23,"23_to_23",4,0
"Piper_Mountain",31,31,"31_to_31",1726,0.51
"Piper_Mountain",31,42,"31_to_42",5,0
"Piper_Mountain",31,52,"31_to_52",410,0.12
"Piper_Mountain",42,42,"42_to_42",11614,3.41
"Piper_Mountain",42,52,"42_to_52",58,0.02
"Piper_Mountain",52,22,"52_to_22",12,0
"Piper_Mountain",52,23,"52_to_23",1,0
"Piper_Mountain",52,31,"52_to_31",20,0.01
"Piper_Mountain",52,42,"52_to_42",1114,0.33
"Piper_Mountain",52,52,"52_to_52",325481,95.55
"Piper_Mountain",52,90,"52_to_90",4,0
"Piper_Mountain",52,95,"52_to_95",31,0.01
"Piper_Mountain",90,81,"90_to_81",1,0
"Piper_Mountain",90,90,"90_to_90",1,0
"Piper_Mountain",90,95,"90_to_95",1,0
"Piper_Mountain",95,52,"95_to_52",4,0
"Piper_Mountain",95,95,"95_to_95",3,0
"Piute_Mountains",52,22,"52_to_22",1,0
"Piute_Mountains",52,52,"52_to_52",227468,100
"Platte_River",11,11,"11_to_11",70,0.07
"Platte_River",11,42,"11_to_42",45,0.04
"Platte_River",11,52,"11_to_52",14,0.01
"Platte_River",11,71,"11_to_71",19,0.02
"Platte_River",11,90,"11_to_90",39,0.04
"Platte_River",11,95,"11_to_95",1,0
"Platte_River",22,22,"22_to_22",3,0
"Platte_River",41,41,"41_to_41",2,0
"Platte_River",41,42,"41_to_42",2,0
"Platte_River",41,43,"41_to_43",1,0
"Platte_River",41,52,"41_to_52",481,0.45
"Platte_River",41,71,"41_to_71",1000,0.94
"Platte_River",41,90,"41_to_90",1,0
"Platte_River",42,11,"42_to_11",1,0
"Platte_River",42,22,"42_to_22",2,0
"Platte_River",42,42,"42_to_42",899,0.85
"Platte_River",42,52,"42_to_52",5350,5.04
"Platte_River",42,71,"42_to_71",64028,60.33
"Platte_River",42,90,"42_to_90",12,0.01
"Platte_River",43,52,"43_to_52",20,0.02
"Platte_River",43,71,"43_to_71",32,0.03
"Platte_River",52,21,"52_to_21",1,0
"Platte_River",52,41,"52_to_41",7,0.01
"Platte_River",52,42,"52_to_42",81,0.08
"Platte_River",52,52,"52_to_52",10545,9.94
"Platte_River",52,71,"52_to_71",21789,20.53
"Platte_River",52,95,"52_to_95",1,0
"Platte_River",71,42,"71_to_42",1,0
"Platte_River",71,52,"71_to_52",10,0.01
"Platte_River",71,71,"71_to_71",58,0.05
"Platte_River",90,11,"90_to_11",2,0
"Platte_River",90,42,"90_to_42",27,0.03
"Platte_River",90,52,"90_to_52",40,0.04
"Platte_River",90,71,"90_to_71",290,0.27
"Platte_River",90,90,"90_to_90",1183,1.11
"Platte_River",90,95,"90_to_95",59,0.06
"Platte_River",95,90,"95_to_90",3,0
"Platte_River",95,95,"95_to_95",5,0
"Pleasant_View_Ridge",21,21,"21_to_21",11,0.01
"Pleasant_View_Ridge",22,22,"22_to_22",7,0.01
"Pleasant_View_Ridge",41,52,"41_to_52",1,0
"Pleasant_View_Ridge",42,21,"42_to_21",4,0
"Pleasant_View_Ridge",42,22,"42_to_22",2,0
"Pleasant_View_Ridge",42,42,"42_to_42",27883,22.77
"Pleasant_View_Ridge",42,43,"42_to_43",3,0
"Pleasant_View_Ridge",42,52,"42_to_52",32418,26.47
"Pleasant_View_Ridge",42,71,"42_to_71",7727,6.31
"Pleasant_View_Ridge",42,90,"42_to_90",29,0.02
"Pleasant_View_Ridge",43,42,"43_to_42",39,0.03
"Pleasant_View_Ridge",43,43,"43_to_43",23,0.02
"Pleasant_View_Ridge",43,52,"43_to_52",69,0.06
"Pleasant_View_Ridge",43,71,"43_to_71",1,0
"Pleasant_View_Ridge",52,21,"52_to_21",3,0
"Pleasant_View_Ridge",52,22,"52_to_22",19,0.02
"Pleasant_View_Ridge",52,23,"52_to_23",1,0
"Pleasant_View_Ridge",52,42,"52_to_42",639,0.52
"Pleasant_View_Ridge",52,52,"52_to_52",27185,22.2
"Pleasant_View_Ridge",52,71,"52_to_71",26203,21.4
"Pleasant_View_Ridge",52,90,"52_to_90",1,0
"Pleasant_View_Ridge",52,95,"52_to_95",1,0
"Pleasant_View_Ridge",71,42,"71_to_42",28,0.02
"Pleasant_View_Ridge",71,52,"71_to_52",37,0.03
"Pleasant_View_Ridge",90,52,"90_to_52",12,0.01
"Pleasant_View_Ridge",90,90,"90_to_90",101,0.08
"Pleasant_View_Ridge",90,95,"90_to_95",2,0
"Pocosin",21,21,"21_to_21",58,0.11
"Pocosin",21,42,"21_to_42",1,0
"Pocosin",22,21,"22_to_21",1,0
"Pocosin",22,22,"22_to_22",16,0.03
"Pocosin",42,42,"42_to_42",1147,2.13
"Pocosin",42,52,"42_to_52",3,0.01
"Pocosin",42,71,"42_to_71",2,0
"Pocosin",52,42,"52_to_42",24,0.04
"Pocosin",52,52,"52_to_52",1,0
"Pocosin",71,42,"71_to_42",7,0.01
"Pocosin",90,90,"90_to_90",52625,97.66
"Pole_Creek",21,21,"21_to_21",7,0.01
"Pole_Creek",22,22,"22_to_22",10,0.02
"Pole_Creek",42,42,"42_to_42",1538,2.51
"Pole_Creek",52,21,"52_to_21",5,0.01
"Pole_Creek",52,22,"52_to_22",3,0
"Pole_Creek",52,42,"52_to_42",171,0.28
"Pole_Creek",52,52,"52_to_52",58450,95.58
"Pole_Creek",52,71,"52_to_71",5,0.01
"Pole_Creek",52,90,"52_to_90",1,0
"Pole_Creek",71,21,"71_to_21",1,0
"Pole_Creek",71,52,"71_to_52",220,0.36
"Pole_Creek",71,71,"71_to_71",739,1.21
"Pole_Creek",90,52,"90_to_52",1,0
"Pole_Creek",90,90,"90_to_90",1,0
"Pole_Creek",95,90,"95_to_90",1,0
"Pole_Creek",95,95,"95_to_95",1,0
"Pond_Mountain",21,21,"21_to_21",23,0.07
"Pond_Mountain",41,41,"41_to_41",15209,47.76
"Pond_Mountain",41,43,"41_to_43",938,2.95
"Pond_Mountain",42,42,"42_to_42",246,0.77
"Pond_Mountain",42,43,"42_to_43",51,0.16
"Pond_Mountain",43,41,"43_to_41",169,0.53
"Pond_Mountain",43,42,"43_to_42",4,0.01
"Pond_Mountain",43,43,"43_to_43",15181,47.68
"Pond_Mountain",43,81,"43_to_81",2,0.01
"Pond_Mountain",52,41,"52_to_41",3,0.01
"Pond_Mountain",52,43,"52_to_43",1,0
"Pond_Mountain",71,41,"71_to_41",4,0.01
"Pond_Mountain",71,43,"71_to_43",11,0.03
"Pond_Pine",11,11,"11_to_11",15,0.19
"Pond_Pine",21,21,"21_to_21",60,0.76
"Pond_Pine",21,22,"21_to_22",1,0.01
"Pond_Pine",22,22,"22_to_22",49,0.62
"Pond_Pine",90,21,"90_to_21",1,0.01
"Pond_Pine",90,90,"90_to_90",7762,98.4
"Popo_Agie",11,11,"11_to_11",9301,2
"Popo_Agie",11,31,"11_to_31",51,0.01
"Popo_Agie",11,42,"11_to_42",208,0.04
"Popo_Agie",11,52,"11_to_52",23,0
"Popo_Agie",11,71,"11_to_71",12,0
"Popo_Agie",11,90,"11_to_90",4,0
"Popo_Agie",12,12,"12_to_12",1239,0.27
"Popo_Agie",21,21,"21_to_21",10,0
"Popo_Agie",22,22,"22_to_22",45,0.01
"Popo_Agie",23,22,"23_to_22",1,0
"Popo_Agie",31,11,"31_to_11",171,0.04
"Popo_Agie",31,31,"31_to_31",60552,13.04
"Popo_Agie",31,42,"31_to_42",210,0.05
"Popo_Agie",31,52,"31_to_52",835,0.18
"Popo_Agie",31,71,"31_to_71",69,0.01
"Popo_Agie",41,41,"41_to_41",135,0.03
"Popo_Agie",41,42,"41_to_42",2,0
"Popo_Agie",42,11,"42_to_11",90,0.02
"Popo_Agie",42,23,"42_to_23",1,0
"Popo_Agie",42,31,"42_to_31",293,0.06
"Popo_Agie",42,42,"42_to_42",184744,39.8
"Popo_Agie",42,52,"42_to_52",379,0.08
"Popo_Agie",42,71,"42_to_71",2,0
"Popo_Agie",42,90,"42_to_90",9,0
"Popo_Agie",43,43,"43_to_43",7,0
"Popo_Agie",52,11,"52_to_11",25,0.01
"Popo_Agie",52,31,"52_to_31",799,0.17
"Popo_Agie",52,41,"52_to_41",1,0
"Popo_Agie",52,42,"52_to_42",7070,1.52
"Popo_Agie",52,52,"52_to_52",110312,23.76
"Popo_Agie",52,71,"52_to_71",22,0
"Popo_Agie",52,90,"52_to_90",6,0
"Popo_Agie",71,11,"71_to_11",46,0.01
"Popo_Agie",71,31,"71_to_31",1159,0.25
"Popo_Agie",71,42,"71_to_42",12,0
"Popo_Agie",71,52,"71_to_52",283,0.06
"Popo_Agie",71,71,"71_to_71",79156,17.05
"Popo_Agie",81,81,"81_to_81",7,0
"Popo_Agie",90,42,"90_to_42",32,0.01
"Popo_Agie",90,52,"90_to_52",3,0
"Popo_Agie",90,90,"90_to_90",6297,1.36
"Popo_Agie",90,95,"90_to_95",16,0
"Popo_Agie",95,90,"95_to_90",40,0.01
"Popo_Agie",95,95,"95_to_95",559,0.12
"Porcupine_Lake",11,11,"11_to_11",517,2.61
"Porcupine_Lake",11,41,"11_to_41",9,0.05
"Porcupine_Lake",11,43,"11_to_43",15,0.08
"Porcupine_Lake",11,52,"11_to_52",1,0.01
"Porcupine_Lake",11,71,"11_to_71",13,0.07
"Porcupine_Lake",11,90,"11_to_90",54,0.27
"Porcupine_Lake",11,95,"11_to_95",65,0.33
"Porcupine_Lake",21,21,"21_to_21",46,0.23
"Porcupine_Lake",41,11,"41_to_11",16,0.08
"Porcupine_Lake",41,41,"41_to_41",8312,42
"Porcupine_Lake",41,43,"41_to_43",235,1.19
"Porcupine_Lake",41,71,"41_to_71",1,0.01
"Porcupine_Lake",41,90,"41_to_90",15,0.08
"Porcupine_Lake",42,42,"42_to_42",162,0.82
"Porcupine_Lake",42,43,"42_to_43",18,0.09
"Porcupine_Lake",42,90,"42_to_90",1,0.01
"Porcupine_Lake",43,11,"43_to_11",7,0.04
"Porcupine_Lake",43,21,"43_to_21",1,0.01
"Porcupine_Lake",43,41,"43_to_41",197,1
"Porcupine_Lake",43,42,"43_to_42",9,0.05
"Porcupine_Lake",43,43,"43_to_43",4344,21.95
"Porcupine_Lake",43,52,"43_to_52",1,0.01
"Porcupine_Lake",43,71,"43_to_71",1,0.01
"Porcupine_Lake",43,90,"43_to_90",41,0.21
"Porcupine_Lake",52,41,"52_to_41",11,0.06
"Porcupine_Lake",52,43,"52_to_43",16,0.08
"Porcupine_Lake",71,11,"71_to_11",1,0.01
"Porcupine_Lake",71,41,"71_to_41",13,0.07
"Porcupine_Lake",71,43,"71_to_43",11,0.06
"Porcupine_Lake",71,71,"71_to_71",1,0.01
"Porcupine_Lake",90,11,"90_to_11",23,0.12
"Porcupine_Lake",90,41,"90_to_41",7,0.04
"Porcupine_Lake",90,43,"90_to_43",6,0.03
"Porcupine_Lake",90,90,"90_to_90",5495,27.77
"Porcupine_Lake",90,95,"90_to_95",94,0.47
"Porcupine_Lake",95,90,"95_to_90",19,0.1
"Porcupine_Lake",95,95,"95_to_95",12,0.06
"Poteau_Mountain",21,21,"21_to_21",273,0.53
"Poteau_Mountain",41,41,"41_to_41",17435,34.15
"Poteau_Mountain",41,42,"41_to_42",10,0.02
"Poteau_Mountain",41,43,"41_to_43",1169,2.29
"Poteau_Mountain",42,21,"42_to_21",68,0.13
"Poteau_Mountain",42,42,"42_to_42",22564,44.19
"Poteau_Mountain",42,43,"42_to_43",117,0.23
"Poteau_Mountain",43,21,"43_to_21",14,0.03
"Poteau_Mountain",43,41,"43_to_41",1,0
"Poteau_Mountain",43,42,"43_to_42",311,0.61
"Poteau_Mountain",43,43,"43_to_43",9090,17.8
"Poteau_Mountain",52,41,"52_to_41",2,0
"Poteau_Mountain",81,81,"81_to_81",6,0.01
"Potrillo_Mountains",21,21,"21_to_21",744,0.14
"Potrillo_Mountains",21,22,"21_to_22",1,0
"Potrillo_Mountains",21,52,"21_to_52",49,0.01
"Potrillo_Mountains",22,21,"22_to_21",15,0
"Potrillo_Mountains",22,22,"22_to_22",23,0
"Potrillo_Mountains",22,52,"22_to_52",4,0
"Potrillo_Mountains",31,31,"31_to_31",69,0.01
"Potrillo_Mountains",31,52,"31_to_52",1,0
"Potrillo_Mountains",31,71,"31_to_71",3,0
"Potrillo_Mountains",52,21,"52_to_21",347,0.06
"Potrillo_Mountains",52,22,"52_to_22",6,0
"Potrillo_Mountains",52,52,"52_to_52",530422,99.04
"Potrillo_Mountains",52,71,"52_to_71",3382,0.63
"Potrillo_Mountains",71,52,"71_to_52",184,0.03
"Potrillo_Mountains",71,71,"71_to_71",324,0.06
"Powderhorn",11,11,"11_to_11",307,0.11
"Powderhorn",11,31,"11_to_31",1,0
"Powderhorn",11,42,"11_to_42",3,0
"Powderhorn",11,71,"11_to_71",4,0
"Powderhorn",11,95,"11_to_95",1,0
"Powderhorn",21,21,"21_to_21",93,0.03
"Powderhorn",21,22,"21_to_22",5,0
"Powderhorn",21,71,"21_to_71",1,0
"Powderhorn",22,21,"22_to_21",1,0
"Powderhorn",22,22,"22_to_22",66,0.02
"Powderhorn",23,22,"23_to_22",3,0
"Powderhorn",23,23,"23_to_23",1,0
"Powderhorn",31,31,"31_to_31",12576,4.44
"Powderhorn",31,42,"31_to_42",34,0.01
"Powderhorn",31,52,"31_to_52",25,0.01
"Powderhorn",31,71,"31_to_71",55,0.02
"Powderhorn",41,41,"41_to_41",34351,12.12
"Powderhorn",41,42,"41_to_42",715,0.25
"Powderhorn",41,43,"41_to_43",173,0.06
"Powderhorn",41,52,"41_to_52",42,0.01
"Powderhorn",41,71,"41_to_71",26,0.01
"Powderhorn",41,90,"41_to_90",2,0
"Powderhorn",42,31,"42_to_31",40,0.01
"Powderhorn",42,41,"42_to_41",109,0.04
"Powderhorn",42,42,"42_to_42",135738,47.91
"Powderhorn",42,43,"42_to_43",68,0.02
"Powderhorn",42,52,"42_to_52",71,0.03
"Powderhorn",42,71,"42_to_71",42,0.01
"Powderhorn",42,90,"42_to_90",12,0
"Powderhorn",43,41,"43_to_41",68,0.02
"Powderhorn",43,42,"43_to_42",529,0.19
"Powderhorn",43,43,"43_to_43",5405,1.91
"Powderhorn",52,11,"52_to_11",1,0
"Powderhorn",52,21,"52_to_21",21,0.01
"Powderhorn",52,22,"52_to_22",1,0
"Powderhorn",52,31,"52_to_31",8,0
"Powderhorn",52,41,"52_to_41",584,0.21
"Powderhorn",52,42,"52_to_42",1919,0.68
"Powderhorn",52,52,"52_to_52",34076,12.03
"Powderhorn",52,71,"52_to_71",390,0.14
"Powderhorn",52,90,"52_to_90",6,0
"Powderhorn",71,11,"71_to_11",1,0
"Powderhorn",71,21,"71_to_21",17,0.01
"Powderhorn",71,22,"71_to_22",1,0
"Powderhorn",71,31,"71_to_31",14,0
"Powderhorn",71,41,"71_to_41",222,0.08
"Powderhorn",71,42,"71_to_42",514,0.18
"Powderhorn",71,52,"71_to_52",65,0.02
"Powderhorn",71,71,"71_to_71",45994,16.23
"Powderhorn",71,90,"71_to_90",1,0
"Powderhorn",90,21,"90_to_21",1,0
"Powderhorn",90,41,"90_to_41",17,0.01
"Powderhorn",90,42,"90_to_42",31,0.01
"Powderhorn",90,52,"90_to_52",2,0
"Powderhorn",90,71,"90_to_71",1,0
"Powderhorn",90,90,"90_to_90",4837,1.71
"Powderhorn",90,95,"90_to_95",38,0.01
"Powderhorn",95,71,"95_to_71",3,0
"Powderhorn",95,90,"95_to_90",21,0.01
"Powderhorn",95,95,"95_to_95",3962,1.4
"Presidential_Range_Dry_River",11,11,"11_to_11",8,0.01
"Presidential_Range_Dry_River",11,41,"11_to_41",4,0
"Presidential_Range_Dry_River",11,71,"11_to_71",1,0
"Presidential_Range_Dry_River",21,21,"21_to_21",156,0.12
"Presidential_Range_Dry_River",21,22,"21_to_22",56,0.04
"Presidential_Range_Dry_River",21,23,"21_to_23",6,0
"Presidential_Range_Dry_River",21,31,"21_to_31",53,0.04
"Presidential_Range_Dry_River",21,41,"21_to_41",5,0
"Presidential_Range_Dry_River",21,42,"21_to_42",1,0
"Presidential_Range_Dry_River",21,43,"21_to_43",2,0
"Presidential_Range_Dry_River",22,22,"22_to_22",24,0.02
"Presidential_Range_Dry_River",22,23,"22_to_23",4,0
"Presidential_Range_Dry_River",22,31,"22_to_31",2,0
"Presidential_Range_Dry_River",31,31,"31_to_31",463,0.37
"Presidential_Range_Dry_River",31,41,"31_to_41",2,0
"Presidential_Range_Dry_River",31,42,"31_to_42",1,0
"Presidential_Range_Dry_River",31,52,"31_to_52",1,0
"Presidential_Range_Dry_River",31,71,"31_to_71",5,0
"Presidential_Range_Dry_River",41,21,"41_to_21",3,0
"Presidential_Range_Dry_River",41,22,"41_to_22",2,0
"Presidential_Range_Dry_River",41,31,"41_to_31",40,0.03
"Presidential_Range_Dry_River",41,41,"41_to_41",28088,22.4
"Presidential_Range_Dry_River",41,42,"41_to_42",18,0.01
"Presidential_Range_Dry_River",41,43,"41_to_43",370,0.3
"Presidential_Range_Dry_River",41,52,"41_to_52",2,0
"Presidential_Range_Dry_River",41,71,"41_to_71",3,0
"Presidential_Range_Dry_River",42,21,"42_to_21",5,0
"Presidential_Range_Dry_River",42,22,"42_to_22",12,0.01
"Presidential_Range_Dry_River",42,23,"42_to_23",2,0
"Presidential_Range_Dry_River",42,31,"42_to_31",7,0.01
"Presidential_Range_Dry_River",42,41,"42_to_41",4,0
"Presidential_Range_Dry_River",42,42,"42_to_42",76042,60.64
"Presidential_Range_Dry_River",42,43,"42_to_43",133,0.11
"Presidential_Range_Dry_River",42,52,"42_to_52",10,0.01
"Presidential_Range_Dry_River",43,11,"43_to_11",5,0
"Presidential_Range_Dry_River",43,21,"43_to_21",14,0.01
"Presidential_Range_Dry_River",43,22,"43_to_22",10,0.01
"Presidential_Range_Dry_River",43,23,"43_to_23",5,0
"Presidential_Range_Dry_River",43,31,"43_to_31",23,0.02
"Presidential_Range_Dry_River",43,41,"43_to_41",112,0.09
"Presidential_Range_Dry_River",43,42,"43_to_42",979,0.78
"Presidential_Range_Dry_River",43,43,"43_to_43",17813,14.21
"Presidential_Range_Dry_River",43,71,"43_to_71",6,0
"Presidential_Range_Dry_River",52,31,"52_to_31",2,0
"Presidential_Range_Dry_River",52,41,"52_to_41",17,0.01
"Presidential_Range_Dry_River",52,42,"52_to_42",157,0.13
"Presidential_Range_Dry_River",52,43,"52_to_43",14,0.01
"Presidential_Range_Dry_River",52,52,"52_to_52",591,0.47
"Presidential_Range_Dry_River",71,11,"71_to_11",3,0
"Presidential_Range_Dry_River",71,31,"71_to_31",2,0
"Presidential_Range_Dry_River",71,42,"71_to_42",4,0
"Presidential_Range_Dry_River",71,43,"71_to_43",1,0
"Presidential_Range_Dry_River",71,52,"71_to_52",1,0
"Presidential_Range_Dry_River",71,71,"71_to_71",27,0.02
"Presidential_Range_Dry_River",90,31,"90_to_31",4,0
"Presidential_Range_Dry_River",90,71,"90_to_71",1,0
"Presidential_Range_Dry_River",90,90,"90_to_90",56,0.04
"Presidential_Range_Dry_River",90,95,"90_to_95",2,0
"Presidential_Range_Dry_River",95,31,"95_to_31",5,0
"Presidential_Range_Dry_River",95,90,"95_to_90",1,0
"Presidential_Range_Dry_River",95,95,"95_to_95",7,0.01
"Priest",21,21,"21_to_21",12,0.04
"Priest",31,31,"31_to_31",10,0.04
"Priest",41,41,"41_to_41",26715,96.26
"Priest",41,43,"41_to_43",46,0.17
"Priest",43,41,"43_to_41",16,0.06
"Priest",43,43,"43_to_43",955,3.44
"Ptarmigan_Peak",12,12,"12_to_12",14,0.02
"Ptarmigan_Peak",31,31,"31_to_31",1040,1.79
"Ptarmigan_Peak",31,52,"31_to_52",1,0
"Ptarmigan_Peak",31,71,"31_to_71",1,0
"Ptarmigan_Peak",41,41,"41_to_41",1435,2.48
"Ptarmigan_Peak",41,42,"41_to_42",42,0.07
"Ptarmigan_Peak",41,52,"41_to_52",52,0.09
"Ptarmigan_Peak",41,71,"41_to_71",1,0
"Ptarmigan_Peak",42,41,"42_to_41",86,0.15
"Ptarmigan_Peak",42,42,"42_to_42",37958,65.48
"Ptarmigan_Peak",42,43,"42_to_43",7,0.01
"Ptarmigan_Peak",42,52,"42_to_52",704,1.21
"Ptarmigan_Peak",42,71,"42_to_71",47,0.08
"Ptarmigan_Peak",43,42,"43_to_42",22,0.04
"Ptarmigan_Peak",43,43,"43_to_43",118,0.2
"Ptarmigan_Peak",52,31,"52_to_31",4,0.01
"Ptarmigan_Peak",52,41,"52_to_41",193,0.33
"Ptarmigan_Peak",52,42,"52_to_42",757,1.31
"Ptarmigan_Peak",52,52,"52_to_52",5488,9.47
"Ptarmigan_Peak",52,71,"52_to_71",12,0.02
"Ptarmigan_Peak",52,90,"52_to_90",1,0
"Ptarmigan_Peak",52,95,"52_to_95",2,0
"Ptarmigan_Peak",71,41,"71_to_41",17,0.03
"Ptarmigan_Peak",71,42,"71_to_42",31,0.05
"Ptarmigan_Peak",71,52,"71_to_52",24,0.04
"Ptarmigan_Peak",71,71,"71_to_71",9742,16.81
"Ptarmigan_Peak",90,90,"90_to_90",63,0.11
"Ptarmigan_Peak",95,95,"95_to_95",108,0.19
"Pusch_Ridge",21,21,"21_to_21",5,0
"Pusch_Ridge",21,42,"21_to_42",4,0
"Pusch_Ridge",21,52,"21_to_52",13,0.01
"Pusch_Ridge",22,22,"22_to_22",54,0.02
"Pusch_Ridge",22,23,"22_to_23",3,0
"Pusch_Ridge",22,42,"22_to_42",1,0
"Pusch_Ridge",22,52,"22_to_52",1,0
"Pusch_Ridge",23,23,"23_to_23",1,0
"Pusch_Ridge",31,31,"31_to_31",62,0.02
"Pusch_Ridge",31,42,"31_to_42",3,0
"Pusch_Ridge",31,52,"31_to_52",5,0
"Pusch_Ridge",41,42,"41_to_42",1,0
"Pusch_Ridge",41,52,"41_to_52",30,0.01
"Pusch_Ridge",41,71,"41_to_71",2,0
"Pusch_Ridge",42,22,"42_to_22",1,0
"Pusch_Ridge",42,41,"42_to_41",1,0
"Pusch_Ridge",42,42,"42_to_42",17469,6.77
"Pusch_Ridge",42,52,"42_to_52",59102,22.89
"Pusch_Ridge",42,71,"42_to_71",2283,0.88
"Pusch_Ridge",42,90,"42_to_90",25,0.01
"Pusch_Ridge",43,42,"43_to_42",4,0
"Pusch_Ridge",43,52,"43_to_52",32,0.01
"Pusch_Ridge",52,21,"52_to_21",7,0
"Pusch_Ridge",52,22,"52_to_22",50,0.02
"Pusch_Ridge",52,23,"52_to_23",2,0
"Pusch_Ridge",52,31,"52_to_31",23,0.01
"Pusch_Ridge",52,42,"52_to_42",1491,0.58
"Pusch_Ridge",52,43,"52_to_43",3,0
"Pusch_Ridge",52,52,"52_to_52",130875,50.7
"Pusch_Ridge",52,71,"52_to_71",42969,16.65
"Pusch_Ridge",71,52,"71_to_52",3361,1.3
"Pusch_Ridge",71,71,"71_to_71",190,0.07
"Pusch_Ridge",90,52,"90_to_52",10,0
"Pusch_Ridge",90,90,"90_to_90",62,0.02
"Pusch_Ridge",90,95,"90_to_95",4,0
"Quinn_Canyon",22,22,"22_to_22",2,0
"Quinn_Canyon",23,23,"23_to_23",3,0
"Quinn_Canyon",31,31,"31_to_31",143,0.12
"Quinn_Canyon",31,42,"31_to_42",69,0.06
"Quinn_Canyon",31,52,"31_to_52",38,0.03
"Quinn_Canyon",41,41,"41_to_41",691,0.58
"Quinn_Canyon",41,42,"41_to_42",162,0.14
"Quinn_Canyon",41,52,"41_to_52",93,0.08
"Quinn_Canyon",42,41,"42_to_41",43,0.04
"Quinn_Canyon",42,42,"42_to_42",98145,82.16
"Quinn_Canyon",42,52,"42_to_52",398,0.33
"Quinn_Canyon",42,90,"42_to_90",1,0
"Quinn_Canyon",52,22,"52_to_22",1,0
"Quinn_Canyon",52,23,"52_to_23",1,0
"Quinn_Canyon",52,31,"52_to_31",4,0
"Quinn_Canyon",52,41,"52_to_41",81,0.07
"Quinn_Canyon",52,42,"52_to_42",5867,4.91
"Quinn_Canyon",52,52,"52_to_52",13647,11.42
"Quinn_Canyon",90,90,"90_to_90",66,0.06
"Raccoon_Branch",21,21,"21_to_21",1,0.01
"Raccoon_Branch",31,31,"31_to_31",3,0.02
"Raccoon_Branch",41,41,"41_to_41",15070,77.64
"Raccoon_Branch",41,43,"41_to_43",352,1.81
"Raccoon_Branch",42,42,"42_to_42",6,0.03
"Raccoon_Branch",42,43,"42_to_43",9,0.05
"Raccoon_Branch",43,41,"43_to_41",31,0.16
"Raccoon_Branch",43,43,"43_to_43",3903,20.11
"Raccoon_Branch",52,41,"52_to_41",34,0.18
"Raggeds",11,11,"11_to_11",155,0.05
"Raggeds",11,31,"11_to_31",2,0
"Raggeds",11,42,"11_to_42",2,0
"Raggeds",11,71,"11_to_71",1,0
"Raggeds",11,90,"11_to_90",9,0
"Raggeds",12,12,"12_to_12",12,0
"Raggeds",21,21,"21_to_21",72,0.02
"Raggeds",21,22,"21_to_22",11,0
"Raggeds",21,42,"21_to_42",1,0
"Raggeds",22,22,"22_to_22",178,0.06
"Raggeds",22,23,"22_to_23",1,0
"Raggeds",22,41,"22_to_41",1,0
"Raggeds",22,42,"22_to_42",1,0
"Raggeds",23,22,"23_to_22",3,0
"Raggeds",23,23,"23_to_23",2,0
"Raggeds",31,11,"31_to_11",6,0
"Raggeds",31,31,"31_to_31",33781,11.6
"Raggeds",31,42,"31_to_42",76,0.03
"Raggeds",31,52,"31_to_52",229,0.08
"Raggeds",31,71,"31_to_71",12,0
"Raggeds",41,21,"41_to_21",3,0
"Raggeds",41,22,"41_to_22",1,0
"Raggeds",41,41,"41_to_41",66015,22.67
"Raggeds",41,42,"41_to_42",901,0.31
"Raggeds",41,43,"41_to_43",240,0.08
"Raggeds",41,52,"41_to_52",170,0.06
"Raggeds",41,90,"41_to_90",4,0
"Raggeds",42,11,"42_to_11",7,0
"Raggeds",42,22,"42_to_22",2,0
"Raggeds",42,31,"42_to_31",236,0.08
"Raggeds",42,41,"42_to_41",263,0.09
"Raggeds",42,42,"42_to_42",85804,29.46
"Raggeds",42,43,"42_to_43",119,0.04
"Raggeds",42,52,"42_to_52",669,0.23
"Raggeds",42,90,"42_to_90",17,0.01
"Raggeds",43,41,"43_to_41",20,0.01
"Raggeds",43,42,"43_to_42",401,0.14
"Raggeds",43,43,"43_to_43",1944,0.67
"Raggeds",52,11,"52_to_11",1,0
"Raggeds",52,21,"52_to_21",16,0.01
"Raggeds",52,22,"52_to_22",11,0
"Raggeds",52,31,"52_to_31",196,0.07
"Raggeds",52,41,"52_to_41",3256,1.12
"Raggeds",52,42,"52_to_42",1953,0.67
"Raggeds",52,52,"52_to_52",77161,26.49
"Raggeds",52,71,"52_to_71",37,0.01
"Raggeds",52,90,"52_to_90",67,0.02
"Raggeds",52,95,"52_to_95",1,0
"Raggeds",71,11,"71_to_11",2,0
"Raggeds",71,31,"71_to_31",193,0.07
"Raggeds",71,42,"71_to_42",7,0
"Raggeds",71,52,"71_to_52",27,0.01
"Raggeds",71,71,"71_to_71",9001,3.09
"Raggeds",90,11,"90_to_11",1,0
"Raggeds",90,22,"90_to_22",1,0
"Raggeds",90,41,"90_to_41",4,0
"Raggeds",90,42,"90_to_42",5,0
"Raggeds",90,52,"90_to_52",12,0
"Raggeds",90,90,"90_to_90",7478,2.57
"Raggeds",90,95,"90_to_95",3,0
"Raggeds",95,90,"95_to_90",3,0
"Raggeds",95,95,"95_to_95",453,0.16
"Rainbow_Lake",11,11,"11_to_11",981,2.99
"Rainbow_Lake",11,41,"11_to_41",7,0.02
"Rainbow_Lake",11,42,"11_to_42",4,0.01
"Rainbow_Lake",11,43,"11_to_43",13,0.04
"Rainbow_Lake",11,71,"11_to_71",11,0.03
"Rainbow_Lake",11,90,"11_to_90",3,0.01
"Rainbow_Lake",11,95,"11_to_95",1,0
"Rainbow_Lake",21,21,"21_to_21",501,1.53
"Rainbow_Lake",21,31,"21_to_31",2,0.01
"Rainbow_Lake",21,41,"21_to_41",9,0.03
"Rainbow_Lake",21,43,"21_to_43",3,0.01
"Rainbow_Lake",21,52,"21_to_52",1,0
"Rainbow_Lake",21,71,"21_to_71",4,0.01
"Rainbow_Lake",22,22,"22_to_22",1,0
"Rainbow_Lake",41,11,"41_to_11",9,0.03
"Rainbow_Lake",41,31,"41_to_31",4,0.01
"Rainbow_Lake",41,41,"41_to_41",21301,64.92
"Rainbow_Lake",41,42,"41_to_42",4,0.01
"Rainbow_Lake",41,43,"41_to_43",467,1.42
"Rainbow_Lake",41,52,"41_to_52",3,0.01
"Rainbow_Lake",41,71,"41_to_71",46,0.14
"Rainbow_Lake",41,90,"41_to_90",40,0.12
"Rainbow_Lake",42,11,"42_to_11",7,0.02
"Rainbow_Lake",42,41,"42_to_41",4,0.01
"Rainbow_Lake",42,42,"42_to_42",881,2.68
"Rainbow_Lake",42,43,"42_to_43",42,0.13
"Rainbow_Lake",42,71,"42_to_71",3,0.01
"Rainbow_Lake",43,11,"43_to_11",42,0.13
"Rainbow_Lake",43,21,"43_to_21",3,0.01
"Rainbow_Lake",43,41,"43_to_41",201,0.61
"Rainbow_Lake",43,42,"43_to_42",67,0.2
"Rainbow_Lake",43,43,"43_to_43",5335,16.26
"Rainbow_Lake",43,71,"43_to_71",19,0.06
"Rainbow_Lake",43,90,"43_to_90",28,0.09
"Rainbow_Lake",71,11,"71_to_11",2,0.01
"Rainbow_Lake",71,43,"71_to_43",1,0
"Rainbow_Lake",71,71,"71_to_71",2,0.01
"Rainbow_Lake",90,11,"90_to_11",4,0.01
"Rainbow_Lake",90,21,"90_to_21",1,0
"Rainbow_Lake",90,41,"90_to_41",4,0.01
"Rainbow_Lake",90,42,"90_to_42",1,0
"Rainbow_Lake",90,43,"90_to_43",25,0.08
"Rainbow_Lake",90,90,"90_to_90",2715,8.27
"Rainbow_Lake",90,95,"90_to_95",7,0.02
"Rainbow_Lake",95,11,"95_to_11",1,0
"Rainbow_Lake",95,90,"95_to_90",1,0
"Rainbow_Lake",95,95,"95_to_95",2,0.01
"Rainbow_Mountain",31,31,"31_to_31",6335,5.62
"Rainbow_Mountain",31,42,"31_to_42",2,0
"Rainbow_Mountain",31,52,"31_to_52",63,0.06
"Rainbow_Mountain",42,42,"42_to_42",21630,19.19
"Rainbow_Mountain",42,52,"42_to_52",149,0.13
"Rainbow_Mountain",52,31,"52_to_31",31,0.03
"Rainbow_Mountain",52,42,"52_to_42",349,0.31
"Rainbow_Mountain",52,52,"52_to_52",79626,70.63
"Rainbow_Mountain",52,90,"52_to_90",1,0
"Rainbow_Mountain",71,42,"71_to_42",107,0.09
"Rainbow_Mountain",71,52,"71_to_52",4302,3.82
"Rainbow_Mountain",71,71,"71_to_71",1,0
"Rainbow_Mountain",81,52,"81_to_52",1,0
"Rainbow_Mountain",90,90,"90_to_90",129,0.11
"Rainbow_Mountain",95,90,"95_to_90",6,0.01
"Rainbow_Mountain",95,95,"95_to_95",2,0
"Ramseys_Draft",21,21,"21_to_21",101,0.34
"Ramseys_Draft",21,41,"21_to_41",3,0.01
"Ramseys_Draft",41,41,"41_to_41",15526,51.6
"Ramseys_Draft",41,42,"41_to_42",1,0
"Ramseys_Draft",41,43,"41_to_43",52,0.17
"Ramseys_Draft",41,71,"41_to_71",2,0.01
"Ramseys_Draft",42,41,"42_to_41",3,0.01
"Ramseys_Draft",42,42,"42_to_42",213,0.71
"Ramseys_Draft",42,43,"42_to_43",10,0.03
"Ramseys_Draft",43,21,"43_to_21",2,0.01
"Ramseys_Draft",43,41,"43_to_41",370,1.23
"Ramseys_Draft",43,42,"43_to_42",3,0.01
"Ramseys_Draft",43,43,"43_to_43",13805,45.88
"Rattlesnake",11,11,"11_to_11",1620,1.04
"Rattlesnake",11,31,"11_to_31",1,0
"Rattlesnake",11,42,"11_to_42",91,0.06
"Rattlesnake",11,52,"11_to_52",14,0.01
"Rattlesnake",11,71,"11_to_71",9,0.01
"Rattlesnake",12,12,"12_to_12",5,0
"Rattlesnake",21,21,"21_to_21",6,0
"Rattlesnake",22,22,"22_to_22",11,0.01
"Rattlesnake",31,11,"31_to_11",1,0
"Rattlesnake",31,31,"31_to_31",303,0.19
"Rattlesnake",41,41,"41_to_41",9,0.01
"Rattlesnake",42,11,"42_to_11",58,0.04
"Rattlesnake",42,21,"42_to_21",1,0
"Rattlesnake",42,31,"42_to_31",32,0.02
"Rattlesnake",42,42,"42_to_42",103306,66.13
"Rattlesnake",42,52,"42_to_52",18117,11.6
"Rattlesnake",42,71,"42_to_71",8179,5.24
"Rattlesnake",42,90,"42_to_90",25,0.02
"Rattlesnake",52,21,"52_to_21",2,0
"Rattlesnake",52,22,"52_to_22",3,0
"Rattlesnake",52,31,"52_to_31",3,0
"Rattlesnake",52,42,"52_to_42",2059,1.32
"Rattlesnake",52,52,"52_to_52",17945,11.49
"Rattlesnake",52,71,"52_to_71",65,0.04
"Rattlesnake",71,31,"71_to_31",15,0.01
"Rattlesnake",71,42,"71_to_42",92,0.06
"Rattlesnake",71,52,"71_to_52",612,0.39
"Rattlesnake",71,71,"71_to_71",3333,2.13
"Rattlesnake",90,71,"90_to_71",1,0
"Rattlesnake",90,90,"90_to_90",262,0.17
"Rattlesnake",95,90,"95_to_90",11,0.01
"Rattlesnake",95,95,"95_to_95",18,0.01
"Raven_Cliffs",21,21,"21_to_21",173,0.41
"Raven_Cliffs",21,22,"21_to_22",1,0
"Raven_Cliffs",22,22,"22_to_22",41,0.1
"Raven_Cliffs",31,31,"31_to_31",29,0.07
"Raven_Cliffs",41,41,"41_to_41",31277,73.71
"Raven_Cliffs",41,43,"41_to_43",93,0.22
"Raven_Cliffs",42,41,"42_to_41",2,0
"Raven_Cliffs",42,42,"42_to_42",349,0.82
"Raven_Cliffs",42,43,"42_to_43",49,0.12
"Raven_Cliffs",43,21,"43_to_21",1,0
"Raven_Cliffs",43,41,"43_to_41",123,0.29
"Raven_Cliffs",43,42,"43_to_42",1,0
"Raven_Cliffs",43,43,"43_to_43",10291,24.25
"Raven_Cliffs",71,71,"71_to_71",2,0
"Rawah",11,11,"11_to_11",937,0.28
"Rawah",11,31,"11_to_31",3,0
"Rawah",11,42,"11_to_42",21,0.01
"Rawah",11,71,"11_to_71",8,0
"Rawah",12,12,"12_to_12",367,0.11
"Rawah",21,21,"21_to_21",90,0.03
"Rawah",21,22,"21_to_22",7,0
"Rawah",21,42,"21_to_42",3,0
"Rawah",22,22,"22_to_22",6,0
"Rawah",23,22,"23_to_22",2,0
"Rawah",31,11,"31_to_11",8,0
"Rawah",31,31,"31_to_31",8728,2.59
"Rawah",31,52,"31_to_52",29,0.01
"Rawah",31,71,"31_to_71",18,0.01
"Rawah",41,41,"41_to_41",628,0.19
"Rawah",41,42,"41_to_42",37,0.01
"Rawah",41,43,"41_to_43",2,0
"Rawah",41,52,"41_to_52",6,0
"Rawah",41,71,"41_to_71",1,0
"Rawah",42,11,"42_to_11",29,0.01
"Rawah",42,31,"42_to_31",1,0
"Rawah",42,41,"42_to_41",4,0
"Rawah",42,42,"42_to_42",223638,66.33
"Rawah",42,43,"42_to_43",20,0.01
"Rawah",42,52,"42_to_52",1346,0.4
"Rawah",42,71,"42_to_71",21060,6.25
"Rawah",42,82,"42_to_82",7,0
"Rawah",42,90,"42_to_90",53,0.02
"Rawah",43,41,"43_to_41",1,0
"Rawah",43,42,"43_to_42",60,0.02
"Rawah",43,43,"43_to_43",148,0.04
"Rawah",43,52,"43_to_52",1,0
"Rawah",43,71,"43_to_71",8,0
"Rawah",52,11,"52_to_11",7,0
"Rawah",52,21,"52_to_21",6,0
"Rawah",52,22,"52_to_22",1,0
"Rawah",52,31,"52_to_31",41,0.01
"Rawah",52,41,"52_to_41",368,0.11
"Rawah",52,42,"52_to_42",9235,2.74
"Rawah",52,43,"52_to_43",2,0
"Rawah",52,52,"52_to_52",45198,13.4
"Rawah",52,71,"52_to_71",1359,0.4
"Rawah",52,90,"52_to_90",6,0
"Rawah",52,95,"52_to_95",61,0.02
"Rawah",71,11,"71_to_11",2,0
"Rawah",71,31,"71_to_31",5,0
"Rawah",71,41,"71_to_41",17,0.01
"Rawah",71,42,"71_to_42",2644,0.78
"Rawah",71,52,"71_to_52",481,0.14
"Rawah",71,71,"71_to_71",10105,3
"Rawah",90,42,"90_to_42",13,0
"Rawah",90,71,"90_to_71",15,0
"Rawah",90,90,"90_to_90",4918,1.46
"Rawah",90,95,"90_to_95",54,0.02
"Rawah",95,52,"95_to_52",1,0
"Rawah",95,90,"95_to_90",21,0.01
"Rawah",95,95,"95_to_95",5336,1.58
"Rawhide_Mountains",11,11,"11_to_11",23,0.01
"Rawhide_Mountains",11,52,"11_to_52",9,0.01
"Rawhide_Mountains",23,22,"23_to_22",1,0
"Rawhide_Mountains",31,31,"31_to_31",3,0
"Rawhide_Mountains",31,52,"31_to_52",1,0
"Rawhide_Mountains",52,11,"52_to_11",126,0.07
"Rawhide_Mountains",52,23,"52_to_23",1,0
"Rawhide_Mountains",52,42,"52_to_42",1,0
"Rawhide_Mountains",52,43,"52_to_43",1,0
"Rawhide_Mountains",52,52,"52_to_52",175641,99.05
"Rawhide_Mountains",52,81,"52_to_81",2,0
"Rawhide_Mountains",52,82,"52_to_82",4,0
"Rawhide_Mountains",52,90,"52_to_90",181,0.1
"Rawhide_Mountains",52,95,"52_to_95",3,0
"Rawhide_Mountains",81,52,"81_to_52",1,0
"Rawhide_Mountains",82,52,"82_to_52",1,0
"Rawhide_Mountains",82,82,"82_to_82",1,0
"Rawhide_Mountains",82,90,"82_to_90",1,0
"Rawhide_Mountains",90,52,"90_to_52",3,0
"Rawhide_Mountains",90,90,"90_to_90",1239,0.7
"Rawhide_Mountains",90,95,"90_to_95",6,0
"Rawhide_Mountains",95,52,"95_to_52",1,0
"Rawhide_Mountains",95,90,"95_to_90",70,0.04
"Red_Butte",41,41,"41_to_41",6,0.08
"Red_Butte",42,42,"42_to_42",4047,56.71
"Red_Butte",42,52,"42_to_52",12,0.17
"Red_Butte",52,41,"52_to_41",2,0.03
"Red_Butte",52,42,"52_to_42",363,5.09
"Red_Butte",52,52,"52_to_52",2706,37.92
"Red_Buttes",11,11,"11_to_11",65,0.07
"Red_Buttes",11,42,"11_to_42",7,0.01
"Red_Buttes",11,52,"11_to_52",2,0
"Red_Buttes",21,21,"21_to_21",142,0.15
"Red_Buttes",21,22,"21_to_22",1,0
"Red_Buttes",21,42,"21_to_42",14,0.02
"Red_Buttes",22,21,"22_to_21",3,0
"Red_Buttes",22,22,"22_to_22",19,0.02
"Red_Buttes",31,31,"31_to_31",258,0.28
"Red_Buttes",31,52,"31_to_52",8,0.01
"Red_Buttes",31,71,"31_to_71",44,0.05
"Red_Buttes",42,11,"42_to_11",4,0
"Red_Buttes",42,21,"42_to_21",43,0.05
"Red_Buttes",42,22,"42_to_22",7,0.01
"Red_Buttes",42,31,"42_to_31",7,0.01
"Red_Buttes",42,42,"42_to_42",62951,68.42
"Red_Buttes",42,52,"42_to_52",5789,6.29
"Red_Buttes",42,71,"42_to_71",11536,12.54
"Red_Buttes",42,90,"42_to_90",4,0
"Red_Buttes",52,21,"52_to_21",4,0
"Red_Buttes",52,31,"52_to_31",31,0.03
"Red_Buttes",52,42,"52_to_42",1789,1.94
"Red_Buttes",52,52,"52_to_52",5549,6.03
"Red_Buttes",52,71,"52_to_71",1572,1.71
"Red_Buttes",71,31,"71_to_31",11,0.01
"Red_Buttes",71,42,"71_to_42",58,0.06
"Red_Buttes",71,52,"71_to_52",720,0.78
"Red_Buttes",71,71,"71_to_71",1089,1.18
"Red_Buttes",90,11,"90_to_11",1,0
"Red_Buttes",90,42,"90_to_42",1,0
"Red_Buttes",90,90,"90_to_90",258,0.28
"Red_Buttes",95,95,"95_to_95",15,0.02
"Red_Mountain_NV",22,22,"22_to_22",3,0
"Red_Mountain_NV",42,22,"42_to_22",1,0
"Red_Mountain_NV",42,42,"42_to_42",80629,86.15
"Red_Mountain_NV",42,52,"42_to_52",458,0.49
"Red_Mountain_NV",52,22,"52_to_22",1,0
"Red_Mountain_NV",52,42,"52_to_42",4029,4.31
"Red_Mountain_NV",52,52,"52_to_52",8466,9.05
"Red_Mountain_UT",31,31,"31_to_31",1312,1.54
"Red_Mountain_UT",31,42,"31_to_42",1,0
"Red_Mountain_UT",31,52,"31_to_52",22,0.03
"Red_Mountain_UT",42,42,"42_to_42",8470,9.95
"Red_Mountain_UT",42,52,"42_to_52",1559,1.83
"Red_Mountain_UT",42,71,"42_to_71",65,0.08
"Red_Mountain_UT",52,31,"52_to_31",11,0.01
"Red_Mountain_UT",52,42,"52_to_42",2257,2.65
"Red_Mountain_UT",52,52,"52_to_52",71111,83.55
"Red_Mountain_UT",52,71,"52_to_71",80,0.09
"Red_Mountain_UT",52,90,"52_to_90",3,0
"Red_Mountain_UT",90,52,"90_to_52",1,0
"Red_Mountain_UT",90,90,"90_to_90",224,0.26
"Red_Rock_Lakes",11,11,"11_to_11",24299,16.18
"Red_Rock_Lakes",11,42,"11_to_42",5,0
"Red_Rock_Lakes",11,52,"11_to_52",117,0.08
"Red_Rock_Lakes",11,71,"11_to_71",146,0.1
"Red_Rock_Lakes",11,81,"11_to_81",1,0
"Red_Rock_Lakes",11,90,"11_to_90",122,0.08
"Red_Rock_Lakes",11,95,"11_to_95",683,0.45
"Red_Rock_Lakes",21,21,"21_to_21",501,0.33
"Red_Rock_Lakes",21,22,"21_to_22",86,0.06
"Red_Rock_Lakes",21,52,"21_to_52",4,0
"Red_Rock_Lakes",21,95,"21_to_95",1,0
"Red_Rock_Lakes",22,22,"22_to_22",53,0.04
"Red_Rock_Lakes",31,11,"31_to_11",2,0
"Red_Rock_Lakes",31,52,"31_to_52",3,0
"Red_Rock_Lakes",41,41,"41_to_41",4,0
"Red_Rock_Lakes",41,42,"41_to_42",24,0.02
"Red_Rock_Lakes",41,52,"41_to_52",2,0
"Red_Rock_Lakes",42,21,"42_to_21",1,0
"Red_Rock_Lakes",42,31,"42_to_31",7,0
"Red_Rock_Lakes",42,42,"42_to_42",12082,8.05
"Red_Rock_Lakes",42,52,"42_to_52",254,0.17
"Red_Rock_Lakes",43,42,"43_to_42",2,0
"Red_Rock_Lakes",43,43,"43_to_43",1,0
"Red_Rock_Lakes",43,52,"43_to_52",4,0
"Red_Rock_Lakes",52,11,"52_to_11",13,0.01
"Red_Rock_Lakes",52,21,"52_to_21",66,0.04
"Red_Rock_Lakes",52,22,"52_to_22",17,0.01
"Red_Rock_Lakes",52,31,"52_to_31",33,0.02
"Red_Rock_Lakes",52,41,"52_to_41",2,0
"Red_Rock_Lakes",52,42,"52_to_42",466,0.31
"Red_Rock_Lakes",52,43,"52_to_43",1,0
"Red_Rock_Lakes",52,52,"52_to_52",19623,13.07
"Red_Rock_Lakes",52,71,"52_to_71",39,0.03
"Red_Rock_Lakes",52,81,"52_to_81",1,0
"Red_Rock_Lakes",52,90,"52_to_90",3,0
"Red_Rock_Lakes",52,95,"52_to_95",257,0.17
"Red_Rock_Lakes",71,11,"71_to_11",13,0.01
"Red_Rock_Lakes",71,21,"71_to_21",2,0
"Red_Rock_Lakes",71,22,"71_to_22",1,0
"Red_Rock_Lakes",71,31,"71_to_31",5,0
"Red_Rock_Lakes",71,42,"71_to_42",3,0
"Red_Rock_Lakes",71,52,"71_to_52",2052,1.37
"Red_Rock_Lakes",71,71,"71_to_71",10467,6.97
"Red_Rock_Lakes",71,95,"71_to_95",48,0.03
"Red_Rock_Lakes",81,52,"81_to_52",1,0
"Red_Rock_Lakes",90,11,"90_to_11",17,0.01
"Red_Rock_Lakes",90,52,"90_to_52",1,0
"Red_Rock_Lakes",90,90,"90_to_90",509,0.34
"Red_Rock_Lakes",90,95,"90_to_95",106,0.07
"Red_Rock_Lakes",95,11,"95_to_11",59,0.04
"Red_Rock_Lakes",95,21,"95_to_21",5,0
"Red_Rock_Lakes",95,22,"95_to_22",3,0
"Red_Rock_Lakes",95,52,"95_to_52",114,0.08
"Red_Rock_Lakes",95,71,"95_to_71",7,0
"Red_Rock_Lakes",95,90,"95_to_90",704,0.47
"Red_Rock_Lakes",95,95,"95_to_95",77100,51.35
"Red_Rock_Secret_Mountain",21,21,"21_to_21",80,0.04
"Red_Rock_Secret_Mountain",21,22,"21_to_22",2,0
"Red_Rock_Secret_Mountain",21,42,"21_to_42",2,0
"Red_Rock_Secret_Mountain",22,22,"22_to_22",34,0.02
"Red_Rock_Secret_Mountain",31,31,"31_to_31",6,0
"Red_Rock_Secret_Mountain",31,42,"31_to_42",7,0
"Red_Rock_Secret_Mountain",41,41,"41_to_41",129,0.06
"Red_Rock_Secret_Mountain",41,42,"41_to_42",240,0.11
"Red_Rock_Secret_Mountain",41,52,"41_to_52",108,0.05
"Red_Rock_Secret_Mountain",42,21,"42_to_21",23,0.01
"Red_Rock_Secret_Mountain",42,22,"42_to_22",1,0
"Red_Rock_Secret_Mountain",42,41,"42_to_41",50,0.02
"Red_Rock_Secret_Mountain",42,42,"42_to_42",121991,54.69
"Red_Rock_Secret_Mountain",42,43,"42_to_43",23,0.01
"Red_Rock_Secret_Mountain",42,52,"42_to_52",33114,14.85
"Red_Rock_Secret_Mountain",42,71,"42_to_71",438,0.2
"Red_Rock_Secret_Mountain",42,90,"42_to_90",1,0
"Red_Rock_Secret_Mountain",43,42,"43_to_42",7,0
"Red_Rock_Secret_Mountain",43,43,"43_to_43",2,0
"Red_Rock_Secret_Mountain",43,52,"43_to_52",28,0.01
"Red_Rock_Secret_Mountain",52,21,"52_to_21",26,0.01
"Red_Rock_Secret_Mountain",52,22,"52_to_22",3,0
"Red_Rock_Secret_Mountain",52,23,"52_to_23",1,0
"Red_Rock_Secret_Mountain",52,31,"52_to_31",2,0
"Red_Rock_Secret_Mountain",52,41,"52_to_41",10,0
"Red_Rock_Secret_Mountain",52,42,"52_to_42",2519,1.13
"Red_Rock_Secret_Mountain",52,43,"52_to_43",23,0.01
"Red_Rock_Secret_Mountain",52,52,"52_to_52",63298,28.38
"Red_Rock_Secret_Mountain",52,71,"52_to_71",824,0.37
"Red_Rock_Secret_Mountain",71,42,"71_to_42",3,0
"Red_Rock_Secret_Mountain",71,52,"71_to_52",12,0.01
"Red_Rock_Secret_Mountain",71,71,"71_to_71",3,0
"Red_Rock_Secret_Mountain",90,42,"90_to_42",2,0
"Red_Rock_Secret_Mountain",90,52,"90_to_52",2,0
"Red_Rock_Secret_Mountain",90,90,"90_to_90",44,0.02
"Redfield_Canyon",42,42,"42_to_42",1616,3.41
"Redfield_Canyon",42,52,"42_to_52",213,0.45
"Redfield_Canyon",52,42,"52_to_42",57,0.12
"Redfield_Canyon",52,52,"52_to_52",45229,95.46
"Redfield_Canyon",90,90,"90_to_90",267,0.56
"Reds_Canyon",31,31,"31_to_31",651,0.74
"Reds_Canyon",31,52,"31_to_52",52,0.06
"Reds_Canyon",42,42,"42_to_42",4,0
"Reds_Canyon",52,31,"52_to_31",43,0.05
"Reds_Canyon",52,42,"52_to_42",88,0.1
"Reds_Canyon",52,52,"52_to_52",87557,99.05
"Resting_Spring_Range",22,22,"22_to_22",11,0
"Resting_Spring_Range",23,23,"23_to_23",26,0.01
"Resting_Spring_Range",24,23,"24_to_23",1,0
"Resting_Spring_Range",24,24,"24_to_24",1,0
"Resting_Spring_Range",31,31,"31_to_31",11134,3.01
"Resting_Spring_Range",31,52,"31_to_52",742,0.2
"Resting_Spring_Range",31,71,"31_to_71",1,0
"Resting_Spring_Range",52,22,"52_to_22",2,0
"Resting_Spring_Range",52,23,"52_to_23",6,0
"Resting_Spring_Range",52,31,"52_to_31",1245,0.34
"Resting_Spring_Range",52,52,"52_to_52",355583,96.2
"Resting_Spring_Range",52,71,"52_to_71",11,0
"Resting_Spring_Range",52,90,"52_to_90",30,0.01
"Resting_Spring_Range",52,95,"52_to_95",33,0.01
"Resting_Spring_Range",90,31,"90_to_31",1,0
"Resting_Spring_Range",90,52,"90_to_52",29,0.01
"Resting_Spring_Range",90,90,"90_to_90",518,0.14
"Resting_Spring_Range",90,95,"90_to_95",115,0.03
"Resting_Spring_Range",95,31,"95_to_31",10,0
"Resting_Spring_Range",95,52,"95_to_52",3,0
"Resting_Spring_Range",95,90,"95_to_90",6,0
"Resting_Spring_Range",95,95,"95_to_95",117,0.03
"Rice_Valley",21,21,"21_to_21",30,0.02
"Rice_Valley",21,22,"21_to_22",2,0
"Rice_Valley",21,52,"21_to_52",2,0
"Rice_Valley",31,31,"31_to_31",30542,15.54
"Rice_Valley",31,52,"31_to_52",215,0.11
"Rice_Valley",31,71,"31_to_71",5,0
"Rice_Valley",52,21,"52_to_21",12,0.01
"Rice_Valley",52,31,"52_to_31",72969,37.12
"Rice_Valley",52,52,"52_to_52",92712,47.16
"Rice_Valley",52,71,"52_to_71",71,0.04
"Rice_Valley",71,31,"71_to_31",14,0.01
"Rich_Hole",21,21,"21_to_21",80,0.27
"Rich_Hole",21,22,"21_to_22",1,0
"Rich_Hole",21,41,"21_to_41",8,0.03
"Rich_Hole",31,31,"31_to_31",3,0.01
"Rich_Hole",41,21,"41_to_21",6,0.02
"Rich_Hole",41,22,"41_to_22",1,0
"Rich_Hole",41,31,"41_to_31",8,0.03
"Rich_Hole",41,41,"41_to_41",26981,89.58
"Rich_Hole",41,42,"41_to_42",4,0.01
"Rich_Hole",41,43,"41_to_43",59,0.2
"Rich_Hole",41,52,"41_to_52",4,0.01
"Rich_Hole",41,71,"41_to_71",9,0.03
"Rich_Hole",42,41,"42_to_41",19,0.06
"Rich_Hole",42,42,"42_to_42",126,0.42
"Rich_Hole",42,43,"42_to_43",12,0.04
"Rich_Hole",43,41,"43_to_41",289,0.96
"Rich_Hole",43,42,"43_to_42",55,0.18
"Rich_Hole",43,43,"43_to_43",2453,8.14
"Rich_Hole",71,71,"71_to_71",1,0
"Rich_Hole",81,81,"81_to_81",1,0
"Rich_Mountain",21,21,"21_to_21",11,0.02
"Rich_Mountain",41,41,"41_to_41",39830,80.45
"Rich_Mountain",41,43,"41_to_43",240,0.48
"Rich_Mountain",42,41,"42_to_41",3,0.01
"Rich_Mountain",42,42,"42_to_42",607,1.23
"Rich_Mountain",42,43,"42_to_43",106,0.21
"Rich_Mountain",43,21,"43_to_21",3,0.01
"Rich_Mountain",43,41,"43_to_41",868,1.75
"Rich_Mountain",43,42,"43_to_42",6,0.01
"Rich_Mountain",43,43,"43_to_43",7824,15.8
"Rich_Mountain",43,71,"43_to_71",1,0
"Rich_Mountain",52,43,"52_to_43",2,0
"Rich_Mountain",71,43,"71_to_43",1,0
"Rich_Mountain",90,90,"90_to_90",7,0.01
"Richland_Creek",11,11,"11_to_11",6,0.01
"Richland_Creek",11,41,"11_to_41",5,0.01
"Richland_Creek",11,42,"11_to_42",1,0
"Richland_Creek",11,43,"11_to_43",7,0.01
"Richland_Creek",21,21,"21_to_21",666,1.25
"Richland_Creek",21,22,"21_to_22",3,0.01
"Richland_Creek",21,41,"21_to_41",5,0.01
"Richland_Creek",21,42,"21_to_42",1,0
"Richland_Creek",21,43,"21_to_43",1,0
"Richland_Creek",22,22,"22_to_22",10,0.02
"Richland_Creek",41,21,"41_to_21",3,0.01
"Richland_Creek",41,22,"41_to_22",3,0.01
"Richland_Creek",41,41,"41_to_41",49039,92.01
"Richland_Creek",41,42,"41_to_42",2,0
"Richland_Creek",41,43,"41_to_43",24,0.05
"Richland_Creek",41,81,"41_to_81",1,0
"Richland_Creek",42,21,"42_to_21",2,0
"Richland_Creek",42,41,"42_to_41",277,0.52
"Richland_Creek",42,42,"42_to_42",1651,3.1
"Richland_Creek",42,43,"42_to_43",317,0.59
"Richland_Creek",43,21,"43_to_21",1,0
"Richland_Creek",43,41,"43_to_41",379,0.71
"Richland_Creek",43,42,"43_to_42",7,0.01
"Richland_Creek",43,43,"43_to_43",888,1.67
"Rincon_Mountain",22,22,"22_to_22",1,0
"Rincon_Mountain",42,42,"42_to_42",21519,12.79
"Rincon_Mountain",42,52,"42_to_52",8553,5.08
"Rincon_Mountain",52,21,"52_to_21",1,0
"Rincon_Mountain",52,42,"52_to_42",55,0.03
"Rincon_Mountain",52,52,"52_to_52",138114,82.08
"Rincon_Mountain",52,71,"52_to_71",20,0.01
"Rincon_Mountain",71,71,"71_to_71",13,0.01
"Rio_San_Antonio",21,21,"21_to_21",2,0
"Rio_San_Antonio",21,52,"21_to_52",2,0
"Rio_San_Antonio",42,42,"42_to_42",323,0.75
"Rio_San_Antonio",42,52,"42_to_52",1,0
"Rio_San_Antonio",52,42,"52_to_42",128,0.3
"Rio_San_Antonio",52,52,"52_to_52",42092,97.8
"Rio_San_Antonio",52,90,"52_to_90",1,0
"Rio_San_Antonio",90,52,"90_to_52",2,0
"Rio_San_Antonio",90,90,"90_to_90",469,1.09
"Rio_San_Antonio",90,95,"90_to_95",14,0.03
"Rio_San_Antonio",95,90,"95_to_90",2,0
"Rio_San_Antonio",95,95,"95_to_95",2,0
"Riverside_Mountains",31,31,"31_to_31",613,0.53
"Riverside_Mountains",52,31,"52_to_31",10,0.01
"Riverside_Mountains",52,52,"52_to_52",114810,99.46
"Roaring_Plains_West",21,21,"21_to_21",36,0.11
"Roaring_Plains_West",31,31,"31_to_31",75,0.24
"Roaring_Plains_West",31,41,"31_to_41",1,0
"Roaring_Plains_West",41,41,"41_to_41",16585,52.9
"Roaring_Plains_West",41,42,"41_to_42",1,0
"Roaring_Plains_West",41,43,"41_to_43",10,0.03
"Roaring_Plains_West",42,42,"42_to_42",8673,27.66
"Roaring_Plains_West",42,43,"42_to_43",5,0.02
"Roaring_Plains_West",43,41,"43_to_41",2,0.01
"Roaring_Plains_West",43,42,"43_to_42",9,0.03
"Roaring_Plains_West",43,43,"43_to_43",5924,18.89
"Roaring_Plains_West",52,41,"52_to_41",7,0.02
"Roaring_Plains_West",52,43,"52_to_43",3,0.01
"Roaring_Plains_West",52,52,"52_to_52",17,0.05
"Roaring_Plains_West",71,41,"71_to_41",1,0
"Roaring_Plains_West",90,90,"90_to_90",4,0.01
"Roaring_River",11,11,"11_to_11",382,0.23
"Roaring_River",11,42,"11_to_42",17,0.01
"Roaring_River",11,52,"11_to_52",7,0
"Roaring_River",11,71,"11_to_71",6,0
"Roaring_River",21,21,"21_to_21",531,0.32
"Roaring_River",21,22,"21_to_22",2,0
"Roaring_River",21,42,"21_to_42",58,0.03
"Roaring_River",21,52,"21_to_52",2,0
"Roaring_River",22,21,"22_to_21",6,0
"Roaring_River",22,22,"22_to_22",42,0.03
"Roaring_River",22,42,"22_to_42",3,0
"Roaring_River",31,31,"31_to_31",37,0.02
"Roaring_River",31,52,"31_to_52",9,0.01
"Roaring_River",31,71,"31_to_71",20,0.01
"Roaring_River",41,41,"41_to_41",8,0
"Roaring_River",41,42,"41_to_42",3,0
"Roaring_River",41,43,"41_to_43",2,0
"Roaring_River",41,52,"41_to_52",4,0
"Roaring_River",41,71,"41_to_71",3,0
"Roaring_River",42,11,"42_to_11",20,0.01
"Roaring_River",42,21,"42_to_21",29,0.02
"Roaring_River",42,22,"42_to_22",9,0.01
"Roaring_River",42,31,"42_to_31",1,0
"Roaring_River",42,42,"42_to_42",137733,82.25
"Roaring_River",42,43,"42_to_43",11,0.01
"Roaring_River",42,52,"42_to_52",1912,1.14
"Roaring_River",42,71,"42_to_71",18118,10.82
"Roaring_River",42,90,"42_to_90",15,0.01
"Roaring_River",43,42,"43_to_42",10,0.01
"Roaring_River",43,43,"43_to_43",96,0.06
"Roaring_River",43,52,"43_to_52",61,0.04
"Roaring_River",43,71,"43_to_71",154,0.09
"Roaring_River",52,21,"52_to_21",8,0
"Roaring_River",52,22,"52_to_22",1,0
"Roaring_River",52,41,"52_to_41",10,0.01
"Roaring_River",52,42,"52_to_42",4103,2.45
"Roaring_River",52,43,"52_to_43",14,0.01
"Roaring_River",52,52,"52_to_52",2949,1.76
"Roaring_River",52,71,"52_to_71",356,0.21
"Roaring_River",71,31,"71_to_31",2,0
"Roaring_River",71,42,"71_to_42",366,0.22
"Roaring_River",71,52,"71_to_52",173,0.1
"Roaring_River",71,71,"71_to_71",54,0.03
"Roaring_River",90,42,"90_to_42",19,0.01
"Roaring_River",90,90,"90_to_90",100,0.06
"Robledo_Mountains",21,21,"21_to_21",6,0.01
"Robledo_Mountains",21,22,"21_to_22",2,0
"Robledo_Mountains",22,22,"22_to_22",13,0.02
"Robledo_Mountains",52,22,"52_to_22",5,0.01
"Robledo_Mountains",52,42,"52_to_42",1,0
"Robledo_Mountains",52,52,"52_to_52",83186,99.24
"Robledo_Mountains",52,71,"52_to_71",2,0
"Robledo_Mountains",71,52,"71_to_52",357,0.43
"Robledo_Mountains",71,71,"71_to_71",252,0.3
"Rock_Creek",21,21,"21_to_21",10,0.03
"Rock_Creek",41,41,"41_to_41",336,1
"Rock_Creek",41,43,"41_to_43",13,0.04
"Rock_Creek",42,42,"42_to_42",28038,83.85
"Rock_Creek",42,43,"42_to_43",10,0.03
"Rock_Creek",43,41,"43_to_41",12,0.04
"Rock_Creek",43,42,"43_to_42",113,0.34
"Rock_Creek",43,43,"43_to_43",4471,13.37
"Rock_Creek",52,41,"52_to_41",12,0.04
"Rock_Creek",52,42,"52_to_42",256,0.77
"Rock_Creek",52,43,"52_to_43",158,0.47
"Rock_Creek",52,52,"52_to_52",4,0.01
"Rock_Creek",90,43,"90_to_43",1,0
"Rock_Creek",90,90,"90_to_90",6,0.02
"Rock_River_Canyon",11,11,"11_to_11",43,0.18
"Rock_River_Canyon",11,43,"11_to_43",2,0.01
"Rock_River_Canyon",11,90,"11_to_90",1,0
"Rock_River_Canyon",21,21,"21_to_21",78,0.32
"Rock_River_Canyon",21,22,"21_to_22",1,0
"Rock_River_Canyon",21,41,"21_to_41",2,0.01
"Rock_River_Canyon",22,22,"22_to_22",6,0.02
"Rock_River_Canyon",41,41,"41_to_41",15844,65.8
"Rock_River_Canyon",41,43,"41_to_43",29,0.12
"Rock_River_Canyon",41,52,"41_to_52",43,0.18
"Rock_River_Canyon",41,71,"41_to_71",14,0.06
"Rock_River_Canyon",41,90,"41_to_90",2,0.01
"Rock_River_Canyon",42,42,"42_to_42",31,0.13
"Rock_River_Canyon",43,41,"43_to_41",57,0.24
"Rock_River_Canyon",43,42,"43_to_42",6,0.02
"Rock_River_Canyon",43,43,"43_to_43",5073,21.07
"Rock_River_Canyon",43,71,"43_to_71",2,0.01
"Rock_River_Canyon",43,90,"43_to_90",10,0.04
"Rock_River_Canyon",52,41,"52_to_41",42,0.17
"Rock_River_Canyon",52,43,"52_to_43",1,0
"Rock_River_Canyon",71,41,"71_to_41",9,0.04
"Rock_River_Canyon",71,52,"71_to_52",1,0
"Rock_River_Canyon",71,71,"71_to_71",2,0.01
"Rock_River_Canyon",81,21,"81_to_21",6,0.02
"Rock_River_Canyon",81,22,"81_to_22",3,0.01
"Rock_River_Canyon",81,23,"81_to_23",1,0
"Rock_River_Canyon",81,41,"81_to_41",13,0.05
"Rock_River_Canyon",81,43,"81_to_43",1,0
"Rock_River_Canyon",81,52,"81_to_52",64,0.27
"Rock_River_Canyon",81,81,"81_to_81",294,1.22
"Rock_River_Canyon",81,82,"81_to_82",3,0.01
"Rock_River_Canyon",90,41,"90_to_41",2,0.01
"Rock_River_Canyon",90,43,"90_to_43",4,0.02
"Rock_River_Canyon",90,90,"90_to_90",2390,9.93
"Rockpile_Mountain",11,11,"11_to_11",17,0.09
"Rockpile_Mountain",11,41,"11_to_41",4,0.02
"Rockpile_Mountain",11,95,"11_to_95",2,0.01
"Rockpile_Mountain",21,21,"21_to_21",31,0.16
"Rockpile_Mountain",41,41,"41_to_41",18424,93.45
"Rockpile_Mountain",41,43,"41_to_43",58,0.29
"Rockpile_Mountain",42,41,"42_to_41",14,0.07
"Rockpile_Mountain",42,42,"42_to_42",55,0.28
"Rockpile_Mountain",42,43,"42_to_43",9,0.05
"Rockpile_Mountain",43,41,"43_to_41",128,0.65
"Rockpile_Mountain",43,43,"43_to_43",950,4.82
"Rockpile_Mountain",90,71,"90_to_71",1,0.01
"Rockpile_Mountain",90,90,"90_to_90",15,0.08
"Rockpile_Mountain",95,11,"95_to_11",1,0.01
"Rockpile_Mountain",95,41,"95_to_41",1,0.01
"Rockpile_Mountain",95,95,"95_to_95",5,0.03
"Rocks_and_Islands",11,11,"11_to_11",501,87.28
"Rocks_and_Islands",11,31,"11_to_31",13,2.26
"Rocks_and_Islands",11,95,"11_to_95",1,0.17
"Rocks_and_Islands",21,22,"21_to_22",1,0.17
"Rocks_and_Islands",22,22,"22_to_22",3,0.52
"Rocks_and_Islands",22,23,"22_to_23",1,0.17
"Rocks_and_Islands",31,11,"31_to_11",6,1.05
"Rocks_and_Islands",31,31,"31_to_31",16,2.79
"Rocks_and_Islands",95,95,"95_to_95",32,5.57
"Rocky_Mountain",11,11,"11_to_11",2757,0.24
"Rocky_Mountain",11,31,"11_to_31",36,0
"Rocky_Mountain",11,42,"11_to_42",55,0
"Rocky_Mountain",11,52,"11_to_52",10,0
"Rocky_Mountain",11,71,"11_to_71",15,0
"Rocky_Mountain",11,90,"11_to_90",3,0
"Rocky_Mountain",11,95,"11_to_95",48,0
"Rocky_Mountain",12,12,"12_to_12",1529,0.14
"Rocky_Mountain",21,21,"21_to_21",47,0
"Rocky_Mountain",21,22,"21_to_22",10,0
"Rocky_Mountain",21,71,"21_to_71",1,0
"Rocky_Mountain",22,21,"22_to_21",17,0
"Rocky_Mountain",22,22,"22_to_22",360,0.03
"Rocky_Mountain",22,23,"22_to_23",3,0
"Rocky_Mountain",22,42,"22_to_42",1,0
"Rocky_Mountain",23,21,"23_to_21",3,0
"Rocky_Mountain",23,22,"23_to_22",109,0.01
"Rocky_Mountain",23,23,"23_to_23",31,0
"Rocky_Mountain",24,23,"24_to_23",1,0
"Rocky_Mountain",24,24,"24_to_24",2,0
"Rocky_Mountain",31,11,"31_to_11",117,0.01
"Rocky_Mountain",31,31,"31_to_31",116258,10.29
"Rocky_Mountain",31,42,"31_to_42",210,0.02
"Rocky_Mountain",31,52,"31_to_52",502,0.04
"Rocky_Mountain",31,71,"31_to_71",604,0.05
"Rocky_Mountain",41,41,"41_to_41",1298,0.11
"Rocky_Mountain",41,42,"41_to_42",86,0.01
"Rocky_Mountain",41,43,"41_to_43",3,0
"Rocky_Mountain",41,52,"41_to_52",37,0
"Rocky_Mountain",41,71,"41_to_71",39,0
"Rocky_Mountain",42,11,"42_to_11",70,0.01
"Rocky_Mountain",42,21,"42_to_21",29,0
"Rocky_Mountain",42,22,"42_to_22",117,0.01
"Rocky_Mountain",42,23,"42_to_23",26,0
"Rocky_Mountain",42,31,"42_to_31",128,0.01
"Rocky_Mountain",42,41,"42_to_41",11,0
"Rocky_Mountain",42,42,"42_to_42",527186,46.66
"Rocky_Mountain",42,43,"42_to_43",4,0
"Rocky_Mountain",42,52,"42_to_52",10376,0.92
"Rocky_Mountain",42,71,"42_to_71",97259,8.61
"Rocky_Mountain",42,90,"42_to_90",186,0.02
"Rocky_Mountain",42,95,"42_to_95",64,0.01
"Rocky_Mountain",43,42,"43_to_42",30,0
"Rocky_Mountain",43,43,"43_to_43",254,0.02
"Rocky_Mountain",43,52,"43_to_52",2,0
"Rocky_Mountain",52,11,"52_to_11",28,0
"Rocky_Mountain",52,21,"52_to_21",41,0
"Rocky_Mountain",52,22,"52_to_22",38,0
"Rocky_Mountain",52,23,"52_to_23",1,0
"Rocky_Mountain",52,31,"52_to_31",1580,0.14
"Rocky_Mountain",52,41,"52_to_41",215,0.02
"Rocky_Mountain",52,42,"52_to_42",17156,1.52
"Rocky_Mountain",52,52,"52_to_52",189193,16.75
"Rocky_Mountain",52,71,"52_to_71",6515,0.58
"Rocky_Mountain",52,90,"52_to_90",18,0
"Rocky_Mountain",52,95,"52_to_95",14,0
"Rocky_Mountain",71,11,"71_to_11",12,0
"Rocky_Mountain",71,21,"71_to_21",4,0
"Rocky_Mountain",71,22,"71_to_22",5,0
"Rocky_Mountain",71,31,"71_to_31",211,0.02
"Rocky_Mountain",71,42,"71_to_42",2155,0.19
"Rocky_Mountain",71,52,"71_to_52",589,0.05
"Rocky_Mountain",71,71,"71_to_71",119956,10.62
"Rocky_Mountain",90,11,"90_to_11",7,0
"Rocky_Mountain",90,21,"90_to_21",2,0
"Rocky_Mountain",90,42,"90_to_42",26,0
"Rocky_Mountain",90,52,"90_to_52",32,0
"Rocky_Mountain",90,71,"90_to_71",398,0.04
"Rocky_Mountain",90,90,"90_to_90",12149,1.08
"Rocky_Mountain",90,95,"90_to_95",1109,0.1
"Rocky_Mountain",95,42,"95_to_42",1,0
"Rocky_Mountain",95,52,"95_to_52",1,0
"Rocky_Mountain",95,71,"95_to_71",29,0
"Rocky_Mountain",95,90,"95_to_90",141,0.01
"Rocky_Mountain",95,95,"95_to_95",18202,1.61
"Rodman_Mountains",21,21,"21_to_21",2,0
"Rodman_Mountains",21,22,"21_to_22",1,0
"Rodman_Mountains",22,22,"22_to_22",34,0.02
"Rodman_Mountains",31,31,"31_to_31",201,0.13
"Rodman_Mountains",31,52,"31_to_52",346,0.22
"Rodman_Mountains",52,21,"52_to_21",18,0.01
"Rodman_Mountains",52,22,"52_to_22",13,0.01
"Rodman_Mountains",52,31,"52_to_31",7,0
"Rodman_Mountains",52,52,"52_to_52",155132,99.6
"Rogue_Umpqua_Divide",11,11,"11_to_11",461,0.28
"Rogue_Umpqua_Divide",11,42,"11_to_42",25,0.02
"Rogue_Umpqua_Divide",11,52,"11_to_52",2,0
"Rogue_Umpqua_Divide",11,71,"11_to_71",1,0
"Rogue_Umpqua_Divide",21,21,"21_to_21",255,0.16
"Rogue_Umpqua_Divide",21,22,"21_to_22",1,0
"Rogue_Umpqua_Divide",21,42,"21_to_42",13,0.01
"Rogue_Umpqua_Divide",21,52,"21_to_52",13,0.01
"Rogue_Umpqua_Divide",21,71,"21_to_71",8,0
"Rogue_Umpqua_Divide",22,22,"22_to_22",66,0.04
"Rogue_Umpqua_Divide",31,31,"31_to_31",58,0.04
"Rogue_Umpqua_Divide",31,52,"31_to_52",1,0
"Rogue_Umpqua_Divide",42,11,"42_to_11",3,0
"Rogue_Umpqua_Divide",42,21,"42_to_21",21,0.01
"Rogue_Umpqua_Divide",42,22,"42_to_22",1,0
"Rogue_Umpqua_Divide",42,31,"42_to_31",3,0
"Rogue_Umpqua_Divide",42,42,"42_to_42",138477,84.91
"Rogue_Umpqua_Divide",42,52,"42_to_52",8361,5.13
"Rogue_Umpqua_Divide",42,71,"42_to_71",8531,5.23
"Rogue_Umpqua_Divide",42,90,"42_to_90",45,0.03
"Rogue_Umpqua_Divide",52,21,"52_to_21",45,0.03
"Rogue_Umpqua_Divide",52,22,"52_to_22",2,0
"Rogue_Umpqua_Divide",52,23,"52_to_23",1,0
"Rogue_Umpqua_Divide",52,31,"52_to_31",6,0
"Rogue_Umpqua_Divide",52,41,"52_to_41",1,0
"Rogue_Umpqua_Divide",52,42,"52_to_42",1576,0.97
"Rogue_Umpqua_Divide",52,52,"52_to_52",3619,2.22
"Rogue_Umpqua_Divide",52,71,"52_to_71",255,0.16
"Rogue_Umpqua_Divide",52,90,"52_to_90",3,0
"Rogue_Umpqua_Divide",71,42,"71_to_42",198,0.12
"Rogue_Umpqua_Divide",71,52,"71_to_52",83,0.05
"Rogue_Umpqua_Divide",71,71,"71_to_71",67,0.04
"Rogue_Umpqua_Divide",90,42,"90_to_42",19,0.01
"Rogue_Umpqua_Divide",90,52,"90_to_52",1,0
"Rogue_Umpqua_Divide",90,90,"90_to_90",757,0.46
"Rogue_Umpqua_Divide",90,95,"90_to_95",1,0
"Rogue_Umpqua_Divide",95,90,"95_to_90",17,0.01
"Rogue_Umpqua_Divide",95,95,"95_to_95",84,0.05
"Rough_Mountain",11,11,"11_to_11",5,0.01
"Rough_Mountain",21,21,"21_to_21",487,1.14
"Rough_Mountain",22,21,"22_to_21",7,0.02
"Rough_Mountain",22,22,"22_to_22",137,0.32
"Rough_Mountain",23,23,"23_to_23",1,0
"Rough_Mountain",41,41,"41_to_41",29157,68.43
"Rough_Mountain",41,42,"41_to_42",1,0
"Rough_Mountain",41,43,"41_to_43",149,0.35
"Rough_Mountain",42,41,"42_to_41",4,0.01
"Rough_Mountain",42,42,"42_to_42",1040,2.44
"Rough_Mountain",42,43,"42_to_43",62,0.15
"Rough_Mountain",43,41,"43_to_41",9,0.02
"Rough_Mountain",43,42,"43_to_42",8,0.02
"Rough_Mountain",43,43,"43_to_43",11543,27.09
"Rough_Mountain",81,81,"81_to_81",1,0
"Round_Island",11,11,"11_to_11",32,1.76
"Round_Island",11,31,"11_to_31",8,0.44
"Round_Island",31,11,"31_to_11",11,0.61
"Round_Island",31,31,"31_to_31",282,15.55
"Round_Island",31,90,"31_to_90",1,0.06
"Round_Island",41,41,"41_to_41",522,28.78
"Round_Island",41,43,"41_to_43",5,0.28
"Round_Island",42,42,"42_to_42",450,24.81
"Round_Island",42,43,"42_to_43",1,0.06
"Round_Island",43,41,"43_to_41",1,0.06
"Round_Island",43,42,"43_to_42",17,0.94
"Round_Island",43,43,"43_to_43",330,18.19
"Round_Island",90,90,"90_to_90",154,8.49
"Ruby_Mountains",11,11,"11_to_11",394,0.09
"Ruby_Mountains",11,42,"11_to_42",2,0
"Ruby_Mountains",11,52,"11_to_52",1,0
"Ruby_Mountains",11,90,"11_to_90",1,0
"Ruby_Mountains",12,12,"12_to_12",4,0
"Ruby_Mountains",21,21,"21_to_21",6,0
"Ruby_Mountains",21,22,"21_to_22",2,0
"Ruby_Mountains",22,22,"22_to_22",11,0
"Ruby_Mountains",31,11,"31_to_11",1,0
"Ruby_Mountains",31,31,"31_to_31",6902,1.63
"Ruby_Mountains",31,42,"31_to_42",20,0
"Ruby_Mountains",31,52,"31_to_52",260,0.06
"Ruby_Mountains",31,71,"31_to_71",69,0.02
"Ruby_Mountains",41,21,"41_to_21",1,0
"Ruby_Mountains",41,22,"41_to_22",8,0
"Ruby_Mountains",41,41,"41_to_41",41318,9.75
"Ruby_Mountains",41,42,"41_to_42",2969,0.7
"Ruby_Mountains",41,52,"41_to_52",832,0.2
"Ruby_Mountains",42,11,"42_to_11",12,0
"Ruby_Mountains",42,22,"42_to_22",6,0
"Ruby_Mountains",42,31,"42_to_31",49,0.01
"Ruby_Mountains",42,41,"42_to_41",3012,0.71
"Ruby_Mountains",42,42,"42_to_42",35635,8.41
"Ruby_Mountains",42,52,"42_to_52",1974,0.47
"Ruby_Mountains",42,71,"42_to_71",11,0
"Ruby_Mountains",42,90,"42_to_90",8,0
"Ruby_Mountains",52,11,"52_to_11",6,0
"Ruby_Mountains",52,21,"52_to_21",8,0
"Ruby_Mountains",52,22,"52_to_22",30,0.01
"Ruby_Mountains",52,31,"52_to_31",273,0.06
"Ruby_Mountains",52,41,"52_to_41",21952,5.18
"Ruby_Mountains",52,42,"52_to_42",22363,5.27
"Ruby_Mountains",52,52,"52_to_52",264832,62.46
"Ruby_Mountains",52,71,"52_to_71",152,0.04
"Ruby_Mountains",52,90,"52_to_90",25,0.01
"Ruby_Mountains",71,31,"71_to_31",219,0.05
"Ruby_Mountains",71,41,"71_to_41",32,0.01
"Ruby_Mountains",71,42,"71_to_42",24,0.01
"Ruby_Mountains",71,52,"71_to_52",1902,0.45
"Ruby_Mountains",71,71,"71_to_71",17710,4.18
"Ruby_Mountains",71,95,"71_to_95",2,0
"Ruby_Mountains",90,11,"90_to_11",1,0
"Ruby_Mountains",90,41,"90_to_41",1,0
"Ruby_Mountains",90,42,"90_to_42",1,0
"Ruby_Mountains",90,52,"90_to_52",4,0
"Ruby_Mountains",90,90,"90_to_90",811,0.19
"Ruby_Mountains",90,95,"90_to_95",1,0
"Ruby_Mountains",95,52,"95_to_52",7,0
"Ruby_Mountains",95,90,"95_to_90",17,0
"Ruby_Mountains",95,95,"95_to_95",91,0.02
"Russian",11,11,"11_to_11",547,0.95
"Russian",11,31,"11_to_31",3,0.01
"Russian",11,42,"11_to_42",28,0.05
"Russian",11,52,"11_to_52",4,0.01
"Russian",11,90,"11_to_90",1,0
"Russian",12,12,"12_to_12",13,0.02
"Russian",21,21,"21_to_21",198,0.34
"Russian",21,22,"21_to_22",5,0.01
"Russian",21,42,"21_to_42",29,0.05
"Russian",21,52,"21_to_52",4,0.01
"Russian",22,21,"22_to_21",16,0.03
"Russian",22,22,"22_to_22",160,0.28
"Russian",22,42,"22_to_42",1,0
"Russian",23,22,"23_to_22",1,0
"Russian",31,31,"31_to_31",1763,3.05
"Russian",31,42,"31_to_42",83,0.14
"Russian",31,52,"31_to_52",30,0.05
"Russian",31,71,"31_to_71",5,0.01
"Russian",42,11,"42_to_11",8,0.01
"Russian",42,21,"42_to_21",4,0.01
"Russian",42,31,"42_to_31",313,0.54
"Russian",42,42,"42_to_42",34267,59.33
"Russian",42,52,"42_to_52",4306,7.46
"Russian",42,71,"42_to_71",463,0.8
"Russian",42,90,"42_to_90",11,0.02
"Russian",52,11,"52_to_11",1,0
"Russian",52,21,"52_to_21",9,0.02
"Russian",52,22,"52_to_22",1,0
"Russian",52,23,"52_to_23",1,0
"Russian",52,31,"52_to_31",212,0.37
"Russian",52,42,"52_to_42",1415,2.45
"Russian",52,52,"52_to_52",12411,21.49
"Russian",52,71,"52_to_71",257,0.44
"Russian",52,90,"52_to_90",4,0.01
"Russian",71,31,"71_to_31",2,0
"Russian",71,52,"71_to_52",12,0.02
"Russian",71,71,"71_to_71",140,0.24
"Russian",90,42,"90_to_42",3,0.01
"Russian",90,90,"90_to_90",964,1.67
"Russian",90,95,"90_to_95",5,0.01
"Russian",95,90,"95_to_90",21,0.04
"Russian",95,95,"95_to_95",34,0.06
"Sabinoso",21,21,"21_to_21",59,0.04
"Sabinoso",21,22,"21_to_22",1,0
"Sabinoso",21,52,"21_to_52",8,0.01
"Sabinoso",22,22,"22_to_22",107,0.07
"Sabinoso",42,21,"42_to_21",14,0.01
"Sabinoso",42,42,"42_to_42",68822,47.3
"Sabinoso",42,52,"42_to_52",1595,1.1
"Sabinoso",42,71,"42_to_71",5,0
"Sabinoso",52,21,"52_to_21",49,0.03
"Sabinoso",52,42,"52_to_42",3631,2.5
"Sabinoso",52,52,"52_to_52",71206,48.94
"Sabinoso",90,90,"90_to_90",2,0
"Sabinoso",95,95,"95_to_95",12,0.01
"Sacatar_Trail",21,21,"21_to_21",14,0.01
"Sacatar_Trail",42,42,"42_to_42",97410,40.46
"Sacatar_Trail",42,52,"42_to_52",4696,1.95
"Sacatar_Trail",42,71,"42_to_71",2,0
"Sacatar_Trail",52,21,"52_to_21",30,0.01
"Sacatar_Trail",52,42,"52_to_42",2993,1.24
"Sacatar_Trail",52,52,"52_to_52",134962,56.06
"Sacatar_Trail",52,71,"52_to_71",7,0
"Sacatar_Trail",52,90,"52_to_90",7,0
"Sacatar_Trail",71,52,"71_to_52",333,0.14
"Sacatar_Trail",81,52,"81_to_52",5,0
"Sacatar_Trail",81,81,"81_to_81",2,0
"Sacatar_Trail",90,52,"90_to_52",4,0
"Sacatar_Trail",90,90,"90_to_90",82,0.03
"Sacatar_Trail",90,95,"90_to_95",7,0
"Sacatar_Trail",95,52,"95_to_52",5,0
"Sacatar_Trail",95,90,"95_to_90",60,0.02
"Sacatar_Trail",95,95,"95_to_95",124,0.05
"Saddle_Mountain",21,21,"21_to_21",118,0.06
"Saddle_Mountain",21,42,"21_to_42",2,0
"Saddle_Mountain",21,52,"21_to_52",2,0
"Saddle_Mountain",22,22,"22_to_22",14,0.01
"Saddle_Mountain",31,31,"31_to_31",48,0.03
"Saddle_Mountain",41,21,"41_to_21",2,0
"Saddle_Mountain",41,41,"41_to_41",4224,2.24
"Saddle_Mountain",41,42,"41_to_42",1163,0.62
"Saddle_Mountain",41,43,"41_to_43",227,0.12
"Saddle_Mountain",41,52,"41_to_52",2378,1.26
"Saddle_Mountain",41,71,"41_to_71",9,0
"Saddle_Mountain",42,21,"42_to_21",21,0.01
"Saddle_Mountain",42,22,"42_to_22",2,0
"Saddle_Mountain",42,41,"42_to_41",432,0.23
"Saddle_Mountain",42,42,"42_to_42",92932,49.35
"Saddle_Mountain",42,43,"42_to_43",376,0.2
"Saddle_Mountain",42,52,"42_to_52",26444,14.04
"Saddle_Mountain",42,71,"42_to_71",241,0.13
"Saddle_Mountain",42,81,"42_to_81",1,0
"Saddle_Mountain",43,41,"43_to_41",8,0
"Saddle_Mountain",43,42,"43_to_42",449,0.24
"Saddle_Mountain",43,43,"43_to_43",2581,1.37
"Saddle_Mountain",43,52,"43_to_52",396,0.21
"Saddle_Mountain",52,21,"52_to_21",133,0.07
"Saddle_Mountain",52,22,"52_to_22",6,0
"Saddle_Mountain",52,31,"52_to_31",2,0
"Saddle_Mountain",52,41,"52_to_41",350,0.19
"Saddle_Mountain",52,42,"52_to_42",3501,1.86
"Saddle_Mountain",52,43,"52_to_43",4,0
"Saddle_Mountain",52,52,"52_to_52",51285,27.23
"Saddle_Mountain",52,71,"52_to_71",903,0.48
"Saddle_Mountain",52,81,"52_to_81",3,0
"Saddle_Mountain",52,95,"52_to_95",1,0
"Saddle_Mountain",71,42,"71_to_42",1,0
"Saddle_Mountain",71,52,"71_to_52",39,0.02
"Saddle_Mountain",90,90,"90_to_90",30,0.02
"Saddle_Peak_Hills",31,31,"31_to_31",5,0.07
"Saddle_Peak_Hills",31,52,"31_to_52",1,0.01
"Saddle_Peak_Hills",52,31,"52_to_31",1,0.01
"Saddle_Peak_Hills",52,52,"52_to_52",7080,99.9
"Saguaro",21,21,"21_to_21",22,0.01
"Saguaro",21,22,"21_to_22",1,0
"Saguaro",22,22,"22_to_22",36,0.01
"Saguaro",23,23,"23_to_23",1,0
"Saguaro",41,41,"41_to_41",17,0.01
"Saguaro",41,42,"41_to_42",11,0
"Saguaro",42,21,"42_to_21",1,0
"Saguaro",42,42,"42_to_42",90170,27.7
"Saguaro",42,52,"42_to_52",15394,4.73
"Saguaro",52,21,"52_to_21",48,0.01
"Saguaro",52,22,"52_to_22",6,0
"Saguaro",52,42,"52_to_42",455,0.14
"Saguaro",52,52,"52_to_52",219302,67.38
"Saguaro",71,42,"71_to_42",3,0
"Saguaro",71,52,"71_to_52",8,0
"Saguaro",90,90,"90_to_90",1,0
"Saguaro",90,95,"90_to_95",1,0
"Saguaro",95,95,"95_to_95",5,0
"Saint_Marys",21,21,"21_to_21",109,0.24
"Saint_Marys",21,43,"21_to_43",1,0
"Saint_Marys",21,52,"21_to_52",6,0.01
"Saint_Marys",22,22,"22_to_22",7,0.02
"Saint_Marys",31,31,"31_to_31",27,0.06
"Saint_Marys",31,41,"31_to_41",1,0
"Saint_Marys",41,41,"41_to_41",20402,45.52
"Saint_Marys",41,42,"41_to_42",19,0.04
"Saint_Marys",41,43,"41_to_43",182,0.41
"Saint_Marys",41,52,"41_to_52",280,0.62
"Saint_Marys",41,71,"41_to_71",5,0.01
"Saint_Marys",42,21,"42_to_21",1,0
"Saint_Marys",42,41,"42_to_41",11,0.02
"Saint_Marys",42,42,"42_to_42",1676,3.74
"Saint_Marys",42,43,"42_to_43",125,0.28
"Saint_Marys",42,52,"42_to_52",22,0.05
"Saint_Marys",42,71,"42_to_71",3,0.01
"Saint_Marys",43,21,"43_to_21",14,0.03
"Saint_Marys",43,41,"43_to_41",642,1.43
"Saint_Marys",43,42,"43_to_42",75,0.17
"Saint_Marys",43,43,"43_to_43",20954,46.76
"Saint_Marys",43,52,"43_to_52",226,0.5
"Saint_Marys",43,71,"43_to_71",12,0.03
"Saint_Marys",52,22,"52_to_22",1,0
"Saint_Marys",52,52,"52_to_52",1,0
"Saint_Marys",71,71,"71_to_71",9,0.02
"Saint_Marys",81,21,"81_to_21",2,0
"Saint_Marys",81,43,"81_to_43",2,0
"Saint_Marys",81,81,"81_to_81",1,0
"Salmo_Priest",11,11,"11_to_11",10,0.01
"Salmo_Priest",11,42,"11_to_42",1,0
"Salmo_Priest",12,12,"12_to_12",2,0
"Salmo_Priest",21,21,"21_to_21",7,0
"Salmo_Priest",22,22,"22_to_22",3,0
"Salmo_Priest",31,31,"31_to_31",602,0.32
"Salmo_Priest",31,42,"31_to_42",1,0
"Salmo_Priest",31,52,"31_to_52",3,0
"Salmo_Priest",31,71,"31_to_71",2,0
"Salmo_Priest",41,41,"41_to_41",4,0
"Salmo_Priest",41,42,"41_to_42",3,0
"Salmo_Priest",42,11,"42_to_11",1,0
"Salmo_Priest",42,31,"42_to_31",35,0.02
"Salmo_Priest",42,41,"42_to_41",3,0
"Salmo_Priest",42,42,"42_to_42",160536,85.38
"Salmo_Priest",42,52,"42_to_52",6962,3.7
"Salmo_Priest",42,71,"42_to_71",3242,1.72
"Salmo_Priest",43,43,"43_to_43",4,0
"Salmo_Priest",52,21,"52_to_21",1,0
"Salmo_Priest",52,31,"52_to_31",25,0.01
"Salmo_Priest",52,42,"52_to_42",5467,2.91
"Salmo_Priest",52,43,"52_to_43",23,0.01
"Salmo_Priest",52,52,"52_to_52",8749,4.65
"Salmo_Priest",52,71,"52_to_71",202,0.11
"Salmo_Priest",71,31,"71_to_31",2,0
"Salmo_Priest",71,41,"71_to_41",7,0
"Salmo_Priest",71,42,"71_to_42",747,0.4
"Salmo_Priest",71,43,"71_to_43",1,0
"Salmo_Priest",71,52,"71_to_52",645,0.34
"Salmo_Priest",71,71,"71_to_71",677,0.36
"Salmo_Priest",90,42,"90_to_42",9,0
"Salmo_Priest",90,90,"90_to_90",60,0.03
"Salmon_Huckleberry",11,11,"11_to_11",23,0.01
"Salmon_Huckleberry",11,42,"11_to_42",12,0
"Salmon_Huckleberry",21,21,"21_to_21",426,0.15
"Salmon_Huckleberry",21,42,"21_to_42",43,0.02
"Salmon_Huckleberry",22,21,"22_to_21",5,0
"Salmon_Huckleberry",22,22,"22_to_22",28,0.01
"Salmon_Huckleberry",31,52,"31_to_52",2,0
"Salmon_Huckleberry",41,41,"41_to_41",13,0
"Salmon_Huckleberry",41,42,"41_to_42",2,0
"Salmon_Huckleberry",41,43,"41_to_43",1,0
"Salmon_Huckleberry",42,11,"42_to_11",4,0
"Salmon_Huckleberry",42,21,"42_to_21",35,0.01
"Salmon_Huckleberry",42,42,"42_to_42",275880,97.32
"Salmon_Huckleberry",42,43,"42_to_43",75,0.03
"Salmon_Huckleberry",42,52,"42_to_52",40,0.01
"Salmon_Huckleberry",42,90,"42_to_90",22,0.01
"Salmon_Huckleberry",43,22,"43_to_22",1,0
"Salmon_Huckleberry",43,42,"43_to_42",28,0.01
"Salmon_Huckleberry",43,43,"43_to_43",558,0.2
"Salmon_Huckleberry",43,52,"43_to_52",32,0.01
"Salmon_Huckleberry",43,71,"43_to_71",1,0
"Salmon_Huckleberry",52,21,"52_to_21",4,0
"Salmon_Huckleberry",52,41,"52_to_41",6,0
"Salmon_Huckleberry",52,42,"52_to_42",2921,1.03
"Salmon_Huckleberry",52,43,"52_to_43",257,0.09
"Salmon_Huckleberry",52,52,"52_to_52",1367,0.48
"Salmon_Huckleberry",52,71,"52_to_71",3,0
"Salmon_Huckleberry",71,31,"71_to_31",2,0
"Salmon_Huckleberry",71,42,"71_to_42",301,0.11
"Salmon_Huckleberry",71,43,"71_to_43",33,0.01
"Salmon_Huckleberry",71,52,"71_to_52",31,0.01
"Salmon_Huckleberry",71,71,"71_to_71",4,0
"Salmon_Huckleberry",90,42,"90_to_42",16,0.01
"Salmon_Huckleberry",90,90,"90_to_90",899,0.32
"Salmon_Huckleberry",90,95,"90_to_95",66,0.02
"Salmon_Huckleberry",95,90,"95_to_90",54,0.02
"Salmon_Huckleberry",95,95,"95_to_95",280,0.1
"Salome",21,21,"21_to_21",19,0.02
"Salome",22,22,"22_to_22",173,0.2
"Salome",23,23,"23_to_23",2,0
"Salome",31,31,"31_to_31",5,0.01
"Salome",42,21,"42_to_21",11,0.01
"Salome",42,22,"42_to_22",1,0
"Salome",42,42,"42_to_42",28982,34.27
"Salome",42,43,"42_to_43",14,0.02
"Salome",42,52,"42_to_52",1869,2.21
"Salome",42,90,"42_to_90",3,0
"Salome",43,42,"43_to_42",21,0.02
"Salome",43,43,"43_to_43",2,0
"Salome",43,52,"43_to_52",15,0.02
"Salome",52,21,"52_to_21",6,0.01
"Salome",52,22,"52_to_22",5,0.01
"Salome",52,42,"52_to_42",684,0.81
"Salome",52,43,"52_to_43",28,0.03
"Salome",52,52,"52_to_52",52632,62.23
"Salome",52,90,"52_to_90",6,0.01
"Salome",71,52,"71_to_52",9,0.01
"Salome",71,71,"71_to_71",6,0.01
"Salome",90,42,"90_to_42",1,0
"Salome",90,90,"90_to_90",87,0.1
"Salt_Creek",21,21,"21_to_21",17,0.04
"Salt_Creek",21,22,"21_to_22",1,0
"Salt_Creek",21,52,"21_to_52",1,0
"Salt_Creek",22,22,"22_to_22",15,0.03
"Salt_Creek",31,22,"31_to_22",1,0
"Salt_Creek",31,31,"31_to_31",12,0.03
"Salt_Creek",31,52,"31_to_52",199,0.45
"Salt_Creek",31,71,"31_to_71",1,0
"Salt_Creek",41,52,"41_to_52",8,0.02
"Salt_Creek",52,21,"52_to_21",7,0.02
"Salt_Creek",52,22,"52_to_22",26,0.06
"Salt_Creek",52,23,"52_to_23",3,0.01
"Salt_Creek",52,52,"52_to_52",40323,91.15
"Salt_Creek",52,71,"52_to_71",1,0
"Salt_Creek",52,81,"52_to_81",6,0.01
"Salt_Creek",52,90,"52_to_90",78,0.18
"Salt_Creek",52,95,"52_to_95",11,0.02
"Salt_Creek",71,52,"71_to_52",809,1.83
"Salt_Creek",71,71,"71_to_71",75,0.17
"Salt_Creek",71,90,"71_to_90",1,0
"Salt_Creek",90,52,"90_to_52",52,0.12
"Salt_Creek",90,90,"90_to_90",2064,4.67
"Salt_Creek",90,95,"90_to_95",97,0.22
"Salt_Creek",95,52,"95_to_52",55,0.12
"Salt_Creek",95,90,"95_to_90",214,0.48
"Salt_Creek",95,95,"95_to_95",159,0.36
"Salt_River_Canyon",11,11,"11_to_11",72,0.05
"Salt_River_Canyon",11,42,"11_to_42",12,0.01
"Salt_River_Canyon",11,43,"11_to_43",1,0
"Salt_River_Canyon",11,52,"11_to_52",774,0.53
"Salt_River_Canyon",11,90,"11_to_90",107,0.07
"Salt_River_Canyon",11,95,"11_to_95",1,0
"Salt_River_Canyon",22,22,"22_to_22",1,0
"Salt_River_Canyon",22,52,"22_to_52",1,0
"Salt_River_Canyon",43,52,"43_to_52",1,0
"Salt_River_Canyon",52,11,"52_to_11",36,0.02
"Salt_River_Canyon",52,42,"52_to_42",8,0.01
"Salt_River_Canyon",52,52,"52_to_52",141351,96.39
"Salt_River_Canyon",52,71,"52_to_71",3546,2.42
"Salt_River_Canyon",52,90,"52_to_90",61,0.04
"Salt_River_Canyon",52,95,"52_to_95",2,0
"Salt_River_Canyon",71,52,"71_to_52",1,0
"Salt_River_Canyon",90,11,"90_to_11",4,0
"Salt_River_Canyon",90,52,"90_to_52",17,0.01
"Salt_River_Canyon",90,90,"90_to_90",612,0.42
"Salt_River_Canyon",90,95,"90_to_95",1,0
"Salt_River_Canyon",95,52,"95_to_52",4,0
"Salt_River_Canyon",95,90,"95_to_90",27,0.02
"Salt_River_Canyon",95,95,"95_to_95",7,0
"Sampson_Mountain",11,41,"11_to_41",1,0
"Sampson_Mountain",21,21,"21_to_21",17,0.03
"Sampson_Mountain",21,81,"21_to_81",1,0
"Sampson_Mountain",41,41,"41_to_41",19041,38.25
"Sampson_Mountain",41,42,"41_to_42",2,0
"Sampson_Mountain",41,43,"41_to_43",1583,3.18
"Sampson_Mountain",42,41,"42_to_41",425,0.85
"Sampson_Mountain",42,42,"42_to_42",201,0.4
"Sampson_Mountain",42,43,"42_to_43",3242,6.51
"Sampson_Mountain",43,21,"43_to_21",6,0.01
"Sampson_Mountain",43,41,"43_to_41",2635,5.29
"Sampson_Mountain",43,42,"43_to_42",73,0.15
"Sampson_Mountain",43,43,"43_to_43",22505,45.21
"Sampson_Mountain",52,43,"52_to_43",1,0
"Sampson_Mountain",71,41,"71_to_41",13,0.03
"Sampson_Mountain",71,42,"71_to_42",13,0.03
"Sampson_Mountain",71,43,"71_to_43",16,0.03
"San_Gabriel",21,21,"21_to_21",113,0.07
"San_Gabriel",21,22,"21_to_22",8,0
"San_Gabriel",21,52,"21_to_52",108,0.07
"San_Gabriel",21,71,"21_to_71",9,0.01
"San_Gabriel",22,21,"22_to_21",2,0
"San_Gabriel",22,22,"22_to_22",175,0.11
"San_Gabriel",22,52,"22_to_52",15,0.01
"San_Gabriel",23,22,"23_to_22",1,0
"San_Gabriel",31,31,"31_to_31",12,0.01
"San_Gabriel",31,52,"31_to_52",1,0
"San_Gabriel",41,41,"41_to_41",9,0.01
"San_Gabriel",41,42,"41_to_42",2,0
"San_Gabriel",41,43,"41_to_43",1,0
"San_Gabriel",41,52,"41_to_52",259,0.16
"San_Gabriel",41,71,"41_to_71",56,0.03
"San_Gabriel",42,21,"42_to_21",8,0
"San_Gabriel",42,22,"42_to_22",9,0.01
"San_Gabriel",42,41,"42_to_41",1,0
"San_Gabriel",42,42,"42_to_42",11343,6.99
"San_Gabriel",42,43,"42_to_43",89,0.05
"San_Gabriel",42,52,"42_to_52",41850,25.77
"San_Gabriel",42,71,"42_to_71",4287,2.64
"San_Gabriel",42,90,"42_to_90",44,0.03
"San_Gabriel",42,95,"42_to_95",4,0
"San_Gabriel",43,21,"43_to_21",1,0
"San_Gabriel",43,42,"43_to_42",17,0.01
"San_Gabriel",43,43,"43_to_43",63,0.04
"San_Gabriel",43,52,"43_to_52",11522,7.1
"San_Gabriel",43,71,"43_to_71",5936,3.66
"San_Gabriel",52,21,"52_to_21",14,0.01
"San_Gabriel",52,22,"52_to_22",20,0.01
"San_Gabriel",52,23,"52_to_23",2,0
"San_Gabriel",52,31,"52_to_31",6,0
"San_Gabriel",52,42,"52_to_42",331,0.2
"San_Gabriel",52,43,"52_to_43",6,0
"San_Gabriel",52,52,"52_to_52",46182,28.44
"San_Gabriel",52,71,"52_to_71",34565,21.29
"San_Gabriel",52,90,"52_to_90",6,0
"San_Gabriel",52,95,"52_to_95",2,0
"San_Gabriel",71,31,"71_to_31",1,0
"San_Gabriel",71,42,"71_to_42",45,0.03
"San_Gabriel",71,52,"71_to_52",1382,0.85
"San_Gabriel",71,71,"71_to_71",3403,2.1
"San_Gabriel",90,52,"90_to_52",35,0.02
"San_Gabriel",90,71,"90_to_71",28,0.02
"San_Gabriel",90,90,"90_to_90",385,0.24
"San_Gabriel",90,95,"90_to_95",15,0.01
"San_Gabriel",95,90,"95_to_90",1,0
"San_Gorgonio",12,12,"12_to_12",1,0
"San_Gorgonio",21,21,"21_to_21",117,0.02
"San_Gorgonio",21,22,"21_to_22",6,0
"San_Gorgonio",21,42,"21_to_42",17,0
"San_Gorgonio",21,52,"21_to_52",73,0.01
"San_Gorgonio",21,71,"21_to_71",1,0
"San_Gorgonio",21,90,"21_to_90",1,0
"San_Gorgonio",22,22,"22_to_22",404,0.07
"San_Gorgonio",22,23,"22_to_23",12,0
"San_Gorgonio",22,52,"22_to_52",10,0
"San_Gorgonio",22,90,"22_to_90",1,0
"San_Gorgonio",23,22,"23_to_22",4,0
"San_Gorgonio",23,23,"23_to_23",141,0.03
"San_Gorgonio",23,24,"23_to_24",1,0
"San_Gorgonio",23,31,"23_to_31",4,0
"San_Gorgonio",23,52,"23_to_52",4,0
"San_Gorgonio",23,95,"23_to_95",2,0
"San_Gorgonio",24,23,"24_to_23",3,0
"San_Gorgonio",24,24,"24_to_24",1,0
"San_Gorgonio",24,31,"24_to_31",1,0
"San_Gorgonio",31,23,"31_to_23",10,0
"San_Gorgonio",31,31,"31_to_31",7090,1.32
"San_Gorgonio",31,42,"31_to_42",9,0
"San_Gorgonio",31,52,"31_to_52",738,0.14
"San_Gorgonio",31,95,"31_to_95",30,0.01
"San_Gorgonio",41,41,"41_to_41",5,0
"San_Gorgonio",41,42,"41_to_42",18,0
"San_Gorgonio",41,43,"41_to_43",1,0
"San_Gorgonio",41,52,"41_to_52",107,0.02
"San_Gorgonio",41,90,"41_to_90",1,0
"San_Gorgonio",42,21,"42_to_21",105,0.02
"San_Gorgonio",42,22,"42_to_22",55,0.01
"San_Gorgonio",42,23,"42_to_23",5,0
"San_Gorgonio",42,31,"42_to_31",36,0.01
"San_Gorgonio",42,41,"42_to_41",7,0
"San_Gorgonio",42,42,"42_to_42",53588,9.95
"San_Gorgonio",42,43,"42_to_43",1021,0.19
"San_Gorgonio",42,52,"42_to_52",108041,20.05
"San_Gorgonio",42,71,"42_to_71",30915,5.74
"San_Gorgonio",42,90,"42_to_90",113,0.02
"San_Gorgonio",43,21,"43_to_21",1,0
"San_Gorgonio",43,42,"43_to_42",100,0.02
"San_Gorgonio",43,43,"43_to_43",614,0.11
"San_Gorgonio",43,52,"43_to_52",2363,0.44
"San_Gorgonio",43,71,"43_to_71",99,0.02
"San_Gorgonio",52,11,"52_to_11",26,0
"San_Gorgonio",52,21,"52_to_21",79,0.01
"San_Gorgonio",52,22,"52_to_22",77,0.01
"San_Gorgonio",52,23,"52_to_23",30,0.01
"San_Gorgonio",52,24,"52_to_24",1,0
"San_Gorgonio",52,31,"52_to_31",1195,0.22
"San_Gorgonio",52,41,"52_to_41",15,0
"San_Gorgonio",52,42,"52_to_42",3351,0.62
"San_Gorgonio",52,43,"52_to_43",732,0.14
"San_Gorgonio",52,52,"52_to_52",308667,57.29
"San_Gorgonio",52,71,"52_to_71",14512,2.69
"San_Gorgonio",52,90,"52_to_90",171,0.03
"San_Gorgonio",52,95,"52_to_95",126,0.02
"San_Gorgonio",71,42,"71_to_42",71,0.01
"San_Gorgonio",71,52,"71_to_52",1401,0.26
"San_Gorgonio",71,71,"71_to_71",988,0.18
"San_Gorgonio",90,11,"90_to_11",1,0
"San_Gorgonio",90,21,"90_to_21",2,0
"San_Gorgonio",90,22,"90_to_22",5,0
"San_Gorgonio",90,23,"90_to_23",3,0
"San_Gorgonio",90,31,"90_to_31",18,0
"San_Gorgonio",90,42,"90_to_42",4,0
"San_Gorgonio",90,52,"90_to_52",225,0.04
"San_Gorgonio",90,90,"90_to_90",1016,0.19
"San_Gorgonio",90,95,"90_to_95",98,0.02
"San_Gorgonio",95,23,"95_to_23",1,0
"San_Gorgonio",95,24,"95_to_24",1,0
"San_Gorgonio",95,31,"95_to_31",9,0
"San_Gorgonio",95,42,"95_to_42",1,0
"San_Gorgonio",95,52,"95_to_52",3,0
"San_Gorgonio",95,90,"95_to_90",9,0
"San_Gorgonio",95,95,"95_to_95",69,0.01
"San_Jacinto",21,21,"21_to_21",2,0
"San_Jacinto",21,22,"21_to_22",1,0
"San_Jacinto",21,52,"21_to_52",2,0
"San_Jacinto",22,22,"22_to_22",23,0.02
"San_Jacinto",23,22,"23_to_22",1,0
"San_Jacinto",23,23,"23_to_23",16,0.01
"San_Jacinto",31,31,"31_to_31",77,0.05
"San_Jacinto",31,42,"31_to_42",18,0.01
"San_Jacinto",31,52,"31_to_52",6,0
"San_Jacinto",41,41,"41_to_41",50,0.03
"San_Jacinto",41,42,"41_to_42",5,0
"San_Jacinto",41,52,"41_to_52",339,0.22
"San_Jacinto",42,21,"42_to_21",5,0
"San_Jacinto",42,22,"42_to_22",8,0.01
"San_Jacinto",42,31,"42_to_31",1,0
"San_Jacinto",42,41,"42_to_41",1,0
"San_Jacinto",42,42,"42_to_42",23640,15.62
"San_Jacinto",42,43,"42_to_43",223,0.15
"San_Jacinto",42,52,"42_to_52",26582,17.57
"San_Jacinto",42,71,"42_to_71",96,0.06
"San_Jacinto",43,42,"43_to_42",24,0.02
"San_Jacinto",43,43,"43_to_43",183,0.12
"San_Jacinto",43,52,"43_to_52",1561,1.03
"San_Jacinto",43,71,"43_to_71",42,0.03
"San_Jacinto",52,21,"52_to_21",4,0
"San_Jacinto",52,22,"52_to_22",16,0.01
"San_Jacinto",52,23,"52_to_23",10,0.01
"San_Jacinto",52,31,"52_to_31",14,0.01
"San_Jacinto",52,41,"52_to_41",9,0.01
"San_Jacinto",52,42,"52_to_42",2244,1.48
"San_Jacinto",52,43,"52_to_43",97,0.06
"San_Jacinto",52,52,"52_to_52",84398,55.78
"San_Jacinto",52,71,"52_to_71",5651,3.73
"San_Jacinto",52,90,"52_to_90",7,0
"San_Jacinto",71,42,"71_to_42",118,0.08
"San_Jacinto",71,52,"71_to_52",4362,2.88
"San_Jacinto",71,71,"71_to_71",1261,0.83
"San_Jacinto",90,42,"90_to_42",1,0
"San_Jacinto",90,52,"90_to_52",7,0
"San_Jacinto",90,90,"90_to_90",167,0.11
"San_Jacinto",90,95,"90_to_95",1,0
"San_Jacinto",95,90,"95_to_90",9,0.01
"San_Jacinto",95,95,"95_to_95",22,0.01
"San_Juan",11,11,"11_to_11",1143,41.28
"San_Juan",11,31,"11_to_31",8,0.29
"San_Juan",11,42,"11_to_42",34,1.23
"San_Juan",11,52,"11_to_52",26,0.94
"San_Juan",11,71,"11_to_71",5,0.18
"San_Juan",11,95,"11_to_95",69,2.49
"San_Juan",21,21,"21_to_21",3,0.11
"San_Juan",22,22,"22_to_22",2,0.07
"San_Juan",22,95,"22_to_95",1,0.04
"San_Juan",31,11,"31_to_11",10,0.36
"San_Juan",31,31,"31_to_31",157,5.67
"San_Juan",31,42,"31_to_42",10,0.36
"San_Juan",31,52,"31_to_52",23,0.83
"San_Juan",31,71,"31_to_71",3,0.11
"San_Juan",42,11,"42_to_11",1,0.04
"San_Juan",42,42,"42_to_42",835,30.16
"San_Juan",42,52,"42_to_52",6,0.22
"San_Juan",52,11,"52_to_11",1,0.04
"San_Juan",52,42,"52_to_42",5,0.18
"San_Juan",52,52,"52_to_52",151,5.45
"San_Juan",71,42,"71_to_42",1,0.04
"San_Juan",71,52,"71_to_52",2,0.07
"San_Juan",71,71,"71_to_71",25,0.9
"San_Juan",90,90,"90_to_90",1,0.04
"San_Juan",95,11,"95_to_11",4,0.14
"San_Juan",95,95,"95_to_95",243,8.78
"San_Mateo_Canyon",21,21,"21_to_21",85,0.05
"San_Mateo_Canyon",21,22,"21_to_22",13,0.01
"San_Mateo_Canyon",21,43,"21_to_43",1,0
"San_Mateo_Canyon",21,52,"21_to_52",7,0
"San_Mateo_Canyon",22,22,"22_to_22",50,0.03
"San_Mateo_Canyon",42,42,"42_to_42",2087,1.15
"San_Mateo_Canyon",42,43,"42_to_43",1784,0.98
"San_Mateo_Canyon",42,52,"42_to_52",476,0.26
"San_Mateo_Canyon",42,90,"42_to_90",2,0
"San_Mateo_Canyon",43,21,"43_to_21",3,0
"San_Mateo_Canyon",43,42,"43_to_42",1200,0.66
"San_Mateo_Canyon",43,43,"43_to_43",27419,15.05
"San_Mateo_Canyon",43,52,"43_to_52",14234,7.81
"San_Mateo_Canyon",43,71,"43_to_71",224,0.12
"San_Mateo_Canyon",43,90,"43_to_90",26,0.01
"San_Mateo_Canyon",52,21,"52_to_21",23,0.01
"San_Mateo_Canyon",52,22,"52_to_22",8,0
"San_Mateo_Canyon",52,42,"52_to_42",201,0.11
"San_Mateo_Canyon",52,43,"52_to_43",6223,3.41
"San_Mateo_Canyon",52,52,"52_to_52",116531,63.94
"San_Mateo_Canyon",52,71,"52_to_71",1671,0.92
"San_Mateo_Canyon",52,90,"52_to_90",29,0.02
"San_Mateo_Canyon",71,21,"71_to_21",3,0
"San_Mateo_Canyon",71,42,"71_to_42",101,0.06
"San_Mateo_Canyon",71,43,"71_to_43",1074,0.59
"San_Mateo_Canyon",71,52,"71_to_52",7938,4.36
"San_Mateo_Canyon",71,71,"71_to_71",149,0.08
"San_Mateo_Canyon",90,42,"90_to_42",1,0
"San_Mateo_Canyon",90,43,"90_to_43",14,0.01
"San_Mateo_Canyon",90,52,"90_to_52",26,0.01
"San_Mateo_Canyon",90,90,"90_to_90",626,0.34
"San_Mateo_Canyon",95,90,"95_to_90",17,0.01
"San_Pedro_Parks",11,11,"11_to_11",92,0.05
"San_Pedro_Parks",21,21,"21_to_21",102,0.05
"San_Pedro_Parks",22,21,"22_to_21",1,0
"San_Pedro_Parks",22,22,"22_to_22",13,0.01
"San_Pedro_Parks",23,23,"23_to_23",1,0
"San_Pedro_Parks",41,41,"41_to_41",6552,3.51
"San_Pedro_Parks",41,42,"41_to_42",305,0.16
"San_Pedro_Parks",41,43,"41_to_43",226,0.12
"San_Pedro_Parks",41,52,"41_to_52",149,0.08
"San_Pedro_Parks",41,71,"41_to_71",105,0.06
"San_Pedro_Parks",42,11,"42_to_11",3,0
"San_Pedro_Parks",42,41,"42_to_41",82,0.04
"San_Pedro_Parks",42,42,"42_to_42",138146,73.98
"San_Pedro_Parks",42,43,"42_to_43",324,0.17
"San_Pedro_Parks",42,52,"42_to_52",73,0.04
"San_Pedro_Parks",42,71,"42_to_71",5430,2.91
"San_Pedro_Parks",42,90,"42_to_90",32,0.02
"San_Pedro_Parks",43,41,"43_to_41",83,0.04
"San_Pedro_Parks",43,42,"43_to_42",2483,1.33
"San_Pedro_Parks",43,43,"43_to_43",18893,10.12
"San_Pedro_Parks",43,71,"43_to_71",65,0.03
"San_Pedro_Parks",52,11,"52_to_11",9,0
"San_Pedro_Parks",52,21,"52_to_21",19,0.01
"San_Pedro_Parks",52,41,"52_to_41",10,0.01
"San_Pedro_Parks",52,42,"52_to_42",684,0.37
"San_Pedro_Parks",52,52,"52_to_52",5965,3.19
"San_Pedro_Parks",52,71,"52_to_71",38,0.02
"San_Pedro_Parks",71,11,"71_to_11",1,0
"San_Pedro_Parks",71,22,"71_to_22",1,0
"San_Pedro_Parks",71,42,"71_to_42",19,0.01
"San_Pedro_Parks",71,52,"71_to_52",15,0.01
"San_Pedro_Parks",71,71,"71_to_71",313,0.17
"San_Pedro_Parks",90,11,"90_to_11",4,0
"San_Pedro_Parks",90,42,"90_to_42",21,0.01
"San_Pedro_Parks",90,52,"90_to_52",3,0
"San_Pedro_Parks",90,90,"90_to_90",2986,1.6
"San_Pedro_Parks",90,95,"90_to_95",77,0.04
"San_Pedro_Parks",95,11,"95_to_11",8,0
"San_Pedro_Parks",95,52,"95_to_52",1,0
"San_Pedro_Parks",95,90,"95_to_90",63,0.03
"San_Pedro_Parks",95,95,"95_to_95",3347,1.79
"San_Rafael",21,21,"21_to_21",377,0.04
"San_Rafael",21,22,"21_to_22",31,0
"San_Rafael",21,42,"21_to_42",50,0.01
"San_Rafael",21,43,"21_to_43",12,0
"San_Rafael",21,52,"21_to_52",285,0.03
"San_Rafael",21,71,"21_to_71",2,0
"San_Rafael",22,21,"22_to_21",15,0
"San_Rafael",22,22,"22_to_22",377,0.04
"San_Rafael",22,43,"22_to_43",5,0
"San_Rafael",22,52,"22_to_52",30,0
"San_Rafael",22,90,"22_to_90",2,0
"San_Rafael",23,22,"23_to_22",1,0
"San_Rafael",31,31,"31_to_31",2,0
"San_Rafael",31,52,"31_to_52",3,0
"San_Rafael",31,71,"31_to_71",10,0
"San_Rafael",41,41,"41_to_41",4,0
"San_Rafael",41,42,"41_to_42",5,0
"San_Rafael",41,52,"41_to_52",74,0.01
"San_Rafael",42,21,"42_to_21",12,0
"San_Rafael",42,22,"42_to_22",15,0
"San_Rafael",42,42,"42_to_42",32635,3.78
"San_Rafael",42,43,"42_to_43",883,0.1
"San_Rafael",42,52,"42_to_52",93921,10.87
"San_Rafael",42,71,"42_to_71",41,0
"San_Rafael",43,21,"43_to_21",7,0
"San_Rafael",43,22,"43_to_22",3,0
"San_Rafael",43,42,"43_to_42",3407,0.39
"San_Rafael",43,43,"43_to_43",20913,2.42
"San_Rafael",43,52,"43_to_52",149701,17.32
"San_Rafael",43,71,"43_to_71",36,0
"San_Rafael",52,21,"52_to_21",176,0.02
"San_Rafael",52,22,"52_to_22",19,0
"San_Rafael",52,31,"52_to_31",2,0
"San_Rafael",52,42,"52_to_42",977,0.11
"San_Rafael",52,43,"52_to_43",9301,1.08
"San_Rafael",52,52,"52_to_52",528714,61.18
"San_Rafael",52,71,"52_to_71",6299,0.73
"San_Rafael",52,90,"52_to_90",77,0.01
"San_Rafael",52,95,"52_to_95",49,0.01
"San_Rafael",71,21,"71_to_21",20,0
"San_Rafael",71,22,"71_to_22",16,0
"San_Rafael",71,31,"71_to_31",31,0
"San_Rafael",71,42,"71_to_42",84,0.01
"San_Rafael",71,43,"71_to_43",38,0
"San_Rafael",71,52,"71_to_52",8099,0.94
"San_Rafael",71,71,"71_to_71",6617,0.77
"San_Rafael",71,95,"71_to_95",43,0
"San_Rafael",90,22,"90_to_22",2,0
"San_Rafael",90,42,"90_to_42",2,0
"San_Rafael",90,52,"90_to_52",42,0
"San_Rafael",90,90,"90_to_90",470,0.05
"San_Rafael",90,95,"90_to_95",13,0
"San_Rafael",95,31,"95_to_31",19,0
"San_Rafael",95,52,"95_to_52",30,0
"San_Rafael",95,71,"95_to_71",20,0
"San_Rafael",95,90,"95_to_90",23,0
"San_Rafael",95,95,"95_to_95",141,0.02
"San_Rafael_Reef",23,22,"23_to_22",1,0
"San_Rafael_Reef",23,23,"23_to_23",14,0
"San_Rafael_Reef",31,23,"31_to_23",2,0
"San_Rafael_Reef",31,31,"31_to_31",23416,7.67
"San_Rafael_Reef",31,52,"31_to_52",1514,0.5
"San_Rafael_Reef",42,42,"42_to_42",40,0.01
"San_Rafael_Reef",52,21,"52_to_21",1,0
"San_Rafael_Reef",52,23,"52_to_23",4,0
"San_Rafael_Reef",52,31,"52_to_31",722,0.24
"San_Rafael_Reef",52,42,"52_to_42",109,0.04
"San_Rafael_Reef",52,52,"52_to_52",279611,91.54
"San_Rafael_Reef",52,71,"52_to_71",2,0
"Sandia_Mountain",21,21,"21_to_21",73,0.04
"Sandia_Mountain",21,22,"21_to_22",2,0
"Sandia_Mountain",21,42,"21_to_42",1,0
"Sandia_Mountain",22,22,"22_to_22",116,0.07
"Sandia_Mountain",23,22,"23_to_22",1,0
"Sandia_Mountain",23,23,"23_to_23",1,0
"Sandia_Mountain",41,21,"41_to_21",5,0
"Sandia_Mountain",41,41,"41_to_41",8170,4.77
"Sandia_Mountain",41,42,"41_to_42",2041,1.19
"Sandia_Mountain",41,43,"41_to_43",145,0.08
"Sandia_Mountain",41,52,"41_to_52",218,0.13
"Sandia_Mountain",42,41,"42_to_41",118,0.07
"Sandia_Mountain",42,42,"42_to_42",125613,73.33
"Sandia_Mountain",42,43,"42_to_43",31,0.02
"Sandia_Mountain",42,52,"42_to_52",73,0.04
"Sandia_Mountain",42,90,"42_to_90",3,0
"Sandia_Mountain",43,41,"43_to_41",30,0.02
"Sandia_Mountain",43,42,"43_to_42",1537,0.9
"Sandia_Mountain",43,43,"43_to_43",4551,2.66
"Sandia_Mountain",52,21,"52_to_21",12,0.01
"Sandia_Mountain",52,22,"52_to_22",3,0
"Sandia_Mountain",52,41,"52_to_41",477,0.28
"Sandia_Mountain",52,42,"52_to_42",1639,0.96
"Sandia_Mountain",52,43,"52_to_43",1,0
"Sandia_Mountain",52,52,"52_to_52",26285,15.34
"Sandia_Mountain",71,52,"71_to_52",1,0
"Sandia_Mountain",90,90,"90_to_90",160,0.09
"Sandia_Mountain",95,90,"95_to_90",1,0
"Sandwich_Range",11,11,"11_to_11",172,0.11
"Sandwich_Range",11,42,"11_to_42",6,0
"Sandwich_Range",11,71,"11_to_71",2,0
"Sandwich_Range",11,90,"11_to_90",32,0.02
"Sandwich_Range",11,95,"11_to_95",8,0
"Sandwich_Range",21,21,"21_to_21",5,0
"Sandwich_Range",22,22,"22_to_22",5,0
"Sandwich_Range",31,31,"31_to_31",45,0.03
"Sandwich_Range",41,11,"41_to_11",2,0
"Sandwich_Range",41,31,"41_to_31",13,0.01
"Sandwich_Range",41,41,"41_to_41",40122,25.03
"Sandwich_Range",41,42,"41_to_42",3,0
"Sandwich_Range",41,43,"41_to_43",358,0.22
"Sandwich_Range",41,90,"41_to_90",3,0
"Sandwich_Range",42,11,"42_to_11",2,0
"Sandwich_Range",42,31,"42_to_31",1,0
"Sandwich_Range",42,42,"42_to_42",75690,47.21
"Sandwich_Range",42,43,"42_to_43",21,0.01
"Sandwich_Range",42,52,"42_to_52",1,0
"Sandwich_Range",43,11,"43_to_11",2,0
"Sandwich_Range",43,31,"43_to_31",6,0
"Sandwich_Range",43,41,"43_to_41",102,0.06
"Sandwich_Range",43,42,"43_to_42",650,0.41
"Sandwich_Range",43,43,"43_to_43",41749,26.04
"Sandwich_Range",52,41,"52_to_41",289,0.18
"Sandwich_Range",52,42,"52_to_42",46,0.03
"Sandwich_Range",52,43,"52_to_43",116,0.07
"Sandwich_Range",52,52,"52_to_52",95,0.06
"Sandwich_Range",71,11,"71_to_11",5,0
"Sandwich_Range",71,31,"71_to_31",1,0
"Sandwich_Range",71,41,"71_to_41",78,0.05
"Sandwich_Range",71,42,"71_to_42",1,0
"Sandwich_Range",71,43,"71_to_43",19,0.01
"Sandwich_Range",71,71,"71_to_71",24,0.01
"Sandwich_Range",90,11,"90_to_11",6,0
"Sandwich_Range",90,41,"90_to_41",1,0
"Sandwich_Range",90,90,"90_to_90",616,0.38
"Sandwich_Range",90,95,"90_to_95",3,0
"Sandwich_Range",95,11,"95_to_11",1,0
"Sandwich_Range",95,90,"95_to_90",10,0.01
"Sandwich_Range",95,95,"95_to_95",12,0.01
"Sangre_de_Cristo",11,11,"11_to_11",1198,0.12
"Sangre_de_Cristo",11,31,"11_to_31",12,0
"Sangre_de_Cristo",11,42,"11_to_42",14,0
"Sangre_de_Cristo",11,52,"11_to_52",2,0
"Sangre_de_Cristo",11,71,"11_to_71",1,0
"Sangre_de_Cristo",11,90,"11_to_90",12,0
"Sangre_de_Cristo",12,12,"12_to_12",7,0
"Sangre_de_Cristo",21,21,"21_to_21",28,0
"Sangre_de_Cristo",21,52,"21_to_52",3,0
"Sangre_de_Cristo",21,71,"21_to_71",5,0
"Sangre_de_Cristo",22,22,"22_to_22",47,0
"Sangre_de_Cristo",22,52,"22_to_52",1,0
"Sangre_de_Cristo",22,71,"22_to_71",1,0
"Sangre_de_Cristo",31,11,"31_to_11",8,0
"Sangre_de_Cristo",31,22,"31_to_22",1,0
"Sangre_de_Cristo",31,31,"31_to_31",101440,10.16
"Sangre_de_Cristo",31,42,"31_to_42",155,0.02
"Sangre_de_Cristo",31,52,"31_to_52",680,0.07
"Sangre_de_Cristo",31,71,"31_to_71",583,0.06
"Sangre_de_Cristo",31,90,"31_to_90",1,0
"Sangre_de_Cristo",41,41,"41_to_41",36692,3.67
"Sangre_de_Cristo",41,42,"41_to_42",2702,0.27
"Sangre_de_Cristo",41,43,"41_to_43",858,0.09
"Sangre_de_Cristo",41,52,"41_to_52",1365,0.14
"Sangre_de_Cristo",41,71,"41_to_71",2989,0.3
"Sangre_de_Cristo",41,90,"41_to_90",1,0
"Sangre_de_Cristo",42,11,"42_to_11",59,0.01
"Sangre_de_Cristo",42,21,"42_to_21",2,0
"Sangre_de_Cristo",42,22,"42_to_22",6,0
"Sangre_de_Cristo",42,31,"42_to_31",190,0.02
"Sangre_de_Cristo",42,41,"42_to_41",3830,0.38
"Sangre_de_Cristo",42,42,"42_to_42",418270,41.88
"Sangre_de_Cristo",42,43,"42_to_43",2872,0.29
"Sangre_de_Cristo",42,52,"42_to_52",27216,2.73
"Sangre_de_Cristo",42,71,"42_to_71",35109,3.52
"Sangre_de_Cristo",42,90,"42_to_90",176,0.02
"Sangre_de_Cristo",42,95,"42_to_95",1,0
"Sangre_de_Cristo",43,41,"43_to_41",115,0.01
"Sangre_de_Cristo",43,42,"43_to_42",1675,0.17
"Sangre_de_Cristo",43,43,"43_to_43",15574,1.56
"Sangre_de_Cristo",43,52,"43_to_52",379,0.04
"Sangre_de_Cristo",43,71,"43_to_71",255,0.03
"Sangre_de_Cristo",43,90,"43_to_90",1,0
"Sangre_de_Cristo",52,11,"52_to_11",9,0
"Sangre_de_Cristo",52,21,"52_to_21",15,0
"Sangre_de_Cristo",52,22,"52_to_22",3,0
"Sangre_de_Cristo",52,31,"52_to_31",4782,0.48
"Sangre_de_Cristo",52,41,"52_to_41",15904,1.59
"Sangre_de_Cristo",52,42,"52_to_42",33743,3.38
"Sangre_de_Cristo",52,43,"52_to_43",107,0.01
"Sangre_de_Cristo",52,52,"52_to_52",198289,19.86
"Sangre_de_Cristo",52,71,"52_to_71",7724,0.77
"Sangre_de_Cristo",52,90,"52_to_90",412,0.04
"Sangre_de_Cristo",52,95,"52_to_95",26,0
"Sangre_de_Cristo",71,11,"71_to_11",2,0
"Sangre_de_Cristo",71,21,"71_to_21",2,0
"Sangre_de_Cristo",71,31,"71_to_31",1995,0.2
"Sangre_de_Cristo",71,41,"71_to_41",1039,0.1
"Sangre_de_Cristo",71,42,"71_to_42",3651,0.37
"Sangre_de_Cristo",71,43,"71_to_43",14,0
"Sangre_de_Cristo",71,52,"71_to_52",1560,0.16
"Sangre_de_Cristo",71,71,"71_to_71",61861,6.19
"Sangre_de_Cristo",71,90,"71_to_90",1,0
"Sangre_de_Cristo",82,42,"82_to_42",1,0
"Sangre_de_Cristo",82,52,"82_to_52",1,0
"Sangre_de_Cristo",82,71,"82_to_71",1,0
"Sangre_de_Cristo",90,11,"90_to_11",25,0
"Sangre_de_Cristo",90,41,"90_to_41",37,0
"Sangre_de_Cristo",90,42,"90_to_42",228,0.02
"Sangre_de_Cristo",90,52,"90_to_52",297,0.03
"Sangre_de_Cristo",90,71,"90_to_71",31,0
"Sangre_de_Cristo",90,90,"90_to_90",10287,1.03
"Sangre_de_Cristo",90,95,"90_to_95",68,0.01
"Sangre_de_Cristo",95,11,"95_to_11",1,0
"Sangre_de_Cristo",95,42,"95_to_42",2,0
"Sangre_de_Cristo",95,52,"95_to_52",17,0
"Sangre_de_Cristo",95,90,"95_to_90",306,0.03
"Sangre_de_Cristo",95,95,"95_to_95",1647,0.16
"Sanhedrin",21,21,"21_to_21",142,0.29
"Sanhedrin",21,22,"21_to_22",1,0
"Sanhedrin",21,42,"21_to_42",7,0.01
"Sanhedrin",21,52,"21_to_52",1,0
"Sanhedrin",22,22,"22_to_22",23,0.05
"Sanhedrin",41,21,"41_to_21",8,0.02
"Sanhedrin",41,41,"41_to_41",1355,2.76
"Sanhedrin",41,42,"41_to_42",205,0.42
"Sanhedrin",41,52,"41_to_52",82,0.17
"Sanhedrin",42,21,"42_to_21",4,0.01
"Sanhedrin",42,22,"42_to_22",1,0
"Sanhedrin",42,41,"42_to_41",8,0.02
"Sanhedrin",42,42,"42_to_42",28307,57.61
"Sanhedrin",42,43,"42_to_43",2,0
"Sanhedrin",42,52,"42_to_52",2352,4.79
"Sanhedrin",42,71,"42_to_71",1,0
"Sanhedrin",43,42,"43_to_42",5,0.01
"Sanhedrin",43,43,"43_to_43",35,0.07
"Sanhedrin",43,52,"43_to_52",6,0.01
"Sanhedrin",52,21,"52_to_21",47,0.1
"Sanhedrin",52,31,"52_to_31",18,0.04
"Sanhedrin",52,41,"52_to_41",104,0.21
"Sanhedrin",52,42,"52_to_42",1908,3.88
"Sanhedrin",52,43,"52_to_43",8,0.02
"Sanhedrin",52,52,"52_to_52",5220,10.62
"Sanhedrin",52,71,"52_to_71",92,0.19
"Sanhedrin",71,21,"71_to_21",21,0.04
"Sanhedrin",71,22,"71_to_22",1,0
"Sanhedrin",71,31,"71_to_31",5,0.01
"Sanhedrin",71,41,"71_to_41",59,0.12
"Sanhedrin",71,42,"71_to_42",6004,12.22
"Sanhedrin",71,43,"71_to_43",2,0
"Sanhedrin",71,52,"71_to_52",2756,5.61
"Sanhedrin",71,71,"71_to_71",345,0.7
"Santa_Lucia",21,21,"21_to_21",2,0
"Santa_Lucia",21,22,"21_to_22",2,0
"Santa_Lucia",21,42,"21_to_42",4,0
"Santa_Lucia",21,43,"21_to_43",3,0
"Santa_Lucia",22,22,"22_to_22",2,0
"Santa_Lucia",22,42,"22_to_42",1,0
"Santa_Lucia",41,41,"41_to_41",4,0
"Santa_Lucia",42,21,"42_to_21",3,0
"Santa_Lucia",42,42,"42_to_42",16750,17.26
"Santa_Lucia",42,43,"42_to_43",638,0.66
"Santa_Lucia",42,52,"42_to_52",590,0.61
"Santa_Lucia",42,90,"42_to_90",10,0.01
"Santa_Lucia",43,42,"43_to_42",111,0.11
"Santa_Lucia",43,43,"43_to_43",6229,6.42
"Santa_Lucia",43,52,"43_to_52",237,0.24
"Santa_Lucia",43,90,"43_to_90",1,0
"Santa_Lucia",52,21,"52_to_21",33,0.03
"Santa_Lucia",52,22,"52_to_22",2,0
"Santa_Lucia",52,42,"52_to_42",8845,9.11
"Santa_Lucia",52,43,"52_to_43",10971,11.3
"Santa_Lucia",52,52,"52_to_52",30618,31.55
"Santa_Lucia",52,71,"52_to_71",4,0
"Santa_Lucia",52,90,"52_to_90",12,0.01
"Santa_Lucia",71,21,"71_to_21",17,0.02
"Santa_Lucia",71,22,"71_to_22",4,0
"Santa_Lucia",71,41,"71_to_41",1,0
"Santa_Lucia",71,42,"71_to_42",5983,6.16
"Santa_Lucia",71,43,"71_to_43",3019,3.11
"Santa_Lucia",71,52,"71_to_52",11937,12.3
"Santa_Lucia",71,71,"71_to_71",697,0.72
"Santa_Lucia",71,90,"71_to_90",4,0
"Santa_Lucia",90,43,"90_to_43",2,0
"Santa_Lucia",90,90,"90_to_90",322,0.33
"Santa_Rosa",21,21,"21_to_21",1,0
"Santa_Rosa",22,22,"22_to_22",57,0.01
"Santa_Rosa",22,23,"22_to_23",28,0.01
"Santa_Rosa",23,22,"23_to_22",1,0
"Santa_Rosa",23,23,"23_to_23",5,0
"Santa_Rosa",31,31,"31_to_31",201,0.04
"Santa_Rosa",31,52,"31_to_52",9,0
"Santa_Rosa",42,42,"42_to_42",31031,5.99
"Santa_Rosa",42,52,"42_to_52",9262,1.79
"Santa_Rosa",52,21,"52_to_21",87,0.02
"Santa_Rosa",52,22,"52_to_22",82,0.02
"Santa_Rosa",52,23,"52_to_23",65,0.01
"Santa_Rosa",52,31,"52_to_31",9,0
"Santa_Rosa",52,42,"52_to_42",28,0.01
"Santa_Rosa",52,52,"52_to_52",477332,92.1
"Santa_Rosa",52,82,"52_to_82",1,0
"Santa_Rosa",82,52,"82_to_52",2,0
"Santa_Rosa",82,82,"82_to_82",1,0
"Santa_Rosa",90,90,"90_to_90",83,0.02
"Santa_Rosa",95,95,"95_to_95",5,0
"Santa_Rosa_Paradise_Peak",21,21,"21_to_21",2,0
"Santa_Rosa_Paradise_Peak",21,22,"21_to_22",7,0
"Santa_Rosa_Paradise_Peak",21,52,"21_to_52",4,0
"Santa_Rosa_Paradise_Peak",21,71,"21_to_71",7,0
"Santa_Rosa_Paradise_Peak",22,22,"22_to_22",34,0.02
"Santa_Rosa_Paradise_Peak",31,31,"31_to_31",22,0.02
"Santa_Rosa_Paradise_Peak",31,52,"31_to_52",5,0
"Santa_Rosa_Paradise_Peak",41,41,"41_to_41",39267,26.98
"Santa_Rosa_Paradise_Peak",41,42,"41_to_42",1485,1.02
"Santa_Rosa_Paradise_Peak",41,52,"41_to_52",3267,2.24
"Santa_Rosa_Paradise_Peak",41,71,"41_to_71",82,0.06
"Santa_Rosa_Paradise_Peak",42,31,"42_to_31",1,0
"Santa_Rosa_Paradise_Peak",42,41,"42_to_41",1321,0.91
"Santa_Rosa_Paradise_Peak",42,42,"42_to_42",1563,1.07
"Santa_Rosa_Paradise_Peak",42,52,"42_to_52",290,0.2
"Santa_Rosa_Paradise_Peak",42,71,"42_to_71",3,0
"Santa_Rosa_Paradise_Peak",52,31,"52_to_31",6,0
"Santa_Rosa_Paradise_Peak",52,41,"52_to_41",10978,7.54
"Santa_Rosa_Paradise_Peak",52,42,"52_to_42",7387,5.08
"Santa_Rosa_Paradise_Peak",52,52,"52_to_52",70491,48.43
"Santa_Rosa_Paradise_Peak",52,71,"52_to_71",2966,2.04
"Santa_Rosa_Paradise_Peak",52,95,"52_to_95",1,0
"Santa_Rosa_Paradise_Peak",71,41,"71_to_41",249,0.17
"Santa_Rosa_Paradise_Peak",71,42,"71_to_42",122,0.08
"Santa_Rosa_Paradise_Peak",71,52,"71_to_52",4724,3.25
"Santa_Rosa_Paradise_Peak",71,71,"71_to_71",1243,0.85
"Santa_Rosa_Paradise_Peak",90,90,"90_to_90",10,0.01
"Santa_Rosa_Paradise_Peak",95,95,"95_to_95",3,0
"Santa_Teresa",31,31,"31_to_31",6,0
"Santa_Teresa",42,21,"42_to_21",2,0
"Santa_Teresa",42,22,"42_to_22",3,0
"Santa_Teresa",42,42,"42_to_42",20141,16.5
"Santa_Teresa",42,43,"42_to_43",1,0
"Santa_Teresa",42,52,"42_to_52",26689,21.86
"Santa_Teresa",42,71,"42_to_71",1396,1.14
"Santa_Teresa",52,21,"52_to_21",8,0.01
"Santa_Teresa",52,22,"52_to_22",20,0.02
"Santa_Teresa",52,42,"52_to_42",145,0.12
"Santa_Teresa",52,43,"52_to_43",20,0.02
"Santa_Teresa",52,52,"52_to_52",68679,56.26
"Santa_Teresa",52,71,"52_to_71",4938,4.04
"Santa_Teresa",90,90,"90_to_90",2,0
"Santa_Teresa",90,95,"90_to_95",24,0.02
"Santa_Teresa",95,95,"95_to_95",8,0.01
"Sarvis_Creek",21,21,"21_to_21",104,0.05
"Sarvis_Creek",21,71,"21_to_71",13,0.01
"Sarvis_Creek",22,21,"22_to_21",2,0
"Sarvis_Creek",22,22,"22_to_22",95,0.05
"Sarvis_Creek",31,31,"31_to_31",2,0
"Sarvis_Creek",41,41,"41_to_41",15915,7.91
"Sarvis_Creek",41,42,"41_to_42",51,0.03
"Sarvis_Creek",41,43,"41_to_43",18,0.01
"Sarvis_Creek",41,52,"41_to_52",362,0.18
"Sarvis_Creek",42,41,"42_to_41",1,0
"Sarvis_Creek",42,42,"42_to_42",143280,71.21
"Sarvis_Creek",42,43,"42_to_43",4,0
"Sarvis_Creek",42,52,"42_to_52",7271,3.61
"Sarvis_Creek",42,71,"42_to_71",15436,7.67
"Sarvis_Creek",42,90,"42_to_90",26,0.01
"Sarvis_Creek",42,95,"42_to_95",7,0
"Sarvis_Creek",43,41,"43_to_41",13,0.01
"Sarvis_Creek",43,42,"43_to_42",393,0.2
"Sarvis_Creek",43,43,"43_to_43",4220,2.1
"Sarvis_Creek",52,21,"52_to_21",13,0.01
"Sarvis_Creek",52,22,"52_to_22",8,0
"Sarvis_Creek",52,41,"52_to_41",523,0.26
"Sarvis_Creek",52,42,"52_to_42",304,0.15
"Sarvis_Creek",52,52,"52_to_52",6288,3.13
"Sarvis_Creek",52,71,"52_to_71",237,0.12
"Sarvis_Creek",71,42,"71_to_42",137,0.07
"Sarvis_Creek",71,52,"71_to_52",44,0.02
"Sarvis_Creek",71,71,"71_to_71",485,0.24
"Sarvis_Creek",90,42,"90_to_42",2,0
"Sarvis_Creek",90,52,"90_to_52",2,0
"Sarvis_Creek",90,71,"90_to_71",72,0.04
"Sarvis_Creek",90,90,"90_to_90",3743,1.86
"Sarvis_Creek",90,95,"90_to_95",264,0.13
"Sarvis_Creek",95,90,"95_to_90",4,0
"Sarvis_Creek",95,95,"95_to_95",1876,0.93
"Savage_Run",21,21,"21_to_21",126,0.18
"Savage_Run",21,71,"21_to_71",7,0.01
"Savage_Run",22,22,"22_to_22",2,0
"Savage_Run",41,41,"41_to_41",4,0.01
"Savage_Run",41,42,"41_to_42",2,0
"Savage_Run",41,52,"41_to_52",192,0.28
"Savage_Run",41,71,"41_to_71",839,1.21
"Savage_Run",42,21,"42_to_21",2,0
"Savage_Run",42,42,"42_to_42",1202,1.73
"Savage_Run",42,52,"42_to_52",2045,2.94
"Savage_Run",42,71,"42_to_71",50835,73.07
"Savage_Run",42,90,"42_to_90",40,0.06
"Savage_Run",42,95,"42_to_95",2,0
"Savage_Run",43,52,"43_to_52",4,0.01
"Savage_Run",43,71,"43_to_71",54,0.08
"Savage_Run",52,21,"52_to_21",1,0
"Savage_Run",52,22,"52_to_22",1,0
"Savage_Run",52,41,"52_to_41",3,0
"Savage_Run",52,42,"52_to_42",56,0.08
"Savage_Run",52,52,"52_to_52",4198,6.03
"Savage_Run",52,71,"52_to_71",9098,13.08
"Savage_Run",52,90,"52_to_90",1,0
"Savage_Run",52,95,"52_to_95",2,0
"Savage_Run",71,52,"71_to_52",1,0
"Savage_Run",71,71,"71_to_71",87,0.13
"Savage_Run",90,42,"90_to_42",1,0
"Savage_Run",90,52,"90_to_52",5,0.01
"Savage_Run",90,71,"90_to_71",94,0.14
"Savage_Run",90,90,"90_to_90",593,0.85
"Savage_Run",90,95,"90_to_95",13,0.02
"Savage_Run",95,90,"95_to_90",1,0
"Savage_Run",95,95,"95_to_95",63,0.09
"Sawtooth",11,11,"11_to_11",8163,0.83
"Sawtooth",11,31,"11_to_31",174,0.02
"Sawtooth",11,42,"11_to_42",114,0.01
"Sawtooth",11,52,"11_to_52",38,0
"Sawtooth",11,71,"11_to_71",27,0
"Sawtooth",11,90,"11_to_90",3,0
"Sawtooth",12,12,"12_to_12",6784,0.69
"Sawtooth",21,21,"21_to_21",15,0
"Sawtooth",21,22,"21_to_22",4,0
"Sawtooth",21,42,"21_to_42",2,0
"Sawtooth",22,21,"22_to_21",3,0
"Sawtooth",22,22,"22_to_22",159,0.02
"Sawtooth",23,22,"23_to_22",4,0
"Sawtooth",23,23,"23_to_23",3,0
"Sawtooth",31,11,"31_to_11",174,0.02
"Sawtooth",31,22,"31_to_22",1,0
"Sawtooth",31,31,"31_to_31",160416,16.34
"Sawtooth",31,42,"31_to_42",254,0.03
"Sawtooth",31,52,"31_to_52",471,0.05
"Sawtooth",31,71,"31_to_71",2128,0.22
"Sawtooth",41,23,"41_to_23",1,0
"Sawtooth",41,41,"41_to_41",48,0
"Sawtooth",41,42,"41_to_42",18,0
"Sawtooth",41,52,"41_to_52",27,0
"Sawtooth",41,71,"41_to_71",1,0
"Sawtooth",42,11,"42_to_11",316,0.03
"Sawtooth",42,21,"42_to_21",56,0.01
"Sawtooth",42,22,"42_to_22",111,0.01
"Sawtooth",42,23,"42_to_23",21,0
"Sawtooth",42,31,"42_to_31",1975,0.2
"Sawtooth",42,41,"42_to_41",10,0
"Sawtooth",42,42,"42_to_42",302576,30.83
"Sawtooth",42,52,"42_to_52",88649,9.03
"Sawtooth",42,71,"42_to_71",5632,0.57
"Sawtooth",42,82,"42_to_82",2,0
"Sawtooth",42,90,"42_to_90",213,0.02
"Sawtooth",42,95,"42_to_95",4,0
"Sawtooth",43,42,"43_to_42",3,0
"Sawtooth",43,71,"43_to_71",2,0
"Sawtooth",52,11,"52_to_11",132,0.01
"Sawtooth",52,21,"52_to_21",50,0.01
"Sawtooth",52,22,"52_to_22",22,0
"Sawtooth",52,23,"52_to_23",6,0
"Sawtooth",52,31,"52_to_31",1655,0.17
"Sawtooth",52,41,"52_to_41",16,0
"Sawtooth",52,42,"52_to_42",13569,1.38
"Sawtooth",52,52,"52_to_52",201551,20.53
"Sawtooth",52,71,"52_to_71",7931,0.81
"Sawtooth",52,90,"52_to_90",11,0
"Sawtooth",52,95,"52_to_95",5,0
"Sawtooth",71,11,"71_to_11",10,0
"Sawtooth",71,21,"71_to_21",1,0
"Sawtooth",71,22,"71_to_22",4,0
"Sawtooth",71,31,"71_to_31",3619,0.37
"Sawtooth",71,41,"71_to_41",1,0
"Sawtooth",71,42,"71_to_42",1983,0.2
"Sawtooth",71,52,"71_to_52",13324,1.36
"Sawtooth",71,71,"71_to_71",154831,15.77
"Sawtooth",71,90,"71_to_90",1,0
"Sawtooth",81,31,"81_to_31",1,0
"Sawtooth",90,11,"90_to_11",2,0
"Sawtooth",90,42,"90_to_42",31,0
"Sawtooth",90,52,"90_to_52",22,0
"Sawtooth",90,90,"90_to_90",3552,0.36
"Sawtooth",90,95,"90_to_95",99,0.01
"Sawtooth",95,90,"95_to_90",24,0
"Sawtooth",95,95,"95_to_95",493,0.05
"Sawtooth_Mountains",21,21,"21_to_21",3,0
"Sawtooth_Mountains",22,22,"22_to_22",3,0
"Sawtooth_Mountains",31,31,"31_to_31",689,0.45
"Sawtooth_Mountains",31,52,"31_to_52",42,0.03
"Sawtooth_Mountains",41,52,"41_to_52",2,0
"Sawtooth_Mountains",42,42,"42_to_42",868,0.56
"Sawtooth_Mountains",42,52,"42_to_52",3385,2.2
"Sawtooth_Mountains",42,71,"42_to_71",1,0
"Sawtooth_Mountains",43,43,"43_to_43",20,0.01
"Sawtooth_Mountains",43,52,"43_to_52",13,0.01
"Sawtooth_Mountains",52,21,"52_to_21",7,0
"Sawtooth_Mountains",52,22,"52_to_22",2,0
"Sawtooth_Mountains",52,31,"52_to_31",50,0.03
"Sawtooth_Mountains",52,42,"52_to_42",87,0.06
"Sawtooth_Mountains",52,52,"52_to_52",143522,93.31
"Sawtooth_Mountains",52,71,"52_to_71",678,0.44
"Sawtooth_Mountains",52,90,"52_to_90",1,0
"Sawtooth_Mountains",71,42,"71_to_42",427,0.28
"Sawtooth_Mountains",71,52,"71_to_52",3745,2.43
"Sawtooth_Mountains",71,71,"71_to_71",199,0.13
"Sawtooth_Mountains",90,52,"90_to_52",1,0
"Sawtooth_Mountains",90,90,"90_to_90",46,0.03
"Sawtooth_Mountains",95,90,"95_to_90",20,0.01
"Sawtooth_Mountains",95,95,"95_to_95",4,0
"Scapegoat",11,11,"11_to_11",490,0.04
"Scapegoat",11,42,"11_to_42",51,0
"Scapegoat",11,52,"11_to_52",17,0
"Scapegoat",11,71,"11_to_71",2,0
"Scapegoat",11,90,"11_to_90",3,0
"Scapegoat",12,12,"12_to_12",525,0.04
"Scapegoat",21,21,"21_to_21",380,0.03
"Scapegoat",21,22,"21_to_22",74,0.01
"Scapegoat",21,23,"21_to_23",1,0
"Scapegoat",21,42,"21_to_42",16,0
"Scapegoat",21,52,"21_to_52",21,0
"Scapegoat",21,71,"21_to_71",4,0
"Scapegoat",22,21,"22_to_21",48,0
"Scapegoat",22,22,"22_to_22",1423,0.12
"Scapegoat",22,23,"22_to_23",5,0
"Scapegoat",22,42,"22_to_42",11,0
"Scapegoat",22,52,"22_to_52",23,0
"Scapegoat",23,21,"23_to_21",2,0
"Scapegoat",23,22,"23_to_22",97,0.01
"Scapegoat",23,23,"23_to_23",6,0
"Scapegoat",23,42,"23_to_42",4,0
"Scapegoat",23,52,"23_to_52",4,0
"Scapegoat",31,11,"31_to_11",7,0
"Scapegoat",31,31,"31_to_31",27631,2.36
"Scapegoat",31,42,"31_to_42",108,0.01
"Scapegoat",31,52,"31_to_52",368,0.03
"Scapegoat",31,71,"31_to_71",605,0.05
"Scapegoat",41,42,"41_to_42",3,0
"Scapegoat",41,52,"41_to_52",1,0
"Scapegoat",42,11,"42_to_11",49,0
"Scapegoat",42,21,"42_to_21",38,0
"Scapegoat",42,22,"42_to_22",65,0.01
"Scapegoat",42,23,"42_to_23",23,0
"Scapegoat",42,31,"42_to_31",834,0.07
"Scapegoat",42,42,"42_to_42",454682,38.78
"Scapegoat",42,52,"42_to_52",158744,13.54
"Scapegoat",42,71,"42_to_71",24104,2.06
"Scapegoat",42,81,"42_to_81",1,0
"Scapegoat",42,90,"42_to_90",420,0.04
"Scapegoat",42,95,"42_to_95",2,0
"Scapegoat",43,42,"43_to_42",1,0
"Scapegoat",43,43,"43_to_43",2,0
"Scapegoat",52,11,"52_to_11",3,0
"Scapegoat",52,21,"52_to_21",130,0.01
"Scapegoat",52,22,"52_to_22",62,0.01
"Scapegoat",52,23,"52_to_23",7,0
"Scapegoat",52,31,"52_to_31",1026,0.09
"Scapegoat",52,41,"52_to_41",4,0
"Scapegoat",52,42,"52_to_42",22667,1.93
"Scapegoat",52,43,"52_to_43",12,0
"Scapegoat",52,52,"52_to_52",123402,10.53
"Scapegoat",52,71,"52_to_71",9215,0.79
"Scapegoat",52,81,"52_to_81",1,0
"Scapegoat",52,90,"52_to_90",10,0
"Scapegoat",71,11,"71_to_11",2,0
"Scapegoat",71,21,"71_to_21",136,0.01
"Scapegoat",71,22,"71_to_22",92,0.01
"Scapegoat",71,23,"71_to_23",3,0
"Scapegoat",71,31,"71_to_31",971,0.08
"Scapegoat",71,41,"71_to_41",3,0
"Scapegoat",71,42,"71_to_42",115810,9.88
"Scapegoat",71,52,"71_to_52",184417,15.73
"Scapegoat",71,71,"71_to_71",38886,3.32
"Scapegoat",71,81,"71_to_81",2,0
"Scapegoat",71,90,"71_to_90",661,0.06
"Scapegoat",71,95,"71_to_95",19,0
"Scapegoat",81,42,"81_to_42",2,0
"Scapegoat",81,52,"81_to_52",2,0
"Scapegoat",81,81,"81_to_81",18,0
"Scapegoat",82,82,"82_to_82",1,0
"Scapegoat",90,42,"90_to_42",70,0.01
"Scapegoat",90,52,"90_to_52",18,0
"Scapegoat",90,71,"90_to_71",2,0
"Scapegoat",90,90,"90_to_90",3689,0.31
"Scapegoat",90,95,"90_to_95",26,0
"Scapegoat",95,52,"95_to_52",2,0
"Scapegoat",95,90,"95_to_90",20,0
"Scapegoat",95,95,"95_to_95",61,0.01
"Selway_Bitterroot",11,11,"11_to_11",13232,0.22
"Selway_Bitterroot",11,31,"11_to_31",103,0
"Selway_Bitterroot",11,42,"11_to_42",514,0.01
"Selway_Bitterroot",11,52,"11_to_52",85,0
"Selway_Bitterroot",11,71,"11_to_71",82,0
"Selway_Bitterroot",11,90,"11_to_90",27,0
"Selway_Bitterroot",11,95,"11_to_95",4,0
"Selway_Bitterroot",12,12,"12_to_12",4544,0.07
"Selway_Bitterroot",21,21,"21_to_21",262,0
"Selway_Bitterroot",21,22,"21_to_22",65,0
"Selway_Bitterroot",21,42,"21_to_42",29,0
"Selway_Bitterroot",21,52,"21_to_52",7,0
"Selway_Bitterroot",21,71,"21_to_71",2,0
"Selway_Bitterroot",22,11,"22_to_11",1,0
"Selway_Bitterroot",22,21,"22_to_21",6,0
"Selway_Bitterroot",22,22,"22_to_22",731,0.01
"Selway_Bitterroot",22,23,"22_to_23",3,0
"Selway_Bitterroot",22,42,"22_to_42",1,0
"Selway_Bitterroot",22,52,"22_to_52",1,0
"Selway_Bitterroot",23,21,"23_to_21",1,0
"Selway_Bitterroot",23,22,"23_to_22",6,0
"Selway_Bitterroot",23,23,"23_to_23",8,0
"Selway_Bitterroot",31,11,"31_to_11",83,0
"Selway_Bitterroot",31,31,"31_to_31",161619,2.66
"Selway_Bitterroot",31,42,"31_to_42",902,0.01
"Selway_Bitterroot",31,52,"31_to_52",1774,0.03
"Selway_Bitterroot",31,71,"31_to_71",3061,0.05
"Selway_Bitterroot",31,81,"31_to_81",2,0
"Selway_Bitterroot",41,11,"41_to_11",2,0
"Selway_Bitterroot",41,31,"41_to_31",2,0
"Selway_Bitterroot",41,41,"41_to_41",147,0
"Selway_Bitterroot",41,42,"41_to_42",131,0
"Selway_Bitterroot",41,43,"41_to_43",3,0
"Selway_Bitterroot",41,52,"41_to_52",45,0
"Selway_Bitterroot",41,71,"41_to_71",2,0
"Selway_Bitterroot",41,81,"41_to_81",1,0
"Selway_Bitterroot",42,11,"42_to_11",1770,0.03
"Selway_Bitterroot",42,21,"42_to_21",107,0
"Selway_Bitterroot",42,22,"42_to_22",163,0
"Selway_Bitterroot",42,23,"42_to_23",8,0
"Selway_Bitterroot",42,31,"42_to_31",9662,0.16
"Selway_Bitterroot",42,41,"42_to_41",210,0
"Selway_Bitterroot",42,42,"42_to_42",3258479,53.61
"Selway_Bitterroot",42,43,"42_to_43",67,0
"Selway_Bitterroot",42,52,"42_to_52",905274,14.89
"Selway_Bitterroot",42,71,"42_to_71",278639,4.58
"Selway_Bitterroot",42,81,"42_to_81",1,0
"Selway_Bitterroot",42,82,"42_to_82",2,0
"Selway_Bitterroot",42,90,"42_to_90",850,0.01
"Selway_Bitterroot",42,95,"42_to_95",29,0
"Selway_Bitterroot",43,31,"43_to_31",1,0
"Selway_Bitterroot",43,41,"43_to_41",2,0
"Selway_Bitterroot",43,42,"43_to_42",187,0
"Selway_Bitterroot",43,43,"43_to_43",307,0.01
"Selway_Bitterroot",43,52,"43_to_52",83,0
"Selway_Bitterroot",43,81,"43_to_81",1,0
"Selway_Bitterroot",52,11,"52_to_11",129,0
"Selway_Bitterroot",52,21,"52_to_21",91,0
"Selway_Bitterroot",52,22,"52_to_22",30,0
"Selway_Bitterroot",52,23,"52_to_23",4,0
"Selway_Bitterroot",52,31,"52_to_31",7492,0.12
"Selway_Bitterroot",52,41,"52_to_41",818,0.01
"Selway_Bitterroot",52,42,"52_to_42",218018,3.59
"Selway_Bitterroot",52,43,"52_to_43",845,0.01
"Selway_Bitterroot",52,52,"52_to_52",700680,11.53
"Selway_Bitterroot",52,71,"52_to_71",52773,0.87
"Selway_Bitterroot",52,81,"52_to_81",3,0
"Selway_Bitterroot",52,90,"52_to_90",7,0
"Selway_Bitterroot",71,11,"71_to_11",49,0
"Selway_Bitterroot",71,21,"71_to_21",39,0
"Selway_Bitterroot",71,22,"71_to_22",42,0
"Selway_Bitterroot",71,31,"71_to_31",5253,0.09
"Selway_Bitterroot",71,41,"71_to_41",318,0.01
"Selway_Bitterroot",71,42,"71_to_42",66876,1.1
"Selway_Bitterroot",71,43,"71_to_43",118,0
"Selway_Bitterroot",71,52,"71_to_52",160032,2.63
"Selway_Bitterroot",71,71,"71_to_71",212993,3.5
"Selway_Bitterroot",71,81,"71_to_81",1,0
"Selway_Bitterroot",71,90,"71_to_90",295,0
"Selway_Bitterroot",71,95,"71_to_95",2,0
"Selway_Bitterroot",81,52,"81_to_52",2,0
"Selway_Bitterroot",81,71,"81_to_71",8,0
"Selway_Bitterroot",81,81,"81_to_81",16,0
"Selway_Bitterroot",82,42,"82_to_42",3,0
"Selway_Bitterroot",90,11,"90_to_11",13,0
"Selway_Bitterroot",90,41,"90_to_41",1,0
"Selway_Bitterroot",90,42,"90_to_42",143,0
"Selway_Bitterroot",90,52,"90_to_52",51,0
"Selway_Bitterroot",90,71,"90_to_71",4,0
"Selway_Bitterroot",90,90,"90_to_90",7086,0.12
"Selway_Bitterroot",90,95,"90_to_95",20,0
"Selway_Bitterroot",95,11,"95_to_11",1,0
"Selway_Bitterroot",95,52,"95_to_52",1,0
"Selway_Bitterroot",95,90,"95_to_90",22,0
"Selway_Bitterroot",95,95,"95_to_95",129,0
"Seney",11,11,"11_to_11",47,0.04
"Seney",11,90,"11_to_90",1,0
"Seney",11,95,"11_to_95",53,0.04
"Seney",21,21,"21_to_21",538,0.44
"Seney",21,90,"21_to_90",1,0
"Seney",22,22,"22_to_22",45,0.04
"Seney",41,41,"41_to_41",2175,1.79
"Seney",41,43,"41_to_43",57,0.05
"Seney",41,90,"41_to_90",7,0.01
"Seney",42,42,"42_to_42",1814,1.5
"Seney",42,71,"42_to_71",1,0
"Seney",43,21,"43_to_21",1,0
"Seney",43,41,"43_to_41",7,0.01
"Seney",43,42,"43_to_42",18,0.01
"Seney",43,43,"43_to_43",2049,1.69
"Seney",43,71,"43_to_71",2,0
"Seney",43,90,"43_to_90",6,0
"Seney",52,21,"52_to_21",8,0.01
"Seney",52,41,"52_to_41",36,0.03
"Seney",52,42,"52_to_42",35,0.03
"Seney",52,43,"52_to_43",79,0.07
"Seney",52,52,"52_to_52",64,0.05
"Seney",71,11,"71_to_11",3,0
"Seney",71,21,"71_to_21",3,0
"Seney",71,41,"71_to_41",5,0
"Seney",71,42,"71_to_42",77,0.06
"Seney",71,43,"71_to_43",29,0.02
"Seney",71,52,"71_to_52",3,0
"Seney",71,71,"71_to_71",13,0.01
"Seney",90,11,"90_to_11",16,0.01
"Seney",90,21,"90_to_21",3,0
"Seney",90,41,"90_to_41",7,0.01
"Seney",90,42,"90_to_42",2,0
"Seney",90,43,"90_to_43",4,0
"Seney",90,90,"90_to_90",84706,69.87
"Seney",90,95,"90_to_95",622,0.51
"Seney",95,11,"95_to_11",73,0.06
"Seney",95,90,"95_to_90",2870,2.37
"Seney",95,95,"95_to_95",25755,21.24
"Sequoia_Kings_Canyon",11,11,"11_to_11",22867,0.66
"Sequoia_Kings_Canyon",11,31,"11_to_31",4382,0.13
"Sequoia_Kings_Canyon",11,42,"11_to_42",327,0.01
"Sequoia_Kings_Canyon",11,52,"11_to_52",450,0.01
"Sequoia_Kings_Canyon",11,71,"11_to_71",3,0
"Sequoia_Kings_Canyon",11,90,"11_to_90",17,0
"Sequoia_Kings_Canyon",11,95,"11_to_95",1,0
"Sequoia_Kings_Canyon",12,12,"12_to_12",7764,0.22
"Sequoia_Kings_Canyon",21,21,"21_to_21",1138,0.03
"Sequoia_Kings_Canyon",21,22,"21_to_22",23,0
"Sequoia_Kings_Canyon",21,42,"21_to_42",16,0
"Sequoia_Kings_Canyon",21,52,"21_to_52",10,0
"Sequoia_Kings_Canyon",22,21,"22_to_21",8,0
"Sequoia_Kings_Canyon",22,22,"22_to_22",1763,0.05
"Sequoia_Kings_Canyon",22,23,"22_to_23",15,0
"Sequoia_Kings_Canyon",22,42,"22_to_42",4,0
"Sequoia_Kings_Canyon",22,52,"22_to_52",4,0
"Sequoia_Kings_Canyon",23,22,"23_to_22",31,0
"Sequoia_Kings_Canyon",23,23,"23_to_23",186,0.01
"Sequoia_Kings_Canyon",23,24,"23_to_24",1,0
"Sequoia_Kings_Canyon",23,41,"23_to_41",1,0
"Sequoia_Kings_Canyon",23,42,"23_to_42",3,0
"Sequoia_Kings_Canyon",23,52,"23_to_52",2,0
"Sequoia_Kings_Canyon",24,22,"24_to_22",1,0
"Sequoia_Kings_Canyon",24,23,"24_to_23",1,0
"Sequoia_Kings_Canyon",24,24,"24_to_24",1,0
"Sequoia_Kings_Canyon",24,42,"24_to_42",1,0
"Sequoia_Kings_Canyon",31,11,"31_to_11",232,0.01
"Sequoia_Kings_Canyon",31,31,"31_to_31",934064,26.94
"Sequoia_Kings_Canyon",31,42,"31_to_42",660,0.02
"Sequoia_Kings_Canyon",31,52,"31_to_52",6561,0.19
"Sequoia_Kings_Canyon",31,71,"31_to_71",138,0
"Sequoia_Kings_Canyon",31,81,"31_to_81",3,0
"Sequoia_Kings_Canyon",31,82,"31_to_82",1,0
"Sequoia_Kings_Canyon",31,95,"31_to_95",1,0
"Sequoia_Kings_Canyon",41,21,"41_to_21",7,0
"Sequoia_Kings_Canyon",41,41,"41_to_41",14438,0.42
"Sequoia_Kings_Canyon",41,42,"41_to_42",2016,0.06
"Sequoia_Kings_Canyon",41,43,"41_to_43",1,0
"Sequoia_Kings_Canyon",41,52,"41_to_52",7611,0.22
"Sequoia_Kings_Canyon",41,71,"41_to_71",10487,0.3
"Sequoia_Kings_Canyon",41,90,"41_to_90",8,0
"Sequoia_Kings_Canyon",42,11,"42_to_11",74,0
"Sequoia_Kings_Canyon",42,21,"42_to_21",172,0
"Sequoia_Kings_Canyon",42,22,"42_to_22",210,0.01
"Sequoia_Kings_Canyon",42,23,"42_to_23",13,0
"Sequoia_Kings_Canyon",42,31,"42_to_31",2587,0.07
"Sequoia_Kings_Canyon",42,41,"42_to_41",1136,0.03
"Sequoia_Kings_Canyon",42,42,"42_to_42",898063,25.9
"Sequoia_Kings_Canyon",42,43,"42_to_43",32,0
"Sequoia_Kings_Canyon",42,52,"42_to_52",97161,2.8
"Sequoia_Kings_Canyon",42,71,"42_to_71",111496,3.22
"Sequoia_Kings_Canyon",42,81,"42_to_81",8,0
"Sequoia_Kings_Canyon",42,90,"42_to_90",502,0.01
"Sequoia_Kings_Canyon",42,95,"42_to_95",2,0
"Sequoia_Kings_Canyon",43,21,"43_to_21",2,0
"Sequoia_Kings_Canyon",43,41,"43_to_41",5,0
"Sequoia_Kings_Canyon",43,42,"43_to_42",206,0.01
"Sequoia_Kings_Canyon",43,43,"43_to_43",157,0
"Sequoia_Kings_Canyon",43,52,"43_to_52",2014,0.06
"Sequoia_Kings_Canyon",43,71,"43_to_71",1897,0.05
"Sequoia_Kings_Canyon",52,11,"52_to_11",419,0.01
"Sequoia_Kings_Canyon",52,21,"52_to_21",144,0
"Sequoia_Kings_Canyon",52,22,"52_to_22",60,0
"Sequoia_Kings_Canyon",52,23,"52_to_23",24,0
"Sequoia_Kings_Canyon",52,31,"52_to_31",26037,0.75
"Sequoia_Kings_Canyon",52,41,"52_to_41",1218,0.04
"Sequoia_Kings_Canyon",52,42,"52_to_42",23436,0.68
"Sequoia_Kings_Canyon",52,43,"52_to_43",75,0
"Sequoia_Kings_Canyon",52,52,"52_to_52",1213456,35
"Sequoia_Kings_Canyon",52,71,"52_to_71",25158,0.73
"Sequoia_Kings_Canyon",52,81,"52_to_81",6,0
"Sequoia_Kings_Canyon",52,90,"52_to_90",723,0.02
"Sequoia_Kings_Canyon",52,95,"52_to_95",176,0.01
"Sequoia_Kings_Canyon",71,11,"71_to_11",2,0
"Sequoia_Kings_Canyon",71,31,"71_to_31",513,0.01
"Sequoia_Kings_Canyon",71,41,"71_to_41",116,0
"Sequoia_Kings_Canyon",71,42,"71_to_42",275,0.01
"Sequoia_Kings_Canyon",71,43,"71_to_43",2,0
"Sequoia_Kings_Canyon",71,52,"71_to_52",1674,0.05
"Sequoia_Kings_Canyon",71,71,"71_to_71",6926,0.2
"Sequoia_Kings_Canyon",81,31,"81_to_31",1,0
"Sequoia_Kings_Canyon",90,11,"90_to_11",5,0
"Sequoia_Kings_Canyon",90,22,"90_to_22",2,0
"Sequoia_Kings_Canyon",90,41,"90_to_41",9,0
"Sequoia_Kings_Canyon",90,42,"90_to_42",314,0.01
"Sequoia_Kings_Canyon",90,52,"90_to_52",265,0.01
"Sequoia_Kings_Canyon",90,71,"90_to_71",2,0
"Sequoia_Kings_Canyon",90,81,"90_to_81",3,0
"Sequoia_Kings_Canyon",90,90,"90_to_90",24991,0.72
"Sequoia_Kings_Canyon",90,95,"90_to_95",328,0.01
"Sequoia_Kings_Canyon",95,11,"95_to_11",2,0
"Sequoia_Kings_Canyon",95,31,"95_to_31",3,0
"Sequoia_Kings_Canyon",95,52,"95_to_52",103,0
"Sequoia_Kings_Canyon",95,81,"95_to_81",1,0
"Sequoia_Kings_Canyon",95,82,"95_to_82",1,0
"Sequoia_Kings_Canyon",95,90,"95_to_90",1225,0.04
"Sequoia_Kings_Canyon",95,95,"95_to_95",8127,0.23
"Sespe",11,42,"11_to_42",3,0
"Sespe",11,52,"11_to_52",27,0
"Sespe",21,21,"21_to_21",110,0.01
"Sespe",21,22,"21_to_22",16,0
"Sespe",21,42,"21_to_42",6,0
"Sespe",21,43,"21_to_43",2,0
"Sespe",21,52,"21_to_52",185,0.02
"Sespe",21,71,"21_to_71",1,0
"Sespe",22,21,"22_to_21",8,0
"Sespe",22,22,"22_to_22",377,0.04
"Sespe",22,23,"22_to_23",3,0
"Sespe",22,42,"22_to_42",1,0
"Sespe",22,52,"22_to_52",8,0
"Sespe",23,22,"23_to_22",7,0
"Sespe",23,23,"23_to_23",47,0
"Sespe",23,52,"23_to_52",2,0
"Sespe",31,31,"31_to_31",451,0.05
"Sespe",31,52,"31_to_52",9,0
"Sespe",31,71,"31_to_71",3,0
"Sespe",41,41,"41_to_41",269,0.03
"Sespe",41,42,"41_to_42",62,0.01
"Sespe",41,43,"41_to_43",2,0
"Sespe",41,52,"41_to_52",1467,0.15
"Sespe",41,71,"41_to_71",1,0
"Sespe",42,21,"42_to_21",8,0
"Sespe",42,22,"42_to_22",22,0
"Sespe",42,23,"42_to_23",2,0
"Sespe",42,41,"42_to_41",8,0
"Sespe",42,42,"42_to_42",122163,12.31
"Sespe",42,43,"42_to_43",2078,0.21
"Sespe",42,52,"42_to_52",129338,13.03
"Sespe",42,71,"42_to_71",122,0.01
"Sespe",42,90,"42_to_90",40,0
"Sespe",43,21,"43_to_21",3,0
"Sespe",43,22,"43_to_22",27,0
"Sespe",43,23,"43_to_23",2,0
"Sespe",43,42,"43_to_42",1690,0.17
"Sespe",43,43,"43_to_43",23690,2.39
"Sespe",43,52,"43_to_52",106964,10.78
"Sespe",43,71,"43_to_71",232,0.02
"Sespe",43,90,"43_to_90",1,0
"Sespe",52,21,"52_to_21",56,0.01
"Sespe",52,22,"52_to_22",41,0
"Sespe",52,23,"52_to_23",13,0
"Sespe",52,31,"52_to_31",13,0
"Sespe",52,41,"52_to_41",11,0
"Sespe",52,42,"52_to_42",2234,0.23
"Sespe",52,43,"52_to_43",2122,0.21
"Sespe",52,52,"52_to_52",572584,57.7
"Sespe",52,71,"52_to_71",10644,1.07
"Sespe",52,90,"52_to_90",17,0
"Sespe",52,95,"52_to_95",2,0
"Sespe",71,31,"71_to_31",6,0
"Sespe",71,42,"71_to_42",590,0.06
"Sespe",71,43,"71_to_43",7,0
"Sespe",71,52,"71_to_52",9807,0.99
"Sespe",71,71,"71_to_71",2695,0.27
"Sespe",90,42,"90_to_42",5,0
"Sespe",90,52,"90_to_52",96,0.01
"Sespe",90,71,"90_to_71",1,0
"Sespe",90,90,"90_to_90",1531,0.15
"Sespe",90,95,"90_to_95",165,0.02
"Sespe",95,52,"95_to_52",1,0
"Sespe",95,90,"95_to_90",105,0.01
"Sespe",95,95,"95_to_95",104,0.01
"Shawvers_Run",21,21,"21_to_21",132,0.49
"Shawvers_Run",21,41,"21_to_41",1,0
"Shawvers_Run",41,41,"41_to_41",23983,89.31
"Shawvers_Run",41,43,"41_to_43",45,0.17
"Shawvers_Run",41,52,"41_to_52",2,0.01
"Shawvers_Run",41,81,"41_to_81",1,0
"Shawvers_Run",42,42,"42_to_42",8,0.03
"Shawvers_Run",43,41,"43_to_41",26,0.1
"Shawvers_Run",43,43,"43_to_43",2655,9.89
"Sheep_Mountain",21,21,"21_to_21",17,0.01
"Sheep_Mountain",21,22,"21_to_22",1,0
"Sheep_Mountain",22,21,"22_to_21",4,0
"Sheep_Mountain",22,22,"22_to_22",96,0.05
"Sheep_Mountain",23,22,"23_to_22",4,0
"Sheep_Mountain",23,23,"23_to_23",9,0
"Sheep_Mountain",23,42,"23_to_42",1,0
"Sheep_Mountain",31,31,"31_to_31",2100,1.07
"Sheep_Mountain",31,42,"31_to_42",2,0
"Sheep_Mountain",31,52,"31_to_52",50,0.03
"Sheep_Mountain",31,71,"31_to_71",1,0
"Sheep_Mountain",41,41,"41_to_41",838,0.43
"Sheep_Mountain",41,42,"41_to_42",516,0.26
"Sheep_Mountain",41,43,"41_to_43",31,0.02
"Sheep_Mountain",41,52,"41_to_52",490,0.25
"Sheep_Mountain",41,71,"41_to_71",37,0.02
"Sheep_Mountain",42,21,"42_to_21",1,0
"Sheep_Mountain",42,22,"42_to_22",15,0.01
"Sheep_Mountain",42,23,"42_to_23",4,0
"Sheep_Mountain",42,31,"42_to_31",3,0
"Sheep_Mountain",42,41,"42_to_41",335,0.17
"Sheep_Mountain",42,42,"42_to_42",92780,47.24
"Sheep_Mountain",42,43,"42_to_43",1095,0.56
"Sheep_Mountain",42,52,"42_to_52",15524,7.9
"Sheep_Mountain",42,71,"42_to_71",2544,1.3
"Sheep_Mountain",42,90,"42_to_90",61,0.03
"Sheep_Mountain",43,41,"43_to_41",7,0
"Sheep_Mountain",43,42,"43_to_42",10,0.01
"Sheep_Mountain",43,43,"43_to_43",2113,1.08
"Sheep_Mountain",43,52,"43_to_52",2440,1.24
"Sheep_Mountain",43,71,"43_to_71",36,0.02
"Sheep_Mountain",52,21,"52_to_21",4,0
"Sheep_Mountain",52,22,"52_to_22",6,0
"Sheep_Mountain",52,23,"52_to_23",5,0
"Sheep_Mountain",52,31,"52_to_31",270,0.14
"Sheep_Mountain",52,41,"52_to_41",135,0.07
"Sheep_Mountain",52,42,"52_to_42",1456,0.74
"Sheep_Mountain",52,43,"52_to_43",197,0.1
"Sheep_Mountain",52,52,"52_to_52",70805,36.05
"Sheep_Mountain",52,71,"52_to_71",732,0.37
"Sheep_Mountain",90,23,"90_to_23",1,0
"Sheep_Mountain",90,42,"90_to_42",1,0
"Sheep_Mountain",90,52,"90_to_52",7,0
"Sheep_Mountain",90,90,"90_to_90",1605,0.82
"Sheep_Mountain",90,95,"90_to_95",3,0
"Sheep_Mountain",95,95,"95_to_95",1,0
"Sheep_Ridge",11,11,"11_to_11",233,0.55
"Sheep_Ridge",11,42,"11_to_42",9,0.02
"Sheep_Ridge",11,90,"11_to_90",10,0.02
"Sheep_Ridge",11,95,"11_to_95",1,0
"Sheep_Ridge",21,21,"21_to_21",81,0.19
"Sheep_Ridge",21,22,"21_to_22",7,0.02
"Sheep_Ridge",21,42,"21_to_42",6,0.01
"Sheep_Ridge",22,22,"22_to_22",10,0.02
"Sheep_Ridge",22,23,"22_to_23",1,0
"Sheep_Ridge",42,21,"42_to_21",3,0.01
"Sheep_Ridge",42,42,"42_to_42",391,0.92
"Sheep_Ridge",42,52,"42_to_52",2,0
"Sheep_Ridge",42,81,"42_to_81",1,0
"Sheep_Ridge",42,90,"42_to_90",10,0.02
"Sheep_Ridge",52,42,"52_to_42",1,0
"Sheep_Ridge",90,11,"90_to_11",3,0.01
"Sheep_Ridge",90,90,"90_to_90",41783,98.18
"Sheep_Ridge",95,11,"95_to_11",2,0
"Sheep_Ridge",95,90,"95_to_90",3,0.01
"Sheephole_Valley",22,22,"22_to_22",52,0.01
"Sheephole_Valley",22,23,"22_to_23",8,0
"Sheephole_Valley",23,23,"23_to_23",10,0
"Sheephole_Valley",31,22,"31_to_22",3,0
"Sheephole_Valley",31,31,"31_to_31",309575,35.16
"Sheephole_Valley",31,52,"31_to_52",7003,0.8
"Sheephole_Valley",31,71,"31_to_71",11,0
"Sheephole_Valley",52,21,"52_to_21",2,0
"Sheephole_Valley",52,22,"52_to_22",3,0
"Sheephole_Valley",52,23,"52_to_23",1,0
"Sheephole_Valley",52,31,"52_to_31",110349,12.53
"Sheephole_Valley",52,52,"52_to_52",451471,51.27
"Sheephole_Valley",52,71,"52_to_71",2008,0.23
"Shellback",41,41,"41_to_41",11,0.01
"Shellback",41,42,"41_to_42",1,0
"Shellback",42,21,"42_to_21",2,0
"Shellback",42,22,"42_to_22",3,0
"Shellback",42,42,"42_to_42",78668,47.89
"Shellback",42,52,"42_to_52",278,0.17
"Shellback",52,21,"52_to_21",31,0.02
"Shellback",52,22,"52_to_22",1,0
"Shellback",52,42,"52_to_42",15346,9.34
"Shellback",52,52,"52_to_52",69871,42.53
"Shellback",52,71,"52_to_71",62,0.04
"Shenandoah",21,21,"21_to_21",449,0.12
"Shenandoah",21,41,"21_to_41",23,0.01
"Shenandoah",21,42,"21_to_42",2,0
"Shenandoah",21,43,"21_to_43",5,0
"Shenandoah",21,52,"21_to_52",6,0
"Shenandoah",21,71,"21_to_71",1,0
"Shenandoah",22,22,"22_to_22",72,0.02
"Shenandoah",22,71,"22_to_71",1,0
"Shenandoah",23,22,"23_to_22",1,0
"Shenandoah",31,21,"31_to_21",1,0
"Shenandoah",31,31,"31_to_31",289,0.08
"Shenandoah",31,41,"31_to_41",38,0.01
"Shenandoah",31,52,"31_to_52",2,0
"Shenandoah",31,71,"31_to_71",2,0
"Shenandoah",41,21,"41_to_21",63,0.02
"Shenandoah",41,22,"41_to_22",2,0
"Shenandoah",41,31,"41_to_31",33,0.01
"Shenandoah",41,41,"41_to_41",332647,88.23
"Shenandoah",41,42,"41_to_42",88,0.02
"Shenandoah",41,43,"41_to_43",3123,0.83
"Shenandoah",41,52,"41_to_52",156,0.04
"Shenandoah",41,71,"41_to_71",6,0
"Shenandoah",42,21,"42_to_21",11,0
"Shenandoah",42,22,"42_to_22",4,0
"Shenandoah",42,41,"42_to_41",3157,0.84
"Shenandoah",42,42,"42_to_42",669,0.18
"Shenandoah",42,43,"42_to_43",3081,0.82
"Shenandoah",42,52,"42_to_52",6,0
"Shenandoah",43,21,"43_to_21",16,0
"Shenandoah",43,41,"43_to_41",5150,1.37
"Shenandoah",43,42,"43_to_42",228,0.06
"Shenandoah",43,43,"43_to_43",27600,7.32
"Shenandoah",43,52,"43_to_52",29,0.01
"Shenandoah",43,71,"43_to_71",3,0
"Shenandoah",71,22,"71_to_22",1,0
"Shenandoah",71,41,"71_to_41",8,0
"Shenandoah",71,52,"71_to_52",2,0
"Shenandoah",71,71,"71_to_71",14,0
"Shenandoah",81,81,"81_to_81",18,0
"Shining_Rock",21,21,"21_to_21",267,0.32
"Shining_Rock",21,22,"21_to_22",1,0
"Shining_Rock",21,41,"21_to_41",2,0
"Shining_Rock",22,22,"22_to_22",2,0
"Shining_Rock",41,21,"41_to_21",5,0.01
"Shining_Rock",41,41,"41_to_41",44435,52.57
"Shining_Rock",41,42,"41_to_42",2,0
"Shining_Rock",41,43,"41_to_43",553,0.65
"Shining_Rock",41,52,"41_to_52",1,0
"Shining_Rock",41,81,"41_to_81",1,0
"Shining_Rock",42,41,"42_to_41",43,0.05
"Shining_Rock",42,42,"42_to_42",1380,1.63
"Shining_Rock",42,43,"42_to_43",256,0.3
"Shining_Rock",43,21,"43_to_21",34,0.04
"Shining_Rock",43,41,"43_to_41",2354,2.79
"Shining_Rock",43,42,"43_to_42",29,0.03
"Shining_Rock",43,43,"43_to_43",34947,41.35
"Shining_Rock",43,52,"43_to_52",5,0.01
"Shining_Rock",43,71,"43_to_71",1,0
"Shining_Rock",43,81,"43_to_81",2,0
"Shining_Rock",52,41,"52_to_41",40,0.05
"Shining_Rock",52,43,"52_to_43",26,0.03
"Shining_Rock",52,52,"52_to_52",1,0
"Shining_Rock",71,41,"71_to_41",1,0
"Shining_Rock",71,71,"71_to_71",1,0
"Shining_Rock",81,41,"81_to_41",25,0.03
"Shining_Rock",81,43,"81_to_43",9,0.01
"Shining_Rock",81,81,"81_to_81",99,0.12
"Sids_Mountain",21,21,"21_to_21",82,0.03
"Sids_Mountain",21,52,"21_to_52",1,0
"Sids_Mountain",31,31,"31_to_31",7941,3.23
"Sids_Mountain",31,42,"31_to_42",4,0
"Sids_Mountain",31,52,"31_to_52",987,0.4
"Sids_Mountain",42,42,"42_to_42",183,0.07
"Sids_Mountain",42,52,"42_to_52",9,0
"Sids_Mountain",52,21,"52_to_21",52,0.02
"Sids_Mountain",52,31,"52_to_31",545,0.22
"Sids_Mountain",52,42,"52_to_42",575,0.23
"Sids_Mountain",52,52,"52_to_52",234575,95.41
"Sids_Mountain",52,81,"52_to_81",7,0
"Sids_Mountain",52,90,"52_to_90",34,0.01
"Sids_Mountain",90,52,"90_to_52",4,0
"Sids_Mountain",90,90,"90_to_90",863,0.35
"Sids_Mountain",95,90,"95_to_90",1,0
"Sierra_Ancha",21,21,"21_to_21",11,0.01
"Sierra_Ancha",21,52,"21_to_52",3,0
"Sierra_Ancha",22,22,"22_to_22",4,0
"Sierra_Ancha",41,41,"41_to_41",29,0.03
"Sierra_Ancha",41,42,"41_to_42",65,0.07
"Sierra_Ancha",41,52,"41_to_52",92,0.1
"Sierra_Ancha",42,21,"42_to_21",2,0
"Sierra_Ancha",42,41,"42_to_41",653,0.71
"Sierra_Ancha",42,42,"42_to_42",31757,34.38
"Sierra_Ancha",42,43,"42_to_43",90,0.1
"Sierra_Ancha",42,52,"42_to_52",30670,33.21
"Sierra_Ancha",42,81,"42_to_81",129,0.14
"Sierra_Ancha",43,42,"43_to_42",15,0.02
"Sierra_Ancha",43,43,"43_to_43",8,0.01
"Sierra_Ancha",43,52,"43_to_52",216,0.23
"Sierra_Ancha",52,21,"52_to_21",18,0.02
"Sierra_Ancha",52,22,"52_to_22",2,0
"Sierra_Ancha",52,41,"52_to_41",2,0
"Sierra_Ancha",52,42,"52_to_42",1233,1.33
"Sierra_Ancha",52,43,"52_to_43",86,0.09
"Sierra_Ancha",52,52,"52_to_52",26762,28.98
"Sierra_Ancha",52,71,"52_to_71",3,0
"Sierra_Ancha",71,41,"71_to_41",2,0
"Sierra_Ancha",71,42,"71_to_42",2,0
"Sierra_Ancha",71,52,"71_to_52",1,0
"Sierra_Ancha",90,42,"90_to_42",4,0
"Sierra_Ancha",90,52,"90_to_52",74,0.08
"Sierra_Ancha",90,90,"90_to_90",427,0.46
"Sierra_Ancha",90,95,"90_to_95",1,0
"Sierra_de_las_Uvas",21,21,"21_to_21",1,0
"Sierra_de_las_Uvas",21,52,"21_to_52",1,0
"Sierra_de_las_Uvas",22,22,"22_to_22",3,0.01
"Sierra_de_las_Uvas",31,31,"31_to_31",6,0.01
"Sierra_de_las_Uvas",42,42,"42_to_42",722,1.22
"Sierra_de_las_Uvas",42,52,"42_to_52",1,0
"Sierra_de_las_Uvas",52,21,"52_to_21",2,0
"Sierra_de_las_Uvas",52,22,"52_to_22",2,0
"Sierra_de_las_Uvas",52,42,"52_to_42",302,0.51
"Sierra_de_las_Uvas",52,52,"52_to_52",58334,98.25
"Sierra_Estrella",22,22,"22_to_22",23,0.03
"Sierra_Estrella",52,22,"52_to_22",14,0.02
"Sierra_Estrella",52,52,"52_to_52",67355,99.95
"Signal_Mountain",52,52,"52_to_52",61623,100
"Silver_Peak",21,21,"21_to_21",262,0.18
"Silver_Peak",21,22,"21_to_22",3,0
"Silver_Peak",21,43,"21_to_43",3,0
"Silver_Peak",21,52,"21_to_52",1,0
"Silver_Peak",21,90,"21_to_90",1,0
"Silver_Peak",22,21,"22_to_21",1,0
"Silver_Peak",22,22,"22_to_22",74,0.05
"Silver_Peak",41,41,"41_to_41",3,0
"Silver_Peak",42,21,"42_to_21",3,0
"Silver_Peak",42,42,"42_to_42",39383,27.45
"Silver_Peak",42,43,"42_to_43",640,0.45
"Silver_Peak",42,52,"42_to_52",72,0.05
"Silver_Peak",42,90,"42_to_90",5,0
"Silver_Peak",43,21,"43_to_21",6,0
"Silver_Peak",43,41,"43_to_41",3,0
"Silver_Peak",43,42,"43_to_42",2465,1.72
"Silver_Peak",43,43,"43_to_43",38924,27.13
"Silver_Peak",43,52,"43_to_52",2209,1.54
"Silver_Peak",43,90,"43_to_90",4,0
"Silver_Peak",52,21,"52_to_21",43,0.03
"Silver_Peak",52,22,"52_to_22",9,0.01
"Silver_Peak",52,23,"52_to_23",2,0
"Silver_Peak",52,42,"52_to_42",5905,4.12
"Silver_Peak",52,43,"52_to_43",11401,7.95
"Silver_Peak",52,52,"52_to_52",38498,26.83
"Silver_Peak",52,71,"52_to_71",7,0
"Silver_Peak",52,90,"52_to_90",7,0
"Silver_Peak",71,42,"71_to_42",429,0.3
"Silver_Peak",71,43,"71_to_43",52,0.04
"Silver_Peak",71,52,"71_to_52",1445,1.01
"Silver_Peak",71,71,"71_to_71",1365,0.95
"Silver_Peak",90,42,"90_to_42",4,0
"Silver_Peak",90,43,"90_to_43",2,0
"Silver_Peak",90,90,"90_to_90",223,0.16
"Silver_Peak",95,52,"95_to_52",1,0
"Silver_Peak",95,90,"95_to_90",4,0
"Silver_Peak",95,95,"95_to_95",13,0.01
"Sipsey",11,42,"11_to_42",2,0
"Sipsey",21,21,"21_to_21",1241,1.05
"Sipsey",21,41,"21_to_41",10,0.01
"Sipsey",22,22,"22_to_22",17,0.01
"Sipsey",41,21,"41_to_21",14,0.01
"Sipsey",41,41,"41_to_41",84207,71.51
"Sipsey",41,42,"41_to_42",3,0
"Sipsey",41,43,"41_to_43",127,0.11
"Sipsey",41,71,"41_to_71",5,0
"Sipsey",41,90,"41_to_90",2,0
"Sipsey",42,21,"42_to_21",18,0.02
"Sipsey",42,41,"42_to_41",11423,9.7
"Sipsey",42,42,"42_to_42",3241,2.75
"Sipsey",42,43,"42_to_43",1024,0.87
"Sipsey",42,52,"42_to_52",3,0
"Sipsey",42,81,"42_to_81",1,0
"Sipsey",43,41,"43_to_41",1685,1.43
"Sipsey",43,42,"43_to_42",5,0
"Sipsey",43,43,"43_to_43",14323,12.16
"Sipsey",43,52,"43_to_52",3,0
"Sipsey",81,43,"81_to_43",1,0
"Sipsey",90,90,"90_to_90",395,0.34
"Siskiyou",11,11,"11_to_11",203,0.02
"Siskiyou",11,31,"11_to_31",13,0
"Siskiyou",11,42,"11_to_42",80,0.01
"Siskiyou",11,52,"11_to_52",6,0
"Siskiyou",11,71,"11_to_71",21,0
"Siskiyou",12,12,"12_to_12",2,0
"Siskiyou",21,21,"21_to_21",864,0.11
"Siskiyou",21,22,"21_to_22",45,0.01
"Siskiyou",21,42,"21_to_42",365,0.04
"Siskiyou",21,52,"21_to_52",343,0.04
"Siskiyou",21,71,"21_to_71",52,0.01
"Siskiyou",22,21,"22_to_21",47,0.01
"Siskiyou",22,22,"22_to_22",373,0.05
"Siskiyou",22,41,"22_to_41",1,0
"Siskiyou",22,42,"22_to_42",10,0
"Siskiyou",22,52,"22_to_52",15,0
"Siskiyou",22,71,"22_to_71",7,0
"Siskiyou",23,22,"23_to_22",1,0
"Siskiyou",23,23,"23_to_23",2,0
"Siskiyou",23,42,"23_to_42",1,0
"Siskiyou",31,31,"31_to_31",1557,0.19
"Siskiyou",31,42,"31_to_42",101,0.01
"Siskiyou",31,52,"31_to_52",316,0.04
"Siskiyou",31,71,"31_to_71",206,0.03
"Siskiyou",41,41,"41_to_41",55,0.01
"Siskiyou",41,42,"41_to_42",46,0.01
"Siskiyou",41,43,"41_to_43",6,0
"Siskiyou",41,52,"41_to_52",85,0.01
"Siskiyou",41,71,"41_to_71",1,0
"Siskiyou",42,11,"42_to_11",4,0
"Siskiyou",42,21,"42_to_21",142,0.02
"Siskiyou",42,22,"42_to_22",27,0
"Siskiyou",42,31,"42_to_31",74,0.01
"Siskiyou",42,41,"42_to_41",18,0
"Siskiyou",42,42,"42_to_42",423341,51.95
"Siskiyou",42,43,"42_to_43",16,0
"Siskiyou",42,52,"42_to_52",175826,21.58
"Siskiyou",42,71,"42_to_71",82191,10.09
"Siskiyou",42,90,"42_to_90",6,0
"Siskiyou",43,42,"43_to_42",32,0
"Siskiyou",43,43,"43_to_43",56,0.01
"Siskiyou",43,52,"43_to_52",22,0
"Siskiyou",43,71,"43_to_71",1,0
"Siskiyou",52,21,"52_to_21",73,0.01
"Siskiyou",52,22,"52_to_22",30,0
"Siskiyou",52,23,"52_to_23",2,0
"Siskiyou",52,31,"52_to_31",158,0.02
"Siskiyou",52,41,"52_to_41",1,0
"Siskiyou",52,42,"52_to_42",11592,1.42
"Siskiyou",52,43,"52_to_43",42,0.01
"Siskiyou",52,52,"52_to_52",74963,9.2
"Siskiyou",52,71,"52_to_71",22224,2.73
"Siskiyou",52,90,"52_to_90",1,0
"Siskiyou",71,22,"71_to_22",3,0
"Siskiyou",71,31,"71_to_31",16,0
"Siskiyou",71,42,"71_to_42",2509,0.31
"Siskiyou",71,52,"71_to_52",13599,1.67
"Siskiyou",71,71,"71_to_71",2980,0.37
"Siskiyou",90,11,"90_to_11",4,0
"Siskiyou",90,90,"90_to_90",40,0
"Siskiyou",95,95,"95_to_95",41,0.01
"Sky_Lakes",11,11,"11_to_11",2178,0.42
"Sky_Lakes",11,22,"11_to_22",3,0
"Sky_Lakes",11,23,"11_to_23",1,0
"Sky_Lakes",11,42,"11_to_42",135,0.03
"Sky_Lakes",11,52,"11_to_52",17,0
"Sky_Lakes",11,71,"11_to_71",3,0
"Sky_Lakes",11,90,"11_to_90",5,0
"Sky_Lakes",11,95,"11_to_95",26,0.01
"Sky_Lakes",12,12,"12_to_12",20,0
"Sky_Lakes",21,21,"21_to_21",313,0.06
"Sky_Lakes",21,22,"21_to_22",12,0
"Sky_Lakes",21,42,"21_to_42",119,0.02
"Sky_Lakes",21,52,"21_to_52",18,0
"Sky_Lakes",21,71,"21_to_71",6,0
"Sky_Lakes",22,21,"22_to_21",16,0
"Sky_Lakes",22,22,"22_to_22",211,0.04
"Sky_Lakes",22,23,"22_to_23",1,0
"Sky_Lakes",22,42,"22_to_42",9,0
"Sky_Lakes",22,52,"22_to_52",1,0
"Sky_Lakes",22,71,"22_to_71",1,0
"Sky_Lakes",23,22,"23_to_22",2,0
"Sky_Lakes",23,23,"23_to_23",2,0
"Sky_Lakes",31,11,"31_to_11",2,0
"Sky_Lakes",31,22,"31_to_22",1,0
"Sky_Lakes",31,31,"31_to_31",6654,1.29
"Sky_Lakes",31,42,"31_to_42",36,0.01
"Sky_Lakes",31,52,"31_to_52",206,0.04
"Sky_Lakes",31,71,"31_to_71",38,0.01
"Sky_Lakes",42,11,"42_to_11",96,0.02
"Sky_Lakes",42,21,"42_to_21",68,0.01
"Sky_Lakes",42,22,"42_to_22",48,0.01
"Sky_Lakes",42,23,"42_to_23",8,0
"Sky_Lakes",42,31,"42_to_31",132,0.03
"Sky_Lakes",42,42,"42_to_42",382186,74.3
"Sky_Lakes",42,52,"42_to_52",37283,7.25
"Sky_Lakes",42,71,"42_to_71",76263,14.83
"Sky_Lakes",42,81,"42_to_81",1,0
"Sky_Lakes",42,82,"42_to_82",2,0
"Sky_Lakes",42,90,"42_to_90",65,0.01
"Sky_Lakes",42,95,"42_to_95",5,0
"Sky_Lakes",52,21,"52_to_21",17,0
"Sky_Lakes",52,22,"52_to_22",13,0
"Sky_Lakes",52,31,"52_to_31",120,0.02
"Sky_Lakes",52,42,"52_to_42",1324,0.26
"Sky_Lakes",52,52,"52_to_52",5622,1.09
"Sky_Lakes",52,71,"52_to_71",339,0.07
"Sky_Lakes",52,90,"52_to_90",1,0
"Sky_Lakes",71,31,"71_to_31",12,0
"Sky_Lakes",71,42,"71_to_42",81,0.02
"Sky_Lakes",71,52,"71_to_52",120,0.02
"Sky_Lakes",71,71,"71_to_71",134,0.03
"Sky_Lakes",90,11,"90_to_11",2,0
"Sky_Lakes",90,42,"90_to_42",10,0
"Sky_Lakes",90,71,"90_to_71",3,0
"Sky_Lakes",90,90,"90_to_90",283,0.06
"Sky_Lakes",90,95,"90_to_95",16,0
"Sky_Lakes",95,11,"95_to_11",1,0
"Sky_Lakes",95,90,"95_to_90",3,0
"Sky_Lakes",95,95,"95_to_95",88,0.02
"Slaughter_Creek",41,41,"41_to_41",631,3.38
"Slaughter_Creek",41,42,"41_to_42",84,0.45
"Slaughter_Creek",41,52,"41_to_52",120,0.64
"Slaughter_Creek",42,41,"42_to_41",54,0.29
"Slaughter_Creek",42,42,"42_to_42",13687,73.27
"Slaughter_Creek",42,52,"42_to_52",2924,15.65
"Slaughter_Creek",42,71,"42_to_71",12,0.06
"Slaughter_Creek",52,41,"52_to_41",106,0.57
"Slaughter_Creek",52,42,"52_to_42",270,1.45
"Slaughter_Creek",52,52,"52_to_52",769,4.12
"Slaughter_Creek",52,71,"52_to_71",23,0.12
"Sleeping_Bear_Dunes",11,11,"11_to_11",2139,1.46
"Sleeping_Bear_Dunes",11,31,"11_to_31",20,0.01
"Sleeping_Bear_Dunes",11,41,"11_to_41",9,0.01
"Sleeping_Bear_Dunes",11,42,"11_to_42",7,0
"Sleeping_Bear_Dunes",11,43,"11_to_43",12,0.01
"Sleeping_Bear_Dunes",11,71,"11_to_71",6,0
"Sleeping_Bear_Dunes",11,90,"11_to_90",15,0.01
"Sleeping_Bear_Dunes",11,95,"11_to_95",42,0.03
"Sleeping_Bear_Dunes",21,21,"21_to_21",439,0.3
"Sleeping_Bear_Dunes",21,41,"21_to_41",6,0
"Sleeping_Bear_Dunes",21,42,"21_to_42",2,0
"Sleeping_Bear_Dunes",21,43,"21_to_43",1,0
"Sleeping_Bear_Dunes",21,71,"21_to_71",1,0
"Sleeping_Bear_Dunes",21,90,"21_to_90",1,0
"Sleeping_Bear_Dunes",22,21,"22_to_21",1,0
"Sleeping_Bear_Dunes",22,22,"22_to_22",69,0.05
"Sleeping_Bear_Dunes",31,11,"31_to_11",49,0.03
"Sleeping_Bear_Dunes",31,31,"31_to_31",22954,15.65
"Sleeping_Bear_Dunes",31,41,"31_to_41",124,0.08
"Sleeping_Bear_Dunes",31,42,"31_to_42",22,0.01
"Sleeping_Bear_Dunes",31,43,"31_to_43",15,0.01
"Sleeping_Bear_Dunes",31,52,"31_to_52",4,0
"Sleeping_Bear_Dunes",31,71,"31_to_71",115,0.08
"Sleeping_Bear_Dunes",31,82,"31_to_82",1,0
"Sleeping_Bear_Dunes",31,90,"31_to_90",5,0
"Sleeping_Bear_Dunes",31,95,"31_to_95",1,0
"Sleeping_Bear_Dunes",41,11,"41_to_11",3,0
"Sleeping_Bear_Dunes",41,21,"41_to_21",1,0
"Sleeping_Bear_Dunes",41,31,"41_to_31",22,0.01
"Sleeping_Bear_Dunes",41,41,"41_to_41",76863,52.4
"Sleeping_Bear_Dunes",41,42,"41_to_42",35,0.02
"Sleeping_Bear_Dunes",41,43,"41_to_43",540,0.37
"Sleeping_Bear_Dunes",41,52,"41_to_52",2,0
"Sleeping_Bear_Dunes",41,71,"41_to_71",68,0.05
"Sleeping_Bear_Dunes",41,82,"41_to_82",3,0
"Sleeping_Bear_Dunes",41,90,"41_to_90",51,0.03
"Sleeping_Bear_Dunes",42,11,"42_to_11",9,0.01
"Sleeping_Bear_Dunes",42,21,"42_to_21",1,0
"Sleeping_Bear_Dunes",42,22,"42_to_22",1,0
"Sleeping_Bear_Dunes",42,31,"42_to_31",7,0
"Sleeping_Bear_Dunes",42,41,"42_to_41",153,0.1
"Sleeping_Bear_Dunes",42,42,"42_to_42",5281,3.6
"Sleeping_Bear_Dunes",42,43,"42_to_43",137,0.09
"Sleeping_Bear_Dunes",42,52,"42_to_52",1,0
"Sleeping_Bear_Dunes",42,71,"42_to_71",27,0.02
"Sleeping_Bear_Dunes",43,11,"43_to_11",3,0
"Sleeping_Bear_Dunes",43,31,"43_to_31",7,0
"Sleeping_Bear_Dunes",43,41,"43_to_41",611,0.42
"Sleeping_Bear_Dunes",43,42,"43_to_42",135,0.09
"Sleeping_Bear_Dunes",43,43,"43_to_43",12543,8.55
"Sleeping_Bear_Dunes",43,52,"43_to_52",1,0
"Sleeping_Bear_Dunes",43,71,"43_to_71",56,0.04
"Sleeping_Bear_Dunes",43,90,"43_to_90",6,0
"Sleeping_Bear_Dunes",52,21,"52_to_21",2,0
"Sleeping_Bear_Dunes",52,22,"52_to_22",1,0
"Sleeping_Bear_Dunes",52,31,"52_to_31",2,0
"Sleeping_Bear_Dunes",52,41,"52_to_41",507,0.35
"Sleeping_Bear_Dunes",52,42,"52_to_42",92,0.06
"Sleeping_Bear_Dunes",52,43,"52_to_43",93,0.06
"Sleeping_Bear_Dunes",52,52,"52_to_52",671,0.46
"Sleeping_Bear_Dunes",52,71,"52_to_71",8,0.01
"Sleeping_Bear_Dunes",71,11,"71_to_11",5,0
"Sleeping_Bear_Dunes",71,21,"71_to_21",2,0
"Sleeping_Bear_Dunes",71,22,"71_to_22",3,0
"Sleeping_Bear_Dunes",71,31,"71_to_31",8,0.01
"Sleeping_Bear_Dunes",71,41,"71_to_41",298,0.2
"Sleeping_Bear_Dunes",71,42,"71_to_42",92,0.06
"Sleeping_Bear_Dunes",71,43,"71_to_43",40,0.03
"Sleeping_Bear_Dunes",71,52,"71_to_52",86,0.06
"Sleeping_Bear_Dunes",71,71,"71_to_71",3300,2.25
"Sleeping_Bear_Dunes",81,71,"81_to_71",1,0
"Sleeping_Bear_Dunes",82,21,"82_to_21",2,0
"Sleeping_Bear_Dunes",82,31,"82_to_31",2,0
"Sleeping_Bear_Dunes",82,41,"82_to_41",1,0
"Sleeping_Bear_Dunes",82,52,"82_to_52",1,0
"Sleeping_Bear_Dunes",82,71,"82_to_71",88,0.06
"Sleeping_Bear_Dunes",82,82,"82_to_82",6,0
"Sleeping_Bear_Dunes",90,11,"90_to_11",22,0.01
"Sleeping_Bear_Dunes",90,31,"90_to_31",5,0
"Sleeping_Bear_Dunes",90,41,"90_to_41",38,0.03
"Sleeping_Bear_Dunes",90,43,"90_to_43",3,0
"Sleeping_Bear_Dunes",90,71,"90_to_71",1,0
"Sleeping_Bear_Dunes",90,90,"90_to_90",18191,12.4
"Sleeping_Bear_Dunes",90,95,"90_to_95",182,0.12
"Sleeping_Bear_Dunes",95,11,"95_to_11",32,0.02
"Sleeping_Bear_Dunes",95,31,"95_to_31",3,0
"Sleeping_Bear_Dunes",95,90,"95_to_90",58,0.04
"Sleeping_Bear_Dunes",95,95,"95_to_95",207,0.14
"Snow_Mountain",21,21,"21_to_21",244,0.09
"Snow_Mountain",21,22,"21_to_22",6,0
"Snow_Mountain",21,42,"21_to_42",34,0.01
"Snow_Mountain",21,52,"21_to_52",390,0.14
"Snow_Mountain",21,71,"21_to_71",102,0.04
"Snow_Mountain",22,21,"22_to_21",20,0.01
"Snow_Mountain",22,22,"22_to_22",379,0.14
"Snow_Mountain",22,23,"22_to_23",1,0
"Snow_Mountain",22,42,"22_to_42",3,0
"Snow_Mountain",22,52,"22_to_52",17,0.01
"Snow_Mountain",22,71,"22_to_71",3,0
"Snow_Mountain",23,22,"23_to_22",13,0
"Snow_Mountain",23,23,"23_to_23",4,0
"Snow_Mountain",31,31,"31_to_31",225,0.08
"Snow_Mountain",31,42,"31_to_42",26,0.01
"Snow_Mountain",31,52,"31_to_52",206,0.07
"Snow_Mountain",31,71,"31_to_71",83,0.03
"Snow_Mountain",41,41,"41_to_41",48,0.02
"Snow_Mountain",41,42,"41_to_42",30,0.01
"Snow_Mountain",41,52,"41_to_52",873,0.32
"Snow_Mountain",41,71,"41_to_71",31,0.01
"Snow_Mountain",42,21,"42_to_21",19,0.01
"Snow_Mountain",42,22,"42_to_22",9,0
"Snow_Mountain",42,31,"42_to_31",18,0.01
"Snow_Mountain",42,41,"42_to_41",2,0
"Snow_Mountain",42,42,"42_to_42",31821,11.51
"Snow_Mountain",42,52,"42_to_52",91958,33.27
"Snow_Mountain",42,71,"42_to_71",23976,8.67
"Snow_Mountain",42,90,"42_to_90",8,0
"Snow_Mountain",43,42,"43_to_42",13,0
"Snow_Mountain",43,43,"43_to_43",1,0
"Snow_Mountain",43,52,"43_to_52",675,0.24
"Snow_Mountain",52,21,"52_to_21",108,0.04
"Snow_Mountain",52,22,"52_to_22",28,0.01
"Snow_Mountain",52,23,"52_to_23",1,0
"Snow_Mountain",52,31,"52_to_31",39,0.01
"Snow_Mountain",52,42,"52_to_42",5831,2.11
"Snow_Mountain",52,43,"52_to_43",3,0
"Snow_Mountain",52,52,"52_to_52",81931,29.64
"Snow_Mountain",52,71,"52_to_71",11261,4.07
"Snow_Mountain",52,90,"52_to_90",1,0
"Snow_Mountain",52,95,"52_to_95",1,0
"Snow_Mountain",71,21,"71_to_21",5,0
"Snow_Mountain",71,31,"71_to_31",1,0
"Snow_Mountain",71,41,"71_to_41",10,0
"Snow_Mountain",71,42,"71_to_42",1313,0.48
"Snow_Mountain",71,52,"71_to_52",22884,8.28
"Snow_Mountain",71,71,"71_to_71",1652,0.6
"Snow_Mountain",90,52,"90_to_52",8,0
"Snow_Mountain",90,90,"90_to_90",63,0.02
"Snow_Mountain",90,95,"90_to_95",4,0
"Snow_Mountain",95,90,"95_to_90",1,0
"Soda_Mountain",21,21,"21_to_21",415,0.37
"Soda_Mountain",21,42,"21_to_42",73,0.06
"Soda_Mountain",21,52,"21_to_52",13,0.01
"Soda_Mountain",21,71,"21_to_71",1,0
"Soda_Mountain",22,21,"22_to_21",3,0
"Soda_Mountain",22,22,"22_to_22",32,0.03
"Soda_Mountain",31,52,"31_to_52",8,0.01
"Soda_Mountain",31,71,"31_to_71",5,0
"Soda_Mountain",41,21,"41_to_21",1,0
"Soda_Mountain",41,41,"41_to_41",1164,1.03
"Soda_Mountain",41,42,"41_to_42",27,0.02
"Soda_Mountain",41,52,"41_to_52",98,0.09
"Soda_Mountain",41,71,"41_to_71",1,0
"Soda_Mountain",42,21,"42_to_21",21,0.02
"Soda_Mountain",42,41,"42_to_41",114,0.1
"Soda_Mountain",42,42,"42_to_42",39568,34.94
"Soda_Mountain",42,52,"42_to_52",2120,1.87
"Soda_Mountain",42,71,"42_to_71",27,0.02
"Soda_Mountain",52,21,"52_to_21",148,0.13
"Soda_Mountain",52,22,"52_to_22",3,0
"Soda_Mountain",52,41,"52_to_41",1038,0.92
"Soda_Mountain",52,42,"52_to_42",7752,6.85
"Soda_Mountain",52,52,"52_to_52",53861,47.56
"Soda_Mountain",52,71,"52_to_71",2707,2.39
"Soda_Mountain",71,21,"71_to_21",5,0
"Soda_Mountain",71,41,"71_to_41",14,0.01
"Soda_Mountain",71,42,"71_to_42",173,0.15
"Soda_Mountain",71,52,"71_to_52",449,0.4
"Soda_Mountain",71,71,"71_to_71",3071,2.71
"Soda_Mountain",81,52,"81_to_52",18,0.02
"Soda_Mountain",81,71,"81_to_71",157,0.14
"Soda_Mountain",81,81,"81_to_81",91,0.08
"Soda_Mountain",81,95,"81_to_95",17,0.02
"Soda_Mountain",90,90,"90_to_90",2,0
"Soda_Mountain",95,90,"95_to_90",1,0
"Soda_Mountain",95,95,"95_to_95",39,0.03
"Soda_Mountains",21,31,"21_to_31",2,0
"Soda_Mountains",22,22,"22_to_22",342,0.09
"Soda_Mountains",22,52,"22_to_52",2,0
"Soda_Mountains",31,31,"31_to_31",42581,11.06
"Soda_Mountains",31,52,"31_to_52",5740,1.49
"Soda_Mountains",31,90,"31_to_90",6,0
"Soda_Mountains",31,95,"31_to_95",129,0.03
"Soda_Mountains",52,22,"52_to_22",7,0
"Soda_Mountains",52,31,"52_to_31",17678,4.59
"Soda_Mountains",52,52,"52_to_52",317592,82.5
"Soda_Mountains",52,90,"52_to_90",2,0
"Soda_Mountains",52,95,"52_to_95",8,0
"Soda_Mountains",71,52,"71_to_52",2,0
"Soda_Mountains",82,52,"82_to_52",3,0
"Soda_Mountains",90,90,"90_to_90",63,0.02
"Soda_Mountains",90,95,"90_to_95",17,0
"Soda_Mountains",95,31,"95_to_31",2,0
"Soda_Mountains",95,52,"95_to_52",31,0.01
"Soda_Mountains",95,90,"95_to_90",199,0.05
"Soda_Mountains",95,95,"95_to_95",558,0.14
"Soldier_Creek",21,21,"21_to_21",8,0.02
"Soldier_Creek",21,22,"21_to_22",5,0.01
"Soldier_Creek",22,22,"22_to_22",1,0
"Soldier_Creek",41,41,"41_to_41",1,0
"Soldier_Creek",41,42,"41_to_42",2,0.01
"Soldier_Creek",42,42,"42_to_42",1260,3.53
"Soldier_Creek",42,52,"42_to_52",98,0.27
"Soldier_Creek",42,71,"42_to_71",3611,10.12
"Soldier_Creek",52,22,"52_to_22",4,0.01
"Soldier_Creek",52,41,"52_to_41",2,0.01
"Soldier_Creek",52,42,"52_to_42",171,0.48
"Soldier_Creek",52,52,"52_to_52",864,2.42
"Soldier_Creek",52,71,"52_to_71",822,2.3
"Soldier_Creek",52,90,"52_to_90",2,0.01
"Soldier_Creek",71,21,"71_to_21",1,0
"Soldier_Creek",71,22,"71_to_22",1,0
"Soldier_Creek",71,42,"71_to_42",925,2.59
"Soldier_Creek",71,52,"71_to_52",800,2.24
"Soldier_Creek",71,71,"71_to_71",27040,75.77
"Soldier_Creek",71,90,"71_to_90",1,0
"Soldier_Creek",90,90,"90_to_90",66,0.18
"Soldier_Creek",95,90,"95_to_90",2,0.01
"South_Egan_Range",21,21,"21_to_21",6,0
"South_Egan_Range",22,22,"22_to_22",102,0.03
"South_Egan_Range",31,31,"31_to_31",1,0
"South_Egan_Range",41,41,"41_to_41",19,0.01
"South_Egan_Range",41,42,"41_to_42",6,0
"South_Egan_Range",41,52,"41_to_52",1,0
"South_Egan_Range",42,21,"42_to_21",1,0
"South_Egan_Range",42,22,"42_to_22",1,0
"South_Egan_Range",42,41,"42_to_41",2,0
"South_Egan_Range",42,42,"42_to_42",208049,67.66
"South_Egan_Range",42,52,"42_to_52",7768,2.53
"South_Egan_Range",42,71,"42_to_71",9659,3.14
"South_Egan_Range",52,21,"52_to_21",7,0
"South_Egan_Range",52,22,"52_to_22",3,0
"South_Egan_Range",52,31,"52_to_31",4,0
"South_Egan_Range",52,41,"52_to_41",2,0
"South_Egan_Range",52,42,"52_to_42",8560,2.78
"South_Egan_Range",52,52,"52_to_52",70770,23.02
"South_Egan_Range",52,71,"52_to_71",2497,0.81
"South_Egan_Range",52,90,"52_to_90",2,0
"South_Egan_Range",90,90,"90_to_90",30,0.01
"South_Fork_Eel_River",11,31,"11_to_31",7,0.01
"South_Fork_Eel_River",21,21,"21_to_21",379,0.63
"South_Fork_Eel_River",21,22,"21_to_22",1,0
"South_Fork_Eel_River",21,42,"21_to_42",7,0.01
"South_Fork_Eel_River",21,52,"21_to_52",50,0.08
"South_Fork_Eel_River",22,21,"22_to_21",2,0
"South_Fork_Eel_River",22,22,"22_to_22",8,0.01
"South_Fork_Eel_River",31,31,"31_to_31",241,0.4
"South_Fork_Eel_River",41,41,"41_to_41",226,0.37
"South_Fork_Eel_River",41,42,"41_to_42",38,0.06
"South_Fork_Eel_River",41,52,"41_to_52",13,0.02
"South_Fork_Eel_River",42,21,"42_to_21",7,0.01
"South_Fork_Eel_River",42,41,"42_to_41",3,0
"South_Fork_Eel_River",42,42,"42_to_42",44962,74.3
"South_Fork_Eel_River",42,52,"42_to_52",2559,4.23
"South_Fork_Eel_River",52,21,"52_to_21",47,0.08
"South_Fork_Eel_River",52,22,"52_to_22",1,0
"South_Fork_Eel_River",52,41,"52_to_41",2,0
"South_Fork_Eel_River",52,42,"52_to_42",743,1.23
"South_Fork_Eel_River",52,52,"52_to_52",10416,17.21
"South_Fork_Eel_River",52,71,"52_to_71",19,0.03
"South_Fork_Eel_River",71,42,"71_to_42",91,0.15
"South_Fork_Eel_River",71,52,"71_to_52",651,1.08
"South_Fork_Eel_River",71,71,"71_to_71",32,0.05
"South_Fork_Eel_River",90,90,"90_to_90",7,0.01
"South_Fork_San_Jacinto",21,21,"21_to_21",34,0.04
"South_Fork_San_Jacinto",21,42,"21_to_42",2,0
"South_Fork_San_Jacinto",21,43,"21_to_43",3,0
"South_Fork_San_Jacinto",21,52,"21_to_52",13,0.01
"South_Fork_San_Jacinto",22,21,"22_to_21",18,0.02
"South_Fork_San_Jacinto",22,22,"22_to_22",54,0.06
"South_Fork_San_Jacinto",22,52,"22_to_52",22,0.02
"South_Fork_San_Jacinto",23,22,"23_to_22",21,0.02
"South_Fork_San_Jacinto",23,23,"23_to_23",8,0.01
"South_Fork_San_Jacinto",23,43,"23_to_43",5,0.01
"South_Fork_San_Jacinto",23,52,"23_to_52",8,0.01
"South_Fork_San_Jacinto",41,42,"41_to_42",1,0
"South_Fork_San_Jacinto",41,43,"41_to_43",1,0
"South_Fork_San_Jacinto",41,52,"41_to_52",4,0
"South_Fork_San_Jacinto",42,42,"42_to_42",2595,2.8
"South_Fork_San_Jacinto",42,43,"42_to_43",2992,3.22
"South_Fork_San_Jacinto",42,52,"42_to_52",718,0.77
"South_Fork_San_Jacinto",43,42,"43_to_42",83,0.09
"South_Fork_San_Jacinto",43,43,"43_to_43",6695,7.21
"South_Fork_San_Jacinto",43,52,"43_to_52",4419,4.76
"South_Fork_San_Jacinto",43,71,"43_to_71",136,0.15
"South_Fork_San_Jacinto",52,21,"52_to_21",11,0.01
"South_Fork_San_Jacinto",52,22,"52_to_22",4,0
"South_Fork_San_Jacinto",52,42,"52_to_42",7,0.01
"South_Fork_San_Jacinto",52,43,"52_to_43",556,0.6
"South_Fork_San_Jacinto",52,52,"52_to_52",42752,46.06
"South_Fork_San_Jacinto",52,71,"52_to_71",18941,20.41
"South_Fork_San_Jacinto",71,22,"71_to_22",1,0
"South_Fork_San_Jacinto",71,43,"71_to_43",117,0.13
"South_Fork_San_Jacinto",71,52,"71_to_52",10254,11.05
"South_Fork_San_Jacinto",71,71,"71_to_71",2342,2.52
"South_Fork_San_Jacinto",90,90,"90_to_90",6,0.01
"South_Jackson_Mountains",21,21,"21_to_21",4,0
"South_Jackson_Mountains",22,22,"22_to_22",34,0.01
"South_Jackson_Mountains",22,23,"22_to_23",2,0
"South_Jackson_Mountains",23,23,"23_to_23",6,0
"South_Jackson_Mountains",31,31,"31_to_31",1275,0.51
"South_Jackson_Mountains",31,42,"31_to_42",33,0.01
"South_Jackson_Mountains",31,52,"31_to_52",52,0.02
"South_Jackson_Mountains",31,71,"31_to_71",9,0
"South_Jackson_Mountains",41,41,"41_to_41",35,0.01
"South_Jackson_Mountains",41,42,"41_to_42",33,0.01
"South_Jackson_Mountains",41,52,"41_to_52",23,0.01
"South_Jackson_Mountains",42,31,"42_to_31",62,0.03
"South_Jackson_Mountains",42,42,"42_to_42",20301,8.19
"South_Jackson_Mountains",42,52,"42_to_52",52,0.02
"South_Jackson_Mountains",52,21,"52_to_21",3,0
"South_Jackson_Mountains",52,22,"52_to_22",9,0
"South_Jackson_Mountains",52,23,"52_to_23",2,0
"South_Jackson_Mountains",52,31,"52_to_31",44,0.02
"South_Jackson_Mountains",52,41,"52_to_41",9,0
"South_Jackson_Mountains",52,42,"52_to_42",6407,2.59
"South_Jackson_Mountains",52,52,"52_to_52",213369,86.13
"South_Jackson_Mountains",52,71,"52_to_71",1648,0.67
"South_Jackson_Mountains",52,90,"52_to_90",14,0.01
"South_Jackson_Mountains",71,52,"71_to_52",1713,0.69
"South_Jackson_Mountains",71,71,"71_to_71",2280,0.92
"South_Jackson_Mountains",90,90,"90_to_90",320,0.13
"South_Maricopa_Mountains",52,22,"52_to_22",1,0
"South_Maricopa_Mountains",52,52,"52_to_52",273565,100
"South_McCullough",42,42,"42_to_42",20808,10.41
"South_McCullough",42,52,"42_to_52",69,0.03
"South_McCullough",52,21,"52_to_21",1,0
"South_McCullough",52,42,"52_to_42",2311,1.16
"South_McCullough",52,52,"52_to_52",176655,88.4
"South_Nopah_Range",22,22,"22_to_22",12,0.01
"South_Nopah_Range",31,31,"31_to_31",1917,2.3
"South_Nopah_Range",31,52,"31_to_52",243,0.29
"South_Nopah_Range",52,22,"52_to_22",6,0.01
"South_Nopah_Range",52,31,"52_to_31",14,0.02
"South_Nopah_Range",52,52,"52_to_52",81204,97.35
"South_Nopah_Range",90,90,"90_to_90",14,0.02
"South_Nopah_Range",90,95,"90_to_95",1,0
"South_Pahroc_Range",22,22,"22_to_22",2,0
"South_Pahroc_Range",31,31,"31_to_31",9,0.01
"South_Pahroc_Range",42,42,"42_to_42",24840,21.08
"South_Pahroc_Range",42,52,"42_to_52",9869,8.37
"South_Pahroc_Range",42,71,"42_to_71",2834,2.4
"South_Pahroc_Range",52,42,"52_to_42",465,0.39
"South_Pahroc_Range",52,52,"52_to_52",63800,54.14
"South_Pahroc_Range",52,71,"52_to_71",15994,13.57
"South_Pahroc_Range",90,90,"90_to_90",34,0.03
"South_San_Juan",11,11,"11_to_11",1283,0.18
"South_San_Juan",11,31,"11_to_31",3,0
"South_San_Juan",11,42,"11_to_42",29,0
"South_San_Juan",11,52,"11_to_52",1,0
"South_San_Juan",11,71,"11_to_71",7,0
"South_San_Juan",11,90,"11_to_90",18,0
"South_San_Juan",11,95,"11_to_95",14,0
"South_San_Juan",21,21,"21_to_21",81,0.01
"South_San_Juan",21,22,"21_to_22",14,0
"South_San_Juan",21,42,"21_to_42",3,0
"South_San_Juan",22,21,"22_to_21",5,0
"South_San_Juan",22,22,"22_to_22",297,0.04
"South_San_Juan",22,23,"22_to_23",2,0
"South_San_Juan",22,42,"22_to_42",2,0
"South_San_Juan",23,22,"23_to_22",19,0
"South_San_Juan",23,23,"23_to_23",26,0
"South_San_Juan",31,11,"31_to_11",3,0
"South_San_Juan",31,31,"31_to_31",29617,4.06
"South_San_Juan",31,42,"31_to_42",290,0.04
"South_San_Juan",31,52,"31_to_52",560,0.08
"South_San_Juan",31,71,"31_to_71",175,0.02
"South_San_Juan",31,95,"31_to_95",1,0
"South_San_Juan",41,21,"41_to_21",2,0
"South_San_Juan",41,22,"41_to_22",5,0
"South_San_Juan",41,41,"41_to_41",42271,5.8
"South_San_Juan",41,42,"41_to_42",551,0.08
"South_San_Juan",41,43,"41_to_43",712,0.1
"South_San_Juan",41,52,"41_to_52",166,0.02
"South_San_Juan",41,71,"41_to_71",142,0.02
"South_San_Juan",41,90,"41_to_90",5,0
"South_San_Juan",42,11,"42_to_11",27,0
"South_San_Juan",42,21,"42_to_21",2,0
"South_San_Juan",42,22,"42_to_22",3,0
"South_San_Juan",42,23,"42_to_23",1,0
"South_San_Juan",42,31,"42_to_31",1015,0.14
"South_San_Juan",42,41,"42_to_41",1506,0.21
"South_San_Juan",42,42,"42_to_42",363784,49.93
"South_San_Juan",42,43,"42_to_43",1053,0.14
"South_San_Juan",42,52,"42_to_52",569,0.08
"South_San_Juan",42,71,"42_to_71",5545,0.76
"South_San_Juan",42,90,"42_to_90",604,0.08
"South_San_Juan",42,95,"42_to_95",8,0
"South_San_Juan",43,41,"43_to_41",1138,0.16
"South_San_Juan",43,42,"43_to_42",4413,0.61
"South_San_Juan",43,43,"43_to_43",36943,5.07
"South_San_Juan",43,71,"43_to_71",3,0
"South_San_Juan",52,11,"52_to_11",1,0
"South_San_Juan",52,21,"52_to_21",22,0
"South_San_Juan",52,22,"52_to_22",22,0
"South_San_Juan",52,23,"52_to_23",8,0
"South_San_Juan",52,31,"52_to_31",430,0.06
"South_San_Juan",52,41,"52_to_41",703,0.1
"South_San_Juan",52,42,"52_to_42",2309,0.32
"South_San_Juan",52,43,"52_to_43",21,0
"South_San_Juan",52,52,"52_to_52",23667,3.25
"South_San_Juan",52,71,"52_to_71",2557,0.35
"South_San_Juan",52,90,"52_to_90",73,0.01
"South_San_Juan",52,95,"52_to_95",29,0
"South_San_Juan",71,11,"71_to_11",15,0
"South_San_Juan",71,21,"71_to_21",2,0
"South_San_Juan",71,22,"71_to_22",8,0
"South_San_Juan",71,23,"71_to_23",3,0
"South_San_Juan",71,31,"71_to_31",546,0.07
"South_San_Juan",71,41,"71_to_41",273,0.04
"South_San_Juan",71,42,"71_to_42",1999,0.27
"South_San_Juan",71,43,"71_to_43",2,0
"South_San_Juan",71,52,"71_to_52",336,0.05
"South_San_Juan",71,71,"71_to_71",150856,20.7
"South_San_Juan",71,90,"71_to_90",2,0
"South_San_Juan",71,95,"71_to_95",4,0
"South_San_Juan",81,81,"81_to_81",7,0
"South_San_Juan",81,95,"81_to_95",8,0
"South_San_Juan",90,11,"90_to_11",32,0
"South_San_Juan",90,22,"90_to_22",1,0
"South_San_Juan",90,23,"90_to_23",2,0
"South_San_Juan",90,41,"90_to_41",16,0
"South_San_Juan",90,42,"90_to_42",93,0.01
"South_San_Juan",90,43,"90_to_43",1,0
"South_San_Juan",90,52,"90_to_52",25,0
"South_San_Juan",90,71,"90_to_71",44,0.01
"South_San_Juan",90,90,"90_to_90",20395,2.8
"South_San_Juan",90,95,"90_to_95",416,0.06
"South_San_Juan",95,11,"95_to_11",23,0
"South_San_Juan",95,42,"95_to_42",1,0
"South_San_Juan",95,52,"95_to_52",23,0
"South_San_Juan",95,71,"95_to_71",12,0
"South_San_Juan",95,81,"95_to_81",2,0
"South_San_Juan",95,90,"95_to_90",171,0.02
"South_San_Juan",95,95,"95_to_95",30550,4.19
"South_Sierra",21,21,"21_to_21",12,0
"South_Sierra",21,42,"21_to_42",3,0
"South_Sierra",21,52,"21_to_52",2,0
"South_Sierra",22,22,"22_to_22",8,0
"South_Sierra",31,31,"31_to_31",956,0.35
"South_Sierra",31,52,"31_to_52",70,0.03
"South_Sierra",41,41,"41_to_41",18,0.01
"South_Sierra",41,42,"41_to_42",19,0.01
"South_Sierra",41,43,"41_to_43",1,0
"South_Sierra",41,52,"41_to_52",10,0
"South_Sierra",41,90,"41_to_90",1,0
"South_Sierra",42,21,"42_to_21",5,0
"South_Sierra",42,22,"42_to_22",1,0
"South_Sierra",42,42,"42_to_42",121169,44.33
"South_Sierra",42,43,"42_to_43",1,0
"South_Sierra",42,52,"42_to_52",39850,14.58
"South_Sierra",42,71,"42_to_71",398,0.15
"South_Sierra",42,81,"42_to_81",1,0
"South_Sierra",42,90,"42_to_90",144,0.05
"South_Sierra",43,42,"43_to_42",2,0
"South_Sierra",43,43,"43_to_43",1,0
"South_Sierra",52,21,"52_to_21",21,0.01
"South_Sierra",52,22,"52_to_22",1,0
"South_Sierra",52,31,"52_to_31",70,0.03
"South_Sierra",52,41,"52_to_41",4,0
"South_Sierra",52,42,"52_to_42",4963,1.82
"South_Sierra",52,52,"52_to_52",99960,36.57
"South_Sierra",52,71,"52_to_71",276,0.1
"South_Sierra",52,81,"52_to_81",29,0.01
"South_Sierra",52,90,"52_to_90",221,0.08
"South_Sierra",52,95,"52_to_95",39,0.01
"South_Sierra",71,42,"71_to_42",2,0
"South_Sierra",71,52,"71_to_52",77,0.03
"South_Sierra",71,71,"71_to_71",7,0
"South_Sierra",90,21,"90_to_21",1,0
"South_Sierra",90,42,"90_to_42",29,0.01
"South_Sierra",90,52,"90_to_52",33,0.01
"South_Sierra",90,90,"90_to_90",2015,0.74
"South_Sierra",90,95,"90_to_95",153,0.06
"South_Sierra",95,52,"95_to_52",3,0
"South_Sierra",95,90,"95_to_90",706,0.26
"South_Sierra",95,95,"95_to_95",2032,0.74
"South_Warner",11,11,"11_to_11",202,0.06
"South_Warner",11,42,"11_to_42",19,0.01
"South_Warner",11,52,"11_to_52",9,0
"South_Warner",12,12,"12_to_12",2,0
"South_Warner",21,21,"21_to_21",162,0.05
"South_Warner",21,22,"21_to_22",1,0
"South_Warner",21,42,"21_to_42",2,0
"South_Warner",22,22,"22_to_22",116,0.04
"South_Warner",22,23,"22_to_23",1,0
"South_Warner",22,42,"22_to_42",1,0
"South_Warner",31,31,"31_to_31",4842,1.52
"South_Warner",31,42,"31_to_42",76,0.02
"South_Warner",31,52,"31_to_52",239,0.08
"South_Warner",31,71,"31_to_71",1,0
"South_Warner",41,41,"41_to_41",696,0.22
"South_Warner",41,42,"41_to_42",34,0.01
"South_Warner",41,52,"41_to_52",42,0.01
"South_Warner",42,11,"42_to_11",4,0
"South_Warner",42,21,"42_to_21",11,0
"South_Warner",42,22,"42_to_22",5,0
"South_Warner",42,31,"42_to_31",212,0.07
"South_Warner",42,41,"42_to_41",68,0.02
"South_Warner",42,42,"42_to_42",144745,45.48
"South_Warner",42,52,"42_to_52",18489,5.81
"South_Warner",42,71,"42_to_71",151,0.05
"South_Warner",42,90,"42_to_90",40,0.01
"South_Warner",52,21,"52_to_21",69,0.02
"South_Warner",52,22,"52_to_22",6,0
"South_Warner",52,31,"52_to_31",1476,0.46
"South_Warner",52,41,"52_to_41",997,0.31
"South_Warner",52,42,"52_to_42",11509,3.62
"South_Warner",52,52,"52_to_52",129197,40.6
"South_Warner",52,71,"52_to_71",436,0.14
"South_Warner",52,90,"52_to_90",22,0.01
"South_Warner",71,31,"71_to_31",1,0
"South_Warner",71,41,"71_to_41",2,0
"South_Warner",71,42,"71_to_42",352,0.11
"South_Warner",71,52,"71_to_52",2121,0.67
"South_Warner",71,71,"71_to_71",222,0.07
"South_Warner",90,41,"90_to_41",4,0
"South_Warner",90,42,"90_to_42",11,0
"South_Warner",90,52,"90_to_52",15,0
"South_Warner",90,90,"90_to_90",1609,0.51
"South_Warner",90,95,"90_to_95",2,0
"South_Warner",95,31,"95_to_31",1,0
"South_Warner",95,95,"95_to_95",32,0.01
"Southern_Nantahala",21,21,"21_to_21",23,0.02
"Southern_Nantahala",21,22,"21_to_22",1,0
"Southern_Nantahala",41,21,"41_to_21",1,0
"Southern_Nantahala",41,22,"41_to_22",1,0
"Southern_Nantahala",41,31,"41_to_31",1,0
"Southern_Nantahala",41,41,"41_to_41",81139,74.89
"Southern_Nantahala",41,42,"41_to_42",1,0
"Southern_Nantahala",41,43,"41_to_43",13,0.01
"Southern_Nantahala",41,52,"41_to_52",38,0.04
"Southern_Nantahala",41,71,"41_to_71",7,0.01
"Southern_Nantahala",42,41,"42_to_41",2,0
"Southern_Nantahala",42,42,"42_to_42",47,0.04
"Southern_Nantahala",42,43,"42_to_43",8,0.01
"Southern_Nantahala",42,52,"42_to_52",4,0
"Southern_Nantahala",43,21,"43_to_21",2,0
"Southern_Nantahala",43,22,"43_to_22",1,0
"Southern_Nantahala",43,41,"43_to_41",5728,5.29
"Southern_Nantahala",43,42,"43_to_42",42,0.04
"Southern_Nantahala",43,43,"43_to_43",20588,19
"Southern_Nantahala",43,52,"43_to_52",669,0.62
"Southern_Nantahala",43,71,"43_to_71",2,0
"Southern_Nantahala",52,71,"52_to_71",1,0
"Southern_Nantahala",81,81,"81_to_81",1,0
"Southern_Nantahala",90,90,"90_to_90",31,0.03
"Spanish_Peaks",21,21,"21_to_21",14,0.02
"Spanish_Peaks",21,22,"21_to_22",1,0
"Spanish_Peaks",22,22,"22_to_22",56,0.06
"Spanish_Peaks",23,22,"23_to_22",1,0
"Spanish_Peaks",31,31,"31_to_31",15338,17.4
"Spanish_Peaks",31,42,"31_to_42",1,0
"Spanish_Peaks",31,52,"31_to_52",155,0.18
"Spanish_Peaks",31,71,"31_to_71",94,0.11
"Spanish_Peaks",41,22,"41_to_22",1,0
"Spanish_Peaks",41,41,"41_to_41",2305,2.62
"Spanish_Peaks",41,42,"41_to_42",254,0.29
"Spanish_Peaks",41,43,"41_to_43",55,0.06
"Spanish_Peaks",41,52,"41_to_52",74,0.08
"Spanish_Peaks",41,71,"41_to_71",20,0.02
"Spanish_Peaks",42,31,"42_to_31",15,0.02
"Spanish_Peaks",42,41,"42_to_41",70,0.08
"Spanish_Peaks",42,42,"42_to_42",52982,60.11
"Spanish_Peaks",42,43,"42_to_43",218,0.25
"Spanish_Peaks",42,52,"42_to_52",4784,5.43
"Spanish_Peaks",42,71,"42_to_71",937,1.06
"Spanish_Peaks",42,90,"42_to_90",1,0
"Spanish_Peaks",43,41,"43_to_41",7,0.01
"Spanish_Peaks",43,42,"43_to_42",793,0.9
"Spanish_Peaks",43,43,"43_to_43",2093,2.37
"Spanish_Peaks",43,52,"43_to_52",305,0.35
"Spanish_Peaks",43,71,"43_to_71",79,0.09
"Spanish_Peaks",52,21,"52_to_21",1,0
"Spanish_Peaks",52,31,"52_to_31",205,0.23
"Spanish_Peaks",52,41,"52_to_41",744,0.84
"Spanish_Peaks",52,42,"52_to_42",1006,1.14
"Spanish_Peaks",52,43,"52_to_43",1,0
"Spanish_Peaks",52,52,"52_to_52",5341,6.06
"Spanish_Peaks",52,71,"52_to_71",105,0.12
"Spanish_Peaks",71,31,"71_to_31",5,0.01
"Spanish_Peaks",71,41,"71_to_41",25,0.03
"Spanish_Peaks",71,42,"71_to_42",12,0.01
"Spanish_Peaks",71,52,"71_to_52",13,0.01
"Spanish_Peaks",71,71,"71_to_71",25,0.03
"Spanish_Peaks",90,90,"90_to_90",2,0
"Spice_Run",11,11,"11_to_11",27,0.1
"Spice_Run",11,41,"11_to_41",7,0.03
"Spice_Run",11,71,"11_to_71",1,0
"Spice_Run",41,41,"41_to_41",22668,81.36
"Spice_Run",41,43,"41_to_43",151,0.54
"Spice_Run",41,71,"41_to_71",3,0.01
"Spice_Run",42,42,"42_to_42",459,1.65
"Spice_Run",42,43,"42_to_43",4,0.01
"Spice_Run",43,41,"43_to_41",18,0.06
"Spice_Run",43,43,"43_to_43",4516,16.21
"Spice_Run",43,71,"43_to_71",1,0
"Spice_Run",71,41,"71_to_41",1,0
"Spice_Run",71,71,"71_to_71",4,0.01
"Spirit_Mountain",22,22,"22_to_22",14,0.01
"Spirit_Mountain",22,23,"22_to_23",1,0
"Spirit_Mountain",23,23,"23_to_23",5,0
"Spirit_Mountain",31,31,"31_to_31",2111,1.39
"Spirit_Mountain",31,52,"31_to_52",426,0.28
"Spirit_Mountain",52,21,"52_to_21",3,0
"Spirit_Mountain",52,22,"52_to_22",23,0.02
"Spirit_Mountain",52,23,"52_to_23",30,0.02
"Spirit_Mountain",52,31,"52_to_31",39,0.03
"Spirit_Mountain",52,52,"52_to_52",149544,98.24
"Spirit_Mountain",52,71,"52_to_71",1,0
"Spirit_Mountain",71,52,"71_to_52",15,0.01
"Spirit_Mountain",90,90,"90_to_90",7,0
"Spirit_Mountain",95,90,"95_to_90",2,0
"Spirit_Mountain",95,95,"95_to_95",1,0
"Spring_Basin",11,11,"11_to_11",1,0
"Spring_Basin",11,52,"11_to_52",4,0.01
"Spring_Basin",21,21,"21_to_21",36,0.12
"Spring_Basin",21,22,"21_to_22",2,0.01
"Spring_Basin",22,22,"22_to_22",23,0.08
"Spring_Basin",23,23,"23_to_23",1,0
"Spring_Basin",52,22,"52_to_22",3,0.01
"Spring_Basin",52,52,"52_to_52",17507,58.81
"Spring_Basin",52,71,"52_to_71",614,2.06
"Spring_Basin",52,81,"52_to_81",1,0
"Spring_Basin",52,82,"52_to_82",2,0.01
"Spring_Basin",71,21,"71_to_21",2,0.01
"Spring_Basin",71,22,"71_to_22",6,0.02
"Spring_Basin",71,52,"71_to_52",247,0.83
"Spring_Basin",71,71,"71_to_71",11308,37.98
"Spring_Basin",71,82,"71_to_82",2,0.01
"Spring_Basin",81,52,"81_to_52",1,0
"Spring_Basin",82,52,"82_to_52",4,0.01
"Spring_Basin",82,71,"82_to_71",2,0.01
"Spring_Basin",82,81,"82_to_81",1,0
"Spring_Basin",82,82,"82_to_82",3,0.01
"St_Marks",11,11,"11_to_11",5608,6.86
"St_Marks",11,22,"11_to_22",1,0
"St_Marks",11,31,"11_to_31",1,0
"St_Marks",11,71,"11_to_71",9,0.01
"St_Marks",11,90,"11_to_90",1,0
"St_Marks",11,95,"11_to_95",40,0.05
"St_Marks",21,21,"21_to_21",338,0.41
"St_Marks",21,22,"21_to_22",158,0.19
"St_Marks",21,23,"21_to_23",3,0
"St_Marks",21,90,"21_to_90",1,0
"St_Marks",22,11,"22_to_11",1,0
"St_Marks",22,21,"22_to_21",1,0
"St_Marks",22,22,"22_to_22",164,0.2
"St_Marks",22,23,"22_to_23",2,0
"St_Marks",31,11,"31_to_11",2,0
"St_Marks",31,31,"31_to_31",65,0.08
"St_Marks",31,95,"31_to_95",1,0
"St_Marks",42,42,"42_to_42",67,0.08
"St_Marks",42,90,"42_to_90",2,0
"St_Marks",71,11,"71_to_11",5,0.01
"St_Marks",71,71,"71_to_71",5,0.01
"St_Marks",90,11,"90_to_11",6,0.01
"St_Marks",90,21,"90_to_21",2,0
"St_Marks",90,90,"90_to_90",15177,18.56
"St_Marks",90,95,"90_to_95",255,0.31
"St_Marks",95,11,"95_to_11",290,0.35
"St_Marks",95,21,"95_to_21",5,0.01
"St_Marks",95,22,"95_to_22",4,0
"St_Marks",95,90,"95_to_90",176,0.22
"St_Marks",95,95,"95_to_95",59402,72.63
"Stateline",52,52,"52_to_52",31801,100
"Steens_Mountain",11,11,"11_to_11",100,0.01
"Steens_Mountain",11,52,"11_to_52",1,0
"Steens_Mountain",12,12,"12_to_12",93,0.01
"Steens_Mountain",21,21,"21_to_21",109,0.01
"Steens_Mountain",21,22,"21_to_22",2,0
"Steens_Mountain",21,52,"21_to_52",1,0
"Steens_Mountain",22,21,"22_to_21",1,0
"Steens_Mountain",22,22,"22_to_22",187,0.02
"Steens_Mountain",31,31,"31_to_31",9190,1.16
"Steens_Mountain",31,42,"31_to_42",287,0.04
"Steens_Mountain",31,52,"31_to_52",584,0.07
"Steens_Mountain",31,71,"31_to_71",45,0.01
"Steens_Mountain",41,41,"41_to_41",8622,1.09
"Steens_Mountain",41,42,"41_to_42",530,0.07
"Steens_Mountain",41,52,"41_to_52",827,0.1
"Steens_Mountain",41,71,"41_to_71",7,0
"Steens_Mountain",41,90,"41_to_90",7,0
"Steens_Mountain",42,11,"42_to_11",1,0
"Steens_Mountain",42,31,"42_to_31",86,0.01
"Steens_Mountain",42,41,"42_to_41",314,0.04
"Steens_Mountain",42,42,"42_to_42",33140,4.18
"Steens_Mountain",42,52,"42_to_52",2083,0.26
"Steens_Mountain",42,71,"42_to_71",250,0.03
"Steens_Mountain",42,90,"42_to_90",17,0
"Steens_Mountain",52,11,"52_to_11",2,0
"Steens_Mountain",52,21,"52_to_21",229,0.03
"Steens_Mountain",52,22,"52_to_22",35,0
"Steens_Mountain",52,23,"52_to_23",1,0
"Steens_Mountain",52,31,"52_to_31",536,0.07
"Steens_Mountain",52,41,"52_to_41",5914,0.75
"Steens_Mountain",52,42,"52_to_42",45431,5.73
"Steens_Mountain",52,52,"52_to_52",503954,63.59
"Steens_Mountain",52,71,"52_to_71",98006,12.37
"Steens_Mountain",52,90,"52_to_90",141,0.02
"Steens_Mountain",52,95,"52_to_95",8,0
"Steens_Mountain",71,21,"71_to_21",3,0
"Steens_Mountain",71,22,"71_to_22",1,0
"Steens_Mountain",71,31,"71_to_31",2,0
"Steens_Mountain",71,41,"71_to_41",91,0.01
"Steens_Mountain",71,42,"71_to_42",5325,0.67
"Steens_Mountain",71,52,"71_to_52",43435,5.48
"Steens_Mountain",71,71,"71_to_71",30354,3.83
"Steens_Mountain",81,95,"81_to_95",6,0
"Steens_Mountain",90,41,"90_to_41",26,0
"Steens_Mountain",90,42,"90_to_42",29,0
"Steens_Mountain",90,52,"90_to_52",42,0.01
"Steens_Mountain",90,71,"90_to_71",1,0
"Steens_Mountain",90,90,"90_to_90",2167,0.27
"Steens_Mountain",90,95,"90_to_95",28,0
"Steens_Mountain",95,52,"95_to_52",3,0
"Steens_Mountain",95,90,"95_to_90",42,0.01
"Steens_Mountain",95,95,"95_to_95",257,0.03
"Stephen_Mather",11,11,"11_to_11",6156,0.21
"Stephen_Mather",11,31,"11_to_31",2494,0.09
"Stephen_Mather",11,42,"11_to_42",618,0.02
"Stephen_Mather",11,52,"11_to_52",37,0
"Stephen_Mather",11,71,"11_to_71",4,0
"Stephen_Mather",11,90,"11_to_90",21,0
"Stephen_Mather",11,95,"11_to_95",4,0
"Stephen_Mather",12,12,"12_to_12",178656,6.22
"Stephen_Mather",21,21,"21_to_21",220,0.01
"Stephen_Mather",21,22,"21_to_22",76,0
"Stephen_Mather",21,23,"21_to_23",30,0
"Stephen_Mather",21,31,"21_to_31",14,0
"Stephen_Mather",21,41,"21_to_41",1,0
"Stephen_Mather",21,42,"21_to_42",64,0
"Stephen_Mather",21,43,"21_to_43",3,0
"Stephen_Mather",21,52,"21_to_52",3,0
"Stephen_Mather",21,71,"21_to_71",2,0
"Stephen_Mather",22,21,"22_to_21",25,0
"Stephen_Mather",22,22,"22_to_22",391,0.01
"Stephen_Mather",22,23,"22_to_23",54,0
"Stephen_Mather",22,42,"22_to_42",6,0
"Stephen_Mather",22,52,"22_to_52",1,0
"Stephen_Mather",23,21,"23_to_21",5,0
"Stephen_Mather",23,22,"23_to_22",13,0
"Stephen_Mather",23,23,"23_to_23",143,0
"Stephen_Mather",23,24,"23_to_24",1,0
"Stephen_Mather",23,31,"23_to_31",1,0
"Stephen_Mather",23,42,"23_to_42",4,0
"Stephen_Mather",24,23,"24_to_23",2,0
"Stephen_Mather",24,24,"24_to_24",3,0
"Stephen_Mather",24,31,"24_to_31",1,0
"Stephen_Mather",31,11,"31_to_11",906,0.03
"Stephen_Mather",31,23,"31_to_23",9,0
"Stephen_Mather",31,31,"31_to_31",411562,14.32
"Stephen_Mather",31,41,"31_to_41",5,0
"Stephen_Mather",31,42,"31_to_42",2739,0.1
"Stephen_Mather",31,52,"31_to_52",2217,0.08
"Stephen_Mather",31,71,"31_to_71",1764,0.06
"Stephen_Mather",31,90,"31_to_90",1,0
"Stephen_Mather",31,95,"31_to_95",6,0
"Stephen_Mather",41,21,"41_to_21",4,0
"Stephen_Mather",41,31,"41_to_31",10,0
"Stephen_Mather",41,41,"41_to_41",192,0.01
"Stephen_Mather",41,42,"41_to_42",33,0
"Stephen_Mather",41,43,"41_to_43",27,0
"Stephen_Mather",41,52,"41_to_52",24,0
"Stephen_Mather",41,71,"41_to_71",2,0
"Stephen_Mather",42,11,"42_to_11",493,0.02
"Stephen_Mather",42,21,"42_to_21",209,0.01
"Stephen_Mather",42,22,"42_to_22",255,0.01
"Stephen_Mather",42,23,"42_to_23",189,0.01
"Stephen_Mather",42,31,"42_to_31",6204,0.22
"Stephen_Mather",42,41,"42_to_41",102,0
"Stephen_Mather",42,42,"42_to_42",1520994,52.92
"Stephen_Mather",42,43,"42_to_43",322,0.01
"Stephen_Mather",42,52,"42_to_52",56352,1.96
"Stephen_Mather",42,71,"42_to_71",59236,2.06
"Stephen_Mather",42,81,"42_to_81",5,0
"Stephen_Mather",42,90,"42_to_90",60,0
"Stephen_Mather",42,95,"42_to_95",5,0
"Stephen_Mather",43,21,"43_to_21",14,0
"Stephen_Mather",43,22,"43_to_22",17,0
"Stephen_Mather",43,23,"43_to_23",7,0
"Stephen_Mather",43,31,"43_to_31",29,0
"Stephen_Mather",43,41,"43_to_41",8,0
"Stephen_Mather",43,42,"43_to_42",224,0.01
"Stephen_Mather",43,43,"43_to_43",1194,0.04
"Stephen_Mather",43,52,"43_to_52",30,0
"Stephen_Mather",52,11,"52_to_11",14,0
"Stephen_Mather",52,21,"52_to_21",129,0
"Stephen_Mather",52,22,"52_to_22",153,0.01
"Stephen_Mather",52,23,"52_to_23",86,0
"Stephen_Mather",52,31,"52_to_31",3150,0.11
"Stephen_Mather",52,41,"52_to_41",955,0.03
"Stephen_Mather",52,42,"52_to_42",88171,3.07
"Stephen_Mather",52,43,"52_to_43",666,0.02
"Stephen_Mather",52,52,"52_to_52",428807,14.92
"Stephen_Mather",52,71,"52_to_71",13284,0.46
"Stephen_Mather",52,81,"52_to_81",28,0
"Stephen_Mather",52,82,"52_to_82",3,0
"Stephen_Mather",52,90,"52_to_90",6,0
"Stephen_Mather",52,95,"52_to_95",1,0
"Stephen_Mather",71,23,"71_to_23",4,0
"Stephen_Mather",71,31,"71_to_31",869,0.03
"Stephen_Mather",71,42,"71_to_42",1262,0.04
"Stephen_Mather",71,52,"71_to_52",2283,0.08
"Stephen_Mather",71,71,"71_to_71",71467,2.49
"Stephen_Mather",71,81,"71_to_81",2,0
"Stephen_Mather",81,31,"81_to_31",1,0
"Stephen_Mather",81,42,"81_to_42",4,0
"Stephen_Mather",81,52,"81_to_52",43,0
"Stephen_Mather",81,71,"81_to_71",3,0
"Stephen_Mather",81,81,"81_to_81",6,0
"Stephen_Mather",82,42,"82_to_42",7,0
"Stephen_Mather",82,71,"82_to_71",3,0
"Stephen_Mather",90,11,"90_to_11",8,0
"Stephen_Mather",90,21,"90_to_21",2,0
"Stephen_Mather",90,22,"90_to_22",4,0
"Stephen_Mather",90,23,"90_to_23",1,0
"Stephen_Mather",90,31,"90_to_31",34,0
"Stephen_Mather",90,42,"90_to_42",68,0
"Stephen_Mather",90,52,"90_to_52",2,0
"Stephen_Mather",90,90,"90_to_90",7177,0.25
"Stephen_Mather",90,95,"90_to_95",123,0
"Stephen_Mather",95,11,"95_to_11",1,0
"Stephen_Mather",95,31,"95_to_31",15,0
"Stephen_Mather",95,42,"95_to_42",1,0
"Stephen_Mather",95,52,"95_to_52",4,0
"Stephen_Mather",95,81,"95_to_81",3,0
"Stephen_Mather",95,90,"95_to_90",209,0.01
"Stephen_Mather",95,95,"95_to_95",521,0.02
"Stepladder_Mountains",22,22,"22_to_22",8,0
"Stepladder_Mountains",22,23,"22_to_23",1,0
"Stepladder_Mountains",23,23,"23_to_23",5,0
"Stepladder_Mountains",31,31,"31_to_31",1035,0.27
"Stepladder_Mountains",31,52,"31_to_52",84,0.02
"Stepladder_Mountains",52,23,"52_to_23",1,0
"Stepladder_Mountains",52,31,"52_to_31",193,0.05
"Stepladder_Mountains",52,52,"52_to_52",377065,99.58
"Stepladder_Mountains",52,71,"52_to_71",271,0.07
"Stepladder_Mountains",71,52,"71_to_52",5,0
"Stepladder_Mountains",71,71,"71_to_71",1,0
"Stone_Mountain",21,21,"21_to_21",9,0.06
"Stone_Mountain",41,41,"41_to_41",8261,54.4
"Stone_Mountain",41,43,"41_to_43",175,1.15
"Stone_Mountain",42,43,"42_to_43",1,0.01
"Stone_Mountain",43,41,"43_to_41",5,0.03
"Stone_Mountain",43,43,"43_to_43",6736,44.35
"Strawberry_Crater",22,22,"22_to_22",4,0.01
"Strawberry_Crater",23,23,"23_to_23",4,0.01
"Strawberry_Crater",31,31,"31_to_31",310,0.65
"Strawberry_Crater",31,52,"31_to_52",1,0
"Strawberry_Crater",42,22,"42_to_22",1,0
"Strawberry_Crater",42,31,"42_to_31",84,0.18
"Strawberry_Crater",42,42,"42_to_42",420,0.88
"Strawberry_Crater",42,52,"42_to_52",1146,2.4
"Strawberry_Crater",42,71,"42_to_71",23,0.05
"Strawberry_Crater",52,31,"52_to_31",126,0.26
"Strawberry_Crater",52,42,"52_to_42",51,0.11
"Strawberry_Crater",52,52,"52_to_52",45600,95.44
"Strawberry_Crater",52,71,"52_to_71",9,0.02
"Strawberry_Mountain",11,11,"11_to_11",162,0.05
"Strawberry_Mountain",11,31,"11_to_31",1,0
"Strawberry_Mountain",11,42,"11_to_42",39,0.01
"Strawberry_Mountain",12,12,"12_to_12",1,0
"Strawberry_Mountain",21,21,"21_to_21",144,0.05
"Strawberry_Mountain",21,22,"21_to_22",1,0
"Strawberry_Mountain",21,42,"21_to_42",1,0
"Strawberry_Mountain",21,52,"21_to_52",31,0.01
"Strawberry_Mountain",22,22,"22_to_22",130,0.04
"Strawberry_Mountain",22,52,"22_to_52",2,0
"Strawberry_Mountain",23,22,"23_to_22",6,0
"Strawberry_Mountain",23,23,"23_to_23",18,0.01
"Strawberry_Mountain",31,31,"31_to_31",1650,0.52
"Strawberry_Mountain",31,42,"31_to_42",34,0.01
"Strawberry_Mountain",31,52,"31_to_52",66,0.02
"Strawberry_Mountain",31,71,"31_to_71",4,0
"Strawberry_Mountain",42,11,"42_to_11",2,0
"Strawberry_Mountain",42,21,"42_to_21",25,0.01
"Strawberry_Mountain",42,22,"42_to_22",8,0
"Strawberry_Mountain",42,31,"42_to_31",263,0.08
"Strawberry_Mountain",42,42,"42_to_42",89832,28.54
"Strawberry_Mountain",42,52,"42_to_52",157160,49.93
"Strawberry_Mountain",42,71,"42_to_71",10491,3.33
"Strawberry_Mountain",42,90,"42_to_90",64,0.02
"Strawberry_Mountain",52,21,"52_to_21",49,0.02
"Strawberry_Mountain",52,22,"52_to_22",14,0
"Strawberry_Mountain",52,23,"52_to_23",2,0
"Strawberry_Mountain",52,31,"52_to_31",87,0.03
"Strawberry_Mountain",52,42,"52_to_42",2791,0.89
"Strawberry_Mountain",52,52,"52_to_52",28748,9.13
"Strawberry_Mountain",52,71,"52_to_71",8941,2.84
"Strawberry_Mountain",52,90,"52_to_90",1,0
"Strawberry_Mountain",71,21,"71_to_21",2,0
"Strawberry_Mountain",71,31,"71_to_31",7,0
"Strawberry_Mountain",71,42,"71_to_42",634,0.2
"Strawberry_Mountain",71,52,"71_to_52",7061,2.24
"Strawberry_Mountain",71,71,"71_to_71",6091,1.94
"Strawberry_Mountain",90,52,"90_to_52",3,0
"Strawberry_Mountain",90,90,"90_to_90",209,0.07
"Sturgeon_River_Gorge",11,11,"11_to_11",17,0.02
"Sturgeon_River_Gorge",11,42,"11_to_42",6,0.01
"Sturgeon_River_Gorge",11,43,"11_to_43",22,0.03
"Sturgeon_River_Gorge",11,71,"11_to_71",1,0
"Sturgeon_River_Gorge",11,90,"11_to_90",70,0.09
"Sturgeon_River_Gorge",11,95,"11_to_95",6,0.01
"Sturgeon_River_Gorge",21,21,"21_to_21",232,0.3
"Sturgeon_River_Gorge",22,21,"22_to_21",1,0
"Sturgeon_River_Gorge",22,22,"22_to_22",5,0.01
"Sturgeon_River_Gorge",31,31,"31_to_31",8,0.01
"Sturgeon_River_Gorge",41,21,"41_to_21",5,0.01
"Sturgeon_River_Gorge",41,41,"41_to_41",25475,33.45
"Sturgeon_River_Gorge",41,43,"41_to_43",886,1.16
"Sturgeon_River_Gorge",41,52,"41_to_52",9,0.01
"Sturgeon_River_Gorge",41,71,"41_to_71",15,0.02
"Sturgeon_River_Gorge",41,90,"41_to_90",5,0.01
"Sturgeon_River_Gorge",41,95,"41_to_95",4,0.01
"Sturgeon_River_Gorge",42,11,"42_to_11",3,0
"Sturgeon_River_Gorge",42,41,"42_to_41",10,0.01
"Sturgeon_River_Gorge",42,42,"42_to_42",8039,10.55
"Sturgeon_River_Gorge",42,43,"42_to_43",113,0.15
"Sturgeon_River_Gorge",42,71,"42_to_71",1,0
"Sturgeon_River_Gorge",42,90,"42_to_90",1,0
"Sturgeon_River_Gorge",43,11,"43_to_11",19,0.02
"Sturgeon_River_Gorge",43,21,"43_to_21",3,0
"Sturgeon_River_Gorge",43,41,"43_to_41",158,0.21
"Sturgeon_River_Gorge",43,42,"43_to_42",282,0.37
"Sturgeon_River_Gorge",43,43,"43_to_43",36426,47.82
"Sturgeon_River_Gorge",43,52,"43_to_52",10,0.01
"Sturgeon_River_Gorge",43,71,"43_to_71",9,0.01
"Sturgeon_River_Gorge",43,90,"43_to_90",19,0.02
"Sturgeon_River_Gorge",52,41,"52_to_41",2,0
"Sturgeon_River_Gorge",52,42,"52_to_42",1,0
"Sturgeon_River_Gorge",52,43,"52_to_43",7,0.01
"Sturgeon_River_Gorge",52,52,"52_to_52",9,0.01
"Sturgeon_River_Gorge",71,43,"71_to_43",12,0.02
"Sturgeon_River_Gorge",71,71,"71_to_71",10,0.01
"Sturgeon_River_Gorge",90,11,"90_to_11",11,0.01
"Sturgeon_River_Gorge",90,41,"90_to_41",1,0
"Sturgeon_River_Gorge",90,43,"90_to_43",7,0.01
"Sturgeon_River_Gorge",90,90,"90_to_90",4235,5.56
"Sturgeon_River_Gorge",90,95,"90_to_95",9,0.01
"Sturgeon_River_Gorge",95,90,"95_to_90",4,0.01
"Sturgeon_River_Gorge",95,95,"95_to_95",1,0
"Superstition",11,52,"11_to_52",4,0
"Superstition",21,21,"21_to_21",65,0.01
"Superstition",21,22,"21_to_22",1,0
"Superstition",21,42,"21_to_42",2,0
"Superstition",21,52,"21_to_52",30,0
"Superstition",22,22,"22_to_22",128,0.02
"Superstition",31,31,"31_to_31",42,0.01
"Superstition",31,52,"31_to_52",3,0
"Superstition",41,52,"41_to_52",13,0
"Superstition",42,21,"42_to_21",37,0.01
"Superstition",42,22,"42_to_22",6,0
"Superstition",42,42,"42_to_42",24483,3.38
"Superstition",42,43,"42_to_43",12,0
"Superstition",42,52,"42_to_52",77096,10.65
"Superstition",42,71,"42_to_71",138,0.02
"Superstition",42,90,"42_to_90",41,0.01
"Superstition",42,95,"42_to_95",1,0
"Superstition",43,42,"43_to_42",33,0
"Superstition",43,43,"43_to_43",4,0
"Superstition",43,52,"43_to_52",1030,0.14
"Superstition",43,71,"43_to_71",19,0
"Superstition",52,21,"52_to_21",110,0.02
"Superstition",52,22,"52_to_22",22,0
"Superstition",52,41,"52_to_41",1,0
"Superstition",52,42,"52_to_42",632,0.09
"Superstition",52,43,"52_to_43",91,0.01
"Superstition",52,52,"52_to_52",521895,72.11
"Superstition",52,71,"52_to_71",91541,12.65
"Superstition",52,90,"52_to_90",7,0
"Superstition",52,95,"52_to_95",2,0
"Superstition",71,52,"71_to_52",4074,0.56
"Superstition",71,71,"71_to_71",860,0.12
"Superstition",90,42,"90_to_42",3,0
"Superstition",90,52,"90_to_52",202,0.03
"Superstition",90,71,"90_to_71",3,0
"Superstition",90,90,"90_to_90",919,0.13
"Superstition",90,95,"90_to_95",97,0.01
"Superstition",95,52,"95_to_52",55,0.01
"Superstition",95,90,"95_to_90",18,0
"Superstition",95,95,"95_to_95",20,0
"Surprise_Canyon",22,22,"22_to_22",2,0
"Surprise_Canyon",23,23,"23_to_23",2,0
"Surprise_Canyon",24,24,"24_to_24",2,0
"Surprise_Canyon",31,31,"31_to_31",27323,24.04
"Surprise_Canyon",31,52,"31_to_52",1012,0.89
"Surprise_Canyon",42,42,"42_to_42",51,0.04
"Surprise_Canyon",42,52,"42_to_52",1,0
"Surprise_Canyon",52,22,"52_to_22",2,0
"Surprise_Canyon",52,31,"52_to_31",977,0.86
"Surprise_Canyon",52,42,"52_to_42",1,0
"Surprise_Canyon",52,52,"52_to_52",84255,74.13
"Surprise_Canyon",90,90,"90_to_90",38,0.03
"Swanquarter",11,11,"11_to_11",4780,11.15
"Swanquarter",11,71,"11_to_71",5,0.01
"Swanquarter",11,95,"11_to_95",23,0.05
"Swanquarter",31,11,"31_to_11",14,0.03
"Swanquarter",31,31,"31_to_31",1,0
"Swanquarter",31,71,"31_to_71",1,0
"Swanquarter",52,11,"52_to_11",1,0
"Swanquarter",71,11,"71_to_11",30,0.07
"Swanquarter",71,71,"71_to_71",2,0
"Swanquarter",90,90,"90_to_90",9767,22.79
"Swanquarter",90,95,"90_to_95",863,2.01
"Swanquarter",95,11,"95_to_11",1137,2.65
"Swanquarter",95,90,"95_to_90",49,0.11
"Swanquarter",95,95,"95_to_95",26189,61.1
"Swansea",22,22,"22_to_22",1,0
"Swansea",31,31,"31_to_31",1,0
"Swansea",31,52,"31_to_52",17,0.02
"Swansea",31,90,"31_to_90",2,0
"Swansea",52,22,"52_to_22",4,0.01
"Swansea",52,52,"52_to_52",77254,98.67
"Swansea",52,90,"52_to_90",151,0.19
"Swansea",52,95,"52_to_95",8,0.01
"Swansea",82,52,"82_to_52",73,0.09
"Swansea",90,52,"90_to_52",13,0.02
"Swansea",90,90,"90_to_90",587,0.75
"Swansea",90,95,"90_to_95",1,0
"Swansea",95,52,"95_to_52",15,0.02
"Swansea",95,90,"95_to_90",163,0.21
"Swansea",95,95,"95_to_95",5,0.01
"Sycamore_Canyon",21,21,"21_to_21",124,0.05
"Sycamore_Canyon",21,22,"21_to_22",58,0.02
"Sycamore_Canyon",21,23,"21_to_23",5,0
"Sycamore_Canyon",21,52,"21_to_52",2,0
"Sycamore_Canyon",22,21,"22_to_21",4,0
"Sycamore_Canyon",22,22,"22_to_22",995,0.37
"Sycamore_Canyon",22,23,"22_to_23",8,0
"Sycamore_Canyon",23,23,"23_to_23",3,0
"Sycamore_Canyon",31,31,"31_to_31",2,0
"Sycamore_Canyon",41,21,"41_to_21",8,0
"Sycamore_Canyon",41,22,"41_to_22",55,0.02
"Sycamore_Canyon",41,23,"41_to_23",14,0.01
"Sycamore_Canyon",41,41,"41_to_41",396,0.15
"Sycamore_Canyon",41,42,"41_to_42",1258,0.47
"Sycamore_Canyon",41,52,"41_to_52",1735,0.65
"Sycamore_Canyon",41,71,"41_to_71",32,0.01
"Sycamore_Canyon",42,21,"42_to_21",180,0.07
"Sycamore_Canyon",42,22,"42_to_22",295,0.11
"Sycamore_Canyon",42,23,"42_to_23",7,0
"Sycamore_Canyon",42,41,"42_to_41",16,0.01
"Sycamore_Canyon",42,42,"42_to_42",73603,27.48
"Sycamore_Canyon",42,43,"42_to_43",3,0
"Sycamore_Canyon",42,52,"42_to_52",47398,17.7
"Sycamore_Canyon",42,71,"42_to_71",12064,4.5
"Sycamore_Canyon",42,81,"42_to_81",2,0
"Sycamore_Canyon",43,42,"43_to_42",4,0
"Sycamore_Canyon",43,52,"43_to_52",5,0
"Sycamore_Canyon",52,21,"52_to_21",140,0.05
"Sycamore_Canyon",52,22,"52_to_22",39,0.01
"Sycamore_Canyon",52,23,"52_to_23",3,0
"Sycamore_Canyon",52,41,"52_to_41",1,0
"Sycamore_Canyon",52,42,"52_to_42",3086,1.15
"Sycamore_Canyon",52,43,"52_to_43",1,0
"Sycamore_Canyon",52,52,"52_to_52",106496,39.76
"Sycamore_Canyon",52,71,"52_to_71",19427,7.25
"Sycamore_Canyon",52,81,"52_to_81",1,0
"Sycamore_Canyon",52,90,"52_to_90",4,0
"Sycamore_Canyon",71,41,"71_to_41",1,0
"Sycamore_Canyon",81,52,"81_to_52",1,0
"Sycamore_Canyon",90,21,"90_to_21",4,0
"Sycamore_Canyon",90,22,"90_to_22",3,0
"Sycamore_Canyon",90,23,"90_to_23",2,0
"Sycamore_Canyon",90,52,"90_to_52",2,0
"Sycamore_Canyon",90,71,"90_to_71",6,0
"Sycamore_Canyon",90,90,"90_to_90",318,0.12
"Sycamore_Canyon",90,95,"90_to_95",4,0
"Sylvania",11,11,"11_to_11",16084,19.2
"Sylvania",11,42,"11_to_42",126,0.15
"Sylvania",11,43,"11_to_43",88,0.11
"Sylvania",11,71,"11_to_71",27,0.03
"Sylvania",11,90,"11_to_90",67,0.08
"Sylvania",11,95,"11_to_95",12,0.01
"Sylvania",21,21,"21_to_21",121,0.14
"Sylvania",22,22,"22_to_22",1,0
"Sylvania",31,42,"31_to_42",3,0
"Sylvania",41,41,"41_to_41",11971,14.29
"Sylvania",41,43,"41_to_43",177,0.21
"Sylvania",41,90,"41_to_90",8,0.01
"Sylvania",42,11,"42_to_11",92,0.11
"Sylvania",42,41,"42_to_41",13,0.02
"Sylvania",42,42,"42_to_42",11299,13.49
"Sylvania",42,43,"42_to_43",121,0.14
"Sylvania",42,90,"42_to_90",7,0.01
"Sylvania",43,11,"43_to_11",42,0.05
"Sylvania",43,41,"43_to_41",24,0.03
"Sylvania",43,42,"43_to_42",210,0.25
"Sylvania",43,43,"43_to_43",27344,32.65
"Sylvania",43,90,"43_to_90",4,0
"Sylvania",71,11,"71_to_11",2,0
"Sylvania",71,42,"71_to_42",1,0
"Sylvania",71,43,"71_to_43",2,0
"Sylvania",71,71,"71_to_71",1,0
"Sylvania",90,11,"90_to_11",66,0.08
"Sylvania",90,41,"90_to_41",2,0
"Sylvania",90,43,"90_to_43",27,0.03
"Sylvania",90,71,"90_to_71",1,0
"Sylvania",90,90,"90_to_90",15436,18.43
"Sylvania",90,95,"90_to_95",17,0.02
"Sylvania",95,11,"95_to_11",1,0
"Sylvania",95,90,"95_to_90",114,0.14
"Sylvania",95,95,"95_to_95",241,0.29
"Sylvania_Mountains",22,22,"22_to_22",3,0
"Sylvania_Mountains",31,31,"31_to_31",5035,5.69
"Sylvania_Mountains",31,52,"31_to_52",258,0.29
"Sylvania_Mountains",42,42,"42_to_42",3215,3.63
"Sylvania_Mountains",42,52,"42_to_52",5,0.01
"Sylvania_Mountains",52,31,"52_to_31",299,0.34
"Sylvania_Mountains",52,42,"52_to_42",2179,2.46
"Sylvania_Mountains",52,52,"52_to_52",77339,87.34
"Sylvania_Mountains",52,81,"52_to_81",84,0.09
"Sylvania_Mountains",52,82,"52_to_82",1,0
"Sylvania_Mountains",52,90,"52_to_90",84,0.09
"Sylvania_Mountains",52,95,"52_to_95",52,0.06
"Table_Mountain",21,21,"21_to_21",87,0.02
"Table_Mountain",21,52,"21_to_52",3,0
"Table_Mountain",22,21,"22_to_21",16,0
"Table_Mountain",22,22,"22_to_22",27,0.01
"Table_Mountain",22,52,"22_to_52",2,0
"Table_Mountain",23,21,"23_to_21",3,0
"Table_Mountain",23,22,"23_to_22",1,0
"Table_Mountain",23,52,"23_to_52",1,0
"Table_Mountain",31,31,"31_to_31",350,0.08
"Table_Mountain",31,42,"31_to_42",1,0
"Table_Mountain",31,52,"31_to_52",11,0
"Table_Mountain",41,41,"41_to_41",37168,8.86
"Table_Mountain",41,42,"41_to_42",271,0.06
"Table_Mountain",41,52,"41_to_52",296,0.07
"Table_Mountain",41,90,"41_to_90",1,0
"Table_Mountain",42,41,"42_to_41",144,0.03
"Table_Mountain",42,42,"42_to_42",214218,51.07
"Table_Mountain",42,52,"42_to_52",81,0.02
"Table_Mountain",52,21,"52_to_21",9,0
"Table_Mountain",52,22,"52_to_22",2,0
"Table_Mountain",52,31,"52_to_31",24,0.01
"Table_Mountain",52,41,"52_to_41",1901,0.45
"Table_Mountain",52,42,"52_to_42",15603,3.72
"Table_Mountain",52,52,"52_to_52",149117,35.55
"Table_Mountain",52,81,"52_to_81",9,0
"Table_Mountain",52,90,"52_to_90",1,0
"Table_Mountain",71,31,"71_to_31",1,0
"Table_Mountain",71,52,"71_to_52",10,0
"Table_Mountain",71,71,"71_to_71",3,0
"Table_Mountain",90,41,"90_to_41",1,0
"Table_Mountain",90,90,"90_to_90",82,0.02
"Table_Rock",21,21,"21_to_21",141,0.53
"Table_Rock",21,22,"21_to_22",23,0.09
"Table_Rock",21,42,"21_to_42",11,0.04
"Table_Rock",21,52,"21_to_52",7,0.03
"Table_Rock",22,22,"22_to_22",10,0.04
"Table_Rock",22,42,"22_to_42",1,0
"Table_Rock",41,41,"41_to_41",1,0
"Table_Rock",42,21,"42_to_21",4,0.01
"Table_Rock",42,22,"42_to_22",4,0.01
"Table_Rock",42,42,"42_to_42",21825,81.71
"Table_Rock",42,52,"42_to_52",1056,3.95
"Table_Rock",42,71,"42_to_71",3074,11.51
"Table_Rock",43,42,"43_to_42",4,0.01
"Table_Rock",43,43,"43_to_43",5,0.02
"Table_Rock",43,52,"43_to_52",1,0
"Table_Rock",52,21,"52_to_21",6,0.02
"Table_Rock",52,41,"52_to_41",3,0.01
"Table_Rock",52,42,"52_to_42",359,1.34
"Table_Rock",52,43,"52_to_43",2,0.01
"Table_Rock",52,52,"52_to_52",90,0.34
"Table_Rock",52,71,"52_to_71",48,0.18
"Table_Rock",52,90,"52_to_90",2,0.01
"Table_Rock",71,42,"71_to_42",26,0.1
"Table_Rock",71,52,"71_to_52",5,0.02
"Table_Rock",71,71,"71_to_71",2,0.01
"Table_Top",52,52,"52_to_52",156457,100
"Tamarac",11,11,"11_to_11",543,5.45
"Tamarac",11,41,"11_to_41",1,0.01
"Tamarac",11,43,"11_to_43",2,0.02
"Tamarac",11,71,"11_to_71",30,0.3
"Tamarac",11,90,"11_to_90",2,0.02
"Tamarac",11,95,"11_to_95",84,0.84
"Tamarac",21,21,"21_to_21",90,0.9
"Tamarac",21,22,"21_to_22",3,0.03
"Tamarac",22,22,"22_to_22",23,0.23
"Tamarac",41,11,"41_to_11",1,0.01
"Tamarac",41,41,"41_to_41",3920,39.37
"Tamarac",41,43,"41_to_43",45,0.45
"Tamarac",41,90,"41_to_90",41,0.41
"Tamarac",41,95,"41_to_95",3,0.03
"Tamarac",42,41,"42_to_41",1,0.01
"Tamarac",42,42,"42_to_42",387,3.89
"Tamarac",42,43,"42_to_43",6,0.06
"Tamarac",43,11,"43_to_11",2,0.02
"Tamarac",43,41,"43_to_41",90,0.9
"Tamarac",43,42,"43_to_42",22,0.22
"Tamarac",43,43,"43_to_43",757,7.6
"Tamarac",43,71,"43_to_71",2,0.02
"Tamarac",43,90,"43_to_90",5,0.05
"Tamarac",71,52,"71_to_52",1,0.01
"Tamarac",71,95,"71_to_95",3,0.03
"Tamarac",90,11,"90_to_11",1,0.01
"Tamarac",90,41,"90_to_41",18,0.18
"Tamarac",90,71,"90_to_71",1,0.01
"Tamarac",90,90,"90_to_90",2340,23.5
"Tamarac",90,95,"90_to_95",628,6.31
"Tamarac",95,11,"95_to_11",10,0.1
"Tamarac",95,71,"95_to_71",1,0.01
"Tamarac",95,90,"95_to_90",8,0.08
"Tamarac",95,95,"95_to_95",887,8.91
"Tatoosh",11,11,"11_to_11",50,0.07
"Tatoosh",11,42,"11_to_42",2,0
"Tatoosh",12,12,"12_to_12",55,0.08
"Tatoosh",21,21,"21_to_21",36,0.05
"Tatoosh",22,22,"22_to_22",11,0.02
"Tatoosh",23,23,"23_to_23",1,0
"Tatoosh",31,11,"31_to_11",4,0.01
"Tatoosh",31,31,"31_to_31",391,0.55
"Tatoosh",31,42,"31_to_42",3,0
"Tatoosh",31,52,"31_to_52",3,0
"Tatoosh",42,11,"42_to_11",44,0.06
"Tatoosh",42,21,"42_to_21",3,0
"Tatoosh",42,22,"42_to_22",7,0.01
"Tatoosh",42,31,"42_to_31",22,0.03
"Tatoosh",42,42,"42_to_42",57930,81.22
"Tatoosh",42,43,"42_to_43",5,0.01
"Tatoosh",42,52,"42_to_52",245,0.34
"Tatoosh",42,71,"42_to_71",1,0
"Tatoosh",43,43,"43_to_43",5,0.01
"Tatoosh",52,21,"52_to_21",6,0.01
"Tatoosh",52,22,"52_to_22",1,0
"Tatoosh",52,31,"52_to_31",2,0
"Tatoosh",52,41,"52_to_41",3,0
"Tatoosh",52,42,"52_to_42",3883,5.44
"Tatoosh",52,43,"52_to_43",3,0
"Tatoosh",52,52,"52_to_52",8520,11.95
"Tatoosh",71,42,"71_to_42",18,0.03
"Tatoosh",71,52,"71_to_52",3,0
"Tatoosh",71,71,"71_to_71",19,0.03
"Tatoosh",81,52,"81_to_52",2,0
"Tatoosh",90,42,"90_to_42",4,0.01
"Tatoosh",90,90,"90_to_90",35,0.05
"Tatoosh",90,95,"90_to_95",7,0.01
"Taylor_Creek",41,41,"41_to_41",41,22.28
"Taylor_Creek",41,42,"41_to_42",5,2.72
"Taylor_Creek",41,52,"41_to_52",1,0.54
"Taylor_Creek",42,42,"42_to_42",84,45.65
"Taylor_Creek",42,52,"42_to_52",2,1.09
"Taylor_Creek",52,42,"52_to_42",4,2.17
"Taylor_Creek",52,52,"52_to_52",47,25.54
"Teton",11,11,"11_to_11",3361,0.13
"Teton",11,22,"11_to_22",1,0
"Teton",11,31,"11_to_31",5,0
"Teton",11,42,"11_to_42",217,0.01
"Teton",11,52,"11_to_52",400,0.02
"Teton",11,71,"11_to_71",14,0
"Teton",11,90,"11_to_90",83,0
"Teton",12,12,"12_to_12",1300,0.05
"Teton",21,21,"21_to_21",764,0.03
"Teton",21,22,"21_to_22",76,0
"Teton",21,23,"21_to_23",8,0
"Teton",21,42,"21_to_42",1,0
"Teton",21,52,"21_to_52",15,0
"Teton",22,21,"22_to_21",79,0
"Teton",22,22,"22_to_22",2196,0.08
"Teton",22,23,"22_to_23",67,0
"Teton",22,42,"22_to_42",5,0
"Teton",22,52,"22_to_52",12,0
"Teton",22,90,"22_to_90",1,0
"Teton",23,21,"23_to_21",2,0
"Teton",23,22,"23_to_22",235,0.01
"Teton",23,23,"23_to_23",748,0.03
"Teton",23,24,"23_to_24",2,0
"Teton",23,42,"23_to_42",3,0
"Teton",23,52,"23_to_52",2,0
"Teton",23,90,"23_to_90",1,0
"Teton",24,22,"24_to_22",1,0
"Teton",24,23,"24_to_23",12,0
"Teton",24,24,"24_to_24",16,0
"Teton",24,42,"24_to_42",1,0
"Teton",31,11,"31_to_11",21,0
"Teton",31,23,"31_to_23",1,0
"Teton",31,31,"31_to_31",122041,4.63
"Teton",31,42,"31_to_42",540,0.02
"Teton",31,52,"31_to_52",673,0.03
"Teton",31,71,"31_to_71",75,0
"Teton",41,41,"41_to_41",5,0
"Teton",41,42,"41_to_42",1,0
"Teton",41,52,"41_to_52",2,0
"Teton",42,11,"42_to_11",105,0
"Teton",42,21,"42_to_21",32,0
"Teton",42,22,"42_to_22",35,0
"Teton",42,23,"42_to_23",16,0
"Teton",42,24,"42_to_24",1,0
"Teton",42,31,"42_to_31",1546,0.06
"Teton",42,42,"42_to_42",907821,34.45
"Teton",42,52,"42_to_52",179176,6.8
"Teton",42,71,"42_to_71",9418,0.36
"Teton",42,90,"42_to_90",581,0.02
"Teton",42,95,"42_to_95",68,0
"Teton",43,43,"43_to_43",12,0
"Teton",52,11,"52_to_11",95,0
"Teton",52,21,"52_to_21",243,0.01
"Teton",52,22,"52_to_22",169,0.01
"Teton",52,23,"52_to_23",109,0
"Teton",52,24,"52_to_24",8,0
"Teton",52,31,"52_to_31",1048,0.04
"Teton",52,41,"52_to_41",7,0
"Teton",52,42,"52_to_42",52240,1.98
"Teton",52,43,"52_to_43",3,0
"Teton",52,52,"52_to_52",764179,29
"Teton",52,71,"52_to_71",1866,0.07
"Teton",52,90,"52_to_90",91,0
"Teton",52,95,"52_to_95",13,0
"Teton",71,11,"71_to_11",38,0
"Teton",71,21,"71_to_21",126,0
"Teton",71,22,"71_to_22",77,0
"Teton",71,23,"71_to_23",7,0
"Teton",71,31,"71_to_31",214,0.01
"Teton",71,42,"71_to_42",37078,1.41
"Teton",71,52,"71_to_52",404519,15.35
"Teton",71,71,"71_to_71",52833,2
"Teton",71,90,"71_to_90",3851,0.15
"Teton",71,95,"71_to_95",55,0
"Teton",81,52,"81_to_52",4,0
"Teton",81,81,"81_to_81",56,0
"Teton",82,42,"82_to_42",3,0
"Teton",82,90,"82_to_90",1,0
"Teton",90,11,"90_to_11",40,0
"Teton",90,21,"90_to_21",1,0
"Teton",90,22,"90_to_22",1,0
"Teton",90,23,"90_to_23",11,0
"Teton",90,42,"90_to_42",77,0
"Teton",90,52,"90_to_52",161,0.01
"Teton",90,71,"90_to_71",16,0
"Teton",90,90,"90_to_90",59175,2.25
"Teton",90,95,"90_to_95",276,0.01
"Teton",95,11,"95_to_11",53,0
"Teton",95,52,"95_to_52",8,0
"Teton",95,90,"95_to_90",715,0.03
"Teton",95,95,"95_to_95",23860,0.91
"The_Brothers",11,11,"11_to_11",14,0.02
"The_Brothers",11,42,"11_to_42",10,0.01
"The_Brothers",12,12,"12_to_12",140,0.19
"The_Brothers",31,31,"31_to_31",1119,1.5
"The_Brothers",31,42,"31_to_42",5,0.01
"The_Brothers",31,71,"31_to_71",14,0.02
"The_Brothers",41,41,"41_to_41",10,0.01
"The_Brothers",42,11,"42_to_11",14,0.02
"The_Brothers",42,21,"42_to_21",2,0
"The_Brothers",42,31,"42_to_31",10,0.01
"The_Brothers",42,41,"42_to_41",1,0
"The_Brothers",42,42,"42_to_42",62089,83.43
"The_Brothers",42,43,"42_to_43",1,0
"The_Brothers",42,52,"42_to_52",2232,3
"The_Brothers",42,71,"42_to_71",319,0.43
"The_Brothers",43,42,"43_to_42",5,0.01
"The_Brothers",43,43,"43_to_43",74,0.1
"The_Brothers",52,31,"52_to_31",11,0.01
"The_Brothers",52,42,"52_to_42",947,1.27
"The_Brothers",52,52,"52_to_52",6599,8.87
"The_Brothers",52,71,"52_to_71",267,0.36
"The_Brothers",71,42,"71_to_42",13,0.02
"The_Brothers",71,52,"71_to_52",53,0.07
"The_Brothers",71,71,"71_to_71",410,0.55
"The_Brothers",90,90,"90_to_90",62,0.08
"The_Brothers",90,95,"90_to_95",3,0
"Theodore_Roosevelt",11,11,"11_to_11",337,0.24
"Theodore_Roosevelt",11,31,"11_to_31",6,0
"Theodore_Roosevelt",11,41,"11_to_41",2,0
"Theodore_Roosevelt",11,52,"11_to_52",22,0.02
"Theodore_Roosevelt",11,71,"11_to_71",144,0.1
"Theodore_Roosevelt",11,90,"11_to_90",1,0
"Theodore_Roosevelt",11,95,"11_to_95",14,0.01
"Theodore_Roosevelt",21,21,"21_to_21",16,0.01
"Theodore_Roosevelt",21,22,"21_to_22",9,0.01
"Theodore_Roosevelt",21,52,"21_to_52",3,0
"Theodore_Roosevelt",22,22,"22_to_22",49,0.04
"Theodore_Roosevelt",31,11,"31_to_11",19,0.01
"Theodore_Roosevelt",31,31,"31_to_31",381,0.28
"Theodore_Roosevelt",31,52,"31_to_52",2,0
"Theodore_Roosevelt",31,71,"31_to_71",105,0.08
"Theodore_Roosevelt",41,11,"41_to_11",41,0.03
"Theodore_Roosevelt",41,41,"41_to_41",7264,5.26
"Theodore_Roosevelt",41,42,"41_to_42",8,0.01
"Theodore_Roosevelt",41,43,"41_to_43",88,0.06
"Theodore_Roosevelt",41,52,"41_to_52",178,0.13
"Theodore_Roosevelt",41,71,"41_to_71",325,0.24
"Theodore_Roosevelt",41,90,"41_to_90",12,0.01
"Theodore_Roosevelt",42,11,"42_to_11",1,0
"Theodore_Roosevelt",42,41,"42_to_41",4,0
"Theodore_Roosevelt",42,42,"42_to_42",234,0.17
"Theodore_Roosevelt",42,43,"42_to_43",148,0.11
"Theodore_Roosevelt",42,52,"42_to_52",3,0
"Theodore_Roosevelt",42,71,"42_to_71",24,0.02
"Theodore_Roosevelt",43,11,"43_to_11",3,0
"Theodore_Roosevelt",43,41,"43_to_41",82,0.06
"Theodore_Roosevelt",43,42,"43_to_42",226,0.16
"Theodore_Roosevelt",43,43,"43_to_43",16574,12
"Theodore_Roosevelt",43,52,"43_to_52",44,0.03
"Theodore_Roosevelt",43,71,"43_to_71",1453,1.05
"Theodore_Roosevelt",43,90,"43_to_90",1,0
"Theodore_Roosevelt",52,11,"52_to_11",40,0.03
"Theodore_Roosevelt",52,21,"52_to_21",4,0
"Theodore_Roosevelt",52,22,"52_to_22",12,0.01
"Theodore_Roosevelt",52,41,"52_to_41",2121,1.54
"Theodore_Roosevelt",52,42,"52_to_42",35,0.03
"Theodore_Roosevelt",52,43,"52_to_43",4636,3.36
"Theodore_Roosevelt",52,52,"52_to_52",34547,25.02
"Theodore_Roosevelt",52,71,"52_to_71",5861,4.24
"Theodore_Roosevelt",52,81,"52_to_81",2,0
"Theodore_Roosevelt",52,82,"52_to_82",1,0
"Theodore_Roosevelt",52,90,"52_to_90",163,0.12
"Theodore_Roosevelt",52,95,"52_to_95",45,0.03
"Theodore_Roosevelt",71,11,"71_to_11",149,0.11
"Theodore_Roosevelt",71,21,"71_to_21",19,0.01
"Theodore_Roosevelt",71,22,"71_to_22",10,0.01
"Theodore_Roosevelt",71,31,"71_to_31",23,0.02
"Theodore_Roosevelt",71,41,"71_to_41",66,0.05
"Theodore_Roosevelt",71,42,"71_to_42",18,0.01
"Theodore_Roosevelt",71,43,"71_to_43",639,0.46
"Theodore_Roosevelt",71,52,"71_to_52",1085,0.79
"Theodore_Roosevelt",71,71,"71_to_71",54945,39.79
"Theodore_Roosevelt",71,81,"71_to_81",4,0
"Theodore_Roosevelt",71,82,"71_to_82",1,0
"Theodore_Roosevelt",71,90,"71_to_90",3,0
"Theodore_Roosevelt",71,95,"71_to_95",43,0.03
"Theodore_Roosevelt",81,81,"81_to_81",10,0.01
"Theodore_Roosevelt",82,71,"82_to_71",3,0
"Theodore_Roosevelt",82,95,"82_to_95",2,0
"Theodore_Roosevelt",90,11,"90_to_11",22,0.02
"Theodore_Roosevelt",90,31,"90_to_31",1,0
"Theodore_Roosevelt",90,41,"90_to_41",2,0
"Theodore_Roosevelt",90,52,"90_to_52",53,0.04
"Theodore_Roosevelt",90,71,"90_to_71",9,0.01
"Theodore_Roosevelt",90,90,"90_to_90",3939,2.85
"Theodore_Roosevelt",90,95,"90_to_95",318,0.23
"Theodore_Roosevelt",95,11,"95_to_11",53,0.04
"Theodore_Roosevelt",95,31,"95_to_31",1,0
"Theodore_Roosevelt",95,52,"95_to_52",7,0.01
"Theodore_Roosevelt",95,71,"95_to_71",35,0.03
"Theodore_Roosevelt",95,82,"95_to_82",1,0
"Theodore_Roosevelt",95,90,"95_to_90",142,0.1
"Theodore_Roosevelt",95,95,"95_to_95",1208,0.87
"Thousand_Lakes",11,11,"11_to_11",294,0.39
"Thousand_Lakes",11,42,"11_to_42",25,0.03
"Thousand_Lakes",11,52,"11_to_52",5,0.01
"Thousand_Lakes",11,90,"11_to_90",2,0
"Thousand_Lakes",12,12,"12_to_12",6,0.01
"Thousand_Lakes",21,21,"21_to_21",155,0.21
"Thousand_Lakes",21,42,"21_to_42",13,0.02
"Thousand_Lakes",22,22,"22_to_22",105,0.14
"Thousand_Lakes",31,31,"31_to_31",4149,5.53
"Thousand_Lakes",31,42,"31_to_42",278,0.37
"Thousand_Lakes",31,52,"31_to_52",903,1.2
"Thousand_Lakes",31,71,"31_to_71",18,0.02
"Thousand_Lakes",41,42,"41_to_42",1,0
"Thousand_Lakes",42,11,"42_to_11",7,0.01
"Thousand_Lakes",42,21,"42_to_21",17,0.02
"Thousand_Lakes",42,22,"42_to_22",1,0
"Thousand_Lakes",42,31,"42_to_31",97,0.13
"Thousand_Lakes",42,42,"42_to_42",57859,77.12
"Thousand_Lakes",42,52,"42_to_52",5389,7.18
"Thousand_Lakes",42,71,"42_to_71",23,0.03
"Thousand_Lakes",42,90,"42_to_90",12,0.02
"Thousand_Lakes",52,21,"52_to_21",2,0
"Thousand_Lakes",52,31,"52_to_31",105,0.14
"Thousand_Lakes",52,42,"52_to_42",1393,1.86
"Thousand_Lakes",52,52,"52_to_52",3717,4.95
"Thousand_Lakes",52,71,"52_to_71",4,0.01
"Thousand_Lakes",71,42,"71_to_42",328,0.44
"Thousand_Lakes",71,52,"71_to_52",93,0.12
"Thousand_Lakes",90,42,"90_to_42",1,0
"Thousand_Lakes",90,90,"90_to_90",19,0.03
"Three_Ridges",21,21,"21_to_21",5,0.02
"Three_Ridges",41,41,"41_to_41",20410,95.78
"Three_Ridges",41,43,"41_to_43",9,0.04
"Three_Ridges",41,52,"41_to_52",1,0
"Three_Ridges",41,81,"41_to_81",2,0.01
"Three_Ridges",43,41,"43_to_41",12,0.06
"Three_Ridges",43,43,"43_to_43",851,3.99
"Three_Ridges",81,81,"81_to_81",19,0.09
"Three_Sisters",11,11,"11_to_11",6961,0.54
"Three_Sisters",11,31,"11_to_31",83,0.01
"Three_Sisters",11,42,"11_to_42",518,0.04
"Three_Sisters",11,52,"11_to_52",6,0
"Three_Sisters",11,71,"11_to_71",119,0.01
"Three_Sisters",11,90,"11_to_90",14,0
"Three_Sisters",11,95,"11_to_95",3,0
"Three_Sisters",12,12,"12_to_12",11101,0.87
"Three_Sisters",21,21,"21_to_21",326,0.03
"Three_Sisters",21,22,"21_to_22",23,0
"Three_Sisters",21,42,"21_to_42",6,0
"Three_Sisters",21,52,"21_to_52",53,0
"Three_Sisters",21,71,"21_to_71",28,0
"Three_Sisters",22,21,"22_to_21",16,0
"Three_Sisters",22,22,"22_to_22",380,0.03
"Three_Sisters",22,52,"22_to_52",6,0
"Three_Sisters",22,71,"22_to_71",2,0
"Three_Sisters",23,22,"23_to_22",6,0
"Three_Sisters",23,23,"23_to_23",12,0
"Three_Sisters",23,52,"23_to_52",2,0
"Three_Sisters",31,11,"31_to_11",25,0
"Three_Sisters",31,31,"31_to_31",104289,8.13
"Three_Sisters",31,42,"31_to_42",210,0.02
"Three_Sisters",31,52,"31_to_52",395,0.03
"Three_Sisters",31,71,"31_to_71",174,0.01
"Three_Sisters",31,81,"31_to_81",6,0
"Three_Sisters",31,82,"31_to_82",1,0
"Three_Sisters",42,11,"42_to_11",215,0.02
"Three_Sisters",42,21,"42_to_21",65,0.01
"Three_Sisters",42,22,"42_to_22",70,0.01
"Three_Sisters",42,23,"42_to_23",1,0
"Three_Sisters",42,31,"42_to_31",480,0.04
"Three_Sisters",42,42,"42_to_42",894282,69.76
"Three_Sisters",42,52,"42_to_52",55193,4.31
"Three_Sisters",42,71,"42_to_71",141765,11.06
"Three_Sisters",42,81,"42_to_81",3,0
"Three_Sisters",42,82,"42_to_82",2,0
"Three_Sisters",42,90,"42_to_90",343,0.03
"Three_Sisters",42,95,"42_to_95",9,0
"Three_Sisters",43,43,"43_to_43",29,0
"Three_Sisters",52,11,"52_to_11",3,0
"Three_Sisters",52,21,"52_to_21",23,0
"Three_Sisters",52,22,"52_to_22",13,0
"Three_Sisters",52,23,"52_to_23",2,0
"Three_Sisters",52,31,"52_to_31",624,0.05
"Three_Sisters",52,41,"52_to_41",2,0
"Three_Sisters",52,42,"52_to_42",6671,0.52
"Three_Sisters",52,52,"52_to_52",50220,3.92
"Three_Sisters",52,71,"52_to_71",1848,0.14
"Three_Sisters",52,90,"52_to_90",9,0
"Three_Sisters",52,95,"52_to_95",6,0
"Three_Sisters",71,31,"71_to_31",29,0
"Three_Sisters",71,42,"71_to_42",172,0.01
"Three_Sisters",71,52,"71_to_52",141,0.01
"Three_Sisters",71,71,"71_to_71",413,0.03
"Three_Sisters",81,81,"81_to_81",3,0
"Three_Sisters",90,11,"90_to_11",31,0
"Three_Sisters",90,42,"90_to_42",109,0.01
"Three_Sisters",90,52,"90_to_52",1,0
"Three_Sisters",90,71,"90_to_71",11,0
"Three_Sisters",90,82,"90_to_82",1,0
"Three_Sisters",90,90,"90_to_90",3018,0.24
"Three_Sisters",90,95,"90_to_95",68,0.01
"Three_Sisters",95,11,"95_to_11",2,0
"Three_Sisters",95,42,"95_to_42",4,0
"Three_Sisters",95,52,"95_to_52",2,0
"Three_Sisters",95,90,"95_to_90",164,0.01
"Three_Sisters",95,95,"95_to_95",1169,0.09
"Thunder_Ridge",21,21,"21_to_21",49,0.43
"Thunder_Ridge",41,21,"41_to_21",1,0.01
"Thunder_Ridge",41,41,"41_to_41",10470,91.66
"Thunder_Ridge",41,43,"41_to_43",17,0.15
"Thunder_Ridge",41,71,"41_to_71",35,0.31
"Thunder_Ridge",42,41,"42_to_41",1,0.01
"Thunder_Ridge",42,42,"42_to_42",2,0.02
"Thunder_Ridge",42,43,"42_to_43",53,0.46
"Thunder_Ridge",43,21,"43_to_21",1,0.01
"Thunder_Ridge",43,41,"43_to_41",12,0.11
"Thunder_Ridge",43,43,"43_to_43",782,6.85
"Trapper_Creek",11,11,"11_to_11",23,0.08
"Trapper_Creek",11,42,"11_to_42",3,0.01
"Trapper_Creek",21,21,"21_to_21",1,0
"Trapper_Creek",22,21,"22_to_21",4,0.01
"Trapper_Creek",22,22,"22_to_22",1,0
"Trapper_Creek",23,21,"23_to_21",1,0
"Trapper_Creek",31,31,"31_to_31",15,0.05
"Trapper_Creek",42,31,"42_to_31",3,0.01
"Trapper_Creek",42,42,"42_to_42",23649,86.47
"Trapper_Creek",42,43,"42_to_43",1,0
"Trapper_Creek",42,52,"42_to_52",44,0.16
"Trapper_Creek",42,71,"42_to_71",3003,10.98
"Trapper_Creek",43,43,"43_to_43",7,0.03
"Trapper_Creek",52,42,"52_to_42",295,1.08
"Trapper_Creek",52,52,"52_to_52",197,0.72
"Trapper_Creek",52,71,"52_to_71",40,0.15
"Trapper_Creek",71,42,"71_to_42",21,0.08
"Trapper_Creek",71,52,"71_to_52",1,0
"Trapper_Creek",71,71,"71_to_71",2,0.01
"Trapper_Creek",90,90,"90_to_90",39,0.14
"Tray_Mountain",21,21,"21_to_21",163,0.34
"Tray_Mountain",21,41,"21_to_41",1,0
"Tray_Mountain",41,41,"41_to_41",29382,61.91
"Tray_Mountain",41,43,"41_to_43",91,0.19
"Tray_Mountain",42,41,"42_to_41",1,0
"Tray_Mountain",42,42,"42_to_42",578,1.22
"Tray_Mountain",42,43,"42_to_43",84,0.18
"Tray_Mountain",43,41,"43_to_41",223,0.47
"Tray_Mountain",43,43,"43_to_43",16932,35.68
"Tray_Mountain",43,71,"43_to_71",1,0
"Tray_Mountain",71,41,"71_to_41",2,0
"Tray_Mountain",71,71,"71_to_71",2,0
"Tres_Alamos",52,52,"52_to_52",38339,100
"Trigo_Mountain",31,31,"31_to_31",7282,5.2
"Trigo_Mountain",31,52,"31_to_52",4,0
"Trigo_Mountain",52,31,"52_to_31",154,0.11
"Trigo_Mountain",52,52,"52_to_52",132663,94.69
"Trilobite",22,22,"22_to_22",32,0.02
"Trilobite",31,31,"31_to_31",4660,2.57
"Trilobite",31,52,"31_to_52",68,0.04
"Trilobite",52,22,"52_to_22",112,0.06
"Trilobite",52,23,"52_to_23",5,0
"Trilobite",52,31,"52_to_31",12865,7.11
"Trilobite",52,52,"52_to_52",163235,90.2
"Trinity_Alps",11,11,"11_to_11",2411,0.1
"Trinity_Alps",11,31,"11_to_31",87,0
"Trinity_Alps",11,42,"11_to_42",45,0
"Trinity_Alps",11,52,"11_to_52",18,0
"Trinity_Alps",11,71,"11_to_71",17,0
"Trinity_Alps",11,90,"11_to_90",2,0
"Trinity_Alps",12,12,"12_to_12",2161,0.09
"Trinity_Alps",21,21,"21_to_21",2907,0.12
"Trinity_Alps",21,22,"21_to_22",85,0
"Trinity_Alps",21,23,"21_to_23",1,0
"Trinity_Alps",21,42,"21_to_42",294,0.01
"Trinity_Alps",21,52,"21_to_52",327,0.01
"Trinity_Alps",21,71,"21_to_71",200,0.01
"Trinity_Alps",22,21,"22_to_21",85,0
"Trinity_Alps",22,22,"22_to_22",1917,0.08
"Trinity_Alps",22,23,"22_to_23",4,0
"Trinity_Alps",22,42,"22_to_42",23,0
"Trinity_Alps",22,52,"22_to_52",18,0
"Trinity_Alps",22,71,"22_to_71",7,0
"Trinity_Alps",22,90,"22_to_90",1,0
"Trinity_Alps",23,22,"23_to_22",44,0
"Trinity_Alps",23,23,"23_to_23",123,0.01
"Trinity_Alps",23,24,"23_to_24",1,0
"Trinity_Alps",24,24,"24_to_24",1,0
"Trinity_Alps",31,11,"31_to_11",25,0
"Trinity_Alps",31,24,"31_to_24",1,0
"Trinity_Alps",31,31,"31_to_31",77133,3.16
"Trinity_Alps",31,42,"31_to_42",1414,0.06
"Trinity_Alps",31,52,"31_to_52",2965,0.12
"Trinity_Alps",31,71,"31_to_71",1729,0.07
"Trinity_Alps",41,21,"41_to_21",3,0
"Trinity_Alps",41,41,"41_to_41",3027,0.12
"Trinity_Alps",41,42,"41_to_42",1231,0.05
"Trinity_Alps",41,52,"41_to_52",2436,0.1
"Trinity_Alps",41,71,"41_to_71",475,0.02
"Trinity_Alps",41,90,"41_to_90",1,0
"Trinity_Alps",42,11,"42_to_11",70,0
"Trinity_Alps",42,21,"42_to_21",981,0.04
"Trinity_Alps",42,22,"42_to_22",386,0.02
"Trinity_Alps",42,23,"42_to_23",16,0
"Trinity_Alps",42,31,"42_to_31",1981,0.08
"Trinity_Alps",42,41,"42_to_41",124,0.01
"Trinity_Alps",42,42,"42_to_42",792528,32.48
"Trinity_Alps",42,52,"42_to_52",485215,19.89
"Trinity_Alps",42,71,"42_to_71",562824,23.07
"Trinity_Alps",42,90,"42_to_90",147,0.01
"Trinity_Alps",42,95,"42_to_95",42,0
"Trinity_Alps",43,43,"43_to_43",1,0
"Trinity_Alps",43,52,"43_to_52",1,0
"Trinity_Alps",43,71,"43_to_71",1,0
"Trinity_Alps",52,11,"52_to_11",24,0
"Trinity_Alps",52,21,"52_to_21",493,0.02
"Trinity_Alps",52,22,"52_to_22",115,0
"Trinity_Alps",52,23,"52_to_23",6,0
"Trinity_Alps",52,31,"52_to_31",3844,0.16
"Trinity_Alps",52,41,"52_to_41",416,0.02
"Trinity_Alps",52,42,"52_to_42",49297,2.02
"Trinity_Alps",52,52,"52_to_52",266653,10.93
"Trinity_Alps",52,71,"52_to_71",79952,3.28
"Trinity_Alps",52,81,"52_to_81",3,0
"Trinity_Alps",52,82,"52_to_82",1,0
"Trinity_Alps",52,90,"52_to_90",57,0
"Trinity_Alps",52,95,"52_to_95",30,0
"Trinity_Alps",71,21,"71_to_21",50,0
"Trinity_Alps",71,22,"71_to_22",18,0
"Trinity_Alps",71,31,"71_to_31",131,0.01
"Trinity_Alps",71,41,"71_to_41",139,0.01
"Trinity_Alps",71,42,"71_to_42",14065,0.58
"Trinity_Alps",71,52,"71_to_52",40673,1.67
"Trinity_Alps",71,71,"71_to_71",26820,1.1
"Trinity_Alps",90,11,"90_to_11",2,0
"Trinity_Alps",90,21,"90_to_21",5,0
"Trinity_Alps",90,22,"90_to_22",3,0
"Trinity_Alps",90,23,"90_to_23",1,0
"Trinity_Alps",90,42,"90_to_42",118,0
"Trinity_Alps",90,52,"90_to_52",43,0
"Trinity_Alps",90,71,"90_to_71",215,0.01
"Trinity_Alps",90,90,"90_to_90",9462,0.39
"Trinity_Alps",90,95,"90_to_95",631,0.03
"Trinity_Alps",95,21,"95_to_21",1,0
"Trinity_Alps",95,71,"95_to_71",1,0
"Trinity_Alps",95,90,"95_to_90",207,0.01
"Trinity_Alps",95,95,"95_to_95",1008,0.04
"Tunnel_Spring",21,21,"21_to_21",4,0.02
"Tunnel_Spring",22,22,"22_to_22",62,0.25
"Tunnel_Spring",22,42,"22_to_42",2,0.01
"Tunnel_Spring",23,22,"23_to_22",2,0.01
"Tunnel_Spring",23,42,"23_to_42",1,0
"Tunnel_Spring",31,31,"31_to_31",1,0
"Tunnel_Spring",41,41,"41_to_41",1,0
"Tunnel_Spring",42,41,"42_to_41",2,0.01
"Tunnel_Spring",42,42,"42_to_42",16007,64.97
"Tunnel_Spring",42,52,"42_to_52",21,0.09
"Tunnel_Spring",52,21,"52_to_21",4,0.02
"Tunnel_Spring",52,22,"52_to_22",1,0
"Tunnel_Spring",52,42,"52_to_42",2154,8.74
"Tunnel_Spring",52,52,"52_to_52",6063,24.61
"Tunnel_Spring",90,42,"90_to_42",1,0
"Tunnel_Spring",90,52,"90_to_52",1,0
"Tunnel_Spring",90,90,"90_to_90",309,1.25
"Turkey_Hill",21,21,"21_to_21",227,0.9
"Turkey_Hill",21,42,"21_to_42",1,0
"Turkey_Hill",22,21,"22_to_21",2,0.01
"Turkey_Hill",22,22,"22_to_22",36,0.14
"Turkey_Hill",41,41,"41_to_41",75,0.3
"Turkey_Hill",41,42,"41_to_42",1,0
"Turkey_Hill",41,43,"41_to_43",3,0.01
"Turkey_Hill",42,21,"42_to_21",7,0.03
"Turkey_Hill",42,41,"42_to_41",271,1.07
"Turkey_Hill",42,42,"42_to_42",13858,54.79
"Turkey_Hill",42,43,"42_to_43",3962,15.66
"Turkey_Hill",42,52,"42_to_52",7,0.03
"Turkey_Hill",42,90,"42_to_90",326,1.29
"Turkey_Hill",43,41,"43_to_41",77,0.3
"Turkey_Hill",43,42,"43_to_42",27,0.11
"Turkey_Hill",43,43,"43_to_43",1790,7.08
"Turkey_Hill",43,52,"43_to_52",2,0.01
"Turkey_Hill",43,90,"43_to_90",7,0.03
"Turkey_Hill",52,42,"52_to_42",4,0.02
"Turkey_Hill",81,42,"81_to_42",14,0.06
"Turkey_Hill",81,81,"81_to_81",24,0.09
"Turkey_Hill",90,42,"90_to_42",3,0.01
"Turkey_Hill",90,71,"90_to_71",1,0
"Turkey_Hill",90,81,"90_to_81",1,0
"Turkey_Hill",90,90,"90_to_90",4563,18.04
"Turkey_Hill",90,95,"90_to_95",5,0.02
"Turtle_Canyon",21,21,"21_to_21",10,0.01
"Turtle_Canyon",22,22,"22_to_22",13,0.01
"Turtle_Canyon",41,41,"41_to_41",333,0.23
"Turtle_Canyon",41,42,"41_to_42",34,0.02
"Turtle_Canyon",42,41,"42_to_41",41,0.03
"Turtle_Canyon",42,42,"42_to_42",101583,69.06
"Turtle_Canyon",42,52,"42_to_52",631,0.43
"Turtle_Canyon",52,41,"52_to_41",10,0.01
"Turtle_Canyon",52,42,"52_to_42",795,0.54
"Turtle_Canyon",52,52,"52_to_52",43645,29.67
"Turtle_Canyon",90,42,"90_to_42",1,0
"Turtle_Canyon",90,52,"90_to_52",3,0
"Turtle_Mountains",22,22,"22_to_22",72,0.01
"Turtle_Mountains",23,23,"23_to_23",2,0
"Turtle_Mountains",31,31,"31_to_31",201,0.02
"Turtle_Mountains",31,52,"31_to_52",2,0
"Turtle_Mountains",52,21,"52_to_21",11,0
"Turtle_Mountains",52,22,"52_to_22",8,0
"Turtle_Mountains",52,23,"52_to_23",2,0
"Turtle_Mountains",52,31,"52_to_31",123,0.01
"Turtle_Mountains",52,52,"52_to_52",822930,99.9
"Turtle_Mountains",52,71,"52_to_71",376,0.05
"Turtle_Mountains",71,71,"71_to_71",4,0
"Twin_Peaks",11,11,"11_to_11",19,0.04
"Twin_Peaks",11,42,"11_to_42",1,0
"Twin_Peaks",11,52,"11_to_52",2,0
"Twin_Peaks",12,12,"12_to_12",1,0
"Twin_Peaks",22,22,"22_to_22",9,0.02
"Twin_Peaks",23,52,"23_to_52",1,0
"Twin_Peaks",31,31,"31_to_31",1233,2.35
"Twin_Peaks",31,42,"31_to_42",27,0.05
"Twin_Peaks",31,52,"31_to_52",81,0.15
"Twin_Peaks",31,71,"31_to_71",1,0
"Twin_Peaks",41,21,"41_to_21",2,0
"Twin_Peaks",41,41,"41_to_41",4506,8.61
"Twin_Peaks",41,42,"41_to_42",457,0.87
"Twin_Peaks",41,52,"41_to_52",133,0.25
"Twin_Peaks",42,11,"42_to_11",2,0
"Twin_Peaks",42,31,"42_to_31",532,1.02
"Twin_Peaks",42,41,"42_to_41",207,0.4
"Twin_Peaks",42,42,"42_to_42",27372,52.27
"Twin_Peaks",42,52,"42_to_52",556,1.06
"Twin_Peaks",52,11,"52_to_11",2,0
"Twin_Peaks",52,21,"52_to_21",2,0
"Twin_Peaks",52,22,"52_to_22",5,0.01
"Twin_Peaks",52,31,"52_to_31",297,0.57
"Twin_Peaks",52,41,"52_to_41",460,0.88
"Twin_Peaks",52,42,"52_to_42",1175,2.24
"Twin_Peaks",52,52,"52_to_52",12973,24.78
"Twin_Peaks",52,71,"52_to_71",9,0.02
"Twin_Peaks",71,31,"71_to_31",249,0.48
"Twin_Peaks",71,41,"71_to_41",2,0
"Twin_Peaks",71,42,"71_to_42",1,0
"Twin_Peaks",71,52,"71_to_52",37,0.07
"Twin_Peaks",71,71,"71_to_71",1982,3.79
"Twin_Peaks",90,90,"90_to_90",26,0.05
"UL_Bend",11,11,"11_to_11",137,0.16
"UL_Bend",11,52,"11_to_52",2,0
"UL_Bend",11,71,"11_to_71",18,0.02
"UL_Bend",21,71,"21_to_71",1,0
"UL_Bend",22,21,"22_to_21",1,0
"UL_Bend",22,22,"22_to_22",110,0.13
"UL_Bend",22,23,"22_to_23",7,0.01
"UL_Bend",23,22,"23_to_22",9,0.01
"UL_Bend",23,23,"23_to_23",268,0.31
"UL_Bend",23,71,"23_to_71",4,0
"UL_Bend",23,95,"23_to_95",1,0
"UL_Bend",31,71,"31_to_71",1,0
"UL_Bend",42,42,"42_to_42",103,0.12
"UL_Bend",42,52,"42_to_52",57,0.07
"UL_Bend",42,71,"42_to_71",119,0.14
"UL_Bend",43,42,"43_to_42",1,0
"UL_Bend",43,71,"43_to_71",4,0
"UL_Bend",52,11,"52_to_11",12,0.01
"UL_Bend",52,21,"52_to_21",1,0
"UL_Bend",52,22,"52_to_22",12,0.01
"UL_Bend",52,23,"52_to_23",6,0.01
"UL_Bend",52,42,"52_to_42",159,0.18
"UL_Bend",52,52,"52_to_52",48646,55.62
"UL_Bend",52,71,"52_to_71",4157,4.75
"UL_Bend",52,95,"52_to_95",7,0.01
"UL_Bend",71,11,"71_to_11",91,0.1
"UL_Bend",71,21,"71_to_21",8,0.01
"UL_Bend",71,22,"71_to_22",6,0.01
"UL_Bend",71,23,"71_to_23",28,0.03
"UL_Bend",71,42,"71_to_42",9,0.01
"UL_Bend",71,52,"71_to_52",7542,8.62
"UL_Bend",71,71,"71_to_71",25709,29.39
"UL_Bend",71,95,"71_to_95",21,0.02
"UL_Bend",95,11,"95_to_11",23,0.03
"UL_Bend",95,23,"95_to_23",1,0
"UL_Bend",95,52,"95_to_52",22,0.03
"UL_Bend",95,71,"95_to_71",28,0.03
"UL_Bend",95,95,"95_to_95",137,0.16
"Unaka_Mountain",21,21,"21_to_21",42,0.2
"Unaka_Mountain",41,41,"41_to_41",2637,12.76
"Unaka_Mountain",41,43,"41_to_43",678,3.28
"Unaka_Mountain",42,41,"42_to_41",4,0.02
"Unaka_Mountain",42,42,"42_to_42",386,1.87
"Unaka_Mountain",42,43,"42_to_43",892,4.32
"Unaka_Mountain",43,41,"43_to_41",229,1.11
"Unaka_Mountain",43,43,"43_to_43",15797,76.43
"Unaka_Mountain",52,41,"52_to_41",4,0.02
"Uncompahgre",11,11,"11_to_11",15,0
"Uncompahgre",11,71,"11_to_71",1,0
"Uncompahgre",11,90,"11_to_90",1,0
"Uncompahgre",12,12,"12_to_12",7,0
"Uncompahgre",21,21,"21_to_21",88,0.02
"Uncompahgre",21,22,"21_to_22",9,0
"Uncompahgre",22,21,"22_to_21",22,0
"Uncompahgre",22,22,"22_to_22",285,0.06
"Uncompahgre",22,23,"22_to_23",3,0
"Uncompahgre",23,22,"23_to_22",9,0
"Uncompahgre",23,23,"23_to_23",51,0.01
"Uncompahgre",23,42,"23_to_42",1,0
"Uncompahgre",24,24,"24_to_24",2,0
"Uncompahgre",31,11,"31_to_11",1,0
"Uncompahgre",31,31,"31_to_31",68942,14.83
"Uncompahgre",31,42,"31_to_42",141,0.03
"Uncompahgre",31,52,"31_to_52",119,0.03
"Uncompahgre",31,71,"31_to_71",22,0
"Uncompahgre",41,21,"41_to_21",1,0
"Uncompahgre",41,22,"41_to_22",1,0
"Uncompahgre",41,41,"41_to_41",21416,4.61
"Uncompahgre",41,42,"41_to_42",359,0.08
"Uncompahgre",41,43,"41_to_43",112,0.02
"Uncompahgre",41,52,"41_to_52",823,0.18
"Uncompahgre",41,71,"41_to_71",40,0.01
"Uncompahgre",42,11,"42_to_11",2,0
"Uncompahgre",42,22,"42_to_22",3,0
"Uncompahgre",42,31,"42_to_31",761,0.16
"Uncompahgre",42,41,"42_to_41",87,0.02
"Uncompahgre",42,42,"42_to_42",195988,42.16
"Uncompahgre",42,43,"42_to_43",107,0.02
"Uncompahgre",42,52,"42_to_52",1879,0.4
"Uncompahgre",42,71,"42_to_71",102,0.02
"Uncompahgre",42,90,"42_to_90",13,0
"Uncompahgre",43,41,"43_to_41",60,0.01
"Uncompahgre",43,42,"43_to_42",364,0.08
"Uncompahgre",43,43,"43_to_43",5408,1.16
"Uncompahgre",43,52,"43_to_52",268,0.06
"Uncompahgre",43,71,"43_to_71",5,0
"Uncompahgre",52,21,"52_to_21",15,0
"Uncompahgre",52,22,"52_to_22",17,0
"Uncompahgre",52,23,"52_to_23",3,0
"Uncompahgre",52,31,"52_to_31",170,0.04
"Uncompahgre",52,41,"52_to_41",532,0.11
"Uncompahgre",52,42,"52_to_42",1815,0.39
"Uncompahgre",52,52,"52_to_52",50061,10.77
"Uncompahgre",52,71,"52_to_71",697,0.15
"Uncompahgre",52,90,"52_to_90",1,0
"Uncompahgre",52,95,"52_to_95",6,0
"Uncompahgre",71,31,"71_to_31",143,0.03
"Uncompahgre",71,41,"71_to_41",108,0.02
"Uncompahgre",71,42,"71_to_42",873,0.19
"Uncompahgre",71,52,"71_to_52",361,0.08
"Uncompahgre",71,71,"71_to_71",106451,22.9
"Uncompahgre",90,41,"90_to_41",3,0
"Uncompahgre",90,42,"90_to_42",4,0
"Uncompahgre",90,52,"90_to_52",6,0
"Uncompahgre",90,90,"90_to_90",3304,0.71
"Uncompahgre",90,95,"90_to_95",54,0.01
"Uncompahgre",95,52,"95_to_52",2,0
"Uncompahgre",95,71,"95_to_71",3,0
"Uncompahgre",95,90,"95_to_90",10,0
"Uncompahgre",95,95,"95_to_95",2670,0.57
"Upland_Island",11,11,"11_to_11",94,0.15
"Upland_Island",11,42,"11_to_42",8,0.01
"Upland_Island",11,71,"11_to_71",4,0.01
"Upland_Island",11,81,"11_to_81",1,0
"Upland_Island",11,90,"11_to_90",4,0.01
"Upland_Island",11,95,"11_to_95",2,0
"Upland_Island",21,21,"21_to_21",318,0.52
"Upland_Island",21,42,"21_to_42",24,0.04
"Upland_Island",21,81,"21_to_81",1,0
"Upland_Island",21,90,"21_to_90",1,0
"Upland_Island",22,21,"22_to_21",29,0.05
"Upland_Island",22,22,"22_to_22",13,0.02
"Upland_Island",31,31,"31_to_31",2,0
"Upland_Island",42,11,"42_to_11",5,0.01
"Upland_Island",42,21,"42_to_21",14,0.02
"Upland_Island",42,22,"42_to_22",2,0
"Upland_Island",42,42,"42_to_42",44709,73.61
"Upland_Island",42,43,"42_to_43",2656,4.37
"Upland_Island",42,52,"42_to_52",2,0
"Upland_Island",42,71,"42_to_71",14,0.02
"Upland_Island",42,90,"42_to_90",68,0.11
"Upland_Island",43,11,"43_to_11",3,0
"Upland_Island",43,42,"43_to_42",81,0.13
"Upland_Island",43,43,"43_to_43",1405,2.31
"Upland_Island",43,52,"43_to_52",1,0
"Upland_Island",43,71,"43_to_71",1,0
"Upland_Island",43,90,"43_to_90",4,0.01
"Upland_Island",52,42,"52_to_42",349,0.57
"Upland_Island",52,43,"52_to_43",2,0
"Upland_Island",52,52,"52_to_52",1,0
"Upland_Island",71,11,"71_to_11",2,0
"Upland_Island",71,42,"71_to_42",37,0.06
"Upland_Island",71,71,"71_to_71",1,0
"Upland_Island",81,81,"81_to_81",35,0.06
"Upland_Island",90,11,"90_to_11",12,0.02
"Upland_Island",90,21,"90_to_21",2,0
"Upland_Island",90,42,"90_to_42",6,0.01
"Upland_Island",90,43,"90_to_43",2,0
"Upland_Island",90,90,"90_to_90",10822,17.82
"Upland_Island",95,90,"95_to_90",1,0
"Upland_Island",95,95,"95_to_95",1,0
"Upper_Bald_River",41,41,"41_to_41",22811,55.12
"Upper_Bald_River",41,43,"41_to_43",512,1.24
"Upper_Bald_River",42,21,"42_to_21",1,0
"Upper_Bald_River",42,41,"42_to_41",12,0.03
"Upper_Bald_River",42,42,"42_to_42",121,0.29
"Upper_Bald_River",42,43,"42_to_43",372,0.9
"Upper_Bald_River",43,41,"43_to_41",1120,2.71
"Upper_Bald_River",43,42,"43_to_42",1,0
"Upper_Bald_River",43,43,"43_to_43",16424,39.69
"Upper_Bald_River",43,52,"43_to_52",1,0
"Upper_Bald_River",43,81,"43_to_81",2,0
"Upper_Bald_River",52,43,"52_to_43",1,0
"Upper_Bald_River",71,41,"71_to_41",3,0.01
"Upper_Buffalo",11,41,"11_to_41",3,0.01
"Upper_Buffalo",21,21,"21_to_21",474,0.86
"Upper_Buffalo",21,41,"21_to_41",1,0
"Upper_Buffalo",22,22,"22_to_22",6,0.01
"Upper_Buffalo",41,21,"41_to_21",2,0
"Upper_Buffalo",41,41,"41_to_41",53244,96.72
"Upper_Buffalo",41,42,"41_to_42",1,0
"Upper_Buffalo",41,43,"41_to_43",17,0.03
"Upper_Buffalo",41,71,"41_to_71",6,0.01
"Upper_Buffalo",41,81,"41_to_81",3,0.01
"Upper_Buffalo",42,41,"42_to_41",2,0
"Upper_Buffalo",42,42,"42_to_42",653,1.19
"Upper_Buffalo",42,43,"42_to_43",4,0.01
"Upper_Buffalo",43,41,"43_to_41",10,0.02
"Upper_Buffalo",43,42,"43_to_42",2,0
"Upper_Buffalo",43,43,"43_to_43",601,1.09
"Upper_Buffalo",71,81,"71_to_81",3,0.01
"Upper_Buffalo",81,41,"81_to_41",1,0
"Upper_Buffalo",81,81,"81_to_81",14,0.03
"Upper_Burro_Creek",31,31,"31_to_31",2,0
"Upper_Burro_Creek",31,52,"31_to_52",1,0
"Upper_Burro_Creek",42,52,"42_to_52",5,0
"Upper_Burro_Creek",43,43,"43_to_43",1,0
"Upper_Burro_Creek",43,52,"43_to_52",2,0
"Upper_Burro_Creek",52,23,"52_to_23",1,0
"Upper_Burro_Creek",52,52,"52_to_52",126121,99.59
"Upper_Burro_Creek",52,71,"52_to_71",155,0.12
"Upper_Burro_Creek",52,90,"52_to_90",11,0.01
"Upper_Burro_Creek",71,52,"71_to_52",28,0.02
"Upper_Burro_Creek",90,52,"90_to_52",2,0
"Upper_Burro_Creek",90,90,"90_to_90",283,0.22
"Upper_Burro_Creek",90,95,"90_to_95",4,0
"Upper_Burro_Creek",95,52,"95_to_52",2,0
"Upper_Burro_Creek",95,90,"95_to_90",10,0.01
"Upper_Burro_Creek",95,95,"95_to_95",13,0.01
"Upper_Kiamichi_River",21,21,"21_to_21",74,0.15
"Upper_Kiamichi_River",31,31,"31_to_31",8,0.02
"Upper_Kiamichi_River",41,41,"41_to_41",28106,56.94
"Upper_Kiamichi_River",41,43,"41_to_43",115,0.23
"Upper_Kiamichi_River",41,71,"41_to_71",1,0
"Upper_Kiamichi_River",42,21,"42_to_21",2,0
"Upper_Kiamichi_River",42,41,"42_to_41",29,0.06
"Upper_Kiamichi_River",42,42,"42_to_42",7592,15.38
"Upper_Kiamichi_River",42,43,"42_to_43",170,0.34
"Upper_Kiamichi_River",43,41,"43_to_41",46,0.09
"Upper_Kiamichi_River",43,42,"43_to_42",58,0.12
"Upper_Kiamichi_River",43,43,"43_to_43",13031,26.4
"Upper_Kiamichi_River",52,41,"52_to_41",50,0.1
"Upper_Kiamichi_River",52,43,"52_to_43",18,0.04
"Upper_Kiamichi_River",71,41,"71_to_41",50,0.1
"Upper_Kiamichi_River",71,42,"71_to_42",3,0.01
"Upper_Kiamichi_River",71,43,"71_to_43",3,0.01
"Upper_Kiamichi_River",71,71,"71_to_71",1,0
"Upper_Kiamichi_River",81,81,"81_to_81",2,0
"Vasquez_Peak",11,11,"11_to_11",12,0.02
"Vasquez_Peak",11,90,"11_to_90",1,0
"Vasquez_Peak",12,12,"12_to_12",88,0.15
"Vasquez_Peak",31,31,"31_to_31",3104,5.2
"Vasquez_Peak",31,42,"31_to_42",4,0.01
"Vasquez_Peak",31,52,"31_to_52",15,0.03
"Vasquez_Peak",31,71,"31_to_71",9,0.02
"Vasquez_Peak",42,31,"42_to_31",3,0.01
"Vasquez_Peak",42,42,"42_to_42",26890,45.07
"Vasquez_Peak",42,52,"42_to_52",151,0.25
"Vasquez_Peak",42,71,"42_to_71",226,0.38
"Vasquez_Peak",52,31,"52_to_31",34,0.06
"Vasquez_Peak",52,42,"52_to_42",1093,1.83
"Vasquez_Peak",52,52,"52_to_52",13686,22.94
"Vasquez_Peak",52,71,"52_to_71",46,0.08
"Vasquez_Peak",71,31,"71_to_31",6,0.01
"Vasquez_Peak",71,42,"71_to_42",49,0.08
"Vasquez_Peak",71,52,"71_to_52",7,0.01
"Vasquez_Peak",71,71,"71_to_71",13335,22.35
"Vasquez_Peak",90,42,"90_to_42",1,0
"Vasquez_Peak",90,90,"90_to_90",499,0.84
"Vasquez_Peak",95,95,"95_to_95",398,0.67
"Ventana",11,11,"11_to_11",4,0
"Ventana",21,21,"21_to_21",415,0.04
"Ventana",21,22,"21_to_22",49,0
"Ventana",21,42,"21_to_42",31,0
"Ventana",21,52,"21_to_52",807,0.08
"Ventana",21,71,"21_to_71",4,0
"Ventana",21,90,"21_to_90",2,0
"Ventana",21,95,"21_to_95",1,0
"Ventana",22,21,"22_to_21",6,0
"Ventana",22,22,"22_to_22",141,0.01
"Ventana",22,42,"22_to_42",1,0
"Ventana",22,52,"22_to_52",37,0
"Ventana",22,95,"22_to_95",1,0
"Ventana",41,41,"41_to_41",76,0.01
"Ventana",41,42,"41_to_42",115,0.01
"Ventana",41,43,"41_to_43",2,0
"Ventana",41,52,"41_to_52",270,0.03
"Ventana",41,71,"41_to_71",4,0
"Ventana",42,21,"42_to_21",106,0.01
"Ventana",42,22,"42_to_22",46,0
"Ventana",42,41,"42_to_41",8,0
"Ventana",42,42,"42_to_42",138584,12.91
"Ventana",42,43,"42_to_43",592,0.06
"Ventana",42,52,"42_to_52",289760,26.99
"Ventana",42,71,"42_to_71",1048,0.1
"Ventana",42,81,"42_to_81",4,0
"Ventana",42,90,"42_to_90",62,0.01
"Ventana",42,95,"42_to_95",1,0
"Ventana",43,21,"43_to_21",16,0
"Ventana",43,22,"43_to_22",16,0
"Ventana",43,42,"43_to_42",5650,0.53
"Ventana",43,43,"43_to_43",13330,1.24
"Ventana",43,52,"43_to_52",56275,5.24
"Ventana",43,71,"43_to_71",774,0.07
"Ventana",43,81,"43_to_81",5,0
"Ventana",43,90,"43_to_90",5,0
"Ventana",52,21,"52_to_21",371,0.03
"Ventana",52,22,"52_to_22",68,0.01
"Ventana",52,41,"52_to_41",34,0
"Ventana",52,42,"52_to_42",17349,1.62
"Ventana",52,43,"52_to_43",10221,0.95
"Ventana",52,52,"52_to_52",452188,42.12
"Ventana",52,71,"52_to_71",32401,3.02
"Ventana",52,81,"52_to_81",18,0
"Ventana",52,90,"52_to_90",88,0.01
"Ventana",52,95,"52_to_95",23,0
"Ventana",71,21,"71_to_21",6,0
"Ventana",71,41,"71_to_41",3,0
"Ventana",71,42,"71_to_42",674,0.06
"Ventana",71,43,"71_to_43",163,0.02
"Ventana",71,52,"71_to_52",36800,3.43
"Ventana",71,71,"71_to_71",9051,0.84
"Ventana",71,81,"71_to_81",2,0
"Ventana",71,90,"71_to_90",1,0
"Ventana",71,95,"71_to_95",10,0
"Ventana",90,21,"90_to_21",7,0
"Ventana",90,22,"90_to_22",23,0
"Ventana",90,42,"90_to_42",268,0.02
"Ventana",90,43,"90_to_43",2,0
"Ventana",90,52,"90_to_52",1197,0.11
"Ventana",90,71,"90_to_71",178,0.02
"Ventana",90,90,"90_to_90",4059,0.38
"Ventana",90,95,"90_to_95",119,0.01
"Ventana",95,52,"95_to_52",3,0
"Ventana",95,71,"95_to_71",7,0
"Ventana",95,90,"95_to_90",21,0
"Ventana",95,95,"95_to_95",81,0.01
"Wabayuma_Peak",21,21,"21_to_21",1,0
"Wabayuma_Peak",21,52,"21_to_52",2,0
"Wabayuma_Peak",41,42,"41_to_42",11,0.01
"Wabayuma_Peak",42,42,"42_to_42",27503,14.99
"Wabayuma_Peak",42,43,"42_to_43",1,0
"Wabayuma_Peak",42,52,"42_to_52",2908,1.59
"Wabayuma_Peak",43,52,"43_to_52",9,0
"Wabayuma_Peak",52,21,"52_to_21",3,0
"Wabayuma_Peak",52,42,"52_to_42",336,0.18
"Wabayuma_Peak",52,43,"52_to_43",1,0
"Wabayuma_Peak",52,52,"52_to_52",152676,83.22
"Waldo_Lake",11,11,"11_to_11",2206,1.31
"Waldo_Lake",11,31,"11_to_31",39,0.02
"Waldo_Lake",11,42,"11_to_42",181,0.11
"Waldo_Lake",11,52,"11_to_52",88,0.05
"Waldo_Lake",11,71,"11_to_71",536,0.32
"Waldo_Lake",11,90,"11_to_90",5,0
"Waldo_Lake",11,95,"11_to_95",4,0
"Waldo_Lake",21,21,"21_to_21",8,0
"Waldo_Lake",21,42,"21_to_42",1,0
"Waldo_Lake",22,22,"22_to_22",2,0
"Waldo_Lake",31,31,"31_to_31",343,0.2
"Waldo_Lake",31,42,"31_to_42",2,0
"Waldo_Lake",31,52,"31_to_52",1,0
"Waldo_Lake",31,71,"31_to_71",19,0.01
"Waldo_Lake",41,41,"41_to_41",1,0
"Waldo_Lake",41,90,"41_to_90",4,0
"Waldo_Lake",42,11,"42_to_11",15,0.01
"Waldo_Lake",42,21,"42_to_21",1,0
"Waldo_Lake",42,22,"42_to_22",2,0
"Waldo_Lake",42,31,"42_to_31",4904,2.92
"Waldo_Lake",42,42,"42_to_42",65652,39.1
"Waldo_Lake",42,52,"42_to_52",2900,1.73
"Waldo_Lake",42,71,"42_to_71",89453,53.28
"Waldo_Lake",42,81,"42_to_81",4,0
"Waldo_Lake",42,90,"42_to_90",57,0.03
"Waldo_Lake",42,95,"42_to_95",14,0.01
"Waldo_Lake",43,43,"43_to_43",1,0
"Waldo_Lake",52,11,"52_to_11",5,0
"Waldo_Lake",52,21,"52_to_21",4,0
"Waldo_Lake",52,31,"52_to_31",2,0
"Waldo_Lake",52,42,"52_to_42",147,0.09
"Waldo_Lake",52,52,"52_to_52",232,0.14
"Waldo_Lake",52,71,"52_to_71",214,0.13
"Waldo_Lake",71,31,"71_to_31",7,0
"Waldo_Lake",71,42,"71_to_42",41,0.02
"Waldo_Lake",71,52,"71_to_52",28,0.02
"Waldo_Lake",71,71,"71_to_71",67,0.04
"Waldo_Lake",82,71,"82_to_71",2,0
"Waldo_Lake",90,11,"90_to_11",4,0
"Waldo_Lake",90,41,"90_to_41",1,0
"Waldo_Lake",90,42,"90_to_42",8,0
"Waldo_Lake",90,71,"90_to_71",3,0
"Waldo_Lake",90,90,"90_to_90",635,0.38
"Waldo_Lake",90,95,"90_to_95",2,0
"Waldo_Lake",95,11,"95_to_11",12,0.01
"Waldo_Lake",95,90,"95_to_90",11,0.01
"Waldo_Lake",95,95,"95_to_95",21,0.01
"Wambaw_Creek",11,11,"11_to_11",7,0.08
"Wambaw_Creek",21,21,"21_to_21",38,0.43
"Wambaw_Creek",21,22,"21_to_22",5,0.06
"Wambaw_Creek",21,23,"21_to_23",1,0.01
"Wambaw_Creek",22,22,"22_to_22",4,0.04
"Wambaw_Creek",42,42,"42_to_42",216,2.42
"Wambaw_Creek",90,90,"90_to_90",8641,96.96
"Wambaw_Swamp",21,21,"21_to_21",55,0.25
"Wambaw_Swamp",21,22,"21_to_22",2,0.01
"Wambaw_Swamp",21,42,"21_to_42",2,0.01
"Wambaw_Swamp",22,22,"22_to_22",13,0.06
"Wambaw_Swamp",41,42,"41_to_42",1,0
"Wambaw_Swamp",42,21,"42_to_21",2,0.01
"Wambaw_Swamp",42,42,"42_to_42",768,3.51
"Wambaw_Swamp",42,43,"42_to_43",12,0.05
"Wambaw_Swamp",43,43,"43_to_43",1,0
"Wambaw_Swamp",90,90,"90_to_90",21024,96.09
"Warm_Springs",21,21,"21_to_21",11,0
"Warm_Springs",21,22,"21_to_22",1,0
"Warm_Springs",22,22,"22_to_22",127,0.02
"Warm_Springs",22,23,"22_to_23",1,0
"Warm_Springs",23,23,"23_to_23",23,0
"Warm_Springs",31,31,"31_to_31",4,0
"Warm_Springs",52,21,"52_to_21",3,0
"Warm_Springs",52,22,"52_to_22",1,0
"Warm_Springs",52,31,"52_to_31",3,0
"Warm_Springs",52,52,"52_to_52",508308,99.35
"Warm_Springs",52,71,"52_to_71",196,0.04
"Warm_Springs",71,52,"71_to_52",2768,0.54
"Warm_Springs",71,71,"71_to_71",163,0.03
"Washakie",11,11,"11_to_11",422,0.01
"Washakie",11,31,"11_to_31",2,0
"Washakie",11,42,"11_to_42",15,0
"Washakie",11,52,"11_to_52",9,0
"Washakie",11,71,"11_to_71",6,0
"Washakie",12,12,"12_to_12",1954,0.06
"Washakie",21,21,"21_to_21",163,0.01
"Washakie",21,22,"21_to_22",15,0
"Washakie",21,42,"21_to_42",10,0
"Washakie",21,52,"21_to_52",66,0
"Washakie",21,71,"21_to_71",1,0
"Washakie",22,21,"22_to_21",81,0
"Washakie",22,22,"22_to_22",2863,0.09
"Washakie",22,23,"22_to_23",48,0
"Washakie",22,42,"22_to_42",5,0
"Washakie",22,52,"22_to_52",36,0
"Washakie",22,71,"22_to_71",6,0
"Washakie",23,21,"23_to_21",1,0
"Washakie",23,22,"23_to_22",281,0.01
"Washakie",23,23,"23_to_23",1554,0.05
"Washakie",23,24,"23_to_24",2,0
"Washakie",23,42,"23_to_42",6,0
"Washakie",23,52,"23_to_52",8,0
"Washakie",23,71,"23_to_71",2,0
"Washakie",24,23,"24_to_23",4,0
"Washakie",24,24,"24_to_24",50,0
"Washakie",31,11,"31_to_11",32,0
"Washakie",31,24,"31_to_24",2,0
"Washakie",31,31,"31_to_31",552485,17.65
"Washakie",31,42,"31_to_42",1547,0.05
"Washakie",31,52,"31_to_52",4213,0.13
"Washakie",31,71,"31_to_71",1811,0.06
"Washakie",41,41,"41_to_41",27,0
"Washakie",41,42,"41_to_42",3,0
"Washakie",41,52,"41_to_52",7,0
"Washakie",42,11,"42_to_11",13,0
"Washakie",42,21,"42_to_21",32,0
"Washakie",42,22,"42_to_22",54,0
"Washakie",42,23,"42_to_23",8,0
"Washakie",42,31,"42_to_31",12912,0.41
"Washakie",42,41,"42_to_41",5,0
"Washakie",42,42,"42_to_42",1064154,33.99
"Washakie",42,52,"42_to_52",269224,8.6
"Washakie",42,71,"42_to_71",45274,1.45
"Washakie",42,82,"42_to_82",1,0
"Washakie",42,90,"42_to_90",73,0
"Washakie",42,95,"42_to_95",10,0
"Washakie",52,11,"52_to_11",17,0
"Washakie",52,21,"52_to_21",74,0
"Washakie",52,22,"52_to_22",100,0
"Washakie",52,23,"52_to_23",68,0
"Washakie",52,24,"52_to_24",9,0
"Washakie",52,31,"52_to_31",8242,0.26
"Washakie",52,41,"52_to_41",29,0
"Washakie",52,42,"52_to_42",26665,0.85
"Washakie",52,52,"52_to_52",981307,31.34
"Washakie",52,71,"52_to_71",13518,0.43
"Washakie",52,90,"52_to_90",79,0
"Washakie",52,95,"52_to_95",7,0
"Washakie",71,11,"71_to_11",14,0
"Washakie",71,21,"71_to_21",2,0
"Washakie",71,22,"71_to_22",5,0
"Washakie",71,31,"71_to_31",2598,0.08
"Washakie",71,42,"71_to_42",579,0.02
"Washakie",71,52,"71_to_52",3861,0.12
"Washakie",71,71,"71_to_71",126977,4.06
"Washakie",71,95,"71_to_95",1,0
"Washakie",81,81,"81_to_81",2,0
"Washakie",82,42,"82_to_42",1,0
"Washakie",90,42,"90_to_42",18,0
"Washakie",90,52,"90_to_52",21,0
"Washakie",90,71,"90_to_71",3,0
"Washakie",90,90,"90_to_90",5221,0.17
"Washakie",90,95,"90_to_95",63,0
"Washakie",95,52,"95_to_52",2,0
"Washakie",95,90,"95_to_90",269,0.01
"Washakie",95,95,"95_to_95",1622,0.05
"Washington_Islands",11,11,"11_to_11",3088,73.93
"Washington_Islands",11,21,"11_to_21",1,0.02
"Washington_Islands",11,22,"11_to_22",2,0.05
"Washington_Islands",11,31,"11_to_31",113,2.71
"Washington_Islands",11,42,"11_to_42",18,0.43
"Washington_Islands",11,52,"11_to_52",8,0.19
"Washington_Islands",11,71,"11_to_71",1,0.02
"Washington_Islands",11,90,"11_to_90",1,0.02
"Washington_Islands",11,95,"11_to_95",46,1.1
"Washington_Islands",22,22,"22_to_22",3,0.07
"Washington_Islands",31,11,"31_to_11",63,1.51
"Washington_Islands",31,31,"31_to_31",466,11.16
"Washington_Islands",31,52,"31_to_52",4,0.1
"Washington_Islands",41,41,"41_to_41",4,0.1
"Washington_Islands",42,11,"42_to_11",3,0.07
"Washington_Islands",42,31,"42_to_31",3,0.07
"Washington_Islands",42,42,"42_to_42",168,4.02
"Washington_Islands",43,43,"43_to_43",1,0.02
"Washington_Islands",43,52,"43_to_52",1,0.02
"Washington_Islands",52,11,"52_to_11",2,0.05
"Washington_Islands",52,31,"52_to_31",1,0.02
"Washington_Islands",52,42,"52_to_42",4,0.1
"Washington_Islands",52,52,"52_to_52",38,0.91
"Washington_Islands",71,71,"71_to_71",18,0.43
"Washington_Islands",95,11,"95_to_11",2,0.05
"Washington_Islands",95,95,"95_to_95",118,2.82
"Wee_Thump_Joshua_Tree",52,52,"52_to_52",29639,100
"Weepah_Spring",22,22,"22_to_22",52,0.02
"Weepah_Spring",22,23,"22_to_23",1,0
"Weepah_Spring",31,31,"31_to_31",5,0
"Weepah_Spring",42,42,"42_to_42",71190,30.49
"Weepah_Spring",42,52,"42_to_52",44,0.02
"Weepah_Spring",52,22,"52_to_22",1,0
"Weepah_Spring",52,42,"52_to_42",2504,1.07
"Weepah_Spring",52,52,"52_to_52",159188,68.19
"Weepah_Spring",52,71,"52_to_71",447,0.19
"Weepah_Spring",52,81,"52_to_81",15,0.01
"Weepah_Spring",90,95,"90_to_95",1,0
"Weepah_Spring",95,95,"95_to_95",4,0
"Welcome_Creek",11,11,"11_to_11",4,0
"Welcome_Creek",11,42,"11_to_42",6,0
"Welcome_Creek",11,52,"11_to_52",2,0
"Welcome_Creek",11,71,"11_to_71",1,0
"Welcome_Creek",21,21,"21_to_21",47,0.04
"Welcome_Creek",21,42,"21_to_42",24,0.02
"Welcome_Creek",21,52,"21_to_52",23,0.02
"Welcome_Creek",21,71,"21_to_71",2,0
"Welcome_Creek",22,22,"22_to_22",30,0.02
"Welcome_Creek",31,31,"31_to_31",32,0.02
"Welcome_Creek",31,52,"31_to_52",1,0
"Welcome_Creek",31,71,"31_to_71",2,0
"Welcome_Creek",42,11,"42_to_11",4,0
"Welcome_Creek",42,21,"42_to_21",1,0
"Welcome_Creek",42,31,"42_to_31",15,0.01
"Welcome_Creek",42,42,"42_to_42",62780,48.97
"Welcome_Creek",42,52,"42_to_52",34077,26.58
"Welcome_Creek",42,71,"42_to_71",12247,9.55
"Welcome_Creek",52,11,"52_to_11",1,0
"Welcome_Creek",52,21,"52_to_21",1,0
"Welcome_Creek",52,22,"52_to_22",1,0
"Welcome_Creek",52,31,"52_to_31",6,0
"Welcome_Creek",52,42,"52_to_42",958,0.75
"Welcome_Creek",52,52,"52_to_52",15861,12.37
"Welcome_Creek",52,71,"52_to_71",1004,0.78
"Welcome_Creek",71,21,"71_to_21",1,0
"Welcome_Creek",71,42,"71_to_42",440,0.34
"Welcome_Creek",71,52,"71_to_52",448,0.35
"Welcome_Creek",71,71,"71_to_71",116,0.09
"Welcome_Creek",90,11,"90_to_11",1,0
"Welcome_Creek",90,90,"90_to_90",66,0.05
"Wellsville_Mountain",21,21,"21_to_21",14,0.01
"Wellsville_Mountain",21,41,"21_to_41",1,0
"Wellsville_Mountain",22,21,"22_to_21",1,0
"Wellsville_Mountain",22,22,"22_to_22",35,0.03
"Wellsville_Mountain",31,31,"31_to_31",2,0
"Wellsville_Mountain",41,41,"41_to_41",14128,13.56
"Wellsville_Mountain",41,42,"41_to_42",741,0.71
"Wellsville_Mountain",41,52,"41_to_52",171,0.16
"Wellsville_Mountain",42,41,"42_to_41",1247,1.2
"Wellsville_Mountain",42,42,"42_to_42",32969,31.64
"Wellsville_Mountain",42,52,"42_to_52",1871,1.8
"Wellsville_Mountain",52,21,"52_to_21",11,0.01
"Wellsville_Mountain",52,22,"52_to_22",10,0.01
"Wellsville_Mountain",52,41,"52_to_41",9351,8.97
"Wellsville_Mountain",52,42,"52_to_42",3579,3.43
"Wellsville_Mountain",52,52,"52_to_52",39799,38.19
"Wellsville_Mountain",52,71,"52_to_71",131,0.13
"Wellsville_Mountain",71,41,"71_to_41",12,0.01
"Wellsville_Mountain",71,42,"71_to_42",3,0
"Wellsville_Mountain",71,52,"71_to_52",138,0.13
"Wellsville_Mountain",71,71,"71_to_71",1,0
"Weminuche",11,11,"11_to_11",4651,0.21
"Weminuche",11,31,"11_to_31",67,0
"Weminuche",11,41,"11_to_41",2,0
"Weminuche",11,42,"11_to_42",84,0
"Weminuche",11,52,"11_to_52",7,0
"Weminuche",11,71,"11_to_71",46,0
"Weminuche",11,90,"11_to_90",29,0
"Weminuche",11,95,"11_to_95",4,0
"Weminuche",12,12,"12_to_12",14,0
"Weminuche",21,21,"21_to_21",152,0.01
"Weminuche",21,22,"21_to_22",30,0
"Weminuche",21,41,"21_to_41",7,0
"Weminuche",21,42,"21_to_42",4,0
"Weminuche",21,52,"21_to_52",19,0
"Weminuche",22,21,"22_to_21",15,0
"Weminuche",22,22,"22_to_22",537,0.02
"Weminuche",22,23,"22_to_23",12,0
"Weminuche",22,42,"22_to_42",3,0
"Weminuche",22,52,"22_to_52",2,0
"Weminuche",23,21,"23_to_21",3,0
"Weminuche",23,22,"23_to_22",30,0
"Weminuche",23,23,"23_to_23",68,0
"Weminuche",23,52,"23_to_52",1,0
"Weminuche",31,11,"31_to_11",53,0
"Weminuche",31,31,"31_to_31",205135,9.08
"Weminuche",31,42,"31_to_42",1045,0.05
"Weminuche",31,52,"31_to_52",1563,0.07
"Weminuche",31,71,"31_to_71",586,0.03
"Weminuche",41,21,"41_to_21",7,0
"Weminuche",41,22,"41_to_22",10,0
"Weminuche",41,23,"41_to_23",2,0
"Weminuche",41,41,"41_to_41",71873,3.18
"Weminuche",41,42,"41_to_42",4187,0.19
"Weminuche",41,43,"41_to_43",616,0.03
"Weminuche",41,52,"41_to_52",8962,0.4
"Weminuche",41,71,"41_to_71",704,0.03
"Weminuche",41,90,"41_to_90",40,0
"Weminuche",42,11,"42_to_11",31,0
"Weminuche",42,21,"42_to_21",13,0
"Weminuche",42,22,"42_to_22",36,0
"Weminuche",42,23,"42_to_23",1,0
"Weminuche",42,31,"42_to_31",1175,0.05
"Weminuche",42,41,"42_to_41",3342,0.15
"Weminuche",42,42,"42_to_42",986738,43.67
"Weminuche",42,43,"42_to_43",324,0.01
"Weminuche",42,52,"42_to_52",218930,9.69
"Weminuche",42,71,"42_to_71",20137,0.89
"Weminuche",42,81,"42_to_81",1,0
"Weminuche",42,90,"42_to_90",1375,0.06
"Weminuche",42,95,"42_to_95",162,0.01
"Weminuche",43,41,"43_to_41",2263,0.1
"Weminuche",43,42,"43_to_42",1889,0.08
"Weminuche",43,43,"43_to_43",8111,0.36
"Weminuche",43,52,"43_to_52",2665,0.12
"Weminuche",43,71,"43_to_71",126,0.01
"Weminuche",52,11,"52_to_11",1,0
"Weminuche",52,21,"52_to_21",66,0
"Weminuche",52,22,"52_to_22",38,0
"Weminuche",52,23,"52_to_23",7,0
"Weminuche",52,31,"52_to_31",648,0.03
"Weminuche",52,41,"52_to_41",2385,0.11
"Weminuche",52,42,"52_to_42",7374,0.33
"Weminuche",52,43,"52_to_43",3,0
"Weminuche",52,52,"52_to_52",177554,7.86
"Weminuche",52,71,"52_to_71",15058,0.67
"Weminuche",52,90,"52_to_90",215,0.01
"Weminuche",52,95,"52_to_95",54,0
"Weminuche",71,11,"71_to_11",42,0
"Weminuche",71,21,"71_to_21",57,0
"Weminuche",71,22,"71_to_22",25,0
"Weminuche",71,23,"71_to_23",2,0
"Weminuche",71,31,"71_to_31",1885,0.08
"Weminuche",71,41,"71_to_41",1091,0.05
"Weminuche",71,42,"71_to_42",4967,0.22
"Weminuche",71,43,"71_to_43",3,0
"Weminuche",71,52,"71_to_52",4894,0.22
"Weminuche",71,71,"71_to_71",402652,17.82
"Weminuche",71,90,"71_to_90",17,0
"Weminuche",71,95,"71_to_95",6,0
"Weminuche",81,52,"81_to_52",4,0
"Weminuche",81,81,"81_to_81",68,0
"Weminuche",81,90,"81_to_90",9,0
"Weminuche",81,95,"81_to_95",24,0
"Weminuche",90,11,"90_to_11",19,0
"Weminuche",90,21,"90_to_21",2,0
"Weminuche",90,22,"90_to_22",2,0
"Weminuche",90,23,"90_to_23",3,0
"Weminuche",90,41,"90_to_41",14,0
"Weminuche",90,42,"90_to_42",165,0.01
"Weminuche",90,52,"90_to_52",301,0.01
"Weminuche",90,71,"90_to_71",96,0
"Weminuche",90,81,"90_to_81",5,0
"Weminuche",90,90,"90_to_90",66023,2.92
"Weminuche",90,95,"90_to_95",1286,0.06
"Weminuche",95,11,"95_to_11",2,0
"Weminuche",95,21,"95_to_21",1,0
"Weminuche",95,42,"95_to_42",1,0
"Weminuche",95,52,"95_to_52",21,0
"Weminuche",95,71,"95_to_71",45,0
"Weminuche",95,81,"95_to_81",66,0
"Weminuche",95,90,"95_to_90",410,0.02
"Weminuche",95,95,"95_to_95",23950,1.06
"Wenaha_Tucannon",11,42,"11_to_42",2,0
"Wenaha_Tucannon",11,71,"11_to_71",1,0
"Wenaha_Tucannon",21,21,"21_to_21",1033,0.13
"Wenaha_Tucannon",21,22,"21_to_22",2,0
"Wenaha_Tucannon",21,42,"21_to_42",2,0
"Wenaha_Tucannon",21,52,"21_to_52",20,0
"Wenaha_Tucannon",21,71,"21_to_71",43,0.01
"Wenaha_Tucannon",22,21,"22_to_21",26,0
"Wenaha_Tucannon",22,22,"22_to_22",230,0.03
"Wenaha_Tucannon",22,23,"22_to_23",1,0
"Wenaha_Tucannon",22,52,"22_to_52",8,0
"Wenaha_Tucannon",22,71,"22_to_71",1,0
"Wenaha_Tucannon",23,21,"23_to_21",1,0
"Wenaha_Tucannon",23,22,"23_to_22",1,0
"Wenaha_Tucannon",23,23,"23_to_23",1,0
"Wenaha_Tucannon",41,41,"41_to_41",37,0
"Wenaha_Tucannon",41,42,"41_to_42",19,0
"Wenaha_Tucannon",41,52,"41_to_52",11,0
"Wenaha_Tucannon",41,90,"41_to_90",1,0
"Wenaha_Tucannon",42,21,"42_to_21",92,0.01
"Wenaha_Tucannon",42,22,"42_to_22",25,0
"Wenaha_Tucannon",42,23,"42_to_23",2,0
"Wenaha_Tucannon",42,41,"42_to_41",6,0
"Wenaha_Tucannon",42,42,"42_to_42",489898,61.27
"Wenaha_Tucannon",42,43,"42_to_43",1,0
"Wenaha_Tucannon",42,52,"42_to_52",122031,15.26
"Wenaha_Tucannon",42,71,"42_to_71",53140,6.65
"Wenaha_Tucannon",42,90,"42_to_90",91,0.01
"Wenaha_Tucannon",42,95,"42_to_95",5,0
"Wenaha_Tucannon",43,42,"43_to_42",10,0
"Wenaha_Tucannon",43,43,"43_to_43",8,0
"Wenaha_Tucannon",43,52,"43_to_52",3,0
"Wenaha_Tucannon",52,21,"52_to_21",336,0.04
"Wenaha_Tucannon",52,22,"52_to_22",19,0
"Wenaha_Tucannon",52,41,"52_to_41",34,0
"Wenaha_Tucannon",52,42,"52_to_42",8479,1.06
"Wenaha_Tucannon",52,43,"52_to_43",10,0
"Wenaha_Tucannon",52,52,"52_to_52",58286,7.29
"Wenaha_Tucannon",52,71,"52_to_71",13659,1.71
"Wenaha_Tucannon",71,21,"71_to_21",40,0.01
"Wenaha_Tucannon",71,22,"71_to_22",8,0
"Wenaha_Tucannon",71,23,"71_to_23",2,0
"Wenaha_Tucannon",71,42,"71_to_42",528,0.07
"Wenaha_Tucannon",71,52,"71_to_52",2401,0.3
"Wenaha_Tucannon",71,71,"71_to_71",48644,6.08
"Wenaha_Tucannon",90,42,"90_to_42",9,0
"Wenaha_Tucannon",90,52,"90_to_52",12,0
"Wenaha_Tucannon",90,71,"90_to_71",1,0
"Wenaha_Tucannon",90,90,"90_to_90",408,0.05
"Wenaha_Tucannon",90,95,"90_to_95",4,0
"Wenaha_Tucannon",95,95,"95_to_95",1,0
"West_Clear_Creek",21,21,"21_to_21",1,0
"West_Clear_Creek",22,22,"22_to_22",22,0.03
"West_Clear_Creek",41,41,"41_to_41",1,0
"West_Clear_Creek",41,42,"41_to_42",3,0
"West_Clear_Creek",42,42,"42_to_42",49241,66.48
"West_Clear_Creek",42,52,"42_to_52",568,0.77
"West_Clear_Creek",42,81,"42_to_81",1,0
"West_Clear_Creek",42,90,"42_to_90",3,0
"West_Clear_Creek",52,22,"52_to_22",2,0
"West_Clear_Creek",52,42,"52_to_42",240,0.32
"West_Clear_Creek",52,52,"52_to_52",23293,31.45
"West_Clear_Creek",52,95,"52_to_95",1,0
"West_Clear_Creek",90,90,"90_to_90",694,0.94
"West_Elk",11,11,"11_to_11",143,0.02
"West_Elk",11,31,"11_to_31",1,0
"West_Elk",11,42,"11_to_42",12,0
"West_Elk",11,52,"11_to_52",1,0
"West_Elk",11,90,"11_to_90",5,0
"West_Elk",12,12,"12_to_12",17,0
"West_Elk",21,21,"21_to_21",202,0.03
"West_Elk",21,22,"21_to_22",4,0
"West_Elk",21,41,"21_to_41",5,0
"West_Elk",22,21,"22_to_21",14,0
"West_Elk",22,22,"22_to_22",378,0.05
"West_Elk",22,23,"22_to_23",1,0
"West_Elk",22,41,"22_to_41",2,0
"West_Elk",22,42,"22_to_42",1,0
"West_Elk",23,22,"23_to_22",29,0
"West_Elk",23,23,"23_to_23",12,0
"West_Elk",31,11,"31_to_11",1,0
"West_Elk",31,31,"31_to_31",26326,3.3
"West_Elk",31,42,"31_to_42",118,0.01
"West_Elk",31,52,"31_to_52",269,0.03
"West_Elk",31,71,"31_to_71",29,0
"West_Elk",41,21,"41_to_21",3,0
"West_Elk",41,41,"41_to_41",184882,23.18
"West_Elk",41,42,"41_to_42",1894,0.24
"West_Elk",41,43,"41_to_43",1034,0.13
"West_Elk",41,52,"41_to_52",1496,0.19
"West_Elk",41,71,"41_to_71",4,0
"West_Elk",41,81,"41_to_81",1,0
"West_Elk",41,90,"41_to_90",29,0
"West_Elk",42,11,"42_to_11",17,0
"West_Elk",42,31,"42_to_31",460,0.06
"West_Elk",42,41,"42_to_41",521,0.07
"West_Elk",42,42,"42_to_42",375653,47.09
"West_Elk",42,43,"42_to_43",134,0.02
"West_Elk",42,52,"42_to_52",1775,0.22
"West_Elk",42,71,"42_to_71",21,0
"West_Elk",42,90,"42_to_90",15,0
"West_Elk",42,95,"42_to_95",1,0
"West_Elk",43,41,"43_to_41",81,0.01
"West_Elk",43,42,"43_to_42",2157,0.27
"West_Elk",43,43,"43_to_43",12197,1.53
"West_Elk",43,52,"43_to_52",3,0
"West_Elk",52,21,"52_to_21",52,0.01
"West_Elk",52,22,"52_to_22",23,0
"West_Elk",52,23,"52_to_23",2,0
"West_Elk",52,31,"52_to_31",245,0.03
"West_Elk",52,41,"52_to_41",4824,0.6
"West_Elk",52,42,"52_to_42",3230,0.4
"West_Elk",52,52,"52_to_52",149951,18.8
"West_Elk",52,71,"52_to_71",326,0.04
"West_Elk",52,90,"52_to_90",26,0
"West_Elk",71,21,"71_to_21",1,0
"West_Elk",71,22,"71_to_22",3,0
"West_Elk",71,31,"71_to_31",186,0.02
"West_Elk",71,41,"71_to_41",15,0
"West_Elk",71,42,"71_to_42",165,0.02
"West_Elk",71,52,"71_to_52",165,0.02
"West_Elk",71,71,"71_to_71",20629,2.59
"West_Elk",71,95,"71_to_95",2,0
"West_Elk",81,81,"81_to_81",5,0
"West_Elk",90,41,"90_to_41",7,0
"West_Elk",90,42,"90_to_42",12,0
"West_Elk",90,52,"90_to_52",12,0
"West_Elk",90,81,"90_to_81",3,0
"West_Elk",90,90,"90_to_90",7413,0.93
"West_Elk",90,95,"90_to_95",49,0.01
"West_Elk",95,11,"95_to_11",1,0
"West_Elk",95,81,"95_to_81",3,0
"West_Elk",95,90,"95_to_90",6,0
"West_Elk",95,95,"95_to_95",436,0.05
"West_Malpais",21,21,"21_to_21",175,0.1
"West_Malpais",21,52,"21_to_52",1,0
"West_Malpais",22,22,"22_to_22",22,0.01
"West_Malpais",31,31,"31_to_31",1,0
"West_Malpais",42,21,"42_to_21",3,0
"West_Malpais",42,42,"42_to_42",33905,18.67
"West_Malpais",42,52,"42_to_52",947,0.52
"West_Malpais",52,21,"52_to_21",124,0.07
"West_Malpais",52,22,"52_to_22",11,0.01
"West_Malpais",52,42,"52_to_42",1608,0.89
"West_Malpais",52,52,"52_to_52",144851,79.74
"West_Sister_Island",11,11,"11_to_11",59,14.94
"West_Sister_Island",11,41,"11_to_41",2,0.51
"West_Sister_Island",11,43,"11_to_43",3,0.76
"West_Sister_Island",11,71,"11_to_71",3,0.76
"West_Sister_Island",31,31,"31_to_31",1,0.25
"West_Sister_Island",41,41,"41_to_41",255,64.56
"West_Sister_Island",41,42,"41_to_42",1,0.25
"West_Sister_Island",41,43,"41_to_43",2,0.51
"West_Sister_Island",43,41,"43_to_41",2,0.51
"West_Sister_Island",43,43,"43_to_43",11,2.78
"West_Sister_Island",71,71,"71_to_71",1,0.25
"West_Sister_Island",90,90,"90_to_90",47,11.9
"West_Sister_Island",90,95,"90_to_95",1,0.25
"West_Sister_Island",95,11,"95_to_11",1,0.25
"West_Sister_Island",95,90,"95_to_90",1,0.25
"West_Sister_Island",95,95,"95_to_95",5,1.27
"Wet_Beaver",21,21,"21_to_21",1,0
"Wet_Beaver",22,22,"22_to_22",3,0.01
"Wet_Beaver",41,42,"41_to_42",7,0.02
"Wet_Beaver",42,42,"42_to_42",19513,65.88
"Wet_Beaver",42,52,"42_to_52",11,0.04
"Wet_Beaver",52,42,"52_to_42",292,0.99
"Wet_Beaver",52,52,"52_to_52",9672,32.66
"Wet_Beaver",90,90,"90_to_90",119,0.4
"Wheeler_Peak",11,11,"11_to_11",66,0.08
"Wheeler_Peak",11,42,"11_to_42",3,0
"Wheeler_Peak",11,71,"11_to_71",1,0
"Wheeler_Peak",12,12,"12_to_12",3,0
"Wheeler_Peak",21,21,"21_to_21",3,0
"Wheeler_Peak",21,22,"21_to_22",1,0
"Wheeler_Peak",22,22,"22_to_22",1,0
"Wheeler_Peak",31,31,"31_to_31",7497,8.53
"Wheeler_Peak",31,42,"31_to_42",2,0
"Wheeler_Peak",31,52,"31_to_52",23,0.03
"Wheeler_Peak",31,71,"31_to_71",29,0.03
"Wheeler_Peak",41,41,"41_to_41",512,0.58
"Wheeler_Peak",41,42,"41_to_42",91,0.1
"Wheeler_Peak",41,43,"41_to_43",12,0.01
"Wheeler_Peak",41,52,"41_to_52",2,0
"Wheeler_Peak",42,11,"42_to_11",6,0.01
"Wheeler_Peak",42,31,"42_to_31",60,0.07
"Wheeler_Peak",42,41,"42_to_41",17,0.02
"Wheeler_Peak",42,42,"42_to_42",61828,70.35
"Wheeler_Peak",42,43,"42_to_43",16,0.02
"Wheeler_Peak",42,52,"42_to_52",2047,2.33
"Wheeler_Peak",42,71,"42_to_71",117,0.13
"Wheeler_Peak",42,90,"42_to_90",1,0
"Wheeler_Peak",43,41,"43_to_41",8,0.01
"Wheeler_Peak",43,42,"43_to_42",144,0.16
"Wheeler_Peak",43,43,"43_to_43",1504,1.71
"Wheeler_Peak",43,52,"43_to_52",1,0
"Wheeler_Peak",52,11,"52_to_11",1,0
"Wheeler_Peak",52,21,"52_to_21",1,0
"Wheeler_Peak",52,31,"52_to_31",400,0.46
"Wheeler_Peak",52,41,"52_to_41",137,0.16
"Wheeler_Peak",52,42,"52_to_42",1212,1.38
"Wheeler_Peak",52,52,"52_to_52",6160,7.01
"Wheeler_Peak",52,71,"52_to_71",85,0.1
"Wheeler_Peak",52,90,"52_to_90",1,0
"Wheeler_Peak",71,31,"71_to_31",80,0.09
"Wheeler_Peak",71,41,"71_to_41",3,0
"Wheeler_Peak",71,42,"71_to_42",154,0.18
"Wheeler_Peak",71,52,"71_to_52",24,0.03
"Wheeler_Peak",71,71,"71_to_71",4957,5.64
"Wheeler_Peak",90,42,"90_to_42",21,0.02
"Wheeler_Peak",90,52,"90_to_52",1,0
"Wheeler_Peak",90,90,"90_to_90",359,0.41
"Wheeler_Peak",90,95,"90_to_95",12,0.01
"Wheeler_Peak",95,52,"95_to_52",1,0
"Wheeler_Peak",95,90,"95_to_90",1,0
"Wheeler_Peak",95,95,"95_to_95",280,0.32
"Whipple_Mountains",11,52,"11_to_52",1,0
"Whipple_Mountains",31,31,"31_to_31",314,0.09
"Whipple_Mountains",31,52,"31_to_52",37,0.01
"Whipple_Mountains",52,31,"52_to_31",44,0.01
"Whipple_Mountains",52,52,"52_to_52",360618,99.89
"Whipple_Mountains",52,71,"52_to_71",2,0
"Whisker_Lake",11,11,"11_to_11",541,1.61
"Whisker_Lake",11,41,"11_to_41",1,0
"Whisker_Lake",11,42,"11_to_42",1,0
"Whisker_Lake",11,43,"11_to_43",3,0.01
"Whisker_Lake",11,71,"11_to_71",6,0.02
"Whisker_Lake",11,90,"11_to_90",25,0.07
"Whisker_Lake",11,95,"11_to_95",25,0.07
"Whisker_Lake",21,21,"21_to_21",189,0.56
"Whisker_Lake",21,22,"21_to_22",16,0.05
"Whisker_Lake",22,22,"22_to_22",86,0.26
"Whisker_Lake",41,11,"41_to_11",2,0.01
"Whisker_Lake",41,21,"41_to_21",2,0.01
"Whisker_Lake",41,41,"41_to_41",16000,47.72
"Whisker_Lake",41,43,"41_to_43",342,1.02
"Whisker_Lake",41,90,"41_to_90",7,0.02
"Whisker_Lake",42,42,"42_to_42",761,2.27
"Whisker_Lake",42,43,"42_to_43",9,0.03
"Whisker_Lake",42,90,"42_to_90",2,0.01
"Whisker_Lake",43,11,"43_to_11",9,0.03
"Whisker_Lake",43,41,"43_to_41",10,0.03
"Whisker_Lake",43,43,"43_to_43",2032,6.06
"Whisker_Lake",43,90,"43_to_90",8,0.02
"Whisker_Lake",52,41,"52_to_41",43,0.13
"Whisker_Lake",52,43,"52_to_43",14,0.04
"Whisker_Lake",52,52,"52_to_52",37,0.11
"Whisker_Lake",52,71,"52_to_71",1,0
"Whisker_Lake",71,41,"71_to_41",9,0.03
"Whisker_Lake",71,43,"71_to_43",17,0.05
"Whisker_Lake",71,52,"71_to_52",2,0.01
"Whisker_Lake",71,71,"71_to_71",33,0.1
"Whisker_Lake",71,81,"71_to_81",1,0
"Whisker_Lake",81,52,"81_to_52",3,0.01
"Whisker_Lake",81,71,"81_to_71",2,0.01
"Whisker_Lake",81,81,"81_to_81",22,0.07
"Whisker_Lake",90,11,"90_to_11",27,0.08
"Whisker_Lake",90,41,"90_to_41",21,0.06
"Whisker_Lake",90,43,"90_to_43",11,0.03
"Whisker_Lake",90,90,"90_to_90",12785,38.13
"Whisker_Lake",90,95,"90_to_95",96,0.29
"Whisker_Lake",95,11,"95_to_11",6,0.02
"Whisker_Lake",95,90,"95_to_90",65,0.19
"Whisker_Lake",95,95,"95_to_95",256,0.76
"White_Canyon",31,31,"31_to_31",7,0.03
"White_Canyon",31,52,"31_to_52",1,0
"White_Canyon",52,52,"52_to_52",24063,90.97
"White_Canyon",52,71,"52_to_71",2380,9
"White_Canyon",71,31,"71_to_31",1,0
"White_Clouds",11,11,"11_to_11",1433,0.35
"White_Clouds",11,31,"11_to_31",14,0
"White_Clouds",11,42,"11_to_42",25,0.01
"White_Clouds",11,52,"11_to_52",5,0
"White_Clouds",11,71,"11_to_71",3,0
"White_Clouds",12,12,"12_to_12",2130,0.52
"White_Clouds",22,21,"22_to_21",1,0
"White_Clouds",22,22,"22_to_22",10,0
"White_Clouds",31,11,"31_to_11",25,0.01
"White_Clouds",31,31,"31_to_31",57134,13.89
"White_Clouds",31,42,"31_to_42",59,0.01
"White_Clouds",31,52,"31_to_52",104,0.03
"White_Clouds",31,71,"31_to_71",177,0.04
"White_Clouds",41,41,"41_to_41",126,0.03
"White_Clouds",41,42,"41_to_42",6,0
"White_Clouds",41,52,"41_to_52",17,0
"White_Clouds",42,11,"42_to_11",23,0.01
"White_Clouds",42,22,"42_to_22",3,0
"White_Clouds",42,31,"42_to_31",403,0.1
"White_Clouds",42,41,"42_to_41",1,0
"White_Clouds",42,42,"42_to_42",197188,47.94
"White_Clouds",42,43,"42_to_43",1,0
"White_Clouds",42,52,"42_to_52",35213,8.56
"White_Clouds",42,71,"42_to_71",3726,0.91
"White_Clouds",42,90,"42_to_90",3,0
"White_Clouds",43,52,"43_to_52",1,0
"White_Clouds",52,11,"52_to_11",19,0
"White_Clouds",52,21,"52_to_21",3,0
"White_Clouds",52,22,"52_to_22",4,0
"White_Clouds",52,31,"52_to_31",248,0.06
"White_Clouds",52,41,"52_to_41",7,0
"White_Clouds",52,42,"52_to_42",5949,1.45
"White_Clouds",52,52,"52_to_52",81126,19.72
"White_Clouds",52,71,"52_to_71",4165,1.01
"White_Clouds",71,11,"71_to_11",3,0
"White_Clouds",71,31,"71_to_31",357,0.09
"White_Clouds",71,42,"71_to_42",179,0.04
"White_Clouds",71,52,"71_to_52",262,0.06
"White_Clouds",71,71,"71_to_71",20685,5.03
"White_Clouds",90,52,"90_to_52",3,0
"White_Clouds",90,90,"90_to_90",472,0.11
"White_Clouds",95,90,"95_to_90",1,0
"White_Clouds",95,95,"95_to_95",25,0.01
"White_Mountain",21,21,"21_to_21",44,0.02
"White_Mountain",22,21,"22_to_21",1,0
"White_Mountain",22,22,"22_to_22",23,0.01
"White_Mountain",31,31,"31_to_31",47,0.02
"White_Mountain",31,71,"31_to_71",5,0
"White_Mountain",41,41,"41_to_41",1060,0.49
"White_Mountain",41,42,"41_to_42",1587,0.74
"White_Mountain",41,52,"41_to_52",145,0.07
"White_Mountain",41,71,"41_to_71",437,0.2
"White_Mountain",42,21,"42_to_21",1,0
"White_Mountain",42,22,"42_to_22",3,0
"White_Mountain",42,41,"42_to_41",3,0
"White_Mountain",42,42,"42_to_42",198928,92.67
"White_Mountain",42,52,"42_to_52",2410,1.12
"White_Mountain",42,71,"42_to_71",4378,2.04
"White_Mountain",43,71,"43_to_71",2,0
"White_Mountain",52,22,"52_to_22",5,0
"White_Mountain",52,41,"52_to_41",21,0.01
"White_Mountain",52,42,"52_to_42",1172,0.55
"White_Mountain",52,52,"52_to_52",3455,1.61
"White_Mountain",52,71,"52_to_71",192,0.09
"White_Mountain",71,41,"71_to_41",3,0
"White_Mountain",71,42,"71_to_42",115,0.05
"White_Mountain",71,52,"71_to_52",40,0.02
"White_Mountain",71,71,"71_to_71",582,0.27
"White_Mountain",90,42,"90_to_42",3,0
"White_Mountain",90,90,"90_to_90",12,0.01
"White_Mountains",12,12,"12_to_12",168,0.02
"White_Mountains",21,21,"21_to_21",16,0
"White_Mountains",22,22,"22_to_22",109,0.01
"White_Mountains",31,31,"31_to_31",152717,14.63
"White_Mountains",31,42,"31_to_42",830,0.08
"White_Mountains",31,52,"31_to_52",8027,0.77
"White_Mountains",31,71,"31_to_71",28,0
"White_Mountains",31,95,"31_to_95",1,0
"White_Mountains",41,41,"41_to_41",4196,0.4
"White_Mountains",41,42,"41_to_42",152,0.01
"White_Mountains",41,52,"41_to_52",122,0.01
"White_Mountains",41,90,"41_to_90",1,0
"White_Mountains",42,22,"42_to_22",1,0
"White_Mountains",42,31,"42_to_31",33,0
"White_Mountains",42,41,"42_to_41",73,0.01
"White_Mountains",42,42,"42_to_42",270923,25.95
"White_Mountains",42,52,"42_to_52",834,0.08
"White_Mountains",52,21,"52_to_21",14,0
"White_Mountains",52,22,"52_to_22",17,0
"White_Mountains",52,31,"52_to_31",2336,0.22
"White_Mountains",52,41,"52_to_41",606,0.06
"White_Mountains",52,42,"52_to_42",18011,1.73
"White_Mountains",52,52,"52_to_52",582352,55.78
"White_Mountains",52,71,"52_to_71",100,0.01
"White_Mountains",52,90,"52_to_90",208,0.02
"White_Mountains",52,95,"52_to_95",10,0
"White_Mountains",71,31,"71_to_31",107,0.01
"White_Mountains",71,52,"71_to_52",53,0.01
"White_Mountains",71,71,"71_to_71",438,0.04
"White_Mountains",90,41,"90_to_41",7,0
"White_Mountains",90,42,"90_to_42",7,0
"White_Mountains",90,52,"90_to_52",16,0
"White_Mountains",90,90,"90_to_90",1373,0.13
"White_Mountains",90,95,"90_to_95",6,0
"White_Mountains",95,90,"95_to_90",9,0
"White_Mountains",95,95,"95_to_95",34,0
"White_Pine_Range",22,22,"22_to_22",2,0
"White_Pine_Range",42,42,"42_to_42",97926,53.7
"White_Pine_Range",42,52,"42_to_52",1043,0.57
"White_Pine_Range",42,71,"42_to_71",194,0.11
"White_Pine_Range",42,90,"42_to_90",1,0
"White_Pine_Range",52,21,"52_to_21",1,0
"White_Pine_Range",52,42,"52_to_42",19147,10.5
"White_Pine_Range",52,52,"52_to_52",55234,30.29
"White_Pine_Range",52,71,"52_to_71",5,0
"White_Pine_Range",71,42,"71_to_42",63,0.03
"White_Pine_Range",71,52,"71_to_52",8749,4.8
"White_Pine_Range",71,71,"71_to_71",3,0
"White_Pine_Range",90,90,"90_to_90",1,0
"White_Rock_Range",22,22,"22_to_22",11,0.01
"White_Rock_Range",41,41,"41_to_41",5,0
"White_Rock_Range",41,42,"41_to_42",1,0
"White_Rock_Range",41,52,"41_to_52",14,0.01
"White_Rock_Range",42,41,"42_to_41",2,0
"White_Rock_Range",42,42,"42_to_42",83349,75.29
"White_Rock_Range",42,52,"42_to_52",7390,6.68
"White_Rock_Range",42,71,"42_to_71",233,0.21
"White_Rock_Range",42,90,"42_to_90",4,0
"White_Rock_Range",52,41,"52_to_41",6,0.01
"White_Rock_Range",52,42,"52_to_42",6586,5.95
"White_Rock_Range",52,52,"52_to_52",12974,11.72
"White_Rock_Range",52,71,"52_to_71",41,0.04
"White_Rock_Range",52,90,"52_to_90",2,0
"White_Rock_Range",71,42,"71_to_42",7,0.01
"White_Rock_Range",71,52,"71_to_52",45,0.04
"White_Rock_Range",90,42,"90_to_42",7,0.01
"White_Rock_Range",90,52,"90_to_52",1,0
"White_Rock_Range",90,90,"90_to_90",21,0.02
"White_Rock_Range",95,52,"95_to_52",1,0
"Whitethorn",21,21,"21_to_21",29,0.06
"Whitethorn",52,21,"52_to_21",6,0.01
"Whitethorn",52,52,"52_to_52",47412,99.93
"Wichita_Mountains",11,11,"11_to_11",11,0.02
"Wichita_Mountains",11,52,"11_to_52",2,0
"Wichita_Mountains",11,71,"11_to_71",1,0
"Wichita_Mountains",21,21,"21_to_21",11,0.02
"Wichita_Mountains",21,42,"21_to_42",4,0.01
"Wichita_Mountains",21,52,"21_to_52",3,0.01
"Wichita_Mountains",21,71,"21_to_71",1,0
"Wichita_Mountains",22,22,"22_to_22",1,0
"Wichita_Mountains",41,41,"41_to_41",256,0.57
"Wichita_Mountains",41,42,"41_to_42",2710,6.05
"Wichita_Mountains",41,52,"41_to_52",141,0.31
"Wichita_Mountains",41,71,"41_to_71",20,0.04
"Wichita_Mountains",42,41,"42_to_41",33,0.07
"Wichita_Mountains",42,42,"42_to_42",1482,3.31
"Wichita_Mountains",42,52,"42_to_52",558,1.25
"Wichita_Mountains",42,71,"42_to_71",107,0.24
"Wichita_Mountains",52,21,"52_to_21",1,0
"Wichita_Mountains",52,41,"52_to_41",15,0.03
"Wichita_Mountains",52,42,"52_to_42",4092,9.13
"Wichita_Mountains",52,52,"52_to_52",25205,56.25
"Wichita_Mountains",52,71,"52_to_71",3287,7.34
"Wichita_Mountains",71,42,"71_to_42",13,0.03
"Wichita_Mountains",71,52,"71_to_52",84,0.19
"Wichita_Mountains",71,71,"71_to_71",6774,15.12
"Wild_River",21,21,"21_to_21",167,0.15
"Wild_River",21,22,"21_to_22",51,0.05
"Wild_River",21,23,"21_to_23",4,0
"Wild_River",21,31,"21_to_31",12,0.01
"Wild_River",21,41,"21_to_41",1,0
"Wild_River",21,42,"21_to_42",4,0
"Wild_River",21,43,"21_to_43",6,0.01
"Wild_River",22,22,"22_to_22",11,0.01
"Wild_River",22,23,"22_to_23",5,0
"Wild_River",22,31,"22_to_31",1,0
"Wild_River",31,31,"31_to_31",3,0
"Wild_River",31,71,"31_to_71",1,0
"Wild_River",41,21,"41_to_21",8,0.01
"Wild_River",41,22,"41_to_22",2,0
"Wild_River",41,31,"41_to_31",2,0
"Wild_River",41,41,"41_to_41",42403,38.89
"Wild_River",41,42,"41_to_42",56,0.05
"Wild_River",41,43,"41_to_43",442,0.41
"Wild_River",42,21,"42_to_21",3,0
"Wild_River",42,22,"42_to_22",8,0.01
"Wild_River",42,23,"42_to_23",3,0
"Wild_River",42,41,"42_to_41",25,0.02
"Wild_River",42,42,"42_to_42",40176,36.85
"Wild_River",42,43,"42_to_43",218,0.2
"Wild_River",43,21,"43_to_21",20,0.02
"Wild_River",43,22,"43_to_22",2,0
"Wild_River",43,23,"43_to_23",1,0
"Wild_River",43,31,"43_to_31",7,0.01
"Wild_River",43,41,"43_to_41",158,0.14
"Wild_River",43,42,"43_to_42",943,0.86
"Wild_River",43,43,"43_to_43",23505,21.56
"Wild_River",43,71,"43_to_71",1,0
"Wild_River",43,95,"43_to_95",1,0
"Wild_River",52,41,"52_to_41",34,0.03
"Wild_River",52,42,"52_to_42",58,0.05
"Wild_River",52,43,"52_to_43",11,0.01
"Wild_River",52,52,"52_to_52",98,0.09
"Wild_River",71,42,"71_to_42",1,0
"Wild_River",71,71,"71_to_71",1,0
"Wild_River",90,31,"90_to_31",2,0
"Wild_River",90,90,"90_to_90",570,0.52
"Wild_River",90,95,"90_to_95",1,0
"Wild_River",95,90,"95_to_90",2,0
"Wild_Rogue",11,11,"11_to_11",736,0.45
"Wild_Rogue",11,31,"11_to_31",16,0.01
"Wild_Rogue",11,42,"11_to_42",108,0.07
"Wild_Rogue",11,43,"11_to_43",3,0
"Wild_Rogue",11,52,"11_to_52",52,0.03
"Wild_Rogue",11,90,"11_to_90",3,0
"Wild_Rogue",11,95,"11_to_95",4,0
"Wild_Rogue",21,21,"21_to_21",63,0.04
"Wild_Rogue",21,22,"21_to_22",3,0
"Wild_Rogue",21,42,"21_to_42",6,0
"Wild_Rogue",21,52,"21_to_52",7,0
"Wild_Rogue",22,42,"22_to_42",1,0
"Wild_Rogue",31,11,"31_to_11",5,0
"Wild_Rogue",31,31,"31_to_31",89,0.05
"Wild_Rogue",31,52,"31_to_52",43,0.03
"Wild_Rogue",31,71,"31_to_71",1,0
"Wild_Rogue",31,81,"31_to_81",1,0
"Wild_Rogue",31,95,"31_to_95",2,0
"Wild_Rogue",41,41,"41_to_41",9,0.01
"Wild_Rogue",42,11,"42_to_11",23,0.01
"Wild_Rogue",42,21,"42_to_21",37,0.02
"Wild_Rogue",42,22,"42_to_22",4,0
"Wild_Rogue",42,31,"42_to_31",5,0
"Wild_Rogue",42,42,"42_to_42",142196,87.5
"Wild_Rogue",42,43,"42_to_43",72,0.04
"Wild_Rogue",42,52,"42_to_52",8873,5.46
"Wild_Rogue",42,81,"42_to_81",3,0
"Wild_Rogue",42,90,"42_to_90",19,0.01
"Wild_Rogue",43,41,"43_to_41",5,0
"Wild_Rogue",43,42,"43_to_42",3,0
"Wild_Rogue",43,43,"43_to_43",409,0.25
"Wild_Rogue",43,52,"43_to_52",4,0
"Wild_Rogue",52,11,"52_to_11",5,0
"Wild_Rogue",52,21,"52_to_21",1,0
"Wild_Rogue",52,22,"52_to_22",4,0
"Wild_Rogue",52,31,"52_to_31",2,0
"Wild_Rogue",52,41,"52_to_41",4,0
"Wild_Rogue",52,42,"52_to_42",1255,0.77
"Wild_Rogue",52,43,"52_to_43",62,0.04
"Wild_Rogue",52,52,"52_to_52",7396,4.55
"Wild_Rogue",52,71,"52_to_71",25,0.02
"Wild_Rogue",52,81,"52_to_81",2,0
"Wild_Rogue",52,90,"52_to_90",6,0
"Wild_Rogue",52,95,"52_to_95",1,0
"Wild_Rogue",71,11,"71_to_11",1,0
"Wild_Rogue",71,21,"71_to_21",1,0
"Wild_Rogue",71,31,"71_to_31",7,0
"Wild_Rogue",71,42,"71_to_42",113,0.07
"Wild_Rogue",71,52,"71_to_52",140,0.09
"Wild_Rogue",71,71,"71_to_71",241,0.15
"Wild_Rogue",71,81,"71_to_81",6,0
"Wild_Rogue",71,90,"71_to_90",1,0
"Wild_Rogue",81,21,"81_to_21",2,0
"Wild_Rogue",81,42,"81_to_42",8,0
"Wild_Rogue",81,52,"81_to_52",2,0
"Wild_Rogue",81,71,"81_to_71",1,0
"Wild_Rogue",81,81,"81_to_81",159,0.1
"Wild_Rogue",81,95,"81_to_95",1,0
"Wild_Rogue",90,42,"90_to_42",3,0
"Wild_Rogue",90,52,"90_to_52",8,0
"Wild_Rogue",90,90,"90_to_90",90,0.06
"Wild_Rogue",95,31,"95_to_31",1,0
"Wild_Rogue",95,52,"95_to_52",12,0.01
"Wild_Rogue",95,71,"95_to_71",1,0
"Wild_Rogue",95,90,"95_to_90",25,0.02
"Wild_Rogue",95,95,"95_to_95",116,0.07
"Wild_Sky",11,11,"11_to_11",1240,0.25
"Wild_Sky",11,23,"11_to_23",1,0
"Wild_Sky",11,31,"11_to_31",46,0.01
"Wild_Sky",11,42,"11_to_42",65,0.01
"Wild_Sky",11,43,"11_to_43",1,0
"Wild_Sky",11,52,"11_to_52",8,0
"Wild_Sky",11,71,"11_to_71",1,0
"Wild_Sky",11,90,"11_to_90",9,0
"Wild_Sky",11,95,"11_to_95",1,0
"Wild_Sky",12,12,"12_to_12",201,0.04
"Wild_Sky",21,21,"21_to_21",371,0.08
"Wild_Sky",21,22,"21_to_22",23,0
"Wild_Sky",21,23,"21_to_23",1,0
"Wild_Sky",21,42,"21_to_42",36,0.01
"Wild_Sky",21,52,"21_to_52",1,0
"Wild_Sky",21,71,"21_to_71",1,0
"Wild_Sky",22,21,"22_to_21",29,0.01
"Wild_Sky",22,22,"22_to_22",126,0.03
"Wild_Sky",22,23,"22_to_23",3,0
"Wild_Sky",22,42,"22_to_42",7,0
"Wild_Sky",22,43,"22_to_43",1,0
"Wild_Sky",23,22,"23_to_22",7,0
"Wild_Sky",23,23,"23_to_23",4,0
"Wild_Sky",23,42,"23_to_42",1,0
"Wild_Sky",31,11,"31_to_11",16,0
"Wild_Sky",31,23,"31_to_23",2,0
"Wild_Sky",31,31,"31_to_31",8584,1.76
"Wild_Sky",31,41,"31_to_41",6,0
"Wild_Sky",31,42,"31_to_42",362,0.07
"Wild_Sky",31,43,"31_to_43",1,0
"Wild_Sky",31,52,"31_to_52",241,0.05
"Wild_Sky",31,71,"31_to_71",81,0.02
"Wild_Sky",31,90,"31_to_90",3,0
"Wild_Sky",31,95,"31_to_95",2,0
"Wild_Sky",41,21,"41_to_21",2,0
"Wild_Sky",41,31,"41_to_31",3,0
"Wild_Sky",41,41,"41_to_41",276,0.06
"Wild_Sky",41,42,"41_to_42",5,0
"Wild_Sky",41,43,"41_to_43",85,0.02
"Wild_Sky",41,52,"41_to_52",2,0
"Wild_Sky",42,11,"42_to_11",96,0.02
"Wild_Sky",42,21,"42_to_21",66,0.01
"Wild_Sky",42,22,"42_to_22",68,0.01
"Wild_Sky",42,23,"42_to_23",33,0.01
"Wild_Sky",42,31,"42_to_31",354,0.07
"Wild_Sky",42,41,"42_to_41",4,0
"Wild_Sky",42,42,"42_to_42",382653,78.39
"Wild_Sky",42,43,"42_to_43",109,0.02
"Wild_Sky",42,52,"42_to_52",1477,0.3
"Wild_Sky",42,71,"42_to_71",14101,2.89
"Wild_Sky",42,90,"42_to_90",2,0
"Wild_Sky",43,11,"43_to_11",2,0
"Wild_Sky",43,21,"43_to_21",2,0
"Wild_Sky",43,22,"43_to_22",3,0
"Wild_Sky",43,23,"43_to_23",1,0
"Wild_Sky",43,41,"43_to_41",3,0
"Wild_Sky",43,42,"43_to_42",68,0.01
"Wild_Sky",43,43,"43_to_43",1869,0.38
"Wild_Sky",43,52,"43_to_52",3,0
"Wild_Sky",43,71,"43_to_71",12,0
"Wild_Sky",52,11,"52_to_11",2,0
"Wild_Sky",52,21,"52_to_21",25,0.01
"Wild_Sky",52,22,"52_to_22",19,0
"Wild_Sky",52,23,"52_to_23",4,0
"Wild_Sky",52,31,"52_to_31",163,0.03
"Wild_Sky",52,41,"52_to_41",135,0.03
"Wild_Sky",52,42,"52_to_42",22786,4.67
"Wild_Sky",52,43,"52_to_43",315,0.06
"Wild_Sky",52,52,"52_to_52",44936,9.21
"Wild_Sky",52,71,"52_to_71",931,0.19
"Wild_Sky",52,81,"52_to_81",3,0
"Wild_Sky",52,90,"52_to_90",2,0
"Wild_Sky",71,21,"71_to_21",5,0
"Wild_Sky",71,31,"71_to_31",38,0.01
"Wild_Sky",71,42,"71_to_42",1664,0.34
"Wild_Sky",71,52,"71_to_52",846,0.17
"Wild_Sky",71,71,"71_to_71",2956,0.61
"Wild_Sky",71,81,"71_to_81",5,0
"Wild_Sky",81,31,"81_to_31",4,0
"Wild_Sky",81,41,"81_to_41",1,0
"Wild_Sky",81,42,"81_to_42",6,0
"Wild_Sky",81,43,"81_to_43",4,0
"Wild_Sky",81,52,"81_to_52",36,0.01
"Wild_Sky",81,71,"81_to_71",3,0
"Wild_Sky",81,81,"81_to_81",9,0
"Wild_Sky",90,31,"90_to_31",2,0
"Wild_Sky",90,42,"90_to_42",8,0
"Wild_Sky",90,90,"90_to_90",404,0.08
"Wild_Sky",90,95,"90_to_95",4,0
"Wild_Sky",95,11,"95_to_11",2,0
"Wild_Sky",95,31,"95_to_31",2,0
"Wild_Sky",95,52,"95_to_52",1,0
"Wild_Sky",95,90,"95_to_90",25,0.01
"Wild_Sky",95,95,"95_to_95",11,0
"William_O_Douglas",11,11,"11_to_11",2825,0.37
"William_O_Douglas",11,42,"11_to_42",171,0.02
"William_O_Douglas",11,71,"11_to_71",2,0
"William_O_Douglas",11,90,"11_to_90",22,0
"William_O_Douglas",12,12,"12_to_12",314,0.04
"William_O_Douglas",21,21,"21_to_21",240,0.03
"William_O_Douglas",21,22,"21_to_22",5,0
"William_O_Douglas",21,42,"21_to_42",8,0
"William_O_Douglas",21,71,"21_to_71",6,0
"William_O_Douglas",22,21,"22_to_21",3,0
"William_O_Douglas",22,22,"22_to_22",286,0.04
"William_O_Douglas",22,23,"22_to_23",1,0
"William_O_Douglas",22,42,"22_to_42",1,0
"William_O_Douglas",23,22,"23_to_22",1,0
"William_O_Douglas",23,23,"23_to_23",3,0
"William_O_Douglas",31,31,"31_to_31",18293,2.39
"William_O_Douglas",31,42,"31_to_42",60,0.01
"William_O_Douglas",31,52,"31_to_52",102,0.01
"William_O_Douglas",31,71,"31_to_71",243,0.03
"William_O_Douglas",42,11,"42_to_11",110,0.01
"William_O_Douglas",42,21,"42_to_21",159,0.02
"William_O_Douglas",42,22,"42_to_22",78,0.01
"William_O_Douglas",42,23,"42_to_23",5,0
"William_O_Douglas",42,31,"42_to_31",1006,0.13
"William_O_Douglas",42,42,"42_to_42",503572,65.74
"William_O_Douglas",42,52,"42_to_52",4808,0.63
"William_O_Douglas",42,71,"42_to_71",156465,20.43
"William_O_Douglas",42,90,"42_to_90",62,0.01
"William_O_Douglas",42,95,"42_to_95",3,0
"William_O_Douglas",52,21,"52_to_21",61,0.01
"William_O_Douglas",52,22,"52_to_22",8,0
"William_O_Douglas",52,23,"52_to_23",2,0
"William_O_Douglas",52,31,"52_to_31",473,0.06
"William_O_Douglas",52,42,"52_to_42",6749,0.88
"William_O_Douglas",52,52,"52_to_52",42079,5.49
"William_O_Douglas",52,71,"52_to_71",12487,1.63
"William_O_Douglas",71,21,"71_to_21",2,0
"William_O_Douglas",71,22,"71_to_22",1,0
"William_O_Douglas",71,31,"71_to_31",238,0.03
"William_O_Douglas",71,42,"71_to_42",93,0.01
"William_O_Douglas",71,52,"71_to_52",215,0.03
"William_O_Douglas",71,71,"71_to_71",7870,1.03
"William_O_Douglas",71,81,"71_to_81",1,0
"William_O_Douglas",81,52,"81_to_52",2,0
"William_O_Douglas",81,71,"81_to_71",4,0
"William_O_Douglas",90,11,"90_to_11",3,0
"William_O_Douglas",90,21,"90_to_21",2,0
"William_O_Douglas",90,22,"90_to_22",3,0
"William_O_Douglas",90,42,"90_to_42",33,0
"William_O_Douglas",90,52,"90_to_52",3,0
"William_O_Douglas",90,71,"90_to_71",27,0
"William_O_Douglas",90,90,"90_to_90",5819,0.76
"William_O_Douglas",90,95,"90_to_95",29,0
"William_O_Douglas",95,42,"95_to_42",1,0
"William_O_Douglas",95,90,"95_to_90",83,0.01
"William_O_Douglas",95,95,"95_to_95",893,0.12
"Winegar_Hole",11,11,"11_to_11",242,0.5
"Winegar_Hole",11,42,"11_to_42",24,0.05
"Winegar_Hole",11,90,"11_to_90",2,0
"Winegar_Hole",21,21,"21_to_21",11,0.02
"Winegar_Hole",21,22,"21_to_22",1,0
"Winegar_Hole",22,22,"22_to_22",1,0
"Winegar_Hole",42,11,"42_to_11",13,0.03
"Winegar_Hole",42,42,"42_to_42",35753,73.46
"Winegar_Hole",42,52,"42_to_52",91,0.19
"Winegar_Hole",42,71,"42_to_71",1,0
"Winegar_Hole",42,90,"42_to_90",5,0.01
"Winegar_Hole",43,43,"43_to_43",4,0.01
"Winegar_Hole",52,21,"52_to_21",26,0.05
"Winegar_Hole",52,42,"52_to_42",5322,10.93
"Winegar_Hole",52,52,"52_to_52",553,1.14
"Winegar_Hole",52,90,"52_to_90",1,0
"Winegar_Hole",71,42,"71_to_42",1,0
"Winegar_Hole",71,52,"71_to_52",1,0
"Winegar_Hole",90,11,"90_to_11",2,0
"Winegar_Hole",90,42,"90_to_42",18,0.04
"Winegar_Hole",90,52,"90_to_52",3,0.01
"Winegar_Hole",90,90,"90_to_90",5481,11.26
"Winegar_Hole",90,95,"90_to_95",35,0.07
"Winegar_Hole",95,90,"95_to_90",50,0.1
"Winegar_Hole",95,95,"95_to_95",1030,2.12
"Withington",21,21,"21_to_21",5,0.01
"Withington",22,22,"22_to_22",19,0.02
"Withington",41,42,"41_to_42",1,0
"Withington",41,52,"41_to_52",1,0
"Withington",41,71,"41_to_71",1,0
"Withington",42,21,"42_to_21",13,0.02
"Withington",42,22,"42_to_22",20,0.02
"Withington",42,23,"42_to_23",2,0
"Withington",42,42,"42_to_42",45865,53.53
"Withington",42,52,"42_to_52",27178,31.72
"Withington",42,71,"42_to_71",705,0.82
"Withington",42,81,"42_to_81",2,0
"Withington",43,42,"43_to_42",115,0.13
"Withington",43,43,"43_to_43",5,0.01
"Withington",43,52,"43_to_52",127,0.15
"Withington",43,71,"43_to_71",34,0.04
"Withington",52,21,"52_to_21",14,0.02
"Withington",52,22,"52_to_22",6,0.01
"Withington",52,42,"52_to_42",2026,2.36
"Withington",52,43,"52_to_43",1,0
"Withington",52,52,"52_to_52",8685,10.14
"Withington",52,71,"52_to_71",853,1
"Withington",71,52,"71_to_52",9,0.01
"Wolf_Island",11,11,"11_to_11",2536,10.42
"Wolf_Island",11,31,"11_to_31",1,0
"Wolf_Island",11,71,"11_to_71",2,0.01
"Wolf_Island",11,95,"11_to_95",231,0.95
"Wolf_Island",22,22,"22_to_22",2,0.01
"Wolf_Island",31,11,"31_to_11",365,1.5
"Wolf_Island",31,31,"31_to_31",13,0.05
"Wolf_Island",31,42,"31_to_42",4,0.02
"Wolf_Island",42,42,"42_to_42",80,0.33
"Wolf_Island",71,11,"71_to_11",2,0.01
"Wolf_Island",71,71,"71_to_71",1,0
"Wolf_Island",90,42,"90_to_42",1,0
"Wolf_Island",90,90,"90_to_90",60,0.25
"Wolf_Island",90,95,"90_to_95",5,0.02
"Wolf_Island",95,11,"95_to_11",178,0.73
"Wolf_Island",95,90,"95_to_90",4,0.02
"Wolf_Island",95,95,"95_to_95",20844,85.68
"Wonder_Mountain",11,11,"11_to_11",14,0.14
"Wonder_Mountain",11,42,"11_to_42",4,0.04
"Wonder_Mountain",21,21,"21_to_21",7,0.07
"Wonder_Mountain",22,22,"22_to_22",1,0.01
"Wonder_Mountain",42,11,"42_to_11",1,0.01
"Wonder_Mountain",42,42,"42_to_42",9737,95.15
"Wonder_Mountain",42,52,"42_to_52",3,0.03
"Wonder_Mountain",52,42,"52_to_42",347,3.39
"Wonder_Mountain",52,52,"52_to_52",110,1.07
"Wonder_Mountain",90,90,"90_to_90",9,0.09
"Woodchute",21,21,"21_to_21",20,0.07
"Woodchute",22,22,"22_to_22",11,0.04
"Woodchute",41,41,"41_to_41",180,0.66
"Woodchute",41,42,"41_to_42",348,1.27
"Woodchute",41,81,"41_to_81",1,0
"Woodchute",42,21,"42_to_21",2,0.01
"Woodchute",42,42,"42_to_42",23705,86.8
"Woodchute",42,52,"42_to_52",38,0.14
"Woodchute",52,21,"52_to_21",6,0.02
"Woodchute",52,41,"52_to_41",52,0.19
"Woodchute",52,42,"52_to_42",1110,4.06
"Woodchute",52,52,"52_to_52",1837,6.73
"Woolsey_Peak",21,21,"21_to_21",1,0
"Woolsey_Peak",22,22,"22_to_22",21,0.01
"Woolsey_Peak",31,31,"31_to_31",5,0
"Woolsey_Peak",52,21,"52_to_21",2,0
"Woolsey_Peak",52,22,"52_to_22",3,0
"Woolsey_Peak",52,52,"52_to_52",293353,99.84
"Woolsey_Peak",52,71,"52_to_71",2,0
"Woolsey_Peak",71,52,"71_to_52",12,0
"Woolsey_Peak",71,71,"71_to_71",413,0.14
"Worthington_Mountains",22,22,"22_to_22",15,0.01
"Worthington_Mountains",31,31,"31_to_31",303,0.22
"Worthington_Mountains",31,42,"31_to_42",13,0.01
"Worthington_Mountains",31,52,"31_to_52",79,0.06
"Worthington_Mountains",42,31,"42_to_31",10,0.01
"Worthington_Mountains",42,42,"42_to_42",12194,8.77
"Worthington_Mountains",42,52,"42_to_52",197,0.14
"Worthington_Mountains",52,22,"52_to_22",1,0
"Worthington_Mountains",52,31,"52_to_31",18,0.01
"Worthington_Mountains",52,42,"52_to_42",2331,1.68
"Worthington_Mountains",52,52,"52_to_52",123869,89.1
"Wovoka",21,21,"21_to_21",2,0
"Wovoka",22,22,"22_to_22",9,0
"Wovoka",31,31,"31_to_31",189,0.08
"Wovoka",31,52,"31_to_52",51,0.02
"Wovoka",31,71,"31_to_71",5,0
"Wovoka",41,52,"41_to_52",7,0
"Wovoka",42,41,"42_to_41",4,0
"Wovoka",42,42,"42_to_42",117572,52.41
"Wovoka",42,52,"42_to_52",4691,2.09
"Wovoka",42,71,"42_to_71",1451,0.65
"Wovoka",52,21,"52_to_21",1,0
"Wovoka",52,22,"52_to_22",1,0
"Wovoka",52,31,"52_to_31",1,0
"Wovoka",52,41,"52_to_41",53,0.02
"Wovoka",52,42,"52_to_42",11588,5.17
"Wovoka",52,52,"52_to_52",86100,38.38
"Wovoka",52,71,"52_to_71",2559,1.14
"Wovoka",52,90,"52_to_90",1,0
"Wovoka",71,52,"71_to_52",23,0.01
"Wovoka",90,42,"90_to_42",1,0
"Wovoka",90,90,"90_to_90",22,0.01
"Wovoka",95,90,"95_to_90",6,0
"Wovoka",95,95,"95_to_95",5,0
"Yolla_Bolly_Middle_Eel",11,11,"11_to_11",25,0
"Yolla_Bolly_Middle_Eel",11,31,"11_to_31",3,0
"Yolla_Bolly_Middle_Eel",11,42,"11_to_42",13,0
"Yolla_Bolly_Middle_Eel",11,52,"11_to_52",18,0
"Yolla_Bolly_Middle_Eel",11,71,"11_to_71",3,0
"Yolla_Bolly_Middle_Eel",21,21,"21_to_21",1450,0.17
"Yolla_Bolly_Middle_Eel",21,22,"21_to_22",50,0.01
"Yolla_Bolly_Middle_Eel",21,42,"21_to_42",261,0.03
"Yolla_Bolly_Middle_Eel",21,52,"21_to_52",534,0.06
"Yolla_Bolly_Middle_Eel",21,71,"21_to_71",462,0.06
"Yolla_Bolly_Middle_Eel",22,21,"22_to_21",22,0
"Yolla_Bolly_Middle_Eel",22,22,"22_to_22",744,0.09
"Yolla_Bolly_Middle_Eel",22,23,"22_to_23",2,0
"Yolla_Bolly_Middle_Eel",22,42,"22_to_42",9,0
"Yolla_Bolly_Middle_Eel",22,52,"22_to_52",19,0
"Yolla_Bolly_Middle_Eel",22,71,"22_to_71",9,0
"Yolla_Bolly_Middle_Eel",23,22,"23_to_22",12,0
"Yolla_Bolly_Middle_Eel",23,23,"23_to_23",18,0
"Yolla_Bolly_Middle_Eel",31,22,"31_to_22",1,0
"Yolla_Bolly_Middle_Eel",31,23,"31_to_23",1,0
"Yolla_Bolly_Middle_Eel",31,31,"31_to_31",1220,0.15
"Yolla_Bolly_Middle_Eel",31,42,"31_to_42",54,0.01
"Yolla_Bolly_Middle_Eel",31,52,"31_to_52",599,0.07
"Yolla_Bolly_Middle_Eel",31,71,"31_to_71",291,0.03
"Yolla_Bolly_Middle_Eel",41,41,"41_to_41",1234,0.15
"Yolla_Bolly_Middle_Eel",41,42,"41_to_42",538,0.06
"Yolla_Bolly_Middle_Eel",41,52,"41_to_52",1747,0.21
"Yolla_Bolly_Middle_Eel",41,71,"41_to_71",571,0.07
"Yolla_Bolly_Middle_Eel",42,11,"42_to_11",12,0
"Yolla_Bolly_Middle_Eel",42,21,"42_to_21",300,0.04
"Yolla_Bolly_Middle_Eel",42,22,"42_to_22",90,0.01
"Yolla_Bolly_Middle_Eel",42,23,"42_to_23",14,0
"Yolla_Bolly_Middle_Eel",42,31,"42_to_31",146,0.02
"Yolla_Bolly_Middle_Eel",42,41,"42_to_41",32,0
"Yolla_Bolly_Middle_Eel",42,42,"42_to_42",162816,19.51
"Yolla_Bolly_Middle_Eel",42,52,"42_to_52",135097,16.19
"Yolla_Bolly_Middle_Eel",42,71,"42_to_71",266002,31.88
"Yolla_Bolly_Middle_Eel",42,90,"42_to_90",9,0
"Yolla_Bolly_Middle_Eel",42,95,"42_to_95",3,0
"Yolla_Bolly_Middle_Eel",43,43,"43_to_43",1,0
"Yolla_Bolly_Middle_Eel",43,52,"43_to_52",24,0
"Yolla_Bolly_Middle_Eel",52,21,"52_to_21",436,0.05
"Yolla_Bolly_Middle_Eel",52,22,"52_to_22",178,0.02
"Yolla_Bolly_Middle_Eel",52,23,"52_to_23",24,0
"Yolla_Bolly_Middle_Eel",52,31,"52_to_31",416,0.05
"Yolla_Bolly_Middle_Eel",52,41,"52_to_41",86,0.01
"Yolla_Bolly_Middle_Eel",52,42,"52_to_42",13298,1.59
"Yolla_Bolly_Middle_Eel",52,43,"52_to_43",1,0
"Yolla_Bolly_Middle_Eel",52,52,"52_to_52",114310,13.7
"Yolla_Bolly_Middle_Eel",52,71,"52_to_71",101857,12.21
"Yolla_Bolly_Middle_Eel",52,90,"52_to_90",3,0
"Yolla_Bolly_Middle_Eel",71,21,"71_to_21",14,0
"Yolla_Bolly_Middle_Eel",71,22,"71_to_22",4,0
"Yolla_Bolly_Middle_Eel",71,31,"71_to_31",1,0
"Yolla_Bolly_Middle_Eel",71,41,"71_to_41",46,0.01
"Yolla_Bolly_Middle_Eel",71,42,"71_to_42",667,0.08
"Yolla_Bolly_Middle_Eel",71,52,"71_to_52",13297,1.59
"Yolla_Bolly_Middle_Eel",71,71,"71_to_71",15090,1.81
"Yolla_Bolly_Middle_Eel",90,11,"90_to_11",1,0
"Yolla_Bolly_Middle_Eel",90,42,"90_to_42",5,0
"Yolla_Bolly_Middle_Eel",90,52,"90_to_52",7,0
"Yolla_Bolly_Middle_Eel",90,71,"90_to_71",6,0
"Yolla_Bolly_Middle_Eel",90,90,"90_to_90",140,0.02
"Yolla_Bolly_Middle_Eel",90,95,"90_to_95",4,0
"Yosemite",11,11,"11_to_11",16782,0.53
"Yosemite",11,22,"11_to_22",1,0
"Yosemite",11,31,"11_to_31",450,0.01
"Yosemite",11,42,"11_to_42",334,0.01
"Yosemite",11,52,"11_to_52",173,0.01
"Yosemite",11,71,"11_to_71",5,0
"Yosemite",11,90,"11_to_90",13,0
"Yosemite",11,95,"11_to_95",6,0
"Yosemite",12,12,"12_to_12",5604,0.18
"Yosemite",21,21,"21_to_21",887,0.03
"Yosemite",21,22,"21_to_22",48,0
"Yosemite",21,23,"21_to_23",8,0
"Yosemite",21,42,"21_to_42",64,0
"Yosemite",21,52,"21_to_52",35,0
"Yosemite",21,71,"21_to_71",1,0
"Yosemite",22,21,"22_to_21",16,0
"Yosemite",22,22,"22_to_22",1541,0.05
"Yosemite",22,23,"22_to_23",6,0
"Yosemite",22,42,"22_to_42",1,0
"Yosemite",22,52,"22_to_52",2,0
"Yosemite",23,22,"23_to_22",11,0
"Yosemite",23,23,"23_to_23",92,0
"Yosemite",23,52,"23_to_52",3,0
"Yosemite",31,11,"31_to_11",139,0
"Yosemite",31,22,"31_to_22",1,0
"Yosemite",31,31,"31_to_31",262493,8.25
"Yosemite",31,42,"31_to_42",1703,0.05
"Yosemite",31,43,"31_to_43",3,0
"Yosemite",31,52,"31_to_52",5895,0.19
"Yosemite",31,71,"31_to_71",1077,0.03
"Yosemite",31,95,"31_to_95",2,0
"Yosemite",41,41,"41_to_41",427,0.01
"Yosemite",41,42,"41_to_42",213,0.01
"Yosemite",41,52,"41_to_52",125,0
"Yosemite",41,90,"41_to_90",2,0
"Yosemite",42,11,"42_to_11",162,0.01
"Yosemite",42,21,"42_to_21",348,0.01
"Yosemite",42,22,"42_to_22",197,0.01
"Yosemite",42,23,"42_to_23",7,0
"Yosemite",42,31,"42_to_31",1257,0.04
"Yosemite",42,41,"42_to_41",117,0
"Yosemite",42,42,"42_to_42",1238255,38.91
"Yosemite",42,52,"42_to_52",288062,9.05
"Yosemite",42,71,"42_to_71",29591,0.93
"Yosemite",42,90,"42_to_90",1255,0.04
"Yosemite",42,95,"42_to_95",161,0.01
"Yosemite",52,11,"52_to_11",277,0.01
"Yosemite",52,21,"52_to_21",129,0
"Yosemite",52,22,"52_to_22",67,0
"Yosemite",52,23,"52_to_23",12,0
"Yosemite",52,31,"52_to_31",11277,0.35
"Yosemite",52,41,"52_to_41",263,0.01
"Yosemite",52,42,"52_to_42",35074,1.1
"Yosemite",52,52,"52_to_52",1197627,37.63
"Yosemite",52,71,"52_to_71",5808,0.18
"Yosemite",52,90,"52_to_90",411,0.01
"Yosemite",52,95,"52_to_95",28,0
"Yosemite",71,11,"71_to_11",8,0
"Yosemite",71,21,"71_to_21",3,0
"Yosemite",71,31,"71_to_31",401,0.01
"Yosemite",71,41,"71_to_41",27,0
"Yosemite",71,42,"71_to_42",3109,0.1
"Yosemite",71,52,"71_to_52",7198,0.23
"Yosemite",71,71,"71_to_71",20711,0.65
"Yosemite",81,52,"81_to_52",9,0
"Yosemite",81,71,"81_to_71",2,0
"Yosemite",81,81,"81_to_81",1,0
"Yosemite",90,11,"90_to_11",10,0
"Yosemite",90,21,"90_to_21",1,0
"Yosemite",90,42,"90_to_42",486,0.02
"Yosemite",90,52,"90_to_52",213,0.01
"Yosemite",90,90,"90_to_90",27456,0.86
"Yosemite",90,95,"90_to_95",571,0.02
"Yosemite",95,11,"95_to_11",1,0
"Yosemite",95,52,"95_to_52",7,0
"Yosemite",95,90,"95_to_90",1036,0.03
"Yosemite",95,95,"95_to_95",12555,0.39
"Yuki",11,11,"11_to_11",96,0.04
"Yuki",11,31,"11_to_31",7,0
"Yuki",11,52,"11_to_52",67,0.03
"Yuki",11,95,"11_to_95",1,0
"Yuki",21,21,"21_to_21",533,0.2
"Yuki",21,22,"21_to_22",17,0.01
"Yuki",21,42,"21_to_42",11,0
"Yuki",21,52,"21_to_52",16,0.01
"Yuki",21,71,"21_to_71",40,0.02
"Yuki",22,21,"22_to_21",14,0.01
"Yuki",22,22,"22_to_22",530,0.2
"Yuki",22,42,"22_to_42",1,0
"Yuki",22,52,"22_to_52",5,0
"Yuki",22,71,"22_to_71",1,0
"Yuki",23,21,"23_to_21",1,0
"Yuki",23,22,"23_to_22",11,0
"Yuki",23,23,"23_to_23",24,0.01
"Yuki",31,11,"31_to_11",1,0
"Yuki",31,23,"31_to_23",1,0
"Yuki",31,24,"31_to_24",1,0
"Yuki",31,31,"31_to_31",117,0.04
"Yuki",31,42,"31_to_42",2,0
"Yuki",31,52,"31_to_52",66,0.03
"Yuki",31,71,"31_to_71",18,0.01
"Yuki",31,95,"31_to_95",2,0
"Yuki",41,21,"41_to_21",1,0
"Yuki",41,41,"41_to_41",996,0.38
"Yuki",41,42,"41_to_42",323,0.12
"Yuki",41,43,"41_to_43",6,0
"Yuki",41,52,"41_to_52",754,0.29
"Yuki",41,71,"41_to_71",323,0.12
"Yuki",42,21,"42_to_21",82,0.03
"Yuki",42,22,"42_to_22",12,0
"Yuki",42,23,"42_to_23",1,0
"Yuki",42,31,"42_to_31",2,0
"Yuki",42,41,"42_to_41",199,0.08
"Yuki",42,42,"42_to_42",31904,12.22
"Yuki",42,43,"42_to_43",243,0.09
"Yuki",42,52,"42_to_52",24716,9.47
"Yuki",42,71,"42_to_71",45989,17.61
"Yuki",43,41,"43_to_41",1,0
"Yuki",43,42,"43_to_42",117,0.04
"Yuki",43,43,"43_to_43",363,0.14
"Yuki",43,52,"43_to_52",220,0.08
"Yuki",43,71,"43_to_71",11,0
"Yuki",52,11,"52_to_11",31,0.01
"Yuki",52,21,"52_to_21",729,0.28
"Yuki",52,22,"52_to_22",163,0.06
"Yuki",52,23,"52_to_23",12,0
"Yuki",52,31,"52_to_31",3,0
"Yuki",52,41,"52_to_41",221,0.08
"Yuki",52,42,"52_to_42",7937,3.04
"Yuki",52,43,"52_to_43",1692,0.65
"Yuki",52,52,"52_to_52",72881,27.91
"Yuki",52,71,"52_to_71",34487,13.21
"Yuki",52,90,"52_to_90",3,0
"Yuki",52,95,"52_to_95",1,0
"Yuki",71,21,"71_to_21",70,0.03
"Yuki",71,22,"71_to_22",24,0.01
"Yuki",71,41,"71_to_41",19,0.01
"Yuki",71,42,"71_to_42",426,0.16
"Yuki",71,43,"71_to_43",1,0
"Yuki",71,52,"71_to_52",19574,7.5
"Yuki",71,71,"71_to_71",14954,5.73
"Yuki",90,52,"90_to_52",4,0
"Yuki",90,71,"90_to_71",21,0.01
"Yuki",90,90,"90_to_90",7,0
"Yuki",90,95,"90_to_95",1,0
"Zion",11,52,"11_to_52",1,0
"Zion",21,21,"21_to_21",142,0.03
"Zion",21,22,"21_to_22",1,0
"Zion",21,42,"21_to_42",4,0
"Zion",21,52,"21_to_52",3,0
"Zion",22,21,"22_to_21",1,0
"Zion",22,22,"22_to_22",83,0.01
"Zion",31,31,"31_to_31",15051,2.66
"Zion",31,42,"31_to_42",65,0.01
"Zion",31,52,"31_to_52",998,0.18
"Zion",41,21,"41_to_21",1,0
"Zion",41,41,"41_to_41",18092,3.2
"Zion",41,42,"41_to_42",1251,0.22
"Zion",41,43,"41_to_43",2,0
"Zion",41,52,"41_to_52",3352,0.59
"Zion",42,21,"42_to_21",33,0.01
"Zion",42,22,"42_to_22",5,0
"Zion",42,31,"42_to_31",13,0
"Zion",42,41,"42_to_41",6729,1.19
"Zion",42,42,"42_to_42",195585,34.63
"Zion",42,43,"42_to_43",3,0
"Zion",42,52,"42_to_52",39547,7
"Zion",42,71,"42_to_71",1920,0.34
"Zion",42,81,"42_to_81",2,0
"Zion",43,43,"43_to_43",1,0
"Zion",52,21,"52_to_21",73,0.01
"Zion",52,22,"52_to_22",4,0
"Zion",52,31,"52_to_31",592,0.1
"Zion",52,41,"52_to_41",1940,0.34
"Zion",52,42,"52_to_42",24246,4.29
"Zion",52,52,"52_to_52",252996,44.79
"Zion",52,71,"52_to_71",356,0.06
"Zion",52,81,"52_to_81",1,0
"Zion",52,90,"52_to_90",31,0.01
"Zion",71,31,"71_to_31",11,0
"Zion",71,41,"71_to_41",332,0.06
"Zion",71,42,"71_to_42",194,0.03
"Zion",71,52,"71_to_52",458,0.08
"Zion",71,71,"71_to_71",2,0
"Zion",81,81,"81_to_81",1,0
"Zion",90,41,"90_to_41",7,0
"Zion",90,42,"90_to_42",1,0
"Zion",90,52,"90_to_52",44,0.01
"Zion",90,90,"90_to_90",651,0.12
"Zion",95,31,"95_to_31",1,0
"Zion",95,52,"95_to_52",1,0
